{
  "pipeline_info": {
    "type": "plaintext",
    "rounds": 50,
    "clients": 20,
    "timestamp": "2025-09-16 11:55:36",
    "total_samples": 4000,
    "one_class_clients": 4,
    "one_class_percentage": 20.0
  },
  "final_performance": {
    "accuracy": 0.956,
    "f1_score": 0.9501133786848073,
    "precision": 0.9049676025917927,
    "recall": 1.0,
    "auc": 0.9999460850562153,
    "pr_auc": 0.9999286755102935,
    "mae": 0.08880225661531015,
    "rmse": 0.17885146696117707,
    "ece": 0.08785051287328638,
    "mce": 0.7324315599426001
  },
  "performance_trends": {
    "initial_accuracy": 0.956,
    "final_accuracy": 0.956,
    "accuracy_improvement": 0.0,
    "best_accuracy": 0.956,
    "final_f1": 0.9501133786848073,
    "best_f1": 0.9501133786848073
  },
  "timing_statistics": {
    "total_encryption_time": 0.0,
    "total_aggregation_time": 0.003134012222290039,
    "total_evaluation_time": 0.6034858226776123,
    "total_time": 1.909529209136963,
    "avg_round_time": 0.03819058418273926,
    "avg_encryption_time": 0.0,
    "avg_aggregation_time": 6.268024444580078e-05
  },
  "round_details": [
    {
      "round": 1,
      "accuracy": 0.956,
      "f1_score": 0.9501133786848073,
      "precision": 0.9049676025917927,
      "recall": 1.0,
      "auc": 0.9999460850562153,
      "pr_auc": 0.9999286755102935,
      "ece": 0.08785051287328638,
      "mce": 0.7324315599426001,
      "mae": 0.08880225661531015,
      "rmse": 0.17885146696117707,
      "encryption_time": 0.0,
      "aggregation_time": 0.0,
      "evaluation_time": 0.011746883392333984,
      "total_time": 0.03645944595336914
    },
    {
      "round": 2,
      "accuracy": 0.956,
      "f1_score": 0.9501133786848073,
      "precision": 0.9049676025917927,
      "recall": 1.0,
      "auc": 0.9999460850562153,
      "pr_auc": 0.9999286755102935,
      "ece": 0.08785051287328638,
      "mce": 0.7324315599426001,
      "mae": 0.08880225661531015,
      "rmse": 0.17885146696117707,
      "encryption_time": 0.0,
      "aggregation_time": 0.0,
      "evaluation_time": 0.014984846115112305,
      "total_time": 0.04490041732788086
    },
    {
      "round": 3,
      "accuracy": 0.956,
      "f1_score": 0.9501133786848073,
      "precision": 0.9049676025917927,
      "recall": 1.0,
      "auc": 0.9999460850562153,
      "pr_auc": 0.9999286755102935,
      "ece": 0.08785051287328638,
      "mce": 0.7324315599426001,
      "mae": 0.08880225661531015,
      "rmse": 0.17885146696117707,
      "encryption_time": 0.0,
      "aggregation_time": 0.0,
      "evaluation_time": 0.015316009521484375,
      "total_time": 0.037721872329711914
    },
    {
      "round": 4,
      "accuracy": 0.956,
      "f1_score": 0.9501133786848073,
      "precision": 0.9049676025917927,
      "recall": 1.0,
      "auc": 0.9999460850562153,
      "pr_auc": 0.9999286755102935,
      "ece": 0.08785051287328638,
      "mce": 0.7324315599426001,
      "mae": 0.08880225661531015,
      "rmse": 0.17885146696117707,
      "encryption_time": 0.0,
      "aggregation_time": 0.0,
      "evaluation_time": 0.012510538101196289,
      "total_time": 0.03858447074890137
    },
    {
      "round": 5,
      "accuracy": 0.956,
      "f1_score": 0.9501133786848073,
      "precision": 0.9049676025917927,
      "recall": 1.0,
      "auc": 0.9999460850562153,
      "pr_auc": 0.9999286755102935,
      "ece": 0.08785051287328638,
      "mce": 0.7324315599426001,
      "mae": 0.08880225661531015,
      "rmse": 0.17885146696117707,
      "encryption_time": 0.0,
      "aggregation_time": 0.0,
      "evaluation_time": 0.012293815612792969,
      "total_time": 0.03722357749938965
    },
    {
      "round": 6,
      "accuracy": 0.956,
      "f1_score": 0.9501133786848073,
      "precision": 0.9049676025917927,
      "recall": 1.0,
      "auc": 0.9999460850562153,
      "pr_auc": 0.9999286755102935,
      "ece": 0.08785051287328638,
      "mce": 0.7324315599426001,
      "mae": 0.08880225661531015,
      "rmse": 0.17885146696117707,
      "encryption_time": 0.0,
      "aggregation_time": 0.0,
      "evaluation_time": 0.015544652938842773,
      "total_time": 0.041394948959350586
    },
    {
      "round": 7,
      "accuracy": 0.956,
      "f1_score": 0.9501133786848073,
      "precision": 0.9049676025917927,
      "recall": 1.0,
      "auc": 0.9999460850562153,
      "pr_auc": 0.9999286755102935,
      "ece": 0.08785051287328638,
      "mce": 0.7324315599426001,
      "mae": 0.08880225661531015,
      "rmse": 0.17885146696117707,
      "encryption_time": 0.0,
      "aggregation_time": 0.0,
      "evaluation_time": 0.009667158126831055,
      "total_time": 0.03242135047912598
    },
    {
      "round": 8,
      "accuracy": 0.956,
      "f1_score": 0.9501133786848073,
      "precision": 0.9049676025917927,
      "recall": 1.0,
      "auc": 0.9999460850562153,
      "pr_auc": 0.9999286755102935,
      "ece": 0.08785051287328638,
      "mce": 0.7324315599426001,
      "mae": 0.08880225661531015,
      "rmse": 0.17885146696117707,
      "encryption_time": 0.0,
      "aggregation_time": 0.0010952949523925781,
      "evaluation_time": 0.011054515838623047,
      "total_time": 0.03762507438659668
    },
    {
      "round": 9,
      "accuracy": 0.956,
      "f1_score": 0.9501133786848073,
      "precision": 0.9049676025917927,
      "recall": 1.0,
      "auc": 0.9999460850562153,
      "pr_auc": 0.9999286755102935,
      "ece": 0.08785051287328638,
      "mce": 0.7324315599426001,
      "mae": 0.08880225661531015,
      "rmse": 0.17885146696117707,
      "encryption_time": 0.0,
      "aggregation_time": 0.0,
      "evaluation_time": 0.012261390686035156,
      "total_time": 0.03589200973510742
    },
    {
      "round": 10,
      "accuracy": 0.956,
      "f1_score": 0.9501133786848073,
      "precision": 0.9049676025917927,
      "recall": 1.0,
      "auc": 0.9999460850562153,
      "pr_auc": 0.9999286755102935,
      "ece": 0.08785051287328638,
      "mce": 0.7324315599426001,
      "mae": 0.08880225661531015,
      "rmse": 0.17885146696117707,
      "encryption_time": 0.0,
      "aggregation_time": 0.0,
      "evaluation_time": 0.010492563247680664,
      "total_time": 0.03775143623352051
    },
    {
      "round": 11,
      "accuracy": 0.956,
      "f1_score": 0.9501133786848073,
      "precision": 0.9049676025917927,
      "recall": 1.0,
      "auc": 0.9999460850562153,
      "pr_auc": 0.9999286755102935,
      "ece": 0.08785051287328638,
      "mce": 0.7324315599426001,
      "mae": 0.08880225661531015,
      "rmse": 0.17885146696117707,
      "encryption_time": 0.0,
      "aggregation_time": 0.0,
      "evaluation_time": 0.011094808578491211,
      "total_time": 0.039090871810913086
    },
    {
      "round": 12,
      "accuracy": 0.956,
      "f1_score": 0.9501133786848073,
      "precision": 0.9049676025917927,
      "recall": 1.0,
      "auc": 0.9999460850562153,
      "pr_auc": 0.9999286755102935,
      "ece": 0.08785051287328638,
      "mce": 0.7324315599426001,
      "mae": 0.08880225661531015,
      "rmse": 0.17885146696117707,
      "encryption_time": 0.0,
      "aggregation_time": 0.0,
      "evaluation_time": 0.012219905853271484,
      "total_time": 0.03317403793334961
    },
    {
      "round": 13,
      "accuracy": 0.956,
      "f1_score": 0.9501133786848073,
      "precision": 0.9049676025917927,
      "recall": 1.0,
      "auc": 0.9999460850562153,
      "pr_auc": 0.9999286755102935,
      "ece": 0.08785051287328638,
      "mce": 0.7324315599426001,
      "mae": 0.08880225661531015,
      "rmse": 0.17885146696117707,
      "encryption_time": 0.0,
      "aggregation_time": 0.0,
      "evaluation_time": 0.012711048126220703,
      "total_time": 0.03921008110046387
    },
    {
      "round": 14,
      "accuracy": 0.956,
      "f1_score": 0.9501133786848073,
      "precision": 0.9049676025917927,
      "recall": 1.0,
      "auc": 0.9999460850562153,
      "pr_auc": 0.9999286755102935,
      "ece": 0.08785051287328638,
      "mce": 0.7324315599426001,
      "mae": 0.08880225661531015,
      "rmse": 0.17885146696117707,
      "encryption_time": 0.0,
      "aggregation_time": 0.0,
      "evaluation_time": 0.011617660522460938,
      "total_time": 0.03623604774475098
    },
    {
      "round": 15,
      "accuracy": 0.956,
      "f1_score": 0.9501133786848073,
      "precision": 0.9049676025917927,
      "recall": 1.0,
      "auc": 0.9999460850562153,
      "pr_auc": 0.9999286755102935,
      "ece": 0.08785051287328638,
      "mce": 0.7324315599426001,
      "mae": 0.08880225661531015,
      "rmse": 0.17885146696117707,
      "encryption_time": 0.0,
      "aggregation_time": 0.0,
      "evaluation_time": 0.010095596313476562,
      "total_time": 0.03792214393615723
    },
    {
      "round": 16,
      "accuracy": 0.956,
      "f1_score": 0.9501133786848073,
      "precision": 0.9049676025917927,
      "recall": 1.0,
      "auc": 0.9999460850562153,
      "pr_auc": 0.9999286755102935,
      "ece": 0.08785051287328638,
      "mce": 0.7324315599426001,
      "mae": 0.08880225661531015,
      "rmse": 0.17885146696117707,
      "encryption_time": 0.0,
      "aggregation_time": 0.0,
      "evaluation_time": 0.012702465057373047,
      "total_time": 0.039876699447631836
    },
    {
      "round": 17,
      "accuracy": 0.956,
      "f1_score": 0.9501133786848073,
      "precision": 0.9049676025917927,
      "recall": 1.0,
      "auc": 0.9999460850562153,
      "pr_auc": 0.9999286755102935,
      "ece": 0.08785051287328638,
      "mce": 0.7324315599426001,
      "mae": 0.08880225661531015,
      "rmse": 0.17885146696117707,
      "encryption_time": 0.0,
      "aggregation_time": 0.0,
      "evaluation_time": 0.011159420013427734,
      "total_time": 0.03106212615966797
    },
    {
      "round": 18,
      "accuracy": 0.956,
      "f1_score": 0.9501133786848073,
      "precision": 0.9049676025917927,
      "recall": 1.0,
      "auc": 0.9999460850562153,
      "pr_auc": 0.9999286755102935,
      "ece": 0.08785051287328638,
      "mce": 0.7324315599426001,
      "mae": 0.08880225661531015,
      "rmse": 0.17885146696117707,
      "encryption_time": 0.0,
      "aggregation_time": 0.0,
      "evaluation_time": 0.01200413703918457,
      "total_time": 0.03754019737243652
    },
    {
      "round": 19,
      "accuracy": 0.956,
      "f1_score": 0.9501133786848073,
      "precision": 0.9049676025917927,
      "recall": 1.0,
      "auc": 0.9999460850562153,
      "pr_auc": 0.9999286755102935,
      "ece": 0.08785051287328638,
      "mce": 0.7324315599426001,
      "mae": 0.08880225661531015,
      "rmse": 0.17885146696117707,
      "encryption_time": 0.0,
      "aggregation_time": 0.0010173320770263672,
      "evaluation_time": 0.008846521377563477,
      "total_time": 0.0376896858215332
    },
    {
      "round": 20,
      "accuracy": 0.956,
      "f1_score": 0.9501133786848073,
      "precision": 0.9049676025917927,
      "recall": 1.0,
      "auc": 0.9999460850562153,
      "pr_auc": 0.9999286755102935,
      "ece": 0.08785051287328638,
      "mce": 0.7324315599426001,
      "mae": 0.08880225661531015,
      "rmse": 0.17885146696117707,
      "encryption_time": 0.0,
      "aggregation_time": 0.0,
      "evaluation_time": 0.01092982292175293,
      "total_time": 0.03706479072570801
    },
    {
      "round": 21,
      "accuracy": 0.956,
      "f1_score": 0.9501133786848073,
      "precision": 0.9049676025917927,
      "recall": 1.0,
      "auc": 0.9999460850562153,
      "pr_auc": 0.9999286755102935,
      "ece": 0.08785051287328638,
      "mce": 0.7324315599426001,
      "mae": 0.08880225661531015,
      "rmse": 0.17885146696117707,
      "encryption_time": 0.0,
      "aggregation_time": 0.0010213851928710938,
      "evaluation_time": 0.015223264694213867,
      "total_time": 0.042073965072631836
    },
    {
      "round": 22,
      "accuracy": 0.956,
      "f1_score": 0.9501133786848073,
      "precision": 0.9049676025917927,
      "recall": 1.0,
      "auc": 0.9999460850562153,
      "pr_auc": 0.9999286755102935,
      "ece": 0.08785051287328638,
      "mce": 0.7324315599426001,
      "mae": 0.08880225661531015,
      "rmse": 0.17885146696117707,
      "encryption_time": 0.0,
      "aggregation_time": 0.0,
      "evaluation_time": 0.012608766555786133,
      "total_time": 0.041068315505981445
    },
    {
      "round": 23,
      "accuracy": 0.956,
      "f1_score": 0.9501133786848073,
      "precision": 0.9049676025917927,
      "recall": 1.0,
      "auc": 0.9999460850562153,
      "pr_auc": 0.9999286755102935,
      "ece": 0.08785051287328638,
      "mce": 0.7324315599426001,
      "mae": 0.08880225661531015,
      "rmse": 0.17885146696117707,
      "encryption_time": 0.0,
      "aggregation_time": 0.0,
      "evaluation_time": 0.011931419372558594,
      "total_time": 0.03340411186218262
    },
    {
      "round": 24,
      "accuracy": 0.956,
      "f1_score": 0.9501133786848073,
      "precision": 0.9049676025917927,
      "recall": 1.0,
      "auc": 0.9999460850562153,
      "pr_auc": 0.9999286755102935,
      "ece": 0.08785051287328638,
      "mce": 0.7324315599426001,
      "mae": 0.08880225661531015,
      "rmse": 0.17885146696117707,
      "encryption_time": 0.0,
      "aggregation_time": 0.0,
      "evaluation_time": 0.011435508728027344,
      "total_time": 0.041821956634521484
    },
    {
      "round": 25,
      "accuracy": 0.956,
      "f1_score": 0.9501133786848073,
      "precision": 0.9049676025917927,
      "recall": 1.0,
      "auc": 0.9999460850562153,
      "pr_auc": 0.9999286755102935,
      "ece": 0.08785051287328638,
      "mce": 0.7324315599426001,
      "mae": 0.08880225661531015,
      "rmse": 0.17885146696117707,
      "encryption_time": 0.0,
      "aggregation_time": 0.0,
      "evaluation_time": 0.012678146362304688,
      "total_time": 0.04198408126831055
    },
    {
      "round": 26,
      "accuracy": 0.956,
      "f1_score": 0.9501133786848073,
      "precision": 0.9049676025917927,
      "recall": 1.0,
      "auc": 0.9999460850562153,
      "pr_auc": 0.9999286755102935,
      "ece": 0.08785051287328638,
      "mce": 0.7324315599426001,
      "mae": 0.08880225661531015,
      "rmse": 0.17885146696117707,
      "encryption_time": 0.0,
      "aggregation_time": 0.0,
      "evaluation_time": 0.010046958923339844,
      "total_time": 0.038668155670166016
    },
    {
      "round": 27,
      "accuracy": 0.956,
      "f1_score": 0.9501133786848073,
      "precision": 0.9049676025917927,
      "recall": 1.0,
      "auc": 0.9999460850562153,
      "pr_auc": 0.9999286755102935,
      "ece": 0.08785051287328638,
      "mce": 0.7324315599426001,
      "mae": 0.08880225661531015,
      "rmse": 0.17885146696117707,
      "encryption_time": 0.0,
      "aggregation_time": 0.0,
      "evaluation_time": 0.008805036544799805,
      "total_time": 0.034108638763427734
    },
    {
      "round": 28,
      "accuracy": 0.956,
      "f1_score": 0.9501133786848073,
      "precision": 0.9049676025917927,
      "recall": 1.0,
      "auc": 0.9999460850562153,
      "pr_auc": 0.9999286755102935,
      "ece": 0.08785051287328638,
      "mce": 0.7324315599426001,
      "mae": 0.08880225661531015,
      "rmse": 0.17885146696117707,
      "encryption_time": 0.0,
      "aggregation_time": 0.0,
      "evaluation_time": 0.012882471084594727,
      "total_time": 0.041457414627075195
    },
    {
      "round": 29,
      "accuracy": 0.956,
      "f1_score": 0.9501133786848073,
      "precision": 0.9049676025917927,
      "recall": 1.0,
      "auc": 0.9999460850562153,
      "pr_auc": 0.9999286755102935,
      "ece": 0.08785051287328638,
      "mce": 0.7324315599426001,
      "mae": 0.08880225661531015,
      "rmse": 0.17885146696117707,
      "encryption_time": 0.0,
      "aggregation_time": 0.0,
      "evaluation_time": 0.012496709823608398,
      "total_time": 0.0332643985748291
    },
    {
      "round": 30,
      "accuracy": 0.956,
      "f1_score": 0.9501133786848073,
      "precision": 0.9049676025917927,
      "recall": 1.0,
      "auc": 0.9999460850562153,
      "pr_auc": 0.9999286755102935,
      "ece": 0.08785051287328638,
      "mce": 0.7324315599426001,
      "mae": 0.08880225661531015,
      "rmse": 0.17885146696117707,
      "encryption_time": 0.0,
      "aggregation_time": 0.0,
      "evaluation_time": 0.01304483413696289,
      "total_time": 0.037479400634765625
    },
    {
      "round": 31,
      "accuracy": 0.956,
      "f1_score": 0.9501133786848073,
      "precision": 0.9049676025917927,
      "recall": 1.0,
      "auc": 0.9999460850562153,
      "pr_auc": 0.9999286755102935,
      "ece": 0.08785051287328638,
      "mce": 0.7324315599426001,
      "mae": 0.08880225661531015,
      "rmse": 0.17885146696117707,
      "encryption_time": 0.0,
      "aggregation_time": 0.0,
      "evaluation_time": 0.0076236724853515625,
      "total_time": 0.03439736366271973
    },
    {
      "round": 32,
      "accuracy": 0.956,
      "f1_score": 0.9501133786848073,
      "precision": 0.9049676025917927,
      "recall": 1.0,
      "auc": 0.9999460850562153,
      "pr_auc": 0.9999286755102935,
      "ece": 0.08785051287328638,
      "mce": 0.7324315599426001,
      "mae": 0.08880225661531015,
      "rmse": 0.17885146696117707,
      "encryption_time": 0.0,
      "aggregation_time": 0.0,
      "evaluation_time": 0.01017618179321289,
      "total_time": 0.03832507133483887
    },
    {
      "round": 33,
      "accuracy": 0.956,
      "f1_score": 0.9501133786848073,
      "precision": 0.9049676025917927,
      "recall": 1.0,
      "auc": 0.9999460850562153,
      "pr_auc": 0.9999286755102935,
      "ece": 0.08785051287328638,
      "mce": 0.7324315599426001,
      "mae": 0.08880225661531015,
      "rmse": 0.17885146696117707,
      "encryption_time": 0.0,
      "aggregation_time": 0.0,
      "evaluation_time": 0.013659238815307617,
      "total_time": 0.0408482551574707
    },
    {
      "round": 34,
      "accuracy": 0.956,
      "f1_score": 0.9501133786848073,
      "precision": 0.9049676025917927,
      "recall": 1.0,
      "auc": 0.9999460850562153,
      "pr_auc": 0.9999286755102935,
      "ece": 0.08785051287328638,
      "mce": 0.7324315599426001,
      "mae": 0.08880225661531015,
      "rmse": 0.17885146696117707,
      "encryption_time": 0.0,
      "aggregation_time": 0.0,
      "evaluation_time": 0.010309696197509766,
      "total_time": 0.039836883544921875
    },
    {
      "round": 35,
      "accuracy": 0.956,
      "f1_score": 0.9501133786848073,
      "precision": 0.9049676025917927,
      "recall": 1.0,
      "auc": 0.9999460850562153,
      "pr_auc": 0.9999286755102935,
      "ece": 0.08785051287328638,
      "mce": 0.7324315599426001,
      "mae": 0.08880225661531015,
      "rmse": 0.17885146696117707,
      "encryption_time": 0.0,
      "aggregation_time": 0.0,
      "evaluation_time": 0.010251522064208984,
      "total_time": 0.03392648696899414
    },
    {
      "round": 36,
      "accuracy": 0.956,
      "f1_score": 0.9501133786848073,
      "precision": 0.9049676025917927,
      "recall": 1.0,
      "auc": 0.9999460850562153,
      "pr_auc": 0.9999286755102935,
      "ece": 0.08785051287328638,
      "mce": 0.7324315599426001,
      "mae": 0.08880225661531015,
      "rmse": 0.17885146696117707,
      "encryption_time": 0.0,
      "aggregation_time": 0.0,
      "evaluation_time": 0.011710882186889648,
      "total_time": 0.03758525848388672
    },
    {
      "round": 37,
      "accuracy": 0.956,
      "f1_score": 0.9501133786848073,
      "precision": 0.9049676025917927,
      "recall": 1.0,
      "auc": 0.9999460850562153,
      "pr_auc": 0.9999286755102935,
      "ece": 0.08785051287328638,
      "mce": 0.7324315599426001,
      "mae": 0.08880225661531015,
      "rmse": 0.17885146696117707,
      "encryption_time": 0.0,
      "aggregation_time": 0.0,
      "evaluation_time": 0.012036800384521484,
      "total_time": 0.03714275360107422
    },
    {
      "round": 38,
      "accuracy": 0.956,
      "f1_score": 0.9501133786848073,
      "precision": 0.9049676025917927,
      "recall": 1.0,
      "auc": 0.9999460850562153,
      "pr_auc": 0.9999286755102935,
      "ece": 0.08785051287328638,
      "mce": 0.7324315599426001,
      "mae": 0.08880225661531015,
      "rmse": 0.17885146696117707,
      "encryption_time": 0.0,
      "aggregation_time": 0.0,
      "evaluation_time": 0.009519577026367188,
      "total_time": 0.03650927543640137
    },
    {
      "round": 39,
      "accuracy": 0.956,
      "f1_score": 0.9501133786848073,
      "precision": 0.9049676025917927,
      "recall": 1.0,
      "auc": 0.9999460850562153,
      "pr_auc": 0.9999286755102935,
      "ece": 0.08785051287328638,
      "mce": 0.7324315599426001,
      "mae": 0.08880225661531015,
      "rmse": 0.17885146696117707,
      "encryption_time": 0.0,
      "aggregation_time": 0.0,
      "evaluation_time": 0.009646177291870117,
      "total_time": 0.03561830520629883
    },
    {
      "round": 40,
      "accuracy": 0.956,
      "f1_score": 0.9501133786848073,
      "precision": 0.9049676025917927,
      "recall": 1.0,
      "auc": 0.9999460850562153,
      "pr_auc": 0.9999286755102935,
      "ece": 0.08785051287328638,
      "mce": 0.7324315599426001,
      "mae": 0.08880225661531015,
      "rmse": 0.17885146696117707,
      "encryption_time": 0.0,
      "aggregation_time": 0.0,
      "evaluation_time": 0.012013673782348633,
      "total_time": 0.03781414031982422
    },
    {
      "round": 41,
      "accuracy": 0.956,
      "f1_score": 0.9501133786848073,
      "precision": 0.9049676025917927,
      "recall": 1.0,
      "auc": 0.9999460850562153,
      "pr_auc": 0.9999286755102935,
      "ece": 0.08785051287328638,
      "mce": 0.7324315599426001,
      "mae": 0.08880225661531015,
      "rmse": 0.17885146696117707,
      "encryption_time": 0.0,
      "aggregation_time": 0.0,
      "evaluation_time": 0.01417851448059082,
      "total_time": 0.03800535202026367
    },
    {
      "round": 42,
      "accuracy": 0.956,
      "f1_score": 0.9501133786848073,
      "precision": 0.9049676025917927,
      "recall": 1.0,
      "auc": 0.9999460850562153,
      "pr_auc": 0.9999286755102935,
      "ece": 0.08785051287328638,
      "mce": 0.7324315599426001,
      "mae": 0.08880225661531015,
      "rmse": 0.17885146696117707,
      "encryption_time": 0.0,
      "aggregation_time": 0.0,
      "evaluation_time": 0.009829521179199219,
      "total_time": 0.03457140922546387
    },
    {
      "round": 43,
      "accuracy": 0.956,
      "f1_score": 0.9501133786848073,
      "precision": 0.9049676025917927,
      "recall": 1.0,
      "auc": 0.9999460850562153,
      "pr_auc": 0.9999286755102935,
      "ece": 0.08785051287328638,
      "mce": 0.7324315599426001,
      "mae": 0.08880225661531015,
      "rmse": 0.17885146696117707,
      "encryption_time": 0.0,
      "aggregation_time": 0.0,
      "evaluation_time": 0.01072549819946289,
      "total_time": 0.03351593017578125
    },
    {
      "round": 44,
      "accuracy": 0.956,
      "f1_score": 0.9501133786848073,
      "precision": 0.9049676025917927,
      "recall": 1.0,
      "auc": 0.9999460850562153,
      "pr_auc": 0.9999286755102935,
      "ece": 0.08785051287328638,
      "mce": 0.7324315599426001,
      "mae": 0.08880225661531015,
      "rmse": 0.17885146696117707,
      "encryption_time": 0.0,
      "aggregation_time": 0.0,
      "evaluation_time": 0.0238802433013916,
      "total_time": 0.05211210250854492
    },
    {
      "round": 45,
      "accuracy": 0.956,
      "f1_score": 0.9501133786848073,
      "precision": 0.9049676025917927,
      "recall": 1.0,
      "auc": 0.9999460850562153,
      "pr_auc": 0.9999286755102935,
      "ece": 0.08785051287328638,
      "mce": 0.7324315599426001,
      "mae": 0.08880225661531015,
      "rmse": 0.17885146696117707,
      "encryption_time": 0.0,
      "aggregation_time": 0.0,
      "evaluation_time": 0.012950420379638672,
      "total_time": 0.03965902328491211
    },
    {
      "round": 46,
      "accuracy": 0.956,
      "f1_score": 0.9501133786848073,
      "precision": 0.9049676025917927,
      "recall": 1.0,
      "auc": 0.9999460850562153,
      "pr_auc": 0.9999286755102935,
      "ece": 0.08785051287328638,
      "mce": 0.7324315599426001,
      "mae": 0.08880225661531015,
      "rmse": 0.17885146696117707,
      "encryption_time": 0.0,
      "aggregation_time": 0.0,
      "evaluation_time": 0.012124776840209961,
      "total_time": 0.03564882278442383
    },
    {
      "round": 47,
      "accuracy": 0.956,
      "f1_score": 0.9501133786848073,
      "precision": 0.9049676025917927,
      "recall": 1.0,
      "auc": 0.9999460850562153,
      "pr_auc": 0.9999286755102935,
      "ece": 0.08785051287328638,
      "mce": 0.7324315599426001,
      "mae": 0.08880225661531015,
      "rmse": 0.17885146696117707,
      "encryption_time": 0.0,
      "aggregation_time": 0.0,
      "evaluation_time": 0.015683889389038086,
      "total_time": 0.04547524452209473
    },
    {
      "round": 48,
      "accuracy": 0.956,
      "f1_score": 0.9501133786848073,
      "precision": 0.9049676025917927,
      "recall": 1.0,
      "auc": 0.9999460850562153,
      "pr_auc": 0.9999286755102935,
      "ece": 0.08785051287328638,
      "mce": 0.7324315599426001,
      "mae": 0.08880225661531015,
      "rmse": 0.17885146696117707,
      "encryption_time": 0.0,
      "aggregation_time": 0.0,
      "evaluation_time": 0.011926651000976562,
      "total_time": 0.03685927391052246
    },
    {
      "round": 49,
      "accuracy": 0.956,
      "f1_score": 0.9501133786848073,
      "precision": 0.9049676025917927,
      "recall": 1.0,
      "auc": 0.9999460850562153,
      "pr_auc": 0.9999286755102935,
      "ece": 0.08785051287328638,
      "mce": 0.7324315599426001,
      "mae": 0.08880225661531015,
      "rmse": 0.17885146696117707,
      "encryption_time": 0.0,
      "aggregation_time": 0.0,
      "evaluation_time": 0.015263557434082031,
      "total_time": 0.0457911491394043
    },
    {
      "round": 50,
      "accuracy": 0.956,
      "f1_score": 0.9501133786848073,
      "precision": 0.9049676025917927,
      "recall": 1.0,
      "auc": 0.9999460850562153,
      "pr_auc": 0.9999286755102935,
      "ece": 0.08785051287328638,
      "mce": 0.7324315599426001,
      "mae": 0.08880225661531015,
      "rmse": 0.17885146696117707,
      "encryption_time": 0.0,
      "aggregation_time": 0.0,
      "evaluation_time": 0.009568452835083008,
      "total_time": 0.041715383529663086
    }
  ]
}