{
  "pipeline_info": {
    "type": "plaintext",
    "rounds": 40,
    "clients": 10,
    "timestamp": "2025-09-16 11:54:25",
    "total_samples": 2000,
    "one_class_clients": 1,
    "one_class_percentage": 10.0
  },
  "final_performance": {
    "accuracy": 0.9385,
    "f1_score": 0.9243076923076923,
    "precision": 0.8592677345537757,
    "recall": 1.0,
    "auc": 0.9999989339007824,
    "pr_auc": 0.9999982293112729,
    "mae": 0.09700036017252615,
    "rmse": 0.19790716166988995,
    "ece": 0.09676843185604746,
    "mce": 0.6724788191002579
  },
  "performance_trends": {
    "initial_accuracy": 0.9385,
    "final_accuracy": 0.9385,
    "accuracy_improvement": 0.0,
    "best_accuracy": 0.9385,
    "final_f1": 0.9243076923076923,
    "best_f1": 0.9243076923076923
  },
  "timing_statistics": {
    "total_encryption_time": 0.0,
    "total_aggregation_time": 0.0009984970092773438,
    "total_evaluation_time": 0.41129541397094727,
    "total_time": 1.01981520652771,
    "avg_round_time": 0.02549538016319275,
    "avg_encryption_time": 0.0,
    "avg_aggregation_time": 2.4962425231933594e-05
  },
  "round_details": [
    {
      "round": 1,
      "accuracy": 0.9385,
      "f1_score": 0.9243076923076923,
      "precision": 0.8592677345537757,
      "recall": 1.0,
      "auc": 0.9999989339007824,
      "pr_auc": 0.9999982293112729,
      "ece": 0.09676843185604746,
      "mce": 0.6724788191002579,
      "mae": 0.09700036017252615,
      "rmse": 0.19790716166988995,
      "encryption_time": 0.0,
      "aggregation_time": 0.0,
      "evaluation_time": 0.012429952621459961,
      "total_time": 0.027044296264648438
    },
    {
      "round": 2,
      "accuracy": 0.9385,
      "f1_score": 0.9243076923076923,
      "precision": 0.8592677345537757,
      "recall": 1.0,
      "auc": 0.9999989339007824,
      "pr_auc": 0.9999982293112729,
      "ece": 0.09676843185604746,
      "mce": 0.6724788191002579,
      "mae": 0.09700036017252615,
      "rmse": 0.19790716166988995,
      "encryption_time": 0.0,
      "aggregation_time": 0.0,
      "evaluation_time": 0.010804414749145508,
      "total_time": 0.0247042179107666
    },
    {
      "round": 3,
      "accuracy": 0.9385,
      "f1_score": 0.9243076923076923,
      "precision": 0.8592677345537757,
      "recall": 1.0,
      "auc": 0.9999989339007824,
      "pr_auc": 0.9999982293112729,
      "ece": 0.09676843185604746,
      "mce": 0.6724788191002579,
      "mae": 0.09700036017252615,
      "rmse": 0.19790716166988995,
      "encryption_time": 0.0,
      "aggregation_time": 0.0,
      "evaluation_time": 0.010604381561279297,
      "total_time": 0.02133655548095703
    },
    {
      "round": 4,
      "accuracy": 0.9385,
      "f1_score": 0.9243076923076923,
      "precision": 0.8592677345537757,
      "recall": 1.0,
      "auc": 0.9999989339007824,
      "pr_auc": 0.9999982293112729,
      "ece": 0.09676843185604746,
      "mce": 0.6724788191002579,
      "mae": 0.09700036017252615,
      "rmse": 0.19790716166988995,
      "encryption_time": 0.0,
      "aggregation_time": 0.0,
      "evaluation_time": 0.008370161056518555,
      "total_time": 0.023801565170288086
    },
    {
      "round": 5,
      "accuracy": 0.9385,
      "f1_score": 0.9243076923076923,
      "precision": 0.8592677345537757,
      "recall": 1.0,
      "auc": 0.9999989339007824,
      "pr_auc": 0.9999982293112729,
      "ece": 0.09676843185604746,
      "mce": 0.6724788191002579,
      "mae": 0.09700036017252615,
      "rmse": 0.19790716166988995,
      "encryption_time": 0.0,
      "aggregation_time": 0.0009984970092773438,
      "evaluation_time": 0.00933384895324707,
      "total_time": 0.023903608322143555
    },
    {
      "round": 6,
      "accuracy": 0.9385,
      "f1_score": 0.9243076923076923,
      "precision": 0.8592677345537757,
      "recall": 1.0,
      "auc": 0.9999989339007824,
      "pr_auc": 0.9999982293112729,
      "ece": 0.09676843185604746,
      "mce": 0.6724788191002579,
      "mae": 0.09700036017252615,
      "rmse": 0.19790716166988995,
      "encryption_time": 0.0,
      "aggregation_time": 0.0,
      "evaluation_time": 0.007907629013061523,
      "total_time": 0.025090694427490234
    },
    {
      "round": 7,
      "accuracy": 0.9385,
      "f1_score": 0.9243076923076923,
      "precision": 0.8592677345537757,
      "recall": 1.0,
      "auc": 0.9999989339007824,
      "pr_auc": 0.9999982293112729,
      "ece": 0.09676843185604746,
      "mce": 0.6724788191002579,
      "mae": 0.09700036017252615,
      "rmse": 0.19790716166988995,
      "encryption_time": 0.0,
      "aggregation_time": 0.0,
      "evaluation_time": 0.009310007095336914,
      "total_time": 0.023172616958618164
    },
    {
      "round": 8,
      "accuracy": 0.9385,
      "f1_score": 0.9243076923076923,
      "precision": 0.8592677345537757,
      "recall": 1.0,
      "auc": 0.9999989339007824,
      "pr_auc": 0.9999982293112729,
      "ece": 0.09676843185604746,
      "mce": 0.6724788191002579,
      "mae": 0.09700036017252615,
      "rmse": 0.19790716166988995,
      "encryption_time": 0.0,
      "aggregation_time": 0.0,
      "evaluation_time": 0.009857416152954102,
      "total_time": 0.023720741271972656
    },
    {
      "round": 9,
      "accuracy": 0.9385,
      "f1_score": 0.9243076923076923,
      "precision": 0.8592677345537757,
      "recall": 1.0,
      "auc": 0.9999989339007824,
      "pr_auc": 0.9999982293112729,
      "ece": 0.09676843185604746,
      "mce": 0.6724788191002579,
      "mae": 0.09700036017252615,
      "rmse": 0.19790716166988995,
      "encryption_time": 0.0,
      "aggregation_time": 0.0,
      "evaluation_time": 0.010077953338623047,
      "total_time": 0.023891687393188477
    },
    {
      "round": 10,
      "accuracy": 0.9385,
      "f1_score": 0.9243076923076923,
      "precision": 0.8592677345537757,
      "recall": 1.0,
      "auc": 0.9999989339007824,
      "pr_auc": 0.9999982293112729,
      "ece": 0.09676843185604746,
      "mce": 0.6724788191002579,
      "mae": 0.09700036017252615,
      "rmse": 0.19790716166988995,
      "encryption_time": 0.0,
      "aggregation_time": 0.0,
      "evaluation_time": 0.013952970504760742,
      "total_time": 0.027123212814331055
    },
    {
      "round": 11,
      "accuracy": 0.9385,
      "f1_score": 0.9243076923076923,
      "precision": 0.8592677345537757,
      "recall": 1.0,
      "auc": 0.9999989339007824,
      "pr_auc": 0.9999982293112729,
      "ece": 0.09676843185604746,
      "mce": 0.6724788191002579,
      "mae": 0.09700036017252615,
      "rmse": 0.19790716166988995,
      "encryption_time": 0.0,
      "aggregation_time": 0.0,
      "evaluation_time": 0.009898185729980469,
      "total_time": 0.023370027542114258
    },
    {
      "round": 12,
      "accuracy": 0.9385,
      "f1_score": 0.9243076923076923,
      "precision": 0.8592677345537757,
      "recall": 1.0,
      "auc": 0.9999989339007824,
      "pr_auc": 0.9999982293112729,
      "ece": 0.09676843185604746,
      "mce": 0.6724788191002579,
      "mae": 0.09700036017252615,
      "rmse": 0.19790716166988995,
      "encryption_time": 0.0,
      "aggregation_time": 0.0,
      "evaluation_time": 0.013740062713623047,
      "total_time": 0.029730796813964844
    },
    {
      "round": 13,
      "accuracy": 0.9385,
      "f1_score": 0.9243076923076923,
      "precision": 0.8592677345537757,
      "recall": 1.0,
      "auc": 0.9999989339007824,
      "pr_auc": 0.9999982293112729,
      "ece": 0.09676843185604746,
      "mce": 0.6724788191002579,
      "mae": 0.09700036017252615,
      "rmse": 0.19790716166988995,
      "encryption_time": 0.0,
      "aggregation_time": 0.0,
      "evaluation_time": 0.006818056106567383,
      "total_time": 0.021870851516723633
    },
    {
      "round": 14,
      "accuracy": 0.9385,
      "f1_score": 0.9243076923076923,
      "precision": 0.8592677345537757,
      "recall": 1.0,
      "auc": 0.9999989339007824,
      "pr_auc": 0.9999982293112729,
      "ece": 0.09676843185604746,
      "mce": 0.6724788191002579,
      "mae": 0.09700036017252615,
      "rmse": 0.19790716166988995,
      "encryption_time": 0.0,
      "aggregation_time": 0.0,
      "evaluation_time": 0.012737274169921875,
      "total_time": 0.02749943733215332
    },
    {
      "round": 15,
      "accuracy": 0.9385,
      "f1_score": 0.9243076923076923,
      "precision": 0.8592677345537757,
      "recall": 1.0,
      "auc": 0.9999989339007824,
      "pr_auc": 0.9999982293112729,
      "ece": 0.09676843185604746,
      "mce": 0.6724788191002579,
      "mae": 0.09700036017252615,
      "rmse": 0.19790716166988995,
      "encryption_time": 0.0,
      "aggregation_time": 0.0,
      "evaluation_time": 0.007080554962158203,
      "total_time": 0.02338862419128418
    },
    {
      "round": 16,
      "accuracy": 0.9385,
      "f1_score": 0.9243076923076923,
      "precision": 0.8592677345537757,
      "recall": 1.0,
      "auc": 0.9999989339007824,
      "pr_auc": 0.9999982293112729,
      "ece": 0.09676843185604746,
      "mce": 0.6724788191002579,
      "mae": 0.09700036017252615,
      "rmse": 0.19790716166988995,
      "encryption_time": 0.0,
      "aggregation_time": 0.0,
      "evaluation_time": 0.011622428894042969,
      "total_time": 0.025328397750854492
    },
    {
      "round": 17,
      "accuracy": 0.9385,
      "f1_score": 0.9243076923076923,
      "precision": 0.8592677345537757,
      "recall": 1.0,
      "auc": 0.9999989339007824,
      "pr_auc": 0.9999982293112729,
      "ece": 0.09676843185604746,
      "mce": 0.6724788191002579,
      "mae": 0.09700036017252615,
      "rmse": 0.19790716166988995,
      "encryption_time": 0.0,
      "aggregation_time": 0.0,
      "evaluation_time": 0.005558013916015625,
      "total_time": 0.020613908767700195
    },
    {
      "round": 18,
      "accuracy": 0.9385,
      "f1_score": 0.9243076923076923,
      "precision": 0.8592677345537757,
      "recall": 1.0,
      "auc": 0.9999989339007824,
      "pr_auc": 0.9999982293112729,
      "ece": 0.09676843185604746,
      "mce": 0.6724788191002579,
      "mae": 0.09700036017252615,
      "rmse": 0.19790716166988995,
      "encryption_time": 0.0,
      "aggregation_time": 0.0,
      "evaluation_time": 0.011916160583496094,
      "total_time": 0.0268096923828125
    },
    {
      "round": 19,
      "accuracy": 0.9385,
      "f1_score": 0.9243076923076923,
      "precision": 0.8592677345537757,
      "recall": 1.0,
      "auc": 0.9999989339007824,
      "pr_auc": 0.9999982293112729,
      "ece": 0.09676843185604746,
      "mce": 0.6724788191002579,
      "mae": 0.09700036017252615,
      "rmse": 0.19790716166988995,
      "encryption_time": 0.0,
      "aggregation_time": 0.0,
      "evaluation_time": 0.006551027297973633,
      "total_time": 0.020740747451782227
    },
    {
      "round": 20,
      "accuracy": 0.9385,
      "f1_score": 0.9243076923076923,
      "precision": 0.8592677345537757,
      "recall": 1.0,
      "auc": 0.9999989339007824,
      "pr_auc": 0.9999982293112729,
      "ece": 0.09676843185604746,
      "mce": 0.6724788191002579,
      "mae": 0.09700036017252615,
      "rmse": 0.19790716166988995,
      "encryption_time": 0.0,
      "aggregation_time": 0.0,
      "evaluation_time": 0.014026403427124023,
      "total_time": 0.02947258949279785
    },
    {
      "round": 21,
      "accuracy": 0.9385,
      "f1_score": 0.9243076923076923,
      "precision": 0.8592677345537757,
      "recall": 1.0,
      "auc": 0.9999989339007824,
      "pr_auc": 0.9999982293112729,
      "ece": 0.09676843185604746,
      "mce": 0.6724788191002579,
      "mae": 0.09700036017252615,
      "rmse": 0.19790716166988995,
      "encryption_time": 0.0,
      "aggregation_time": 0.0,
      "evaluation_time": 0.007833719253540039,
      "total_time": 0.023090362548828125
    },
    {
      "round": 22,
      "accuracy": 0.9385,
      "f1_score": 0.9243076923076923,
      "precision": 0.8592677345537757,
      "recall": 1.0,
      "auc": 0.9999989339007824,
      "pr_auc": 0.9999982293112729,
      "ece": 0.09676843185604746,
      "mce": 0.6724788191002579,
      "mae": 0.09700036017252615,
      "rmse": 0.19790716166988995,
      "encryption_time": 0.0,
      "aggregation_time": 0.0,
      "evaluation_time": 0.010980606079101562,
      "total_time": 0.024767160415649414
    },
    {
      "round": 23,
      "accuracy": 0.9385,
      "f1_score": 0.9243076923076923,
      "precision": 0.8592677345537757,
      "recall": 1.0,
      "auc": 0.9999989339007824,
      "pr_auc": 0.9999982293112729,
      "ece": 0.09676843185604746,
      "mce": 0.6724788191002579,
      "mae": 0.09700036017252615,
      "rmse": 0.19790716166988995,
      "encryption_time": 0.0,
      "aggregation_time": 0.0,
      "evaluation_time": 0.008867979049682617,
      "total_time": 0.026752948760986328
    },
    {
      "round": 24,
      "accuracy": 0.9385,
      "f1_score": 0.9243076923076923,
      "precision": 0.8592677345537757,
      "recall": 1.0,
      "auc": 0.9999989339007824,
      "pr_auc": 0.9999982293112729,
      "ece": 0.09676843185604746,
      "mce": 0.6724788191002579,
      "mae": 0.09700036017252615,
      "rmse": 0.19790716166988995,
      "encryption_time": 0.0,
      "aggregation_time": 0.0,
      "evaluation_time": 0.012551069259643555,
      "total_time": 0.02557086944580078
    },
    {
      "round": 25,
      "accuracy": 0.9385,
      "f1_score": 0.9243076923076923,
      "precision": 0.8592677345537757,
      "recall": 1.0,
      "auc": 0.9999989339007824,
      "pr_auc": 0.9999982293112729,
      "ece": 0.09676843185604746,
      "mce": 0.6724788191002579,
      "mae": 0.09700036017252615,
      "rmse": 0.19790716166988995,
      "encryption_time": 0.0,
      "aggregation_time": 0.0,
      "evaluation_time": 0.008826017379760742,
      "total_time": 0.02493882179260254
    },
    {
      "round": 26,
      "accuracy": 0.9385,
      "f1_score": 0.9243076923076923,
      "precision": 0.8592677345537757,
      "recall": 1.0,
      "auc": 0.9999989339007824,
      "pr_auc": 0.9999982293112729,
      "ece": 0.09676843185604746,
      "mce": 0.6724788191002579,
      "mae": 0.09700036017252615,
      "rmse": 0.19790716166988995,
      "encryption_time": 0.0,
      "aggregation_time": 0.0,
      "evaluation_time": 0.008516550064086914,
      "total_time": 0.024631023406982422
    },
    {
      "round": 27,
      "accuracy": 0.9385,
      "f1_score": 0.9243076923076923,
      "precision": 0.8592677345537757,
      "recall": 1.0,
      "auc": 0.9999989339007824,
      "pr_auc": 0.9999982293112729,
      "ece": 0.09676843185604746,
      "mce": 0.6724788191002579,
      "mae": 0.09700036017252615,
      "rmse": 0.19790716166988995,
      "encryption_time": 0.0,
      "aggregation_time": 0.0,
      "evaluation_time": 0.011310815811157227,
      "total_time": 0.02642512321472168
    },
    {
      "round": 28,
      "accuracy": 0.9385,
      "f1_score": 0.9243076923076923,
      "precision": 0.8592677345537757,
      "recall": 1.0,
      "auc": 0.9999989339007824,
      "pr_auc": 0.9999982293112729,
      "ece": 0.09676843185604746,
      "mce": 0.6724788191002579,
      "mae": 0.09700036017252615,
      "rmse": 0.19790716166988995,
      "encryption_time": 0.0,
      "aggregation_time": 0.0,
      "evaluation_time": 0.0067064762115478516,
      "total_time": 0.021636486053466797
    },
    {
      "round": 29,
      "accuracy": 0.9385,
      "f1_score": 0.9243076923076923,
      "precision": 0.8592677345537757,
      "recall": 1.0,
      "auc": 0.9999989339007824,
      "pr_auc": 0.9999982293112729,
      "ece": 0.09676843185604746,
      "mce": 0.6724788191002579,
      "mae": 0.09700036017252615,
      "rmse": 0.19790716166988995,
      "encryption_time": 0.0,
      "aggregation_time": 0.0,
      "evaluation_time": 0.010929584503173828,
      "total_time": 0.0414121150970459
    },
    {
      "round": 30,
      "accuracy": 0.9385,
      "f1_score": 0.9243076923076923,
      "precision": 0.8592677345537757,
      "recall": 1.0,
      "auc": 0.9999989339007824,
      "pr_auc": 0.9999982293112729,
      "ece": 0.09676843185604746,
      "mce": 0.6724788191002579,
      "mae": 0.09700036017252615,
      "rmse": 0.19790716166988995,
      "encryption_time": 0.0,
      "aggregation_time": 0.0,
      "evaluation_time": 0.01310873031616211,
      "total_time": 0.024365663528442383
    },
    {
      "round": 31,
      "accuracy": 0.9385,
      "f1_score": 0.9243076923076923,
      "precision": 0.8592677345537757,
      "recall": 1.0,
      "auc": 0.9999989339007824,
      "pr_auc": 0.9999982293112729,
      "ece": 0.09676843185604746,
      "mce": 0.6724788191002579,
      "mae": 0.09700036017252615,
      "rmse": 0.19790716166988995,
      "encryption_time": 0.0,
      "aggregation_time": 0.0,
      "evaluation_time": 0.011008739471435547,
      "total_time": 0.02572464942932129
    },
    {
      "round": 32,
      "accuracy": 0.9385,
      "f1_score": 0.9243076923076923,
      "precision": 0.8592677345537757,
      "recall": 1.0,
      "auc": 0.9999989339007824,
      "pr_auc": 0.9999982293112729,
      "ece": 0.09676843185604746,
      "mce": 0.6724788191002579,
      "mae": 0.09700036017252615,
      "rmse": 0.19790716166988995,
      "encryption_time": 0.0,
      "aggregation_time": 0.0,
      "evaluation_time": 0.007190704345703125,
      "total_time": 0.022223949432373047
    },
    {
      "round": 33,
      "accuracy": 0.9385,
      "f1_score": 0.9243076923076923,
      "precision": 0.8592677345537757,
      "recall": 1.0,
      "auc": 0.9999989339007824,
      "pr_auc": 0.9999982293112729,
      "ece": 0.09676843185604746,
      "mce": 0.6724788191002579,
      "mae": 0.09700036017252615,
      "rmse": 0.19790716166988995,
      "encryption_time": 0.0,
      "aggregation_time": 0.0,
      "evaluation_time": 0.01139211654663086,
      "total_time": 0.026732206344604492
    },
    {
      "round": 34,
      "accuracy": 0.9385,
      "f1_score": 0.9243076923076923,
      "precision": 0.8592677345537757,
      "recall": 1.0,
      "auc": 0.9999989339007824,
      "pr_auc": 0.9999982293112729,
      "ece": 0.09676843185604746,
      "mce": 0.6724788191002579,
      "mae": 0.09700036017252615,
      "rmse": 0.19790716166988995,
      "encryption_time": 0.0,
      "aggregation_time": 0.0,
      "evaluation_time": 0.008309602737426758,
      "total_time": 0.024590730667114258
    },
    {
      "round": 35,
      "accuracy": 0.9385,
      "f1_score": 0.9243076923076923,
      "precision": 0.8592677345537757,
      "recall": 1.0,
      "auc": 0.9999989339007824,
      "pr_auc": 0.9999982293112729,
      "ece": 0.09676843185604746,
      "mce": 0.6724788191002579,
      "mae": 0.09700036017252615,
      "rmse": 0.19790716166988995,
      "encryption_time": 0.0,
      "aggregation_time": 0.0,
      "evaluation_time": 0.012750864028930664,
      "total_time": 0.027118682861328125
    },
    {
      "round": 36,
      "accuracy": 0.9385,
      "f1_score": 0.9243076923076923,
      "precision": 0.8592677345537757,
      "recall": 1.0,
      "auc": 0.9999989339007824,
      "pr_auc": 0.9999982293112729,
      "ece": 0.09676843185604746,
      "mce": 0.6724788191002579,
      "mae": 0.09700036017252615,
      "rmse": 0.19790716166988995,
      "encryption_time": 0.0,
      "aggregation_time": 0.0,
      "evaluation_time": 0.014448165893554688,
      "total_time": 0.028655529022216797
    },
    {
      "round": 37,
      "accuracy": 0.9385,
      "f1_score": 0.9243076923076923,
      "precision": 0.8592677345537757,
      "recall": 1.0,
      "auc": 0.9999989339007824,
      "pr_auc": 0.9999982293112729,
      "ece": 0.09676843185604746,
      "mce": 0.6724788191002579,
      "mae": 0.09700036017252615,
      "rmse": 0.19790716166988995,
      "encryption_time": 0.0,
      "aggregation_time": 0.0,
      "evaluation_time": 0.012031078338623047,
      "total_time": 0.030878543853759766
    },
    {
      "round": 38,
      "accuracy": 0.9385,
      "f1_score": 0.9243076923076923,
      "precision": 0.8592677345537757,
      "recall": 1.0,
      "auc": 0.9999989339007824,
      "pr_auc": 0.9999982293112729,
      "ece": 0.09676843185604746,
      "mce": 0.6724788191002579,
      "mae": 0.09700036017252615,
      "rmse": 0.19790716166988995,
      "encryption_time": 0.0,
      "aggregation_time": 0.0,
      "evaluation_time": 0.007178306579589844,
      "total_time": 0.024357318878173828
    },
    {
      "round": 39,
      "accuracy": 0.9385,
      "f1_score": 0.9243076923076923,
      "precision": 0.8592677345537757,
      "recall": 1.0,
      "auc": 0.9999989339007824,
      "pr_auc": 0.9999982293112729,
      "ece": 0.09676843185604746,
      "mce": 0.6724788191002579,
      "mae": 0.09700036017252615,
      "rmse": 0.19790716166988995,
      "encryption_time": 0.0,
      "aggregation_time": 0.0,
      "evaluation_time": 0.010636329650878906,
      "total_time": 0.024204730987548828
    },
    {
      "round": 40,
      "accuracy": 0.9385,
      "f1_score": 0.9243076923076923,
      "precision": 0.8592677345537757,
      "recall": 1.0,
      "auc": 0.9999989339007824,
      "pr_auc": 0.9999982293112729,
      "ece": 0.09676843185604746,
      "mce": 0.6724788191002579,
      "mae": 0.09700036017252615,
      "rmse": 0.19790716166988995,
      "encryption_time": 0.0,
      "aggregation_time": 0.0,
      "evaluation_time": 0.014121055603027344,
      "total_time": 0.029124021530151367
    }
  ]
}