{
  "pipeline_info": {
    "type": "plaintext",
    "rounds": 60,
    "clients": 10,
    "timestamp": "2025-09-16 11:54:45",
    "total_samples": 2000,
    "one_class_clients": 1,
    "one_class_percentage": 10.0
  },
  "final_performance": {
    "accuracy": 0.9385,
    "f1_score": 0.9243076923076923,
    "precision": 0.8592677345537757,
    "recall": 1.0,
    "auc": 0.9999989339007824,
    "pr_auc": 0.9999982293112729,
    "mae": 0.09700036017252615,
    "rmse": 0.19790716166988995,
    "ece": 0.09676843185604746,
    "mce": 0.6724788191002579
  },
  "performance_trends": {
    "initial_accuracy": 0.9385,
    "final_accuracy": 0.9385,
    "accuracy_improvement": 0.0,
    "best_accuracy": 0.9385,
    "final_f1": 0.9243076923076923,
    "best_f1": 0.9243076923076923
  },
  "timing_statistics": {
    "total_encryption_time": 0.0,
    "total_aggregation_time": 0.006463766098022461,
    "total_evaluation_time": 0.6602907180786133,
    "total_time": 1.6496829986572266,
    "avg_round_time": 0.02749471664428711,
    "avg_encryption_time": 0.0,
    "avg_aggregation_time": 0.00010772943496704102
  },
  "round_details": [
    {
      "round": 1,
      "accuracy": 0.9385,
      "f1_score": 0.9243076923076923,
      "precision": 0.8592677345537757,
      "recall": 1.0,
      "auc": 0.9999989339007824,
      "pr_auc": 0.9999982293112729,
      "ece": 0.09676843185604746,
      "mce": 0.6724788191002579,
      "mae": 0.09700036017252615,
      "rmse": 0.19790716166988995,
      "encryption_time": 0.0,
      "aggregation_time": 0.0,
      "evaluation_time": 0.012454986572265625,
      "total_time": 0.034392356872558594
    },
    {
      "round": 2,
      "accuracy": 0.9385,
      "f1_score": 0.9243076923076923,
      "precision": 0.8592677345537757,
      "recall": 1.0,
      "auc": 0.9999989339007824,
      "pr_auc": 0.9999982293112729,
      "ece": 0.09676843185604746,
      "mce": 0.6724788191002579,
      "mae": 0.09700036017252615,
      "rmse": 0.19790716166988995,
      "encryption_time": 0.0,
      "aggregation_time": 0.0,
      "evaluation_time": 0.011448383331298828,
      "total_time": 0.027399539947509766
    },
    {
      "round": 3,
      "accuracy": 0.9385,
      "f1_score": 0.9243076923076923,
      "precision": 0.8592677345537757,
      "recall": 1.0,
      "auc": 0.9999989339007824,
      "pr_auc": 0.9999982293112729,
      "ece": 0.09676843185604746,
      "mce": 0.6724788191002579,
      "mae": 0.09700036017252615,
      "rmse": 0.19790716166988995,
      "encryption_time": 0.0,
      "aggregation_time": 0.0,
      "evaluation_time": 0.013361692428588867,
      "total_time": 0.03160977363586426
    },
    {
      "round": 4,
      "accuracy": 0.9385,
      "f1_score": 0.9243076923076923,
      "precision": 0.8592677345537757,
      "recall": 1.0,
      "auc": 0.9999989339007824,
      "pr_auc": 0.9999982293112729,
      "ece": 0.09676843185604746,
      "mce": 0.6724788191002579,
      "mae": 0.09700036017252615,
      "rmse": 0.19790716166988995,
      "encryption_time": 0.0,
      "aggregation_time": 0.0,
      "evaluation_time": 0.013984203338623047,
      "total_time": 0.036632537841796875
    },
    {
      "round": 5,
      "accuracy": 0.9385,
      "f1_score": 0.9243076923076923,
      "precision": 0.8592677345537757,
      "recall": 1.0,
      "auc": 0.9999989339007824,
      "pr_auc": 0.9999982293112729,
      "ece": 0.09676843185604746,
      "mce": 0.6724788191002579,
      "mae": 0.09700036017252615,
      "rmse": 0.19790716166988995,
      "encryption_time": 0.0,
      "aggregation_time": 0.0,
      "evaluation_time": 0.008580446243286133,
      "total_time": 0.03685426712036133
    },
    {
      "round": 6,
      "accuracy": 0.9385,
      "f1_score": 0.9243076923076923,
      "precision": 0.8592677345537757,
      "recall": 1.0,
      "auc": 0.9999989339007824,
      "pr_auc": 0.9999982293112729,
      "ece": 0.09676843185604746,
      "mce": 0.6724788191002579,
      "mae": 0.09700036017252615,
      "rmse": 0.19790716166988995,
      "encryption_time": 0.0,
      "aggregation_time": 0.0,
      "evaluation_time": 0.011850118637084961,
      "total_time": 0.026061534881591797
    },
    {
      "round": 7,
      "accuracy": 0.9385,
      "f1_score": 0.9243076923076923,
      "precision": 0.8592677345537757,
      "recall": 1.0,
      "auc": 0.9999989339007824,
      "pr_auc": 0.9999982293112729,
      "ece": 0.09676843185604746,
      "mce": 0.6724788191002579,
      "mae": 0.09700036017252615,
      "rmse": 0.19790716166988995,
      "encryption_time": 0.0,
      "aggregation_time": 0.0,
      "evaluation_time": 0.012665510177612305,
      "total_time": 0.028473615646362305
    },
    {
      "round": 8,
      "accuracy": 0.9385,
      "f1_score": 0.9243076923076923,
      "precision": 0.8592677345537757,
      "recall": 1.0,
      "auc": 0.9999989339007824,
      "pr_auc": 0.9999982293112729,
      "ece": 0.09676843185604746,
      "mce": 0.6724788191002579,
      "mae": 0.09700036017252615,
      "rmse": 0.19790716166988995,
      "encryption_time": 0.0,
      "aggregation_time": 0.0014719963073730469,
      "evaluation_time": 0.017603397369384766,
      "total_time": 0.04242897033691406
    },
    {
      "round": 9,
      "accuracy": 0.9385,
      "f1_score": 0.9243076923076923,
      "precision": 0.8592677345537757,
      "recall": 1.0,
      "auc": 0.9999989339007824,
      "pr_auc": 0.9999982293112729,
      "ece": 0.09676843185604746,
      "mce": 0.6724788191002579,
      "mae": 0.09700036017252615,
      "rmse": 0.19790716166988995,
      "encryption_time": 0.0,
      "aggregation_time": 0.0,
      "evaluation_time": 0.014460325241088867,
      "total_time": 0.03767251968383789
    },
    {
      "round": 10,
      "accuracy": 0.9385,
      "f1_score": 0.9243076923076923,
      "precision": 0.8592677345537757,
      "recall": 1.0,
      "auc": 0.9999989339007824,
      "pr_auc": 0.9999982293112729,
      "ece": 0.09676843185604746,
      "mce": 0.6724788191002579,
      "mae": 0.09700036017252615,
      "rmse": 0.19790716166988995,
      "encryption_time": 0.0,
      "aggregation_time": 0.0,
      "evaluation_time": 0.02051091194152832,
      "total_time": 0.04170727729797363
    },
    {
      "round": 11,
      "accuracy": 0.9385,
      "f1_score": 0.9243076923076923,
      "precision": 0.8592677345537757,
      "recall": 1.0,
      "auc": 0.9999989339007824,
      "pr_auc": 0.9999982293112729,
      "ece": 0.09676843185604746,
      "mce": 0.6724788191002579,
      "mae": 0.09700036017252615,
      "rmse": 0.19790716166988995,
      "encryption_time": 0.0,
      "aggregation_time": 0.0,
      "evaluation_time": 0.0076329708099365234,
      "total_time": 0.03348708152770996
    },
    {
      "round": 12,
      "accuracy": 0.9385,
      "f1_score": 0.9243076923076923,
      "precision": 0.8592677345537757,
      "recall": 1.0,
      "auc": 0.9999989339007824,
      "pr_auc": 0.9999982293112729,
      "ece": 0.09676843185604746,
      "mce": 0.6724788191002579,
      "mae": 0.09700036017252615,
      "rmse": 0.19790716166988995,
      "encryption_time": 0.0,
      "aggregation_time": 0.0,
      "evaluation_time": 0.010568618774414062,
      "total_time": 0.022977590560913086
    },
    {
      "round": 13,
      "accuracy": 0.9385,
      "f1_score": 0.9243076923076923,
      "precision": 0.8592677345537757,
      "recall": 1.0,
      "auc": 0.9999989339007824,
      "pr_auc": 0.9999982293112729,
      "ece": 0.09676843185604746,
      "mce": 0.6724788191002579,
      "mae": 0.09700036017252615,
      "rmse": 0.19790716166988995,
      "encryption_time": 0.0,
      "aggregation_time": 0.0,
      "evaluation_time": 0.014944076538085938,
      "total_time": 0.03529620170593262
    },
    {
      "round": 14,
      "accuracy": 0.9385,
      "f1_score": 0.9243076923076923,
      "precision": 0.8592677345537757,
      "recall": 1.0,
      "auc": 0.9999989339007824,
      "pr_auc": 0.9999982293112729,
      "ece": 0.09676843185604746,
      "mce": 0.6724788191002579,
      "mae": 0.09700036017252615,
      "rmse": 0.19790716166988995,
      "encryption_time": 0.0,
      "aggregation_time": 0.0,
      "evaluation_time": 0.01406097412109375,
      "total_time": 0.031154632568359375
    },
    {
      "round": 15,
      "accuracy": 0.9385,
      "f1_score": 0.9243076923076923,
      "precision": 0.8592677345537757,
      "recall": 1.0,
      "auc": 0.9999989339007824,
      "pr_auc": 0.9999982293112729,
      "ece": 0.09676843185604746,
      "mce": 0.6724788191002579,
      "mae": 0.09700036017252615,
      "rmse": 0.19790716166988995,
      "encryption_time": 0.0,
      "aggregation_time": 0.0,
      "evaluation_time": 0.006802082061767578,
      "total_time": 0.0212249755859375
    },
    {
      "round": 16,
      "accuracy": 0.9385,
      "f1_score": 0.9243076923076923,
      "precision": 0.8592677345537757,
      "recall": 1.0,
      "auc": 0.9999989339007824,
      "pr_auc": 0.9999982293112729,
      "ece": 0.09676843185604746,
      "mce": 0.6724788191002579,
      "mae": 0.09700036017252615,
      "rmse": 0.19790716166988995,
      "encryption_time": 0.0,
      "aggregation_time": 0.0,
      "evaluation_time": 0.012383222579956055,
      "total_time": 0.025825977325439453
    },
    {
      "round": 17,
      "accuracy": 0.9385,
      "f1_score": 0.9243076923076923,
      "precision": 0.8592677345537757,
      "recall": 1.0,
      "auc": 0.9999989339007824,
      "pr_auc": 0.9999982293112729,
      "ece": 0.09676843185604746,
      "mce": 0.6724788191002579,
      "mae": 0.09700036017252615,
      "rmse": 0.19790716166988995,
      "encryption_time": 0.0,
      "aggregation_time": 0.0,
      "evaluation_time": 0.012145042419433594,
      "total_time": 0.02696847915649414
    },
    {
      "round": 18,
      "accuracy": 0.9385,
      "f1_score": 0.9243076923076923,
      "precision": 0.8592677345537757,
      "recall": 1.0,
      "auc": 0.9999989339007824,
      "pr_auc": 0.9999982293112729,
      "ece": 0.09676843185604746,
      "mce": 0.6724788191002579,
      "mae": 0.09700036017252615,
      "rmse": 0.19790716166988995,
      "encryption_time": 0.0,
      "aggregation_time": 0.0,
      "evaluation_time": 0.010515928268432617,
      "total_time": 0.02348947525024414
    },
    {
      "round": 19,
      "accuracy": 0.9385,
      "f1_score": 0.9243076923076923,
      "precision": 0.8592677345537757,
      "recall": 1.0,
      "auc": 0.9999989339007824,
      "pr_auc": 0.9999982293112729,
      "ece": 0.09676843185604746,
      "mce": 0.6724788191002579,
      "mae": 0.09700036017252615,
      "rmse": 0.19790716166988995,
      "encryption_time": 0.0,
      "aggregation_time": 0.0,
      "evaluation_time": 0.010973691940307617,
      "total_time": 0.02591395378112793
    },
    {
      "round": 20,
      "accuracy": 0.9385,
      "f1_score": 0.9243076923076923,
      "precision": 0.8592677345537757,
      "recall": 1.0,
      "auc": 0.9999989339007824,
      "pr_auc": 0.9999982293112729,
      "ece": 0.09676843185604746,
      "mce": 0.6724788191002579,
      "mae": 0.09700036017252615,
      "rmse": 0.19790716166988995,
      "encryption_time": 0.0,
      "aggregation_time": 0.0,
      "evaluation_time": 0.011287927627563477,
      "total_time": 0.025751829147338867
    },
    {
      "round": 21,
      "accuracy": 0.9385,
      "f1_score": 0.9243076923076923,
      "precision": 0.8592677345537757,
      "recall": 1.0,
      "auc": 0.9999989339007824,
      "pr_auc": 0.9999982293112729,
      "ece": 0.09676843185604746,
      "mce": 0.6724788191002579,
      "mae": 0.09700036017252615,
      "rmse": 0.19790716166988995,
      "encryption_time": 0.0,
      "aggregation_time": 0.0,
      "evaluation_time": 0.01128077507019043,
      "total_time": 0.027004241943359375
    },
    {
      "round": 22,
      "accuracy": 0.9385,
      "f1_score": 0.9243076923076923,
      "precision": 0.8592677345537757,
      "recall": 1.0,
      "auc": 0.9999989339007824,
      "pr_auc": 0.9999982293112729,
      "ece": 0.09676843185604746,
      "mce": 0.6724788191002579,
      "mae": 0.09700036017252615,
      "rmse": 0.19790716166988995,
      "encryption_time": 0.0,
      "aggregation_time": 0.0,
      "evaluation_time": 0.014147520065307617,
      "total_time": 0.03680777549743652
    },
    {
      "round": 23,
      "accuracy": 0.9385,
      "f1_score": 0.9243076923076923,
      "precision": 0.8592677345537757,
      "recall": 1.0,
      "auc": 0.9999989339007824,
      "pr_auc": 0.9999982293112729,
      "ece": 0.09676843185604746,
      "mce": 0.6724788191002579,
      "mae": 0.09700036017252615,
      "rmse": 0.19790716166988995,
      "encryption_time": 0.0,
      "aggregation_time": 0.0,
      "evaluation_time": 0.012653350830078125,
      "total_time": 0.028918027877807617
    },
    {
      "round": 24,
      "accuracy": 0.9385,
      "f1_score": 0.9243076923076923,
      "precision": 0.8592677345537757,
      "recall": 1.0,
      "auc": 0.9999989339007824,
      "pr_auc": 0.9999982293112729,
      "ece": 0.09676843185604746,
      "mce": 0.6724788191002579,
      "mae": 0.09700036017252615,
      "rmse": 0.19790716166988995,
      "encryption_time": 0.0,
      "aggregation_time": 0.0,
      "evaluation_time": 0.008241415023803711,
      "total_time": 0.02329564094543457
    },
    {
      "round": 25,
      "accuracy": 0.9385,
      "f1_score": 0.9243076923076923,
      "precision": 0.8592677345537757,
      "recall": 1.0,
      "auc": 0.9999989339007824,
      "pr_auc": 0.9999982293112729,
      "ece": 0.09676843185604746,
      "mce": 0.6724788191002579,
      "mae": 0.09700036017252615,
      "rmse": 0.19790716166988995,
      "encryption_time": 0.0,
      "aggregation_time": 0.0005116462707519531,
      "evaluation_time": 0.015342950820922852,
      "total_time": 0.03911542892456055
    },
    {
      "round": 26,
      "accuracy": 0.9385,
      "f1_score": 0.9243076923076923,
      "precision": 0.8592677345537757,
      "recall": 1.0,
      "auc": 0.9999989339007824,
      "pr_auc": 0.9999982293112729,
      "ece": 0.09676843185604746,
      "mce": 0.6724788191002579,
      "mae": 0.09700036017252615,
      "rmse": 0.19790716166988995,
      "encryption_time": 0.0,
      "aggregation_time": 0.0,
      "evaluation_time": 0.006571769714355469,
      "total_time": 0.023529529571533203
    },
    {
      "round": 27,
      "accuracy": 0.9385,
      "f1_score": 0.9243076923076923,
      "precision": 0.8592677345537757,
      "recall": 1.0,
      "auc": 0.9999989339007824,
      "pr_auc": 0.9999982293112729,
      "ece": 0.09676843185604746,
      "mce": 0.6724788191002579,
      "mae": 0.09700036017252615,
      "rmse": 0.19790716166988995,
      "encryption_time": 0.0,
      "aggregation_time": 0.0009984970092773438,
      "evaluation_time": 0.009788274765014648,
      "total_time": 0.029934406280517578
    },
    {
      "round": 28,
      "accuracy": 0.9385,
      "f1_score": 0.9243076923076923,
      "precision": 0.8592677345537757,
      "recall": 1.0,
      "auc": 0.9999989339007824,
      "pr_auc": 0.9999982293112729,
      "ece": 0.09676843185604746,
      "mce": 0.6724788191002579,
      "mae": 0.09700036017252615,
      "rmse": 0.19790716166988995,
      "encryption_time": 0.0,
      "aggregation_time": 0.0,
      "evaluation_time": 0.010895729064941406,
      "total_time": 0.024713516235351562
    },
    {
      "round": 29,
      "accuracy": 0.9385,
      "f1_score": 0.9243076923076923,
      "precision": 0.8592677345537757,
      "recall": 1.0,
      "auc": 0.9999989339007824,
      "pr_auc": 0.9999982293112729,
      "ece": 0.09676843185604746,
      "mce": 0.6724788191002579,
      "mae": 0.09700036017252615,
      "rmse": 0.19790716166988995,
      "encryption_time": 0.0,
      "aggregation_time": 0.0,
      "evaluation_time": 0.007623195648193359,
      "total_time": 0.022180795669555664
    },
    {
      "round": 30,
      "accuracy": 0.9385,
      "f1_score": 0.9243076923076923,
      "precision": 0.8592677345537757,
      "recall": 1.0,
      "auc": 0.9999989339007824,
      "pr_auc": 0.9999982293112729,
      "ece": 0.09676843185604746,
      "mce": 0.6724788191002579,
      "mae": 0.09700036017252615,
      "rmse": 0.19790716166988995,
      "encryption_time": 0.0,
      "aggregation_time": 0.0,
      "evaluation_time": 0.010985374450683594,
      "total_time": 0.02638530731201172
    },
    {
      "round": 31,
      "accuracy": 0.9385,
      "f1_score": 0.9243076923076923,
      "precision": 0.8592677345537757,
      "recall": 1.0,
      "auc": 0.9999989339007824,
      "pr_auc": 0.9999982293112729,
      "ece": 0.09676843185604746,
      "mce": 0.6724788191002579,
      "mae": 0.09700036017252615,
      "rmse": 0.19790716166988995,
      "encryption_time": 0.0,
      "aggregation_time": 0.0,
      "evaluation_time": 0.009139060974121094,
      "total_time": 0.023105859756469727
    },
    {
      "round": 32,
      "accuracy": 0.9385,
      "f1_score": 0.9243076923076923,
      "precision": 0.8592677345537757,
      "recall": 1.0,
      "auc": 0.9999989339007824,
      "pr_auc": 0.9999982293112729,
      "ece": 0.09676843185604746,
      "mce": 0.6724788191002579,
      "mae": 0.09700036017252615,
      "rmse": 0.19790716166988995,
      "encryption_time": 0.0,
      "aggregation_time": 0.0,
      "evaluation_time": 0.00866556167602539,
      "total_time": 0.021763324737548828
    },
    {
      "round": 33,
      "accuracy": 0.9385,
      "f1_score": 0.9243076923076923,
      "precision": 0.8592677345537757,
      "recall": 1.0,
      "auc": 0.9999989339007824,
      "pr_auc": 0.9999982293112729,
      "ece": 0.09676843185604746,
      "mce": 0.6724788191002579,
      "mae": 0.09700036017252615,
      "rmse": 0.19790716166988995,
      "encryption_time": 0.0,
      "aggregation_time": 0.0,
      "evaluation_time": 0.011307954788208008,
      "total_time": 0.024214982986450195
    },
    {
      "round": 34,
      "accuracy": 0.9385,
      "f1_score": 0.9243076923076923,
      "precision": 0.8592677345537757,
      "recall": 1.0,
      "auc": 0.9999989339007824,
      "pr_auc": 0.9999982293112729,
      "ece": 0.09676843185604746,
      "mce": 0.6724788191002579,
      "mae": 0.09700036017252615,
      "rmse": 0.19790716166988995,
      "encryption_time": 0.0,
      "aggregation_time": 0.0013871192932128906,
      "evaluation_time": 0.008451461791992188,
      "total_time": 0.022707462310791016
    },
    {
      "round": 35,
      "accuracy": 0.9385,
      "f1_score": 0.9243076923076923,
      "precision": 0.8592677345537757,
      "recall": 1.0,
      "auc": 0.9999989339007824,
      "pr_auc": 0.9999982293112729,
      "ece": 0.09676843185604746,
      "mce": 0.6724788191002579,
      "mae": 0.09700036017252615,
      "rmse": 0.19790716166988995,
      "encryption_time": 0.0,
      "aggregation_time": 0.0,
      "evaluation_time": 0.011271238327026367,
      "total_time": 0.02428579330444336
    },
    {
      "round": 36,
      "accuracy": 0.9385,
      "f1_score": 0.9243076923076923,
      "precision": 0.8592677345537757,
      "recall": 1.0,
      "auc": 0.9999989339007824,
      "pr_auc": 0.9999982293112729,
      "ece": 0.09676843185604746,
      "mce": 0.6724788191002579,
      "mae": 0.09700036017252615,
      "rmse": 0.19790716166988995,
      "encryption_time": 0.0,
      "aggregation_time": 0.0,
      "evaluation_time": 0.008583784103393555,
      "total_time": 0.024582624435424805
    },
    {
      "round": 37,
      "accuracy": 0.9385,
      "f1_score": 0.9243076923076923,
      "precision": 0.8592677345537757,
      "recall": 1.0,
      "auc": 0.9999989339007824,
      "pr_auc": 0.9999982293112729,
      "ece": 0.09676843185604746,
      "mce": 0.6724788191002579,
      "mae": 0.09700036017252615,
      "rmse": 0.19790716166988995,
      "encryption_time": 0.0,
      "aggregation_time": 0.0,
      "evaluation_time": 0.008753061294555664,
      "total_time": 0.026711225509643555
    },
    {
      "round": 38,
      "accuracy": 0.9385,
      "f1_score": 0.9243076923076923,
      "precision": 0.8592677345537757,
      "recall": 1.0,
      "auc": 0.9999989339007824,
      "pr_auc": 0.9999982293112729,
      "ece": 0.09676843185604746,
      "mce": 0.6724788191002579,
      "mae": 0.09700036017252615,
      "rmse": 0.19790716166988995,
      "encryption_time": 0.0,
      "aggregation_time": 0.0,
      "evaluation_time": 0.011013984680175781,
      "total_time": 0.026108264923095703
    },
    {
      "round": 39,
      "accuracy": 0.9385,
      "f1_score": 0.9243076923076923,
      "precision": 0.8592677345537757,
      "recall": 1.0,
      "auc": 0.9999989339007824,
      "pr_auc": 0.9999982293112729,
      "ece": 0.09676843185604746,
      "mce": 0.6724788191002579,
      "mae": 0.09700036017252615,
      "rmse": 0.19790716166988995,
      "encryption_time": 0.0,
      "aggregation_time": 0.0,
      "evaluation_time": 0.009905815124511719,
      "total_time": 0.0270383358001709
    },
    {
      "round": 40,
      "accuracy": 0.9385,
      "f1_score": 0.9243076923076923,
      "precision": 0.8592677345537757,
      "recall": 1.0,
      "auc": 0.9999989339007824,
      "pr_auc": 0.9999982293112729,
      "ece": 0.09676843185604746,
      "mce": 0.6724788191002579,
      "mae": 0.09700036017252615,
      "rmse": 0.19790716166988995,
      "encryption_time": 0.0,
      "aggregation_time": 0.0,
      "evaluation_time": 0.011104345321655273,
      "total_time": 0.024651527404785156
    },
    {
      "round": 41,
      "accuracy": 0.9385,
      "f1_score": 0.9243076923076923,
      "precision": 0.8592677345537757,
      "recall": 1.0,
      "auc": 0.9999989339007824,
      "pr_auc": 0.9999982293112729,
      "ece": 0.09676843185604746,
      "mce": 0.6724788191002579,
      "mae": 0.09700036017252615,
      "rmse": 0.19790716166988995,
      "encryption_time": 0.0,
      "aggregation_time": 0.0,
      "evaluation_time": 0.012002706527709961,
      "total_time": 0.02937006950378418
    },
    {
      "round": 42,
      "accuracy": 0.9385,
      "f1_score": 0.9243076923076923,
      "precision": 0.8592677345537757,
      "recall": 1.0,
      "auc": 0.9999989339007824,
      "pr_auc": 0.9999982293112729,
      "ece": 0.09676843185604746,
      "mce": 0.6724788191002579,
      "mae": 0.09700036017252615,
      "rmse": 0.19790716166988995,
      "encryption_time": 0.0,
      "aggregation_time": 0.0,
      "evaluation_time": 0.007829427719116211,
      "total_time": 0.02161884307861328
    },
    {
      "round": 43,
      "accuracy": 0.9385,
      "f1_score": 0.9243076923076923,
      "precision": 0.8592677345537757,
      "recall": 1.0,
      "auc": 0.9999989339007824,
      "pr_auc": 0.9999982293112729,
      "ece": 0.09676843185604746,
      "mce": 0.6724788191002579,
      "mae": 0.09700036017252615,
      "rmse": 0.19790716166988995,
      "encryption_time": 0.0,
      "aggregation_time": 0.0010175704956054688,
      "evaluation_time": 0.010924816131591797,
      "total_time": 0.02643895149230957
    },
    {
      "round": 44,
      "accuracy": 0.9385,
      "f1_score": 0.9243076923076923,
      "precision": 0.8592677345537757,
      "recall": 1.0,
      "auc": 0.9999989339007824,
      "pr_auc": 0.9999982293112729,
      "ece": 0.09676843185604746,
      "mce": 0.6724788191002579,
      "mae": 0.09700036017252615,
      "rmse": 0.19790716166988995,
      "encryption_time": 0.0,
      "aggregation_time": 0.0,
      "evaluation_time": 0.011364221572875977,
      "total_time": 0.024296045303344727
    },
    {
      "round": 45,
      "accuracy": 0.9385,
      "f1_score": 0.9243076923076923,
      "precision": 0.8592677345537757,
      "recall": 1.0,
      "auc": 0.9999989339007824,
      "pr_auc": 0.9999982293112729,
      "ece": 0.09676843185604746,
      "mce": 0.6724788191002579,
      "mae": 0.09700036017252615,
      "rmse": 0.19790716166988995,
      "encryption_time": 0.0,
      "aggregation_time": 0.0,
      "evaluation_time": 0.012140274047851562,
      "total_time": 0.028178691864013672
    },
    {
      "round": 46,
      "accuracy": 0.9385,
      "f1_score": 0.9243076923076923,
      "precision": 0.8592677345537757,
      "recall": 1.0,
      "auc": 0.9999989339007824,
      "pr_auc": 0.9999982293112729,
      "ece": 0.09676843185604746,
      "mce": 0.6724788191002579,
      "mae": 0.09700036017252615,
      "rmse": 0.19790716166988995,
      "encryption_time": 0.0,
      "aggregation_time": 0.0,
      "evaluation_time": 0.009673118591308594,
      "total_time": 0.02752852439880371
    },
    {
      "round": 47,
      "accuracy": 0.9385,
      "f1_score": 0.9243076923076923,
      "precision": 0.8592677345537757,
      "recall": 1.0,
      "auc": 0.9999989339007824,
      "pr_auc": 0.9999982293112729,
      "ece": 0.09676843185604746,
      "mce": 0.6724788191002579,
      "mae": 0.09700036017252615,
      "rmse": 0.19790716166988995,
      "encryption_time": 0.0,
      "aggregation_time": 0.0,
      "evaluation_time": 0.007265806198120117,
      "total_time": 0.024736642837524414
    },
    {
      "round": 48,
      "accuracy": 0.9385,
      "f1_score": 0.9243076923076923,
      "precision": 0.8592677345537757,
      "recall": 1.0,
      "auc": 0.9999989339007824,
      "pr_auc": 0.9999982293112729,
      "ece": 0.09676843185604746,
      "mce": 0.6724788191002579,
      "mae": 0.09700036017252615,
      "rmse": 0.19790716166988995,
      "encryption_time": 0.0,
      "aggregation_time": 0.0,
      "evaluation_time": 0.009946346282958984,
      "total_time": 0.02538466453552246
    },
    {
      "round": 49,
      "accuracy": 0.9385,
      "f1_score": 0.9243076923076923,
      "precision": 0.8592677345537757,
      "recall": 1.0,
      "auc": 0.9999989339007824,
      "pr_auc": 0.9999982293112729,
      "ece": 0.09676843185604746,
      "mce": 0.6724788191002579,
      "mae": 0.09700036017252615,
      "rmse": 0.19790716166988995,
      "encryption_time": 0.0,
      "aggregation_time": 0.0,
      "evaluation_time": 0.00895380973815918,
      "total_time": 0.022652626037597656
    },
    {
      "round": 50,
      "accuracy": 0.9385,
      "f1_score": 0.9243076923076923,
      "precision": 0.8592677345537757,
      "recall": 1.0,
      "auc": 0.9999989339007824,
      "pr_auc": 0.9999982293112729,
      "ece": 0.09676843185604746,
      "mce": 0.6724788191002579,
      "mae": 0.09700036017252615,
      "rmse": 0.19790716166988995,
      "encryption_time": 0.0,
      "aggregation_time": 0.0,
      "evaluation_time": 0.010087966918945312,
      "total_time": 0.02463817596435547
    },
    {
      "round": 51,
      "accuracy": 0.9385,
      "f1_score": 0.9243076923076923,
      "precision": 0.8592677345537757,
      "recall": 1.0,
      "auc": 0.9999989339007824,
      "pr_auc": 0.9999982293112729,
      "ece": 0.09676843185604746,
      "mce": 0.6724788191002579,
      "mae": 0.09700036017252615,
      "rmse": 0.19790716166988995,
      "encryption_time": 0.0,
      "aggregation_time": 0.0,
      "evaluation_time": 0.009482622146606445,
      "total_time": 0.021785497665405273
    },
    {
      "round": 52,
      "accuracy": 0.9385,
      "f1_score": 0.9243076923076923,
      "precision": 0.8592677345537757,
      "recall": 1.0,
      "auc": 0.9999989339007824,
      "pr_auc": 0.9999982293112729,
      "ece": 0.09676843185604746,
      "mce": 0.6724788191002579,
      "mae": 0.09700036017252615,
      "rmse": 0.19790716166988995,
      "encryption_time": 0.0,
      "aggregation_time": 0.0,
      "evaluation_time": 0.012633323669433594,
      "total_time": 0.027599096298217773
    },
    {
      "round": 53,
      "accuracy": 0.9385,
      "f1_score": 0.9243076923076923,
      "precision": 0.8592677345537757,
      "recall": 1.0,
      "auc": 0.9999989339007824,
      "pr_auc": 0.9999982293112729,
      "ece": 0.09676843185604746,
      "mce": 0.6724788191002579,
      "mae": 0.09700036017252615,
      "rmse": 0.19790716166988995,
      "encryption_time": 0.0,
      "aggregation_time": 0.0,
      "evaluation_time": 0.006346702575683594,
      "total_time": 0.021453857421875
    },
    {
      "round": 54,
      "accuracy": 0.9385,
      "f1_score": 0.9243076923076923,
      "precision": 0.8592677345537757,
      "recall": 1.0,
      "auc": 0.9999989339007824,
      "pr_auc": 0.9999982293112729,
      "ece": 0.09676843185604746,
      "mce": 0.6724788191002579,
      "mae": 0.09700036017252615,
      "rmse": 0.19790716166988995,
      "encryption_time": 0.0,
      "aggregation_time": 0.0,
      "evaluation_time": 0.012652873992919922,
      "total_time": 0.027930021286010742
    },
    {
      "round": 55,
      "accuracy": 0.9385,
      "f1_score": 0.9243076923076923,
      "precision": 0.8592677345537757,
      "recall": 1.0,
      "auc": 0.9999989339007824,
      "pr_auc": 0.9999982293112729,
      "ece": 0.09676843185604746,
      "mce": 0.6724788191002579,
      "mae": 0.09700036017252615,
      "rmse": 0.19790716166988995,
      "encryption_time": 0.0,
      "aggregation_time": 0.0,
      "evaluation_time": 0.013701677322387695,
      "total_time": 0.03115224838256836
    },
    {
      "round": 56,
      "accuracy": 0.9385,
      "f1_score": 0.9243076923076923,
      "precision": 0.8592677345537757,
      "recall": 1.0,
      "auc": 0.9999989339007824,
      "pr_auc": 0.9999982293112729,
      "ece": 0.09676843185604746,
      "mce": 0.6724788191002579,
      "mae": 0.09700036017252615,
      "rmse": 0.19790716166988995,
      "encryption_time": 0.0,
      "aggregation_time": 0.0,
      "evaluation_time": 0.010176897048950195,
      "total_time": 0.02759861946105957
    },
    {
      "round": 57,
      "accuracy": 0.9385,
      "f1_score": 0.9243076923076923,
      "precision": 0.8592677345537757,
      "recall": 1.0,
      "auc": 0.9999989339007824,
      "pr_auc": 0.9999982293112729,
      "ece": 0.09676843185604746,
      "mce": 0.6724788191002579,
      "mae": 0.09700036017252615,
      "rmse": 0.19790716166988995,
      "encryption_time": 0.0,
      "aggregation_time": 0.0010769367218017578,
      "evaluation_time": 0.008996725082397461,
      "total_time": 0.020980358123779297
    },
    {
      "round": 58,
      "accuracy": 0.9385,
      "f1_score": 0.9243076923076923,
      "precision": 0.8592677345537757,
      "recall": 1.0,
      "auc": 0.9999989339007824,
      "pr_auc": 0.9999982293112729,
      "ece": 0.09676843185604746,
      "mce": 0.6724788191002579,
      "mae": 0.09700036017252615,
      "rmse": 0.19790716166988995,
      "encryption_time": 0.0,
      "aggregation_time": 0.0,
      "evaluation_time": 0.008260488510131836,
      "total_time": 0.020834684371948242
    },
    {
      "round": 59,
      "accuracy": 0.9385,
      "f1_score": 0.9243076923076923,
      "precision": 0.8592677345537757,
      "recall": 1.0,
      "auc": 0.9999989339007824,
      "pr_auc": 0.9999982293112729,
      "ece": 0.09676843185604746,
      "mce": 0.6724788191002579,
      "mae": 0.09700036017252615,
      "rmse": 0.19790716166988995,
      "encryption_time": 0.0,
      "aggregation_time": 0.0,
      "evaluation_time": 0.012109994888305664,
      "total_time": 0.02512502670288086
    },
    {
      "round": 60,
      "accuracy": 0.9385,
      "f1_score": 0.9243076923076923,
      "precision": 0.8592677345537757,
      "recall": 1.0,
      "auc": 0.9999989339007824,
      "pr_auc": 0.9999982293112729,
      "ece": 0.09676843185604746,
      "mce": 0.6724788191002579,
      "mae": 0.09700036017252615,
      "rmse": 0.19790716166988995,
      "encryption_time": 0.0,
      "aggregation_time": 0.0,
      "evaluation_time": 0.01177978515625,
      "total_time": 0.028003692626953125
    }
  ]
}