{
  "pipeline_info": {
    "type": "plaintext",
    "rounds": 30,
    "clients": 20,
    "timestamp": "2025-09-16 11:55:17",
    "total_samples": 4000,
    "one_class_clients": 4,
    "one_class_percentage": 20.0
  },
  "final_performance": {
    "accuracy": 0.956,
    "f1_score": 0.9501133786848073,
    "precision": 0.9049676025917927,
    "recall": 1.0,
    "auc": 0.9999460850562153,
    "pr_auc": 0.9999286755102935,
    "mae": 0.08880225661531015,
    "rmse": 0.17885146696117707,
    "ece": 0.08785051287328638,
    "mce": 0.7324315599426001
  },
  "performance_trends": {
    "initial_accuracy": 0.956,
    "final_accuracy": 0.956,
    "accuracy_improvement": 0.0,
    "best_accuracy": 0.956,
    "final_f1": 0.9501133786848073,
    "best_f1": 0.9501133786848073
  },
  "timing_statistics": {
    "total_encryption_time": 0.0,
    "total_aggregation_time": 0.006473541259765625,
    "total_evaluation_time": 0.36848926544189453,
    "total_time": 1.1832952499389648,
    "avg_round_time": 0.03944317499796549,
    "avg_encryption_time": 0.0,
    "avg_aggregation_time": 0.00021578470865885418
  },
  "round_details": [
    {
      "round": 1,
      "accuracy": 0.956,
      "f1_score": 0.9501133786848073,
      "precision": 0.9049676025917927,
      "recall": 1.0,
      "auc": 0.9999460850562153,
      "pr_auc": 0.9999286755102935,
      "ece": 0.08785051287328638,
      "mce": 0.7324315599426001,
      "mae": 0.08880225661531015,
      "rmse": 0.17885146696117707,
      "encryption_time": 0.0,
      "aggregation_time": 0.0010342597961425781,
      "evaluation_time": 0.011243820190429688,
      "total_time": 0.03808140754699707
    },
    {
      "round": 2,
      "accuracy": 0.956,
      "f1_score": 0.9501133786848073,
      "precision": 0.9049676025917927,
      "recall": 1.0,
      "auc": 0.9999460850562153,
      "pr_auc": 0.9999286755102935,
      "ece": 0.08785051287328638,
      "mce": 0.7324315599426001,
      "mae": 0.08880225661531015,
      "rmse": 0.17885146696117707,
      "encryption_time": 0.0,
      "aggregation_time": 0.0,
      "evaluation_time": 0.015273809432983398,
      "total_time": 0.04110097885131836
    },
    {
      "round": 3,
      "accuracy": 0.956,
      "f1_score": 0.9501133786848073,
      "precision": 0.9049676025917927,
      "recall": 1.0,
      "auc": 0.9999460850562153,
      "pr_auc": 0.9999286755102935,
      "ece": 0.08785051287328638,
      "mce": 0.7324315599426001,
      "mae": 0.08880225661531015,
      "rmse": 0.17885146696117707,
      "encryption_time": 0.0,
      "aggregation_time": 0.0,
      "evaluation_time": 0.011664152145385742,
      "total_time": 0.044562339782714844
    },
    {
      "round": 4,
      "accuracy": 0.956,
      "f1_score": 0.9501133786848073,
      "precision": 0.9049676025917927,
      "recall": 1.0,
      "auc": 0.9999460850562153,
      "pr_auc": 0.9999286755102935,
      "ece": 0.08785051287328638,
      "mce": 0.7324315599426001,
      "mae": 0.08880225661531015,
      "rmse": 0.17885146696117707,
      "encryption_time": 0.0,
      "aggregation_time": 0.0,
      "evaluation_time": 0.011688470840454102,
      "total_time": 0.03725934028625488
    },
    {
      "round": 5,
      "accuracy": 0.956,
      "f1_score": 0.9501133786848073,
      "precision": 0.9049676025917927,
      "recall": 1.0,
      "auc": 0.9999460850562153,
      "pr_auc": 0.9999286755102935,
      "ece": 0.08785051287328638,
      "mce": 0.7324315599426001,
      "mae": 0.08880225661531015,
      "rmse": 0.17885146696117707,
      "encryption_time": 0.0,
      "aggregation_time": 0.001008749008178711,
      "evaluation_time": 0.012255430221557617,
      "total_time": 0.03791356086730957
    },
    {
      "round": 6,
      "accuracy": 0.956,
      "f1_score": 0.9501133786848073,
      "precision": 0.9049676025917927,
      "recall": 1.0,
      "auc": 0.9999460850562153,
      "pr_auc": 0.9999286755102935,
      "ece": 0.08785051287328638,
      "mce": 0.7324315599426001,
      "mae": 0.08880225661531015,
      "rmse": 0.17885146696117707,
      "encryption_time": 0.0,
      "aggregation_time": 0.0,
      "evaluation_time": 0.01181483268737793,
      "total_time": 0.03630781173706055
    },
    {
      "round": 7,
      "accuracy": 0.956,
      "f1_score": 0.9501133786848073,
      "precision": 0.9049676025917927,
      "recall": 1.0,
      "auc": 0.9999460850562153,
      "pr_auc": 0.9999286755102935,
      "ece": 0.08785051287328638,
      "mce": 0.7324315599426001,
      "mae": 0.08880225661531015,
      "rmse": 0.17885146696117707,
      "encryption_time": 0.0,
      "aggregation_time": 0.001125335693359375,
      "evaluation_time": 0.0152435302734375,
      "total_time": 0.040564775466918945
    },
    {
      "round": 8,
      "accuracy": 0.956,
      "f1_score": 0.9501133786848073,
      "precision": 0.9049676025917927,
      "recall": 1.0,
      "auc": 0.9999460850562153,
      "pr_auc": 0.9999286755102935,
      "ece": 0.08785051287328638,
      "mce": 0.7324315599426001,
      "mae": 0.08880225661531015,
      "rmse": 0.17885146696117707,
      "encryption_time": 0.0,
      "aggregation_time": 0.0,
      "evaluation_time": 0.015120983123779297,
      "total_time": 0.041608333587646484
    },
    {
      "round": 9,
      "accuracy": 0.956,
      "f1_score": 0.9501133786848073,
      "precision": 0.9049676025917927,
      "recall": 1.0,
      "auc": 0.9999460850562153,
      "pr_auc": 0.9999286755102935,
      "ece": 0.08785051287328638,
      "mce": 0.7324315599426001,
      "mae": 0.08880225661531015,
      "rmse": 0.17885146696117707,
      "encryption_time": 0.0,
      "aggregation_time": 0.0,
      "evaluation_time": 0.013286113739013672,
      "total_time": 0.054177284240722656
    },
    {
      "round": 10,
      "accuracy": 0.956,
      "f1_score": 0.9501133786848073,
      "precision": 0.9049676025917927,
      "recall": 1.0,
      "auc": 0.9999460850562153,
      "pr_auc": 0.9999286755102935,
      "ece": 0.08785051287328638,
      "mce": 0.7324315599426001,
      "mae": 0.08880225661531015,
      "rmse": 0.17885146696117707,
      "encryption_time": 0.0,
      "aggregation_time": 0.001125335693359375,
      "evaluation_time": 0.007648944854736328,
      "total_time": 0.030782222747802734
    },
    {
      "round": 11,
      "accuracy": 0.956,
      "f1_score": 0.9501133786848073,
      "precision": 0.9049676025917927,
      "recall": 1.0,
      "auc": 0.9999460850562153,
      "pr_auc": 0.9999286755102935,
      "ece": 0.08785051287328638,
      "mce": 0.7324315599426001,
      "mae": 0.08880225661531015,
      "rmse": 0.17885146696117707,
      "encryption_time": 0.0,
      "aggregation_time": 0.0,
      "evaluation_time": 0.010263442993164062,
      "total_time": 0.03582763671875
    },
    {
      "round": 12,
      "accuracy": 0.956,
      "f1_score": 0.9501133786848073,
      "precision": 0.9049676025917927,
      "recall": 1.0,
      "auc": 0.9999460850562153,
      "pr_auc": 0.9999286755102935,
      "ece": 0.08785051287328638,
      "mce": 0.7324315599426001,
      "mae": 0.08880225661531015,
      "rmse": 0.17885146696117707,
      "encryption_time": 0.0,
      "aggregation_time": 0.0,
      "evaluation_time": 0.01129150390625,
      "total_time": 0.03375959396362305
    },
    {
      "round": 13,
      "accuracy": 0.956,
      "f1_score": 0.9501133786848073,
      "precision": 0.9049676025917927,
      "recall": 1.0,
      "auc": 0.9999460850562153,
      "pr_auc": 0.9999286755102935,
      "ece": 0.08785051287328638,
      "mce": 0.7324315599426001,
      "mae": 0.08880225661531015,
      "rmse": 0.17885146696117707,
      "encryption_time": 0.0,
      "aggregation_time": 0.0,
      "evaluation_time": 0.01237630844116211,
      "total_time": 0.036208391189575195
    },
    {
      "round": 14,
      "accuracy": 0.956,
      "f1_score": 0.9501133786848073,
      "precision": 0.9049676025917927,
      "recall": 1.0,
      "auc": 0.9999460850562153,
      "pr_auc": 0.9999286755102935,
      "ece": 0.08785051287328638,
      "mce": 0.7324315599426001,
      "mae": 0.08880225661531015,
      "rmse": 0.17885146696117707,
      "encryption_time": 0.0,
      "aggregation_time": 0.0,
      "evaluation_time": 0.012018203735351562,
      "total_time": 0.03632521629333496
    },
    {
      "round": 15,
      "accuracy": 0.956,
      "f1_score": 0.9501133786848073,
      "precision": 0.9049676025917927,
      "recall": 1.0,
      "auc": 0.9999460850562153,
      "pr_auc": 0.9999286755102935,
      "ece": 0.08785051287328638,
      "mce": 0.7324315599426001,
      "mae": 0.08880225661531015,
      "rmse": 0.17885146696117707,
      "encryption_time": 0.0,
      "aggregation_time": 0.0011649131774902344,
      "evaluation_time": 0.013022422790527344,
      "total_time": 0.03889822959899902
    },
    {
      "round": 16,
      "accuracy": 0.956,
      "f1_score": 0.9501133786848073,
      "precision": 0.9049676025917927,
      "recall": 1.0,
      "auc": 0.9999460850562153,
      "pr_auc": 0.9999286755102935,
      "ece": 0.08785051287328638,
      "mce": 0.7324315599426001,
      "mae": 0.08880225661531015,
      "rmse": 0.17885146696117707,
      "encryption_time": 0.0,
      "aggregation_time": 0.0,
      "evaluation_time": 0.009668827056884766,
      "total_time": 0.03343772888183594
    },
    {
      "round": 17,
      "accuracy": 0.956,
      "f1_score": 0.9501133786848073,
      "precision": 0.9049676025917927,
      "recall": 1.0,
      "auc": 0.9999460850562153,
      "pr_auc": 0.9999286755102935,
      "ece": 0.08785051287328638,
      "mce": 0.7324315599426001,
      "mae": 0.08880225661531015,
      "rmse": 0.17885146696117707,
      "encryption_time": 0.0,
      "aggregation_time": 0.0,
      "evaluation_time": 0.012328386306762695,
      "total_time": 0.03656649589538574
    },
    {
      "round": 18,
      "accuracy": 0.956,
      "f1_score": 0.9501133786848073,
      "precision": 0.9049676025917927,
      "recall": 1.0,
      "auc": 0.9999460850562153,
      "pr_auc": 0.9999286755102935,
      "ece": 0.08785051287328638,
      "mce": 0.7324315599426001,
      "mae": 0.08880225661531015,
      "rmse": 0.17885146696117707,
      "encryption_time": 0.0,
      "aggregation_time": 0.0,
      "evaluation_time": 0.011523008346557617,
      "total_time": 0.03839874267578125
    },
    {
      "round": 19,
      "accuracy": 0.956,
      "f1_score": 0.9501133786848073,
      "precision": 0.9049676025917927,
      "recall": 1.0,
      "auc": 0.9999460850562153,
      "pr_auc": 0.9999286755102935,
      "ece": 0.08785051287328638,
      "mce": 0.7324315599426001,
      "mae": 0.08880225661531015,
      "rmse": 0.17885146696117707,
      "encryption_time": 0.0,
      "aggregation_time": 0.0,
      "evaluation_time": 0.012452125549316406,
      "total_time": 0.03957819938659668
    },
    {
      "round": 20,
      "accuracy": 0.956,
      "f1_score": 0.9501133786848073,
      "precision": 0.9049676025917927,
      "recall": 1.0,
      "auc": 0.9999460850562153,
      "pr_auc": 0.9999286755102935,
      "ece": 0.08785051287328638,
      "mce": 0.7324315599426001,
      "mae": 0.08880225661531015,
      "rmse": 0.17885146696117707,
      "encryption_time": 0.0,
      "aggregation_time": 0.0,
      "evaluation_time": 0.009694814682006836,
      "total_time": 0.040065765380859375
    },
    {
      "round": 21,
      "accuracy": 0.956,
      "f1_score": 0.9501133786848073,
      "precision": 0.9049676025917927,
      "recall": 1.0,
      "auc": 0.9999460850562153,
      "pr_auc": 0.9999286755102935,
      "ece": 0.08785051287328638,
      "mce": 0.7324315599426001,
      "mae": 0.08880225661531015,
      "rmse": 0.17885146696117707,
      "encryption_time": 0.0,
      "aggregation_time": 0.0,
      "evaluation_time": 0.011362552642822266,
      "total_time": 0.038718461990356445
    },
    {
      "round": 22,
      "accuracy": 0.956,
      "f1_score": 0.9501133786848073,
      "precision": 0.9049676025917927,
      "recall": 1.0,
      "auc": 0.9999460850562153,
      "pr_auc": 0.9999286755102935,
      "ece": 0.08785051287328638,
      "mce": 0.7324315599426001,
      "mae": 0.08880225661531015,
      "rmse": 0.17885146696117707,
      "encryption_time": 0.0,
      "aggregation_time": 0.0010149478912353516,
      "evaluation_time": 0.021599769592285156,
      "total_time": 0.07292389869689941
    },
    {
      "round": 23,
      "accuracy": 0.956,
      "f1_score": 0.9501133786848073,
      "precision": 0.9049676025917927,
      "recall": 1.0,
      "auc": 0.9999460850562153,
      "pr_auc": 0.9999286755102935,
      "ece": 0.08785051287328638,
      "mce": 0.7324315599426001,
      "mae": 0.08880225661531015,
      "rmse": 0.17885146696117707,
      "encryption_time": 0.0,
      "aggregation_time": 0.0,
      "evaluation_time": 0.016460418701171875,
      "total_time": 0.04515409469604492
    },
    {
      "round": 24,
      "accuracy": 0.956,
      "f1_score": 0.9501133786848073,
      "precision": 0.9049676025917927,
      "recall": 1.0,
      "auc": 0.9999460850562153,
      "pr_auc": 0.9999286755102935,
      "ece": 0.08785051287328638,
      "mce": 0.7324315599426001,
      "mae": 0.08880225661531015,
      "rmse": 0.17885146696117707,
      "encryption_time": 0.0,
      "aggregation_time": 0.0,
      "evaluation_time": 0.013199806213378906,
      "total_time": 0.04439234733581543
    },
    {
      "round": 25,
      "accuracy": 0.956,
      "f1_score": 0.9501133786848073,
      "precision": 0.9049676025917927,
      "recall": 1.0,
      "auc": 0.9999460850562153,
      "pr_auc": 0.9999286755102935,
      "ece": 0.08785051287328638,
      "mce": 0.7324315599426001,
      "mae": 0.08880225661531015,
      "rmse": 0.17885146696117707,
      "encryption_time": 0.0,
      "aggregation_time": 0.0,
      "evaluation_time": 0.010794401168823242,
      "total_time": 0.037630558013916016
    },
    {
      "round": 26,
      "accuracy": 0.956,
      "f1_score": 0.9501133786848073,
      "precision": 0.9049676025917927,
      "recall": 1.0,
      "auc": 0.9999460850562153,
      "pr_auc": 0.9999286755102935,
      "ece": 0.08785051287328638,
      "mce": 0.7324315599426001,
      "mae": 0.08880225661531015,
      "rmse": 0.17885146696117707,
      "encryption_time": 0.0,
      "aggregation_time": 0.0,
      "evaluation_time": 0.009765386581420898,
      "total_time": 0.030277252197265625
    },
    {
      "round": 27,
      "accuracy": 0.956,
      "f1_score": 0.9501133786848073,
      "precision": 0.9049676025917927,
      "recall": 1.0,
      "auc": 0.9999460850562153,
      "pr_auc": 0.9999286755102935,
      "ece": 0.08785051287328638,
      "mce": 0.7324315599426001,
      "mae": 0.08880225661531015,
      "rmse": 0.17885146696117707,
      "encryption_time": 0.0,
      "aggregation_time": 0.0,
      "evaluation_time": 0.012560606002807617,
      "total_time": 0.03384733200073242
    },
    {
      "round": 28,
      "accuracy": 0.956,
      "f1_score": 0.9501133786848073,
      "precision": 0.9049676025917927,
      "recall": 1.0,
      "auc": 0.9999460850562153,
      "pr_auc": 0.9999286755102935,
      "ece": 0.08785051287328638,
      "mce": 0.7324315599426001,
      "mae": 0.08880225661531015,
      "rmse": 0.17885146696117707,
      "encryption_time": 0.0,
      "aggregation_time": 0.0,
      "evaluation_time": 0.014972209930419922,
      "total_time": 0.0392758846282959
    },
    {
      "round": 29,
      "accuracy": 0.956,
      "f1_score": 0.9501133786848073,
      "precision": 0.9049676025917927,
      "recall": 1.0,
      "auc": 0.9999460850562153,
      "pr_auc": 0.9999286755102935,
      "ece": 0.08785051287328638,
      "mce": 0.7324315599426001,
      "mae": 0.08880225661531015,
      "rmse": 0.17885146696117707,
      "encryption_time": 0.0,
      "aggregation_time": 0.0,
      "evaluation_time": 0.008368492126464844,
      "total_time": 0.03540372848510742
    },
    {
      "round": 30,
      "accuracy": 0.956,
      "f1_score": 0.9501133786848073,
      "precision": 0.9049676025917927,
      "recall": 1.0,
      "auc": 0.9999460850562153,
      "pr_auc": 0.9999286755102935,
      "ece": 0.08785051287328638,
      "mce": 0.7324315599426001,
      "mae": 0.08880225661531015,
      "rmse": 0.17885146696117707,
      "encryption_time": 0.0,
      "aggregation_time": 0.0,
      "evaluation_time": 0.009526491165161133,
      "total_time": 0.034247636795043945
    }
  ]
}