{
  "pipeline_info": {
    "type": "plaintext",
    "rounds": 30,
    "clients": 10,
    "timestamp": "2025-09-16 11:54:17",
    "total_samples": 2000,
    "one_class_clients": 1,
    "one_class_percentage": 10.0
  },
  "final_performance": {
    "accuracy": 0.9385,
    "f1_score": 0.9243076923076923,
    "precision": 0.8592677345537757,
    "recall": 1.0,
    "auc": 0.9999989339007824,
    "pr_auc": 0.9999982293112729,
    "mae": 0.09700036017252615,
    "rmse": 0.19790716166988995,
    "ece": 0.09676843185604746,
    "mce": 0.6724788191002579
  },
  "performance_trends": {
    "initial_accuracy": 0.9385,
    "final_accuracy": 0.9385,
    "accuracy_improvement": 0.0,
    "best_accuracy": 0.9385,
    "final_f1": 0.9243076923076923,
    "best_f1": 0.9243076923076923
  },
  "timing_statistics": {
    "total_encryption_time": 0.0,
    "total_aggregation_time": 0.0,
    "total_evaluation_time": 0.30011820793151855,
    "total_time": 0.6992292404174805,
    "avg_round_time": 0.023307641347249348,
    "avg_encryption_time": 0.0,
    "avg_aggregation_time": 0.0
  },
  "round_details": [
    {
      "round": 1,
      "accuracy": 0.9385,
      "f1_score": 0.9243076923076923,
      "precision": 0.8592677345537757,
      "recall": 1.0,
      "auc": 0.9999989339007824,
      "pr_auc": 0.9999982293112729,
      "ece": 0.09676843185604746,
      "mce": 0.6724788191002579,
      "mae": 0.09700036017252615,
      "rmse": 0.19790716166988995,
      "encryption_time": 0.0,
      "aggregation_time": 0.0,
      "evaluation_time": 0.011187553405761719,
      "total_time": 0.025156259536743164
    },
    {
      "round": 2,
      "accuracy": 0.9385,
      "f1_score": 0.9243076923076923,
      "precision": 0.8592677345537757,
      "recall": 1.0,
      "auc": 0.9999989339007824,
      "pr_auc": 0.9999982293112729,
      "ece": 0.09676843185604746,
      "mce": 0.6724788191002579,
      "mae": 0.09700036017252615,
      "rmse": 0.19790716166988995,
      "encryption_time": 0.0,
      "aggregation_time": 0.0,
      "evaluation_time": 0.00994420051574707,
      "total_time": 0.020858049392700195
    },
    {
      "round": 3,
      "accuracy": 0.9385,
      "f1_score": 0.9243076923076923,
      "precision": 0.8592677345537757,
      "recall": 1.0,
      "auc": 0.9999989339007824,
      "pr_auc": 0.9999982293112729,
      "ece": 0.09676843185604746,
      "mce": 0.6724788191002579,
      "mae": 0.09700036017252615,
      "rmse": 0.19790716166988995,
      "encryption_time": 0.0,
      "aggregation_time": 0.0,
      "evaluation_time": 0.008011341094970703,
      "total_time": 0.022528886795043945
    },
    {
      "round": 4,
      "accuracy": 0.9385,
      "f1_score": 0.9243076923076923,
      "precision": 0.8592677345537757,
      "recall": 1.0,
      "auc": 0.9999989339007824,
      "pr_auc": 0.9999982293112729,
      "ece": 0.09676843185604746,
      "mce": 0.6724788191002579,
      "mae": 0.09700036017252615,
      "rmse": 0.19790716166988995,
      "encryption_time": 0.0,
      "aggregation_time": 0.0,
      "evaluation_time": 0.00986790657043457,
      "total_time": 0.020633697509765625
    },
    {
      "round": 5,
      "accuracy": 0.9385,
      "f1_score": 0.9243076923076923,
      "precision": 0.8592677345537757,
      "recall": 1.0,
      "auc": 0.9999989339007824,
      "pr_auc": 0.9999982293112729,
      "ece": 0.09676843185604746,
      "mce": 0.6724788191002579,
      "mae": 0.09700036017252615,
      "rmse": 0.19790716166988995,
      "encryption_time": 0.0,
      "aggregation_time": 0.0,
      "evaluation_time": 0.009113788604736328,
      "total_time": 0.021182537078857422
    },
    {
      "round": 6,
      "accuracy": 0.9385,
      "f1_score": 0.9243076923076923,
      "precision": 0.8592677345537757,
      "recall": 1.0,
      "auc": 0.9999989339007824,
      "pr_auc": 0.9999982293112729,
      "ece": 0.09676843185604746,
      "mce": 0.6724788191002579,
      "mae": 0.09700036017252615,
      "rmse": 0.19790716166988995,
      "encryption_time": 0.0,
      "aggregation_time": 0.0,
      "evaluation_time": 0.008129596710205078,
      "total_time": 0.022388935089111328
    },
    {
      "round": 7,
      "accuracy": 0.9385,
      "f1_score": 0.9243076923076923,
      "precision": 0.8592677345537757,
      "recall": 1.0,
      "auc": 0.9999989339007824,
      "pr_auc": 0.9999982293112729,
      "ece": 0.09676843185604746,
      "mce": 0.6724788191002579,
      "mae": 0.09700036017252615,
      "rmse": 0.19790716166988995,
      "encryption_time": 0.0,
      "aggregation_time": 0.0,
      "evaluation_time": 0.01640939712524414,
      "total_time": 0.031705617904663086
    },
    {
      "round": 8,
      "accuracy": 0.9385,
      "f1_score": 0.9243076923076923,
      "precision": 0.8592677345537757,
      "recall": 1.0,
      "auc": 0.9999989339007824,
      "pr_auc": 0.9999982293112729,
      "ece": 0.09676843185604746,
      "mce": 0.6724788191002579,
      "mae": 0.09700036017252615,
      "rmse": 0.19790716166988995,
      "encryption_time": 0.0,
      "aggregation_time": 0.0,
      "evaluation_time": 0.010659456253051758,
      "total_time": 0.023779869079589844
    },
    {
      "round": 9,
      "accuracy": 0.9385,
      "f1_score": 0.9243076923076923,
      "precision": 0.8592677345537757,
      "recall": 1.0,
      "auc": 0.9999989339007824,
      "pr_auc": 0.9999982293112729,
      "ece": 0.09676843185604746,
      "mce": 0.6724788191002579,
      "mae": 0.09700036017252615,
      "rmse": 0.19790716166988995,
      "encryption_time": 0.0,
      "aggregation_time": 0.0,
      "evaluation_time": 0.0074274539947509766,
      "total_time": 0.021100759506225586
    },
    {
      "round": 10,
      "accuracy": 0.9385,
      "f1_score": 0.9243076923076923,
      "precision": 0.8592677345537757,
      "recall": 1.0,
      "auc": 0.9999989339007824,
      "pr_auc": 0.9999982293112729,
      "ece": 0.09676843185604746,
      "mce": 0.6724788191002579,
      "mae": 0.09700036017252615,
      "rmse": 0.19790716166988995,
      "encryption_time": 0.0,
      "aggregation_time": 0.0,
      "evaluation_time": 0.00754857063293457,
      "total_time": 0.021416664123535156
    },
    {
      "round": 11,
      "accuracy": 0.9385,
      "f1_score": 0.9243076923076923,
      "precision": 0.8592677345537757,
      "recall": 1.0,
      "auc": 0.9999989339007824,
      "pr_auc": 0.9999982293112729,
      "ece": 0.09676843185604746,
      "mce": 0.6724788191002579,
      "mae": 0.09700036017252615,
      "rmse": 0.19790716166988995,
      "encryption_time": 0.0,
      "aggregation_time": 0.0,
      "evaluation_time": 0.012195110321044922,
      "total_time": 0.023257732391357422
    },
    {
      "round": 12,
      "accuracy": 0.9385,
      "f1_score": 0.9243076923076923,
      "precision": 0.8592677345537757,
      "recall": 1.0,
      "auc": 0.9999989339007824,
      "pr_auc": 0.9999982293112729,
      "ece": 0.09676843185604746,
      "mce": 0.6724788191002579,
      "mae": 0.09700036017252615,
      "rmse": 0.19790716166988995,
      "encryption_time": 0.0,
      "aggregation_time": 0.0,
      "evaluation_time": 0.011681556701660156,
      "total_time": 0.02607107162475586
    },
    {
      "round": 13,
      "accuracy": 0.9385,
      "f1_score": 0.9243076923076923,
      "precision": 0.8592677345537757,
      "recall": 1.0,
      "auc": 0.9999989339007824,
      "pr_auc": 0.9999982293112729,
      "ece": 0.09676843185604746,
      "mce": 0.6724788191002579,
      "mae": 0.09700036017252615,
      "rmse": 0.19790716166988995,
      "encryption_time": 0.0,
      "aggregation_time": 0.0,
      "evaluation_time": 0.010936975479125977,
      "total_time": 0.028274059295654297
    },
    {
      "round": 14,
      "accuracy": 0.9385,
      "f1_score": 0.9243076923076923,
      "precision": 0.8592677345537757,
      "recall": 1.0,
      "auc": 0.9999989339007824,
      "pr_auc": 0.9999982293112729,
      "ece": 0.09676843185604746,
      "mce": 0.6724788191002579,
      "mae": 0.09700036017252615,
      "rmse": 0.19790716166988995,
      "encryption_time": 0.0,
      "aggregation_time": 0.0,
      "evaluation_time": 0.0156557559967041,
      "total_time": 0.03285980224609375
    },
    {
      "round": 15,
      "accuracy": 0.9385,
      "f1_score": 0.9243076923076923,
      "precision": 0.8592677345537757,
      "recall": 1.0,
      "auc": 0.9999989339007824,
      "pr_auc": 0.9999982293112729,
      "ece": 0.09676843185604746,
      "mce": 0.6724788191002579,
      "mae": 0.09700036017252615,
      "rmse": 0.19790716166988995,
      "encryption_time": 0.0,
      "aggregation_time": 0.0,
      "evaluation_time": 0.009475946426391602,
      "total_time": 0.02384185791015625
    },
    {
      "round": 16,
      "accuracy": 0.9385,
      "f1_score": 0.9243076923076923,
      "precision": 0.8592677345537757,
      "recall": 1.0,
      "auc": 0.9999989339007824,
      "pr_auc": 0.9999982293112729,
      "ece": 0.09676843185604746,
      "mce": 0.6724788191002579,
      "mae": 0.09700036017252615,
      "rmse": 0.19790716166988995,
      "encryption_time": 0.0,
      "aggregation_time": 0.0,
      "evaluation_time": 0.009545326232910156,
      "total_time": 0.024591922760009766
    },
    {
      "round": 17,
      "accuracy": 0.9385,
      "f1_score": 0.9243076923076923,
      "precision": 0.8592677345537757,
      "recall": 1.0,
      "auc": 0.9999989339007824,
      "pr_auc": 0.9999982293112729,
      "ece": 0.09676843185604746,
      "mce": 0.6724788191002579,
      "mae": 0.09700036017252615,
      "rmse": 0.19790716166988995,
      "encryption_time": 0.0,
      "aggregation_time": 0.0,
      "evaluation_time": 0.008750438690185547,
      "total_time": 0.020396709442138672
    },
    {
      "round": 18,
      "accuracy": 0.9385,
      "f1_score": 0.9243076923076923,
      "precision": 0.8592677345537757,
      "recall": 1.0,
      "auc": 0.9999989339007824,
      "pr_auc": 0.9999982293112729,
      "ece": 0.09676843185604746,
      "mce": 0.6724788191002579,
      "mae": 0.09700036017252615,
      "rmse": 0.19790716166988995,
      "encryption_time": 0.0,
      "aggregation_time": 0.0,
      "evaluation_time": 0.0076105594635009766,
      "total_time": 0.022077560424804688
    },
    {
      "round": 19,
      "accuracy": 0.9385,
      "f1_score": 0.9243076923076923,
      "precision": 0.8592677345537757,
      "recall": 1.0,
      "auc": 0.9999989339007824,
      "pr_auc": 0.9999982293112729,
      "ece": 0.09676843185604746,
      "mce": 0.6724788191002579,
      "mae": 0.09700036017252615,
      "rmse": 0.19790716166988995,
      "encryption_time": 0.0,
      "aggregation_time": 0.0,
      "evaluation_time": 0.010421037673950195,
      "total_time": 0.023038625717163086
    },
    {
      "round": 20,
      "accuracy": 0.9385,
      "f1_score": 0.9243076923076923,
      "precision": 0.8592677345537757,
      "recall": 1.0,
      "auc": 0.9999989339007824,
      "pr_auc": 0.9999982293112729,
      "ece": 0.09676843185604746,
      "mce": 0.6724788191002579,
      "mae": 0.09700036017252615,
      "rmse": 0.19790716166988995,
      "encryption_time": 0.0,
      "aggregation_time": 0.0,
      "evaluation_time": 0.011744976043701172,
      "total_time": 0.022550106048583984
    },
    {
      "round": 21,
      "accuracy": 0.9385,
      "f1_score": 0.9243076923076923,
      "precision": 0.8592677345537757,
      "recall": 1.0,
      "auc": 0.9999989339007824,
      "pr_auc": 0.9999982293112729,
      "ece": 0.09676843185604746,
      "mce": 0.6724788191002579,
      "mae": 0.09700036017252615,
      "rmse": 0.19790716166988995,
      "encryption_time": 0.0,
      "aggregation_time": 0.0,
      "evaluation_time": 0.010139942169189453,
      "total_time": 0.024651288986206055
    },
    {
      "round": 22,
      "accuracy": 0.9385,
      "f1_score": 0.9243076923076923,
      "precision": 0.8592677345537757,
      "recall": 1.0,
      "auc": 0.9999989339007824,
      "pr_auc": 0.9999982293112729,
      "ece": 0.09676843185604746,
      "mce": 0.6724788191002579,
      "mae": 0.09700036017252615,
      "rmse": 0.19790716166988995,
      "encryption_time": 0.0,
      "aggregation_time": 0.0,
      "evaluation_time": 0.006651878356933594,
      "total_time": 0.021309375762939453
    },
    {
      "round": 23,
      "accuracy": 0.9385,
      "f1_score": 0.9243076923076923,
      "precision": 0.8592677345537757,
      "recall": 1.0,
      "auc": 0.9999989339007824,
      "pr_auc": 0.9999982293112729,
      "ece": 0.09676843185604746,
      "mce": 0.6724788191002579,
      "mae": 0.09700036017252615,
      "rmse": 0.19790716166988995,
      "encryption_time": 0.0,
      "aggregation_time": 0.0,
      "evaluation_time": 0.009270191192626953,
      "total_time": 0.022060871124267578
    },
    {
      "round": 24,
      "accuracy": 0.9385,
      "f1_score": 0.9243076923076923,
      "precision": 0.8592677345537757,
      "recall": 1.0,
      "auc": 0.9999989339007824,
      "pr_auc": 0.9999982293112729,
      "ece": 0.09676843185604746,
      "mce": 0.6724788191002579,
      "mae": 0.09700036017252615,
      "rmse": 0.19790716166988995,
      "encryption_time": 0.0,
      "aggregation_time": 0.0,
      "evaluation_time": 0.01146554946899414,
      "total_time": 0.024223804473876953
    },
    {
      "round": 25,
      "accuracy": 0.9385,
      "f1_score": 0.9243076923076923,
      "precision": 0.8592677345537757,
      "recall": 1.0,
      "auc": 0.9999989339007824,
      "pr_auc": 0.9999982293112729,
      "ece": 0.09676843185604746,
      "mce": 0.6724788191002579,
      "mae": 0.09700036017252615,
      "rmse": 0.19790716166988995,
      "encryption_time": 0.0,
      "aggregation_time": 0.0,
      "evaluation_time": 0.00930023193359375,
      "total_time": 0.022936582565307617
    },
    {
      "round": 26,
      "accuracy": 0.9385,
      "f1_score": 0.9243076923076923,
      "precision": 0.8592677345537757,
      "recall": 1.0,
      "auc": 0.9999989339007824,
      "pr_auc": 0.9999982293112729,
      "ece": 0.09676843185604746,
      "mce": 0.6724788191002579,
      "mae": 0.09700036017252615,
      "rmse": 0.19790716166988995,
      "encryption_time": 0.0,
      "aggregation_time": 0.0,
      "evaluation_time": 0.009344339370727539,
      "total_time": 0.021499156951904297
    },
    {
      "round": 27,
      "accuracy": 0.9385,
      "f1_score": 0.9243076923076923,
      "precision": 0.8592677345537757,
      "recall": 1.0,
      "auc": 0.9999989339007824,
      "pr_auc": 0.9999982293112729,
      "ece": 0.09676843185604746,
      "mce": 0.6724788191002579,
      "mae": 0.09700036017252615,
      "rmse": 0.19790716166988995,
      "encryption_time": 0.0,
      "aggregation_time": 0.0,
      "evaluation_time": 0.008691549301147461,
      "total_time": 0.019223451614379883
    },
    {
      "round": 28,
      "accuracy": 0.9385,
      "f1_score": 0.9243076923076923,
      "precision": 0.8592677345537757,
      "recall": 1.0,
      "auc": 0.9999989339007824,
      "pr_auc": 0.9999982293112729,
      "ece": 0.09676843185604746,
      "mce": 0.6724788191002579,
      "mae": 0.09700036017252615,
      "rmse": 0.19790716166988995,
      "encryption_time": 0.0,
      "aggregation_time": 0.0,
      "evaluation_time": 0.00879979133605957,
      "total_time": 0.021361112594604492
    },
    {
      "round": 29,
      "accuracy": 0.9385,
      "f1_score": 0.9243076923076923,
      "precision": 0.8592677345537757,
      "recall": 1.0,
      "auc": 0.9999989339007824,
      "pr_auc": 0.9999982293112729,
      "ece": 0.09676843185604746,
      "mce": 0.6724788191002579,
      "mae": 0.09700036017252615,
      "rmse": 0.19790716166988995,
      "encryption_time": 0.0,
      "aggregation_time": 0.0,
      "evaluation_time": 0.010240793228149414,
      "total_time": 0.023755550384521484
    },
    {
      "round": 30,
      "accuracy": 0.9385,
      "f1_score": 0.9243076923076923,
      "precision": 0.8592677345537757,
      "recall": 1.0,
      "auc": 0.9999989339007824,
      "pr_auc": 0.9999982293112729,
      "ece": 0.09676843185604746,
      "mce": 0.6724788191002579,
      "mae": 0.09700036017252615,
      "rmse": 0.19790716166988995,
      "encryption_time": 0.0,
      "aggregation_time": 0.0,
      "evaluation_time": 0.009896993637084961,
      "total_time": 0.02049732208251953
    }
  ]
}