{
  "pipeline_info": {
    "type": "plaintext",
    "rounds": 40,
    "clients": 20,
    "timestamp": "2025-09-16 11:55:26",
    "total_samples": 4000,
    "one_class_clients": 4,
    "one_class_percentage": 20.0
  },
  "final_performance": {
    "accuracy": 0.956,
    "f1_score": 0.9501133786848073,
    "precision": 0.9049676025917927,
    "recall": 1.0,
    "auc": 0.9999460850562153,
    "pr_auc": 0.9999286755102935,
    "mae": 0.08880225661531015,
    "rmse": 0.17885146696117707,
    "ece": 0.08785051287328638,
    "mce": 0.7324315599426001
  },
  "performance_trends": {
    "initial_accuracy": 0.956,
    "final_accuracy": 0.956,
    "accuracy_improvement": 0.0,
    "best_accuracy": 0.956,
    "final_f1": 0.9501133786848073,
    "best_f1": 0.9501133786848073
  },
  "timing_statistics": {
    "total_encryption_time": 0.0,
    "total_aggregation_time": 0.008400917053222656,
    "total_evaluation_time": 0.46690988540649414,
    "total_time": 1.5236454010009766,
    "avg_round_time": 0.03809113502502441,
    "avg_encryption_time": 0.0,
    "avg_aggregation_time": 0.0002100229263305664
  },
  "round_details": [
    {
      "round": 1,
      "accuracy": 0.956,
      "f1_score": 0.9501133786848073,
      "precision": 0.9049676025917927,
      "recall": 1.0,
      "auc": 0.9999460850562153,
      "pr_auc": 0.9999286755102935,
      "ece": 0.08785051287328638,
      "mce": 0.7324315599426001,
      "mae": 0.08880225661531015,
      "rmse": 0.17885146696117707,
      "encryption_time": 0.0,
      "aggregation_time": 0.0,
      "evaluation_time": 0.01266622543334961,
      "total_time": 0.03729414939880371
    },
    {
      "round": 2,
      "accuracy": 0.956,
      "f1_score": 0.9501133786848073,
      "precision": 0.9049676025917927,
      "recall": 1.0,
      "auc": 0.9999460850562153,
      "pr_auc": 0.9999286755102935,
      "ece": 0.08785051287328638,
      "mce": 0.7324315599426001,
      "mae": 0.08880225661531015,
      "rmse": 0.17885146696117707,
      "encryption_time": 0.0,
      "aggregation_time": 0.0015864372253417969,
      "evaluation_time": 0.010771751403808594,
      "total_time": 0.04233670234680176
    },
    {
      "round": 3,
      "accuracy": 0.956,
      "f1_score": 0.9501133786848073,
      "precision": 0.9049676025917927,
      "recall": 1.0,
      "auc": 0.9999460850562153,
      "pr_auc": 0.9999286755102935,
      "ece": 0.08785051287328638,
      "mce": 0.7324315599426001,
      "mae": 0.08880225661531015,
      "rmse": 0.17885146696117707,
      "encryption_time": 0.0,
      "aggregation_time": 0.0,
      "evaluation_time": 0.010064363479614258,
      "total_time": 0.03700613975524902
    },
    {
      "round": 4,
      "accuracy": 0.956,
      "f1_score": 0.9501133786848073,
      "precision": 0.9049676025917927,
      "recall": 1.0,
      "auc": 0.9999460850562153,
      "pr_auc": 0.9999286755102935,
      "ece": 0.08785051287328638,
      "mce": 0.7324315599426001,
      "mae": 0.08880225661531015,
      "rmse": 0.17885146696117707,
      "encryption_time": 0.0,
      "aggregation_time": 0.0,
      "evaluation_time": 0.012402534484863281,
      "total_time": 0.036651611328125
    },
    {
      "round": 5,
      "accuracy": 0.956,
      "f1_score": 0.9501133786848073,
      "precision": 0.9049676025917927,
      "recall": 1.0,
      "auc": 0.9999460850562153,
      "pr_auc": 0.9999286755102935,
      "ece": 0.08785051287328638,
      "mce": 0.7324315599426001,
      "mae": 0.08880225661531015,
      "rmse": 0.17885146696117707,
      "encryption_time": 0.0,
      "aggregation_time": 0.0013506412506103516,
      "evaluation_time": 0.011632919311523438,
      "total_time": 0.036103248596191406
    },
    {
      "round": 6,
      "accuracy": 0.956,
      "f1_score": 0.9501133786848073,
      "precision": 0.9049676025917927,
      "recall": 1.0,
      "auc": 0.9999460850562153,
      "pr_auc": 0.9999286755102935,
      "ece": 0.08785051287328638,
      "mce": 0.7324315599426001,
      "mae": 0.08880225661531015,
      "rmse": 0.17885146696117707,
      "encryption_time": 0.0,
      "aggregation_time": 0.0,
      "evaluation_time": 0.008771896362304688,
      "total_time": 0.032614707946777344
    },
    {
      "round": 7,
      "accuracy": 0.956,
      "f1_score": 0.9501133786848073,
      "precision": 0.9049676025917927,
      "recall": 1.0,
      "auc": 0.9999460850562153,
      "pr_auc": 0.9999286755102935,
      "ece": 0.08785051287328638,
      "mce": 0.7324315599426001,
      "mae": 0.08880225661531015,
      "rmse": 0.17885146696117707,
      "encryption_time": 0.0,
      "aggregation_time": 0.0,
      "evaluation_time": 0.015423774719238281,
      "total_time": 0.040471792221069336
    },
    {
      "round": 8,
      "accuracy": 0.956,
      "f1_score": 0.9501133786848073,
      "precision": 0.9049676025917927,
      "recall": 1.0,
      "auc": 0.9999460850562153,
      "pr_auc": 0.9999286755102935,
      "ece": 0.08785051287328638,
      "mce": 0.7324315599426001,
      "mae": 0.08880225661531015,
      "rmse": 0.17885146696117707,
      "encryption_time": 0.0,
      "aggregation_time": 0.0,
      "evaluation_time": 0.009656429290771484,
      "total_time": 0.045558929443359375
    },
    {
      "round": 9,
      "accuracy": 0.956,
      "f1_score": 0.9501133786848073,
      "precision": 0.9049676025917927,
      "recall": 1.0,
      "auc": 0.9999460850562153,
      "pr_auc": 0.9999286755102935,
      "ece": 0.08785051287328638,
      "mce": 0.7324315599426001,
      "mae": 0.08880225661531015,
      "rmse": 0.17885146696117707,
      "encryption_time": 0.0,
      "aggregation_time": 0.0,
      "evaluation_time": 0.010794639587402344,
      "total_time": 0.033014774322509766
    },
    {
      "round": 10,
      "accuracy": 0.956,
      "f1_score": 0.9501133786848073,
      "precision": 0.9049676025917927,
      "recall": 1.0,
      "auc": 0.9999460850562153,
      "pr_auc": 0.9999286755102935,
      "ece": 0.08785051287328638,
      "mce": 0.7324315599426001,
      "mae": 0.08880225661531015,
      "rmse": 0.17885146696117707,
      "encryption_time": 0.0,
      "aggregation_time": 0.0,
      "evaluation_time": 0.011022329330444336,
      "total_time": 0.03748726844787598
    },
    {
      "round": 11,
      "accuracy": 0.956,
      "f1_score": 0.9501133786848073,
      "precision": 0.9049676025917927,
      "recall": 1.0,
      "auc": 0.9999460850562153,
      "pr_auc": 0.9999286755102935,
      "ece": 0.08785051287328638,
      "mce": 0.7324315599426001,
      "mae": 0.08880225661531015,
      "rmse": 0.17885146696117707,
      "encryption_time": 0.0,
      "aggregation_time": 0.0,
      "evaluation_time": 0.012525320053100586,
      "total_time": 0.040581464767456055
    },
    {
      "round": 12,
      "accuracy": 0.956,
      "f1_score": 0.9501133786848073,
      "precision": 0.9049676025917927,
      "recall": 1.0,
      "auc": 0.9999460850562153,
      "pr_auc": 0.9999286755102935,
      "ece": 0.08785051287328638,
      "mce": 0.7324315599426001,
      "mae": 0.08880225661531015,
      "rmse": 0.17885146696117707,
      "encryption_time": 0.0,
      "aggregation_time": 0.0,
      "evaluation_time": 0.010522842407226562,
      "total_time": 0.038750410079956055
    },
    {
      "round": 13,
      "accuracy": 0.956,
      "f1_score": 0.9501133786848073,
      "precision": 0.9049676025917927,
      "recall": 1.0,
      "auc": 0.9999460850562153,
      "pr_auc": 0.9999286755102935,
      "ece": 0.08785051287328638,
      "mce": 0.7324315599426001,
      "mae": 0.08880225661531015,
      "rmse": 0.17885146696117707,
      "encryption_time": 0.0,
      "aggregation_time": 0.0,
      "evaluation_time": 0.011783838272094727,
      "total_time": 0.041039466857910156
    },
    {
      "round": 14,
      "accuracy": 0.956,
      "f1_score": 0.9501133786848073,
      "precision": 0.9049676025917927,
      "recall": 1.0,
      "auc": 0.9999460850562153,
      "pr_auc": 0.9999286755102935,
      "ece": 0.08785051287328638,
      "mce": 0.7324315599426001,
      "mae": 0.08880225661531015,
      "rmse": 0.17885146696117707,
      "encryption_time": 0.0,
      "aggregation_time": 0.0011365413665771484,
      "evaluation_time": 0.011592388153076172,
      "total_time": 0.03556346893310547
    },
    {
      "round": 15,
      "accuracy": 0.956,
      "f1_score": 0.9501133786848073,
      "precision": 0.9049676025917927,
      "recall": 1.0,
      "auc": 0.9999460850562153,
      "pr_auc": 0.9999286755102935,
      "ece": 0.08785051287328638,
      "mce": 0.7324315599426001,
      "mae": 0.08880225661531015,
      "rmse": 0.17885146696117707,
      "encryption_time": 0.0,
      "aggregation_time": 0.0,
      "evaluation_time": 0.011275053024291992,
      "total_time": 0.03821539878845215
    },
    {
      "round": 16,
      "accuracy": 0.956,
      "f1_score": 0.9501133786848073,
      "precision": 0.9049676025917927,
      "recall": 1.0,
      "auc": 0.9999460850562153,
      "pr_auc": 0.9999286755102935,
      "ece": 0.08785051287328638,
      "mce": 0.7324315599426001,
      "mae": 0.08880225661531015,
      "rmse": 0.17885146696117707,
      "encryption_time": 0.0,
      "aggregation_time": 0.0,
      "evaluation_time": 0.010047674179077148,
      "total_time": 0.03136181831359863
    },
    {
      "round": 17,
      "accuracy": 0.956,
      "f1_score": 0.9501133786848073,
      "precision": 0.9049676025917927,
      "recall": 1.0,
      "auc": 0.9999460850562153,
      "pr_auc": 0.9999286755102935,
      "ece": 0.08785051287328638,
      "mce": 0.7324315599426001,
      "mae": 0.08880225661531015,
      "rmse": 0.17885146696117707,
      "encryption_time": 0.0,
      "aggregation_time": 0.0,
      "evaluation_time": 0.011503219604492188,
      "total_time": 0.03798556327819824
    },
    {
      "round": 18,
      "accuracy": 0.956,
      "f1_score": 0.9501133786848073,
      "precision": 0.9049676025917927,
      "recall": 1.0,
      "auc": 0.9999460850562153,
      "pr_auc": 0.9999286755102935,
      "ece": 0.08785051287328638,
      "mce": 0.7324315599426001,
      "mae": 0.08880225661531015,
      "rmse": 0.17885146696117707,
      "encryption_time": 0.0,
      "aggregation_time": 0.0012087821960449219,
      "evaluation_time": 0.011881828308105469,
      "total_time": 0.03910708427429199
    },
    {
      "round": 19,
      "accuracy": 0.956,
      "f1_score": 0.9501133786848073,
      "precision": 0.9049676025917927,
      "recall": 1.0,
      "auc": 0.9999460850562153,
      "pr_auc": 0.9999286755102935,
      "ece": 0.08785051287328638,
      "mce": 0.7324315599426001,
      "mae": 0.08880225661531015,
      "rmse": 0.17885146696117707,
      "encryption_time": 0.0,
      "aggregation_time": 0.0,
      "evaluation_time": 0.009230613708496094,
      "total_time": 0.03729844093322754
    },
    {
      "round": 20,
      "accuracy": 0.956,
      "f1_score": 0.9501133786848073,
      "precision": 0.9049676025917927,
      "recall": 1.0,
      "auc": 0.9999460850562153,
      "pr_auc": 0.9999286755102935,
      "ece": 0.08785051287328638,
      "mce": 0.7324315599426001,
      "mae": 0.08880225661531015,
      "rmse": 0.17885146696117707,
      "encryption_time": 0.0,
      "aggregation_time": 0.0,
      "evaluation_time": 0.011720657348632812,
      "total_time": 0.03726601600646973
    },
    {
      "round": 21,
      "accuracy": 0.956,
      "f1_score": 0.9501133786848073,
      "precision": 0.9049676025917927,
      "recall": 1.0,
      "auc": 0.9999460850562153,
      "pr_auc": 0.9999286755102935,
      "ece": 0.08785051287328638,
      "mce": 0.7324315599426001,
      "mae": 0.08880225661531015,
      "rmse": 0.17885146696117707,
      "encryption_time": 0.0,
      "aggregation_time": 0.0,
      "evaluation_time": 0.012469768524169922,
      "total_time": 0.0346524715423584
    },
    {
      "round": 22,
      "accuracy": 0.956,
      "f1_score": 0.9501133786848073,
      "precision": 0.9049676025917927,
      "recall": 1.0,
      "auc": 0.9999460850562153,
      "pr_auc": 0.9999286755102935,
      "ece": 0.08785051287328638,
      "mce": 0.7324315599426001,
      "mae": 0.08880225661531015,
      "rmse": 0.17885146696117707,
      "encryption_time": 0.0,
      "aggregation_time": 0.00103759765625,
      "evaluation_time": 0.009577035903930664,
      "total_time": 0.03870272636413574
    },
    {
      "round": 23,
      "accuracy": 0.956,
      "f1_score": 0.9501133786848073,
      "precision": 0.9049676025917927,
      "recall": 1.0,
      "auc": 0.9999460850562153,
      "pr_auc": 0.9999286755102935,
      "ece": 0.08785051287328638,
      "mce": 0.7324315599426001,
      "mae": 0.08880225661531015,
      "rmse": 0.17885146696117707,
      "encryption_time": 0.0,
      "aggregation_time": 0.0,
      "evaluation_time": 0.0088043212890625,
      "total_time": 0.03624463081359863
    },
    {
      "round": 24,
      "accuracy": 0.956,
      "f1_score": 0.9501133786848073,
      "precision": 0.9049676025917927,
      "recall": 1.0,
      "auc": 0.9999460850562153,
      "pr_auc": 0.9999286755102935,
      "ece": 0.08785051287328638,
      "mce": 0.7324315599426001,
      "mae": 0.08880225661531015,
      "rmse": 0.17885146696117707,
      "encryption_time": 0.0,
      "aggregation_time": 0.0,
      "evaluation_time": 0.009897708892822266,
      "total_time": 0.0355837345123291
    },
    {
      "round": 25,
      "accuracy": 0.956,
      "f1_score": 0.9501133786848073,
      "precision": 0.9049676025917927,
      "recall": 1.0,
      "auc": 0.9999460850562153,
      "pr_auc": 0.9999286755102935,
      "ece": 0.08785051287328638,
      "mce": 0.7324315599426001,
      "mae": 0.08880225661531015,
      "rmse": 0.17885146696117707,
      "encryption_time": 0.0,
      "aggregation_time": 0.0,
      "evaluation_time": 0.015166997909545898,
      "total_time": 0.03845524787902832
    },
    {
      "round": 26,
      "accuracy": 0.956,
      "f1_score": 0.9501133786848073,
      "precision": 0.9049676025917927,
      "recall": 1.0,
      "auc": 0.9999460850562153,
      "pr_auc": 0.9999286755102935,
      "ece": 0.08785051287328638,
      "mce": 0.7324315599426001,
      "mae": 0.08880225661531015,
      "rmse": 0.17885146696117707,
      "encryption_time": 0.0,
      "aggregation_time": 0.0,
      "evaluation_time": 0.012767791748046875,
      "total_time": 0.043029069900512695
    },
    {
      "round": 27,
      "accuracy": 0.956,
      "f1_score": 0.9501133786848073,
      "precision": 0.9049676025917927,
      "recall": 1.0,
      "auc": 0.9999460850562153,
      "pr_auc": 0.9999286755102935,
      "ece": 0.08785051287328638,
      "mce": 0.7324315599426001,
      "mae": 0.08880225661531015,
      "rmse": 0.17885146696117707,
      "encryption_time": 0.0,
      "aggregation_time": 0.0,
      "evaluation_time": 0.014751195907592773,
      "total_time": 0.039540767669677734
    },
    {
      "round": 28,
      "accuracy": 0.956,
      "f1_score": 0.9501133786848073,
      "precision": 0.9049676025917927,
      "recall": 1.0,
      "auc": 0.9999460850562153,
      "pr_auc": 0.9999286755102935,
      "ece": 0.08785051287328638,
      "mce": 0.7324315599426001,
      "mae": 0.08880225661531015,
      "rmse": 0.17885146696117707,
      "encryption_time": 0.0,
      "aggregation_time": 0.0,
      "evaluation_time": 0.011283397674560547,
      "total_time": 0.03936147689819336
    },
    {
      "round": 29,
      "accuracy": 0.956,
      "f1_score": 0.9501133786848073,
      "precision": 0.9049676025917927,
      "recall": 1.0,
      "auc": 0.9999460850562153,
      "pr_auc": 0.9999286755102935,
      "ece": 0.08785051287328638,
      "mce": 0.7324315599426001,
      "mae": 0.08880225661531015,
      "rmse": 0.17885146696117707,
      "encryption_time": 0.0,
      "aggregation_time": 0.0,
      "evaluation_time": 0.011291742324829102,
      "total_time": 0.03216910362243652
    },
    {
      "round": 30,
      "accuracy": 0.956,
      "f1_score": 0.9501133786848073,
      "precision": 0.9049676025917927,
      "recall": 1.0,
      "auc": 0.9999460850562153,
      "pr_auc": 0.9999286755102935,
      "ece": 0.08785051287328638,
      "mce": 0.7324315599426001,
      "mae": 0.08880225661531015,
      "rmse": 0.17885146696117707,
      "encryption_time": 0.0,
      "aggregation_time": 0.0,
      "evaluation_time": 0.022614717483520508,
      "total_time": 0.051024675369262695
    },
    {
      "round": 31,
      "accuracy": 0.956,
      "f1_score": 0.9501133786848073,
      "precision": 0.9049676025917927,
      "recall": 1.0,
      "auc": 0.9999460850562153,
      "pr_auc": 0.9999286755102935,
      "ece": 0.08785051287328638,
      "mce": 0.7324315599426001,
      "mae": 0.08880225661531015,
      "rmse": 0.17885146696117707,
      "encryption_time": 0.0,
      "aggregation_time": 0.0,
      "evaluation_time": 0.01195216178894043,
      "total_time": 0.0372471809387207
    },
    {
      "round": 32,
      "accuracy": 0.956,
      "f1_score": 0.9501133786848073,
      "precision": 0.9049676025917927,
      "recall": 1.0,
      "auc": 0.9999460850562153,
      "pr_auc": 0.9999286755102935,
      "ece": 0.08785051287328638,
      "mce": 0.7324315599426001,
      "mae": 0.08880225661531015,
      "rmse": 0.17885146696117707,
      "encryption_time": 0.0,
      "aggregation_time": 0.0,
      "evaluation_time": 0.008997678756713867,
      "total_time": 0.03773188591003418
    },
    {
      "round": 33,
      "accuracy": 0.956,
      "f1_score": 0.9501133786848073,
      "precision": 0.9049676025917927,
      "recall": 1.0,
      "auc": 0.9999460850562153,
      "pr_auc": 0.9999286755102935,
      "ece": 0.08785051287328638,
      "mce": 0.7324315599426001,
      "mae": 0.08880225661531015,
      "rmse": 0.17885146696117707,
      "encryption_time": 0.0,
      "aggregation_time": 0.0,
      "evaluation_time": 0.012908935546875,
      "total_time": 0.03992772102355957
    },
    {
      "round": 34,
      "accuracy": 0.956,
      "f1_score": 0.9501133786848073,
      "precision": 0.9049676025917927,
      "recall": 1.0,
      "auc": 0.9999460850562153,
      "pr_auc": 0.9999286755102935,
      "ece": 0.08785051287328638,
      "mce": 0.7324315599426001,
      "mae": 0.08880225661531015,
      "rmse": 0.17885146696117707,
      "encryption_time": 0.0,
      "aggregation_time": 0.0,
      "evaluation_time": 0.01283121109008789,
      "total_time": 0.036923885345458984
    },
    {
      "round": 35,
      "accuracy": 0.956,
      "f1_score": 0.9501133786848073,
      "precision": 0.9049676025917927,
      "recall": 1.0,
      "auc": 0.9999460850562153,
      "pr_auc": 0.9999286755102935,
      "ece": 0.08785051287328638,
      "mce": 0.7324315599426001,
      "mae": 0.08880225661531015,
      "rmse": 0.17885146696117707,
      "encryption_time": 0.0,
      "aggregation_time": 0.0010113716125488281,
      "evaluation_time": 0.010953187942504883,
      "total_time": 0.0406191349029541
    },
    {
      "round": 36,
      "accuracy": 0.956,
      "f1_score": 0.9501133786848073,
      "precision": 0.9049676025917927,
      "recall": 1.0,
      "auc": 0.9999460850562153,
      "pr_auc": 0.9999286755102935,
      "ece": 0.08785051287328638,
      "mce": 0.7324315599426001,
      "mae": 0.08880225661531015,
      "rmse": 0.17885146696117707,
      "encryption_time": 0.0,
      "aggregation_time": 0.0,
      "evaluation_time": 0.01175236701965332,
      "total_time": 0.039083003997802734
    },
    {
      "round": 37,
      "accuracy": 0.956,
      "f1_score": 0.9501133786848073,
      "precision": 0.9049676025917927,
      "recall": 1.0,
      "auc": 0.9999460850562153,
      "pr_auc": 0.9999286755102935,
      "ece": 0.08785051287328638,
      "mce": 0.7324315599426001,
      "mae": 0.08880225661531015,
      "rmse": 0.17885146696117707,
      "encryption_time": 0.0,
      "aggregation_time": 0.0010695457458496094,
      "evaluation_time": 0.010236740112304688,
      "total_time": 0.0372004508972168
    },
    {
      "round": 38,
      "accuracy": 0.956,
      "f1_score": 0.9501133786848073,
      "precision": 0.9049676025917927,
      "recall": 1.0,
      "auc": 0.9999460850562153,
      "pr_auc": 0.9999286755102935,
      "ece": 0.08785051287328638,
      "mce": 0.7324315599426001,
      "mae": 0.08880225661531015,
      "rmse": 0.17885146696117707,
      "encryption_time": 0.0,
      "aggregation_time": 0.0,
      "evaluation_time": 0.010072469711303711,
      "total_time": 0.03757905960083008
    },
    {
      "round": 39,
      "accuracy": 0.956,
      "f1_score": 0.9501133786848073,
      "precision": 0.9049676025917927,
      "recall": 1.0,
      "auc": 0.9999460850562153,
      "pr_auc": 0.9999286755102935,
      "ece": 0.08785051287328638,
      "mce": 0.7324315599426001,
      "mae": 0.08880225661531015,
      "rmse": 0.17885146696117707,
      "encryption_time": 0.0,
      "aggregation_time": 0.0,
      "evaluation_time": 0.011503219604492188,
      "total_time": 0.03868412971496582
    },
    {
      "round": 40,
      "accuracy": 0.956,
      "f1_score": 0.9501133786848073,
      "precision": 0.9049676025917927,
      "recall": 1.0,
      "auc": 0.9999460850562153,
      "pr_auc": 0.9999286755102935,
      "ece": 0.08785051287328638,
      "mce": 0.7324315599426001,
      "mae": 0.08880225661531015,
      "rmse": 0.17885146696117707,
      "encryption_time": 0.0,
      "aggregation_time": 0.0,
      "evaluation_time": 0.011786937713623047,
      "total_time": 0.03417658805847168
    }
  ]
}