{
  "pipeline_info": {
    "type": "plaintext",
    "rounds": 60,
    "clients": 20,
    "timestamp": "2025-09-16 11:55:48",
    "total_samples": 4000,
    "one_class_clients": 4,
    "one_class_percentage": 20.0
  },
  "final_performance": {
    "accuracy": 0.956,
    "f1_score": 0.9501133786848073,
    "precision": 0.9049676025917927,
    "recall": 1.0,
    "auc": 0.9999460850562153,
    "pr_auc": 0.9999286755102935,
    "mae": 0.08880225661531015,
    "rmse": 0.17885146696117707,
    "ece": 0.08785051287328638,
    "mce": 0.7324315599426001
  },
  "performance_trends": {
    "initial_accuracy": 0.956,
    "final_accuracy": 0.956,
    "accuracy_improvement": 0.0,
    "best_accuracy": 0.956,
    "final_f1": 0.9501133786848073,
    "best_f1": 0.9501133786848073
  },
  "timing_statistics": {
    "total_encryption_time": 0.0,
    "total_aggregation_time": 0.004644155502319336,
    "total_evaluation_time": 0.7229304313659668,
    "total_time": 2.291285514831543,
    "avg_round_time": 0.03818809191385905,
    "avg_encryption_time": 0.0,
    "avg_aggregation_time": 7.740259170532226e-05
  },
  "round_details": [
    {
      "round": 1,
      "accuracy": 0.956,
      "f1_score": 0.9501133786848073,
      "precision": 0.9049676025917927,
      "recall": 1.0,
      "auc": 0.9999460850562153,
      "pr_auc": 0.9999286755102935,
      "ece": 0.08785051287328638,
      "mce": 0.7324315599426001,
      "mae": 0.08880225661531015,
      "rmse": 0.17885146696117707,
      "encryption_time": 0.0,
      "aggregation_time": 0.0,
      "evaluation_time": 0.010044574737548828,
      "total_time": 0.03457212448120117
    },
    {
      "round": 2,
      "accuracy": 0.956,
      "f1_score": 0.9501133786848073,
      "precision": 0.9049676025917927,
      "recall": 1.0,
      "auc": 0.9999460850562153,
      "pr_auc": 0.9999286755102935,
      "ece": 0.08785051287328638,
      "mce": 0.7324315599426001,
      "mae": 0.08880225661531015,
      "rmse": 0.17885146696117707,
      "encryption_time": 0.0,
      "aggregation_time": 0.0,
      "evaluation_time": 0.012303829193115234,
      "total_time": 0.038080692291259766
    },
    {
      "round": 3,
      "accuracy": 0.956,
      "f1_score": 0.9501133786848073,
      "precision": 0.9049676025917927,
      "recall": 1.0,
      "auc": 0.9999460850562153,
      "pr_auc": 0.9999286755102935,
      "ece": 0.08785051287328638,
      "mce": 0.7324315599426001,
      "mae": 0.08880225661531015,
      "rmse": 0.17885146696117707,
      "encryption_time": 0.0,
      "aggregation_time": 0.0,
      "evaluation_time": 0.012819528579711914,
      "total_time": 0.03615713119506836
    },
    {
      "round": 4,
      "accuracy": 0.956,
      "f1_score": 0.9501133786848073,
      "precision": 0.9049676025917927,
      "recall": 1.0,
      "auc": 0.9999460850562153,
      "pr_auc": 0.9999286755102935,
      "ece": 0.08785051287328638,
      "mce": 0.7324315599426001,
      "mae": 0.08880225661531015,
      "rmse": 0.17885146696117707,
      "encryption_time": 0.0,
      "aggregation_time": 0.0,
      "evaluation_time": 0.009064197540283203,
      "total_time": 0.03721976280212402
    },
    {
      "round": 5,
      "accuracy": 0.956,
      "f1_score": 0.9501133786848073,
      "precision": 0.9049676025917927,
      "recall": 1.0,
      "auc": 0.9999460850562153,
      "pr_auc": 0.9999286755102935,
      "ece": 0.08785051287328638,
      "mce": 0.7324315599426001,
      "mae": 0.08880225661531015,
      "rmse": 0.17885146696117707,
      "encryption_time": 0.0,
      "aggregation_time": 0.0,
      "evaluation_time": 0.010911941528320312,
      "total_time": 0.036856889724731445
    },
    {
      "round": 6,
      "accuracy": 0.956,
      "f1_score": 0.9501133786848073,
      "precision": 0.9049676025917927,
      "recall": 1.0,
      "auc": 0.9999460850562153,
      "pr_auc": 0.9999286755102935,
      "ece": 0.08785051287328638,
      "mce": 0.7324315599426001,
      "mae": 0.08880225661531015,
      "rmse": 0.17885146696117707,
      "encryption_time": 0.0,
      "aggregation_time": 0.0,
      "evaluation_time": 0.014642715454101562,
      "total_time": 0.03929495811462402
    },
    {
      "round": 7,
      "accuracy": 0.956,
      "f1_score": 0.9501133786848073,
      "precision": 0.9049676025917927,
      "recall": 1.0,
      "auc": 0.9999460850562153,
      "pr_auc": 0.9999286755102935,
      "ece": 0.08785051287328638,
      "mce": 0.7324315599426001,
      "mae": 0.08880225661531015,
      "rmse": 0.17885146696117707,
      "encryption_time": 0.0,
      "aggregation_time": 0.0,
      "evaluation_time": 0.013026952743530273,
      "total_time": 0.0368196964263916
    },
    {
      "round": 8,
      "accuracy": 0.956,
      "f1_score": 0.9501133786848073,
      "precision": 0.9049676025917927,
      "recall": 1.0,
      "auc": 0.9999460850562153,
      "pr_auc": 0.9999286755102935,
      "ece": 0.08785051287328638,
      "mce": 0.7324315599426001,
      "mae": 0.08880225661531015,
      "rmse": 0.17885146696117707,
      "encryption_time": 0.0,
      "aggregation_time": 0.0,
      "evaluation_time": 0.01108407974243164,
      "total_time": 0.03636789321899414
    },
    {
      "round": 9,
      "accuracy": 0.956,
      "f1_score": 0.9501133786848073,
      "precision": 0.9049676025917927,
      "recall": 1.0,
      "auc": 0.9999460850562153,
      "pr_auc": 0.9999286755102935,
      "ece": 0.08785051287328638,
      "mce": 0.7324315599426001,
      "mae": 0.08880225661531015,
      "rmse": 0.17885146696117707,
      "encryption_time": 0.0,
      "aggregation_time": 0.0,
      "evaluation_time": 0.012521982192993164,
      "total_time": 0.040248870849609375
    },
    {
      "round": 10,
      "accuracy": 0.956,
      "f1_score": 0.9501133786848073,
      "precision": 0.9049676025917927,
      "recall": 1.0,
      "auc": 0.9999460850562153,
      "pr_auc": 0.9999286755102935,
      "ece": 0.08785051287328638,
      "mce": 0.7324315599426001,
      "mae": 0.08880225661531015,
      "rmse": 0.17885146696117707,
      "encryption_time": 0.0,
      "aggregation_time": 0.0,
      "evaluation_time": 0.023441791534423828,
      "total_time": 0.05193901062011719
    },
    {
      "round": 11,
      "accuracy": 0.956,
      "f1_score": 0.9501133786848073,
      "precision": 0.9049676025917927,
      "recall": 1.0,
      "auc": 0.9999460850562153,
      "pr_auc": 0.9999286755102935,
      "ece": 0.08785051287328638,
      "mce": 0.7324315599426001,
      "mae": 0.08880225661531015,
      "rmse": 0.17885146696117707,
      "encryption_time": 0.0,
      "aggregation_time": 0.0,
      "evaluation_time": 0.011699199676513672,
      "total_time": 0.0352482795715332
    },
    {
      "round": 12,
      "accuracy": 0.956,
      "f1_score": 0.9501133786848073,
      "precision": 0.9049676025917927,
      "recall": 1.0,
      "auc": 0.9999460850562153,
      "pr_auc": 0.9999286755102935,
      "ece": 0.08785051287328638,
      "mce": 0.7324315599426001,
      "mae": 0.08880225661531015,
      "rmse": 0.17885146696117707,
      "encryption_time": 0.0,
      "aggregation_time": 0.0,
      "evaluation_time": 0.00856781005859375,
      "total_time": 0.03442859649658203
    },
    {
      "round": 13,
      "accuracy": 0.956,
      "f1_score": 0.9501133786848073,
      "precision": 0.9049676025917927,
      "recall": 1.0,
      "auc": 0.9999460850562153,
      "pr_auc": 0.9999286755102935,
      "ece": 0.08785051287328638,
      "mce": 0.7324315599426001,
      "mae": 0.08880225661531015,
      "rmse": 0.17885146696117707,
      "encryption_time": 0.0,
      "aggregation_time": 0.0,
      "evaluation_time": 0.014064550399780273,
      "total_time": 0.04158663749694824
    },
    {
      "round": 14,
      "accuracy": 0.956,
      "f1_score": 0.9501133786848073,
      "precision": 0.9049676025917927,
      "recall": 1.0,
      "auc": 0.9999460850562153,
      "pr_auc": 0.9999286755102935,
      "ece": 0.08785051287328638,
      "mce": 0.7324315599426001,
      "mae": 0.08880225661531015,
      "rmse": 0.17885146696117707,
      "encryption_time": 0.0,
      "aggregation_time": 0.0,
      "evaluation_time": 0.011612892150878906,
      "total_time": 0.032143354415893555
    },
    {
      "round": 15,
      "accuracy": 0.956,
      "f1_score": 0.9501133786848073,
      "precision": 0.9049676025917927,
      "recall": 1.0,
      "auc": 0.9999460850562153,
      "pr_auc": 0.9999286755102935,
      "ece": 0.08785051287328638,
      "mce": 0.7324315599426001,
      "mae": 0.08880225661531015,
      "rmse": 0.17885146696117707,
      "encryption_time": 0.0,
      "aggregation_time": 0.0,
      "evaluation_time": 0.013082027435302734,
      "total_time": 0.03761601448059082
    },
    {
      "round": 16,
      "accuracy": 0.956,
      "f1_score": 0.9501133786848073,
      "precision": 0.9049676025917927,
      "recall": 1.0,
      "auc": 0.9999460850562153,
      "pr_auc": 0.9999286755102935,
      "ece": 0.08785051287328638,
      "mce": 0.7324315599426001,
      "mae": 0.08880225661531015,
      "rmse": 0.17885146696117707,
      "encryption_time": 0.0,
      "aggregation_time": 0.0,
      "evaluation_time": 0.014207839965820312,
      "total_time": 0.042496681213378906
    },
    {
      "round": 17,
      "accuracy": 0.956,
      "f1_score": 0.9501133786848073,
      "precision": 0.9049676025917927,
      "recall": 1.0,
      "auc": 0.9999460850562153,
      "pr_auc": 0.9999286755102935,
      "ece": 0.08785051287328638,
      "mce": 0.7324315599426001,
      "mae": 0.08880225661531015,
      "rmse": 0.17885146696117707,
      "encryption_time": 0.0,
      "aggregation_time": 0.0,
      "evaluation_time": 0.012894630432128906,
      "total_time": 0.04184699058532715
    },
    {
      "round": 18,
      "accuracy": 0.956,
      "f1_score": 0.9501133786848073,
      "precision": 0.9049676025917927,
      "recall": 1.0,
      "auc": 0.9999460850562153,
      "pr_auc": 0.9999286755102935,
      "ece": 0.08785051287328638,
      "mce": 0.7324315599426001,
      "mae": 0.08880225661531015,
      "rmse": 0.17885146696117707,
      "encryption_time": 0.0,
      "aggregation_time": 0.0,
      "evaluation_time": 0.00941014289855957,
      "total_time": 0.036321401596069336
    },
    {
      "round": 19,
      "accuracy": 0.956,
      "f1_score": 0.9501133786848073,
      "precision": 0.9049676025917927,
      "recall": 1.0,
      "auc": 0.9999460850562153,
      "pr_auc": 0.9999286755102935,
      "ece": 0.08785051287328638,
      "mce": 0.7324315599426001,
      "mae": 0.08880225661531015,
      "rmse": 0.17885146696117707,
      "encryption_time": 0.0,
      "aggregation_time": 0.0,
      "evaluation_time": 0.01287221908569336,
      "total_time": 0.038743019104003906
    },
    {
      "round": 20,
      "accuracy": 0.956,
      "f1_score": 0.9501133786848073,
      "precision": 0.9049676025917927,
      "recall": 1.0,
      "auc": 0.9999460850562153,
      "pr_auc": 0.9999286755102935,
      "ece": 0.08785051287328638,
      "mce": 0.7324315599426001,
      "mae": 0.08880225661531015,
      "rmse": 0.17885146696117707,
      "encryption_time": 0.0,
      "aggregation_time": 0.0013561248779296875,
      "evaluation_time": 0.011569023132324219,
      "total_time": 0.043155670166015625
    },
    {
      "round": 21,
      "accuracy": 0.956,
      "f1_score": 0.9501133786848073,
      "precision": 0.9049676025917927,
      "recall": 1.0,
      "auc": 0.9999460850562153,
      "pr_auc": 0.9999286755102935,
      "ece": 0.08785051287328638,
      "mce": 0.7324315599426001,
      "mae": 0.08880225661531015,
      "rmse": 0.17885146696117707,
      "encryption_time": 0.0,
      "aggregation_time": 0.0,
      "evaluation_time": 0.013706684112548828,
      "total_time": 0.0414586067199707
    },
    {
      "round": 22,
      "accuracy": 0.956,
      "f1_score": 0.9501133786848073,
      "precision": 0.9049676025917927,
      "recall": 1.0,
      "auc": 0.9999460850562153,
      "pr_auc": 0.9999286755102935,
      "ece": 0.08785051287328638,
      "mce": 0.7324315599426001,
      "mae": 0.08880225661531015,
      "rmse": 0.17885146696117707,
      "encryption_time": 0.0,
      "aggregation_time": 0.0,
      "evaluation_time": 0.011885881423950195,
      "total_time": 0.03420257568359375
    },
    {
      "round": 23,
      "accuracy": 0.956,
      "f1_score": 0.9501133786848073,
      "precision": 0.9049676025917927,
      "recall": 1.0,
      "auc": 0.9999460850562153,
      "pr_auc": 0.9999286755102935,
      "ece": 0.08785051287328638,
      "mce": 0.7324315599426001,
      "mae": 0.08880225661531015,
      "rmse": 0.17885146696117707,
      "encryption_time": 0.0,
      "aggregation_time": 0.0010457038879394531,
      "evaluation_time": 0.010899782180786133,
      "total_time": 0.03523683547973633
    },
    {
      "round": 24,
      "accuracy": 0.956,
      "f1_score": 0.9501133786848073,
      "precision": 0.9049676025917927,
      "recall": 1.0,
      "auc": 0.9999460850562153,
      "pr_auc": 0.9999286755102935,
      "ece": 0.08785051287328638,
      "mce": 0.7324315599426001,
      "mae": 0.08880225661531015,
      "rmse": 0.17885146696117707,
      "encryption_time": 0.0,
      "aggregation_time": 0.0,
      "evaluation_time": 0.011402368545532227,
      "total_time": 0.03708910942077637
    },
    {
      "round": 25,
      "accuracy": 0.956,
      "f1_score": 0.9501133786848073,
      "precision": 0.9049676025917927,
      "recall": 1.0,
      "auc": 0.9999460850562153,
      "pr_auc": 0.9999286755102935,
      "ece": 0.08785051287328638,
      "mce": 0.7324315599426001,
      "mae": 0.08880225661531015,
      "rmse": 0.17885146696117707,
      "encryption_time": 0.0,
      "aggregation_time": 0.0,
      "evaluation_time": 0.013528823852539062,
      "total_time": 0.042539119720458984
    },
    {
      "round": 26,
      "accuracy": 0.956,
      "f1_score": 0.9501133786848073,
      "precision": 0.9049676025917927,
      "recall": 1.0,
      "auc": 0.9999460850562153,
      "pr_auc": 0.9999286755102935,
      "ece": 0.08785051287328638,
      "mce": 0.7324315599426001,
      "mae": 0.08880225661531015,
      "rmse": 0.17885146696117707,
      "encryption_time": 0.0,
      "aggregation_time": 0.0,
      "evaluation_time": 0.012374639511108398,
      "total_time": 0.04374194145202637
    },
    {
      "round": 27,
      "accuracy": 0.956,
      "f1_score": 0.9501133786848073,
      "precision": 0.9049676025917927,
      "recall": 1.0,
      "auc": 0.9999460850562153,
      "pr_auc": 0.9999286755102935,
      "ece": 0.08785051287328638,
      "mce": 0.7324315599426001,
      "mae": 0.08880225661531015,
      "rmse": 0.17885146696117707,
      "encryption_time": 0.0,
      "aggregation_time": 0.0,
      "evaluation_time": 0.010425567626953125,
      "total_time": 0.03255319595336914
    },
    {
      "round": 28,
      "accuracy": 0.956,
      "f1_score": 0.9501133786848073,
      "precision": 0.9049676025917927,
      "recall": 1.0,
      "auc": 0.9999460850562153,
      "pr_auc": 0.9999286755102935,
      "ece": 0.08785051287328638,
      "mce": 0.7324315599426001,
      "mae": 0.08880225661531015,
      "rmse": 0.17885146696117707,
      "encryption_time": 0.0,
      "aggregation_time": 0.0,
      "evaluation_time": 0.013387203216552734,
      "total_time": 0.03515219688415527
    },
    {
      "round": 29,
      "accuracy": 0.956,
      "f1_score": 0.9501133786848073,
      "precision": 0.9049676025917927,
      "recall": 1.0,
      "auc": 0.9999460850562153,
      "pr_auc": 0.9999286755102935,
      "ece": 0.08785051287328638,
      "mce": 0.7324315599426001,
      "mae": 0.08880225661531015,
      "rmse": 0.17885146696117707,
      "encryption_time": 0.0,
      "aggregation_time": 0.0,
      "evaluation_time": 0.010308504104614258,
      "total_time": 0.037392377853393555
    },
    {
      "round": 30,
      "accuracy": 0.956,
      "f1_score": 0.9501133786848073,
      "precision": 0.9049676025917927,
      "recall": 1.0,
      "auc": 0.9999460850562153,
      "pr_auc": 0.9999286755102935,
      "ece": 0.08785051287328638,
      "mce": 0.7324315599426001,
      "mae": 0.08880225661531015,
      "rmse": 0.17885146696117707,
      "encryption_time": 0.0,
      "aggregation_time": 0.0,
      "evaluation_time": 0.010132789611816406,
      "total_time": 0.03670144081115723
    },
    {
      "round": 31,
      "accuracy": 0.956,
      "f1_score": 0.9501133786848073,
      "precision": 0.9049676025917927,
      "recall": 1.0,
      "auc": 0.9999460850562153,
      "pr_auc": 0.9999286755102935,
      "ece": 0.08785051287328638,
      "mce": 0.7324315599426001,
      "mae": 0.08880225661531015,
      "rmse": 0.17885146696117707,
      "encryption_time": 0.0,
      "aggregation_time": 0.0,
      "evaluation_time": 0.011240005493164062,
      "total_time": 0.03619194030761719
    },
    {
      "round": 32,
      "accuracy": 0.956,
      "f1_score": 0.9501133786848073,
      "precision": 0.9049676025917927,
      "recall": 1.0,
      "auc": 0.9999460850562153,
      "pr_auc": 0.9999286755102935,
      "ece": 0.08785051287328638,
      "mce": 0.7324315599426001,
      "mae": 0.08880225661531015,
      "rmse": 0.17885146696117707,
      "encryption_time": 0.0,
      "aggregation_time": 0.0,
      "evaluation_time": 0.011809110641479492,
      "total_time": 0.03802323341369629
    },
    {
      "round": 33,
      "accuracy": 0.956,
      "f1_score": 0.9501133786848073,
      "precision": 0.9049676025917927,
      "recall": 1.0,
      "auc": 0.9999460850562153,
      "pr_auc": 0.9999286755102935,
      "ece": 0.08785051287328638,
      "mce": 0.7324315599426001,
      "mae": 0.08880225661531015,
      "rmse": 0.17885146696117707,
      "encryption_time": 0.0,
      "aggregation_time": 0.0,
      "evaluation_time": 0.013075113296508789,
      "total_time": 0.03624725341796875
    },
    {
      "round": 34,
      "accuracy": 0.956,
      "f1_score": 0.9501133786848073,
      "precision": 0.9049676025917927,
      "recall": 1.0,
      "auc": 0.9999460850562153,
      "pr_auc": 0.9999286755102935,
      "ece": 0.08785051287328638,
      "mce": 0.7324315599426001,
      "mae": 0.08880225661531015,
      "rmse": 0.17885146696117707,
      "encryption_time": 0.0,
      "aggregation_time": 0.0010383129119873047,
      "evaluation_time": 0.009734153747558594,
      "total_time": 0.03600120544433594
    },
    {
      "round": 35,
      "accuracy": 0.956,
      "f1_score": 0.9501133786848073,
      "precision": 0.9049676025917927,
      "recall": 1.0,
      "auc": 0.9999460850562153,
      "pr_auc": 0.9999286755102935,
      "ece": 0.08785051287328638,
      "mce": 0.7324315599426001,
      "mae": 0.08880225661531015,
      "rmse": 0.17885146696117707,
      "encryption_time": 0.0,
      "aggregation_time": 0.0,
      "evaluation_time": 0.009416818618774414,
      "total_time": 0.0349125862121582
    },
    {
      "round": 36,
      "accuracy": 0.956,
      "f1_score": 0.9501133786848073,
      "precision": 0.9049676025917927,
      "recall": 1.0,
      "auc": 0.9999460850562153,
      "pr_auc": 0.9999286755102935,
      "ece": 0.08785051287328638,
      "mce": 0.7324315599426001,
      "mae": 0.08880225661531015,
      "rmse": 0.17885146696117707,
      "encryption_time": 0.0,
      "aggregation_time": 0.0,
      "evaluation_time": 0.013369560241699219,
      "total_time": 0.039623260498046875
    },
    {
      "round": 37,
      "accuracy": 0.956,
      "f1_score": 0.9501133786848073,
      "precision": 0.9049676025917927,
      "recall": 1.0,
      "auc": 0.9999460850562153,
      "pr_auc": 0.9999286755102935,
      "ece": 0.08785051287328638,
      "mce": 0.7324315599426001,
      "mae": 0.08880225661531015,
      "rmse": 0.17885146696117707,
      "encryption_time": 0.0,
      "aggregation_time": 0.0,
      "evaluation_time": 0.01188969612121582,
      "total_time": 0.03551006317138672
    },
    {
      "round": 38,
      "accuracy": 0.956,
      "f1_score": 0.9501133786848073,
      "precision": 0.9049676025917927,
      "recall": 1.0,
      "auc": 0.9999460850562153,
      "pr_auc": 0.9999286755102935,
      "ece": 0.08785051287328638,
      "mce": 0.7324315599426001,
      "mae": 0.08880225661531015,
      "rmse": 0.17885146696117707,
      "encryption_time": 0.0,
      "aggregation_time": 0.0,
      "evaluation_time": 0.01012110710144043,
      "total_time": 0.03821539878845215
    },
    {
      "round": 39,
      "accuracy": 0.956,
      "f1_score": 0.9501133786848073,
      "precision": 0.9049676025917927,
      "recall": 1.0,
      "auc": 0.9999460850562153,
      "pr_auc": 0.9999286755102935,
      "ece": 0.08785051287328638,
      "mce": 0.7324315599426001,
      "mae": 0.08880225661531015,
      "rmse": 0.17885146696117707,
      "encryption_time": 0.0,
      "aggregation_time": 0.0,
      "evaluation_time": 0.010812044143676758,
      "total_time": 0.03513741493225098
    },
    {
      "round": 40,
      "accuracy": 0.956,
      "f1_score": 0.9501133786848073,
      "precision": 0.9049676025917927,
      "recall": 1.0,
      "auc": 0.9999460850562153,
      "pr_auc": 0.9999286755102935,
      "ece": 0.08785051287328638,
      "mce": 0.7324315599426001,
      "mae": 0.08880225661531015,
      "rmse": 0.17885146696117707,
      "encryption_time": 0.0,
      "aggregation_time": 0.0,
      "evaluation_time": 0.011381864547729492,
      "total_time": 0.036922454833984375
    },
    {
      "round": 41,
      "accuracy": 0.956,
      "f1_score": 0.9501133786848073,
      "precision": 0.9049676025917927,
      "recall": 1.0,
      "auc": 0.9999460850562153,
      "pr_auc": 0.9999286755102935,
      "ece": 0.08785051287328638,
      "mce": 0.7324315599426001,
      "mae": 0.08880225661531015,
      "rmse": 0.17885146696117707,
      "encryption_time": 0.0,
      "aggregation_time": 0.0,
      "evaluation_time": 0.01355886459350586,
      "total_time": 0.03574371337890625
    },
    {
      "round": 42,
      "accuracy": 0.956,
      "f1_score": 0.9501133786848073,
      "precision": 0.9049676025917927,
      "recall": 1.0,
      "auc": 0.9999460850562153,
      "pr_auc": 0.9999286755102935,
      "ece": 0.08785051287328638,
      "mce": 0.7324315599426001,
      "mae": 0.08880225661531015,
      "rmse": 0.17885146696117707,
      "encryption_time": 0.0,
      "aggregation_time": 0.0,
      "evaluation_time": 0.01066136360168457,
      "total_time": 0.040413618087768555
    },
    {
      "round": 43,
      "accuracy": 0.956,
      "f1_score": 0.9501133786848073,
      "precision": 0.9049676025917927,
      "recall": 1.0,
      "auc": 0.9999460850562153,
      "pr_auc": 0.9999286755102935,
      "ece": 0.08785051287328638,
      "mce": 0.7324315599426001,
      "mae": 0.08880225661531015,
      "rmse": 0.17885146696117707,
      "encryption_time": 0.0,
      "aggregation_time": 0.0,
      "evaluation_time": 0.012042999267578125,
      "total_time": 0.03701901435852051
    },
    {
      "round": 44,
      "accuracy": 0.956,
      "f1_score": 0.9501133786848073,
      "precision": 0.9049676025917927,
      "recall": 1.0,
      "auc": 0.9999460850562153,
      "pr_auc": 0.9999286755102935,
      "ece": 0.08785051287328638,
      "mce": 0.7324315599426001,
      "mae": 0.08880225661531015,
      "rmse": 0.17885146696117707,
      "encryption_time": 0.0,
      "aggregation_time": 0.0,
      "evaluation_time": 0.012099981307983398,
      "total_time": 0.034217119216918945
    },
    {
      "round": 45,
      "accuracy": 0.956,
      "f1_score": 0.9501133786848073,
      "precision": 0.9049676025917927,
      "recall": 1.0,
      "auc": 0.9999460850562153,
      "pr_auc": 0.9999286755102935,
      "ece": 0.08785051287328638,
      "mce": 0.7324315599426001,
      "mae": 0.08880225661531015,
      "rmse": 0.17885146696117707,
      "encryption_time": 0.0,
      "aggregation_time": 0.0,
      "evaluation_time": 0.01040959358215332,
      "total_time": 0.0391845703125
    },
    {
      "round": 46,
      "accuracy": 0.956,
      "f1_score": 0.9501133786848073,
      "precision": 0.9049676025917927,
      "recall": 1.0,
      "auc": 0.9999460850562153,
      "pr_auc": 0.9999286755102935,
      "ece": 0.08785051287328638,
      "mce": 0.7324315599426001,
      "mae": 0.08880225661531015,
      "rmse": 0.17885146696117707,
      "encryption_time": 0.0,
      "aggregation_time": 0.0012040138244628906,
      "evaluation_time": 0.012305736541748047,
      "total_time": 0.04115152359008789
    },
    {
      "round": 47,
      "accuracy": 0.956,
      "f1_score": 0.9501133786848073,
      "precision": 0.9049676025917927,
      "recall": 1.0,
      "auc": 0.9999460850562153,
      "pr_auc": 0.9999286755102935,
      "ece": 0.08785051287328638,
      "mce": 0.7324315599426001,
      "mae": 0.08880225661531015,
      "rmse": 0.17885146696117707,
      "encryption_time": 0.0,
      "aggregation_time": 0.0,
      "evaluation_time": 0.013644695281982422,
      "total_time": 0.037129878997802734
    },
    {
      "round": 48,
      "accuracy": 0.956,
      "f1_score": 0.9501133786848073,
      "precision": 0.9049676025917927,
      "recall": 1.0,
      "auc": 0.9999460850562153,
      "pr_auc": 0.9999286755102935,
      "ece": 0.08785051287328638,
      "mce": 0.7324315599426001,
      "mae": 0.08880225661531015,
      "rmse": 0.17885146696117707,
      "encryption_time": 0.0,
      "aggregation_time": 0.0,
      "evaluation_time": 0.01100611686706543,
      "total_time": 0.03493809700012207
    },
    {
      "round": 49,
      "accuracy": 0.956,
      "f1_score": 0.9501133786848073,
      "precision": 0.9049676025917927,
      "recall": 1.0,
      "auc": 0.9999460850562153,
      "pr_auc": 0.9999286755102935,
      "ece": 0.08785051287328638,
      "mce": 0.7324315599426001,
      "mae": 0.08880225661531015,
      "rmse": 0.17885146696117707,
      "encryption_time": 0.0,
      "aggregation_time": 0.0,
      "evaluation_time": 0.009134769439697266,
      "total_time": 0.035321712493896484
    },
    {
      "round": 50,
      "accuracy": 0.956,
      "f1_score": 0.9501133786848073,
      "precision": 0.9049676025917927,
      "recall": 1.0,
      "auc": 0.9999460850562153,
      "pr_auc": 0.9999286755102935,
      "ece": 0.08785051287328638,
      "mce": 0.7324315599426001,
      "mae": 0.08880225661531015,
      "rmse": 0.17885146696117707,
      "encryption_time": 0.0,
      "aggregation_time": 0.0,
      "evaluation_time": 0.01369333267211914,
      "total_time": 0.04606366157531738
    },
    {
      "round": 51,
      "accuracy": 0.956,
      "f1_score": 0.9501133786848073,
      "precision": 0.9049676025917927,
      "recall": 1.0,
      "auc": 0.9999460850562153,
      "pr_auc": 0.9999286755102935,
      "ece": 0.08785051287328638,
      "mce": 0.7324315599426001,
      "mae": 0.08880225661531015,
      "rmse": 0.17885146696117707,
      "encryption_time": 0.0,
      "aggregation_time": 0.0,
      "evaluation_time": 0.010205507278442383,
      "total_time": 0.03665924072265625
    },
    {
      "round": 52,
      "accuracy": 0.956,
      "f1_score": 0.9501133786848073,
      "precision": 0.9049676025917927,
      "recall": 1.0,
      "auc": 0.9999460850562153,
      "pr_auc": 0.9999286755102935,
      "ece": 0.08785051287328638,
      "mce": 0.7324315599426001,
      "mae": 0.08880225661531015,
      "rmse": 0.17885146696117707,
      "encryption_time": 0.0,
      "aggregation_time": 0.0,
      "evaluation_time": 0.015268087387084961,
      "total_time": 0.052039146423339844
    },
    {
      "round": 53,
      "accuracy": 0.956,
      "f1_score": 0.9501133786848073,
      "precision": 0.9049676025917927,
      "recall": 1.0,
      "auc": 0.9999460850562153,
      "pr_auc": 0.9999286755102935,
      "ece": 0.08785051287328638,
      "mce": 0.7324315599426001,
      "mae": 0.08880225661531015,
      "rmse": 0.17885146696117707,
      "encryption_time": 0.0,
      "aggregation_time": 0.0,
      "evaluation_time": 0.013889074325561523,
      "total_time": 0.03709530830383301
    },
    {
      "round": 54,
      "accuracy": 0.956,
      "f1_score": 0.9501133786848073,
      "precision": 0.9049676025917927,
      "recall": 1.0,
      "auc": 0.9999460850562153,
      "pr_auc": 0.9999286755102935,
      "ece": 0.08785051287328638,
      "mce": 0.7324315599426001,
      "mae": 0.08880225661531015,
      "rmse": 0.17885146696117707,
      "encryption_time": 0.0,
      "aggregation_time": 0.0,
      "evaluation_time": 0.011295795440673828,
      "total_time": 0.03515291213989258
    },
    {
      "round": 55,
      "accuracy": 0.956,
      "f1_score": 0.9501133786848073,
      "precision": 0.9049676025917927,
      "recall": 1.0,
      "auc": 0.9999460850562153,
      "pr_auc": 0.9999286755102935,
      "ece": 0.08785051287328638,
      "mce": 0.7324315599426001,
      "mae": 0.08880225661531015,
      "rmse": 0.17885146696117707,
      "encryption_time": 0.0,
      "aggregation_time": 0.0,
      "evaluation_time": 0.011400699615478516,
      "total_time": 0.04185914993286133
    },
    {
      "round": 56,
      "accuracy": 0.956,
      "f1_score": 0.9501133786848073,
      "precision": 0.9049676025917927,
      "recall": 1.0,
      "auc": 0.9999460850562153,
      "pr_auc": 0.9999286755102935,
      "ece": 0.08785051287328638,
      "mce": 0.7324315599426001,
      "mae": 0.08880225661531015,
      "rmse": 0.17885146696117707,
      "encryption_time": 0.0,
      "aggregation_time": 0.0,
      "evaluation_time": 0.013187885284423828,
      "total_time": 0.0400691032409668
    },
    {
      "round": 57,
      "accuracy": 0.956,
      "f1_score": 0.9501133786848073,
      "precision": 0.9049676025917927,
      "recall": 1.0,
      "auc": 0.9999460850562153,
      "pr_auc": 0.9999286755102935,
      "ece": 0.08785051287328638,
      "mce": 0.7324315599426001,
      "mae": 0.08880225661531015,
      "rmse": 0.17885146696117707,
      "encryption_time": 0.0,
      "aggregation_time": 0.0,
      "evaluation_time": 0.012117624282836914,
      "total_time": 0.03921318054199219
    },
    {
      "round": 58,
      "accuracy": 0.956,
      "f1_score": 0.9501133786848073,
      "precision": 0.9049676025917927,
      "recall": 1.0,
      "auc": 0.9999460850562153,
      "pr_auc": 0.9999286755102935,
      "ece": 0.08785051287328638,
      "mce": 0.7324315599426001,
      "mae": 0.08880225661531015,
      "rmse": 0.17885146696117707,
      "encryption_time": 0.0,
      "aggregation_time": 0.0,
      "evaluation_time": 0.013158082962036133,
      "total_time": 0.03970050811767578
    },
    {
      "round": 59,
      "accuracy": 0.956,
      "f1_score": 0.9501133786848073,
      "precision": 0.9049676025917927,
      "recall": 1.0,
      "auc": 0.9999460850562153,
      "pr_auc": 0.9999286755102935,
      "ece": 0.08785051287328638,
      "mce": 0.7324315599426001,
      "mae": 0.08880225661531015,
      "rmse": 0.17885146696117707,
      "encryption_time": 0.0,
      "aggregation_time": 0.0,
      "evaluation_time": 0.01246953010559082,
      "total_time": 0.035616159439086914
    },
    {
      "round": 60,
      "accuracy": 0.956,
      "f1_score": 0.9501133786848073,
      "precision": 0.9049676025917927,
      "recall": 1.0,
      "auc": 0.9999460850562153,
      "pr_auc": 0.9999286755102935,
      "ece": 0.08785051287328638,
      "mce": 0.7324315599426001,
      "mae": 0.08880225661531015,
      "rmse": 0.17885146696117707,
      "encryption_time": 0.0,
      "aggregation_time": 0.0,
      "evaluation_time": 0.010637044906616211,
      "total_time": 0.03870201110839844
    }
  ]
}