{
  "pipeline_type": "plaintext_edge_device_fl",
  "configuration": {
    "rounds": 40,
    "clients": 40,
    "patience": 999
  },
  "results": [
    {
      "round": 1,
      "accuracy": 0.955625,
      "f1_score": 0.9515226000273113,
      "precision": 0.9089486042264545,
      "recall": 0.9982808022922636,
      "roc_auc": 0.9996060330751784,
      "pr_auc": 0.9995337051841211,
      "mae": 0.10638239704155569,
      "rmse": 0.19450410708775923,
      "ece": 0.10234207486975502,
      "mce": 0.5636308486107421,
      "round_time": 0.09920358657836914,
      "client_training_time": 0.08072447776794434,
      "edge_processing_wall_time": 0.0020983219146728516,
      "total_pure_processing_time": 0.0,
      "avg_processing_per_client": 0.0,
      "server_aggregation_time": 0.0,
      "internal_aggregation_time": 0.0,
      "evaluation_time": 0.015280961990356445,
      "clients_processed": 40
    },
    {
      "round": 2,
      "accuracy": 0.957125,
      "f1_score": 0.9530715556163634,
      "precision": 0.9120188531029065,
      "recall": 0.9979942693409742,
      "roc_auc": 0.9996194384970679,
      "pr_auc": 0.999549761885743,
      "mae": 0.106150063093773,
      "rmse": 0.1941022501697198,
      "ece": 0.10195791678963743,
      "mce": 0.5639796602610414,
      "round_time": 0.10893130302429199,
      "client_training_time": 0.08701157569885254,
      "edge_processing_wall_time": 0.006539344787597656,
      "total_pure_processing_time": 0.0,
      "avg_processing_per_client": 0.0,
      "server_aggregation_time": 0.0010654926300048828,
      "internal_aggregation_time": 0.0,
      "evaluation_time": 0.01330876350402832,
      "clients_processed": 40
    },
    {
      "round": 3,
      "accuracy": 0.957875,
      "f1_score": 0.9538798412481182,
      "precision": 0.9130206968823683,
      "recall": 0.998567335243553,
      "roc_auc": 0.9996443433566922,
      "pr_auc": 0.9995732429547404,
      "mae": 0.1052364785874104,
      "rmse": 0.19226090082014025,
      "ece": 0.10109717350102856,
      "mce": 0.5437112369455916,
      "round_time": 0.08794307708740234,
      "client_training_time": 0.07038688659667969,
      "edge_processing_wall_time": 0.002056598663330078,
      "total_pure_processing_time": 0.0,
      "avg_processing_per_client": 0.0,
      "server_aggregation_time": 0.0,
      "internal_aggregation_time": 0.0,
      "evaluation_time": 0.014478683471679688,
      "clients_processed": 40
    },
    {
      "round": 4,
      "accuracy": 0.958375,
      "f1_score": 0.9544147843942505,
      "precision": 0.9137614678899083,
      "recall": 0.9988538681948425,
      "roc_auc": 0.9996416749788755,
      "pr_auc": 0.9995748452993783,
      "mae": 0.10649248305925078,
      "rmse": 0.19375546389896184,
      "ece": 0.10214195688105143,
      "mce": 0.5515123509292478,
      "round_time": 0.08927011489868164,
      "client_training_time": 0.06842494010925293,
      "edge_processing_wall_time": 0.0032889842987060547,
      "total_pure_processing_time": 0.0,
      "avg_processing_per_client": 0.0,
      "server_aggregation_time": 0.0010538101196289062,
      "internal_aggregation_time": 0.0,
      "evaluation_time": 0.015505790710449219,
      "clients_processed": 40
    },
    {
      "round": 5,
      "accuracy": 0.95575,
      "f1_score": 0.9516789516789517,
      "precision": 0.9087591240875912,
      "recall": 0.9988538681948425,
      "roc_auc": 0.9996252835151431,
      "pr_auc": 0.9995499489364409,
      "mae": 0.10737868593550971,
      "rmse": 0.19571868243344287,
      "ece": 0.10307886791770017,
      "mce": 0.535997804805763,
      "round_time": 0.09074068069458008,
      "client_training_time": 0.06854438781738281,
      "edge_processing_wall_time": 0.005540370941162109,
      "total_pure_processing_time": 0.0,
      "avg_processing_per_client": 0.0,
      "server_aggregation_time": 0.0,
      "internal_aggregation_time": 0.0,
      "evaluation_time": 0.015650272369384766,
      "clients_processed": 40
    },
    {
      "round": 6,
      "accuracy": 0.954625,
      "f1_score": 0.9505247376311844,
      "precision": 0.9064205874707564,
      "recall": 0.9991404011461318,
      "roc_auc": 0.9996231869325726,
      "pr_auc": 0.9995517732841018,
      "mae": 0.10868857993076712,
      "rmse": 0.19775939297979617,
      "ece": 0.10455383517206492,
      "mce": 0.5656345436733249,
      "round_time": 0.08806037902832031,
      "client_training_time": 0.06806373596191406,
      "edge_processing_wall_time": 0.0032346248626708984,
      "total_pure_processing_time": 0.0,
      "avg_processing_per_client": 0.0,
      "server_aggregation_time": 0.0,
      "internal_aggregation_time": 0.0,
      "evaluation_time": 0.01676201820373535,
      "clients_processed": 40
    },
    {
      "round": 7,
      "accuracy": 0.95625,
      "f1_score": 0.9521727247881935,
      "precision": 0.910135841170324,
      "recall": 0.9982808022922636,
      "roc_auc": 0.999617087783277,
      "pr_auc": 0.9995444002170197,
      "mae": 0.10667733134938072,
      "rmse": 0.19472077491072148,
      "ece": 0.10263353287154364,
      "mce": 0.5726935280641804,
      "round_time": 0.10482549667358398,
      "client_training_time": 0.08924579620361328,
      "edge_processing_wall_time": 0.0043261051177978516,
      "total_pure_processing_time": 0.0,
      "avg_processing_per_client": 0.0,
      "server_aggregation_time": 0.0,
      "internal_aggregation_time": 0.0,
      "evaluation_time": 0.011253595352172852,
      "clients_processed": 40
    },
    {
      "round": 8,
      "accuracy": 0.9585,
      "f1_score": 0.9545578976183958,
      "precision": 0.9137840670859538,
      "recall": 0.9991404011461318,
      "roc_auc": 0.9996188031690163,
      "pr_auc": 0.9995419289993496,
      "mae": 0.10711279824465048,
      "rmse": 0.19426890748082556,
      "ece": 0.10261280111306358,
      "mce": 0.5268415693728794,
      "round_time": 0.09401106834411621,
      "client_training_time": 0.07528257369995117,
      "edge_processing_wall_time": 0.003605365753173828,
      "total_pure_processing_time": 0.0,
      "avg_processing_per_client": 0.0,
      "server_aggregation_time": 0.001031637191772461,
      "internal_aggregation_time": 0.0,
      "evaluation_time": 0.01409149169921875,
      "clients_processed": 40
    },
    {
      "round": 9,
      "accuracy": 0.9615,
      "f1_score": 0.9577039274924471,
      "precision": 0.9195675105485233,
      "recall": 0.9991404011461318,
      "roc_auc": 0.9997123234582177,
      "pr_auc": 0.9996545223600122,
      "mae": 0.10692851951566994,
      "rmse": 0.1921942239394893,
      "ece": 0.10298582687303823,
      "mce": 0.5381887578849989,
      "round_time": 0.09252548217773438,
      "client_training_time": 0.0710897445678711,
      "edge_processing_wall_time": 0.0041925907135009766,
      "total_pure_processing_time": 0.0,
      "avg_processing_per_client": 0.0,
      "server_aggregation_time": 0.0020613670349121094,
      "internal_aggregation_time": 0.0,
      "evaluation_time": 0.015181779861450195,
      "clients_processed": 40
    },
    {
      "round": 10,
      "accuracy": 0.957125,
      "f1_score": 0.9530843933798386,
      "precision": 0.9118031928814446,
      "recall": 0.9982808022922636,
      "roc_auc": 0.9996183584393802,
      "pr_auc": 0.9995492806387405,
      "mae": 0.10605613870051414,
      "rmse": 0.19316099897545214,
      "ece": 0.10195191559025803,
      "mce": 0.5629008666120628,
      "round_time": 0.09522199630737305,
      "client_training_time": 0.07534623146057129,
      "edge_processing_wall_time": 0.0030655860900878906,
      "total_pure_processing_time": 0.0,
      "avg_processing_per_client": 0.0,
      "server_aggregation_time": 0.0,
      "internal_aggregation_time": 0.0,
      "evaluation_time": 0.016810178756713867,
      "clients_processed": 40
    },
    {
      "round": 11,
      "accuracy": 0.954875,
      "f1_score": 0.9507570590642477,
      "precision": 0.9073158031762562,
      "recall": 0.998567335243553,
      "roc_auc": 0.999548154689674,
      "pr_auc": 0.9994612888279153,
      "mae": 0.10845285685474947,
      "rmse": 0.1969858874643668,
      "ece": 0.10395036796334209,
      "mce": 0.550739564936677,
      "round_time": 0.09626626968383789,
      "client_training_time": 0.07804274559020996,
      "edge_processing_wall_time": 0.003055572509765625,
      "total_pure_processing_time": 0.0,
      "avg_processing_per_client": 0.0,
      "server_aggregation_time": 0.0,
      "internal_aggregation_time": 0.0,
      "evaluation_time": 0.015167951583862305,
      "clients_processed": 40
    },
    {
      "round": 12,
      "accuracy": 0.956125,
      "f1_score": 0.9520164046479836,
      "precision": 0.910326797385621,
      "recall": 0.9977077363896848,
      "roc_auc": 0.9995233768956601,
      "pr_auc": 0.9994354440933361,
      "mae": 0.10666643693863191,
      "rmse": 0.19417332311404012,
      "ece": 0.10193209890408245,
      "mce": 0.5105169035483734,
      "round_time": 0.08753228187561035,
      "client_training_time": 0.06934928894042969,
      "edge_processing_wall_time": 0.002435922622680664,
      "total_pure_processing_time": 0.0,
      "avg_processing_per_client": 0.0,
      "server_aggregation_time": 0.0,
      "internal_aggregation_time": 0.0,
      "evaluation_time": 0.014371871948242188,
      "clients_processed": 40
    },
    {
      "round": 13,
      "accuracy": 0.95725,
      "f1_score": 0.9532147742818058,
      "precision": 0.912041884816754,
      "recall": 0.9982808022922636,
      "roc_auc": 0.9996293496146735,
      "pr_auc": 0.9995591805362637,
      "mae": 0.10628574742119837,
      "rmse": 0.19354406964289475,
      "ece": 0.10218713351054419,
      "mce": 0.538560026067723,
      "round_time": 0.08874177932739258,
      "client_training_time": 0.07207369804382324,
      "edge_processing_wall_time": 0.003473997116088867,
      "total_pure_processing_time": 0.0,
      "avg_processing_per_client": 0.0,
      "server_aggregation_time": 0.0013871192932128906,
      "internal_aggregation_time": 0.0,
      "evaluation_time": 0.011806964874267578,
      "clients_processed": 40
    },
    {
      "round": 14,
      "accuracy": 0.9555,
      "f1_score": 0.951392681594757,
      "precision": 0.9087115284298383,
      "recall": 0.9982808022922636,
      "roc_auc": 0.9995545715029955,
      "pr_auc": 0.9994721643870763,
      "mae": 0.10759675004917205,
      "rmse": 0.19594577553394205,
      "ece": 0.10303183884797676,
      "mce": 0.5352767572236974,
      "round_time": 0.09224057197570801,
      "client_training_time": 0.07509613037109375,
      "edge_processing_wall_time": 0.0030705928802490234,
      "total_pure_processing_time": 0.0,
      "avg_processing_per_client": 0.0,
      "server_aggregation_time": 0.0,
      "internal_aggregation_time": 0.0,
      "evaluation_time": 0.014073848724365234,
      "clients_processed": 40
    },
    {
      "round": 15,
      "accuracy": 0.957,
      "f1_score": 0.9529669127700301,
      "precision": 0.9113493723849372,
      "recall": 0.998567335243553,
      "roc_auc": 0.9996358299608002,
      "pr_auc": 0.9995646160773404,
      "mae": 0.10666235132768036,
      "rmse": 0.19481165881132192,
      "ece": 0.10262929455916311,
      "mce": 0.5704148152818027,
      "round_time": 0.11484360694885254,
      "client_training_time": 0.07016348838806152,
      "edge_processing_wall_time": 0.008001565933227539,
      "total_pure_processing_time": 0.0,
      "avg_processing_per_client": 0.0,
      "server_aggregation_time": 0.0014050006866455078,
      "internal_aggregation_time": 0.0,
      "evaluation_time": 0.03527355194091797,
      "clients_processed": 40
    },
    {
      "round": 16,
      "accuracy": 0.956,
      "f1_score": 0.9518862766539092,
      "precision": 0.9100888656560376,
      "recall": 0.9977077363896848,
      "roc_auc": 0.9996433903646148,
      "pr_auc": 0.9995753179419274,
      "mae": 0.10720104889596369,
      "rmse": 0.19446869547914403,
      "ece": 0.10311742678190781,
      "mce": 0.5707576694178572,
      "round_time": 0.09673476219177246,
      "client_training_time": 0.07495999336242676,
      "edge_processing_wall_time": 0.004988670349121094,
      "total_pure_processing_time": 0.0,
      "avg_processing_per_client": 0.0,
      "server_aggregation_time": 0.0010046958923339844,
      "internal_aggregation_time": 0.0,
      "evaluation_time": 0.015781402587890625,
      "clients_processed": 40
    },
    {
      "round": 17,
      "accuracy": 0.955875,
      "f1_score": 0.9518088737201366,
      "precision": 0.9089960886571056,
      "recall": 0.9988538681948425,
      "roc_auc": 0.9996539368102719,
      "pr_auc": 0.999584604521844,
      "mae": 0.10676436944480468,
      "rmse": 0.1949434518137268,
      "ece": 0.10235151246472773,
      "mce": 0.5364628626204859,
      "round_time": 0.11403179168701172,
      "client_training_time": 0.08975601196289062,
      "edge_processing_wall_time": 0.006525278091430664,
      "total_pure_processing_time": 0.0,
      "avg_processing_per_client": 0.0,
      "server_aggregation_time": 0.0010170936584472656,
      "internal_aggregation_time": 0.0,
      "evaluation_time": 0.015723228454589844,
      "clients_processed": 40
    },
    {
      "round": 18,
      "accuracy": 0.956375,
      "f1_score": 0.9523289168146428,
      "precision": 0.9099451840250588,
      "recall": 0.9988538681948425,
      "roc_auc": 0.9996862750081004,
      "pr_auc": 0.9996281738802624,
      "mae": 0.10637068094677511,
      "rmse": 0.19410925692322883,
      "ece": 0.10280231763098849,
      "mce": 0.5901873060644295,
      "round_time": 0.09460759162902832,
      "client_training_time": 0.07236337661743164,
      "edge_processing_wall_time": 0.004551410675048828,
      "total_pure_processing_time": 0.0,
      "avg_processing_per_client": 0.0,
      "server_aggregation_time": 0.001154184341430664,
      "internal_aggregation_time": 0.0,
      "evaluation_time": 0.015285968780517578,
      "clients_processed": 40
    },
    {
      "round": 19,
      "accuracy": 0.956125,
      "f1_score": 0.9520557300915176,
      "precision": 0.9096841555729575,
      "recall": 0.998567335243553,
      "roc_auc": 0.9996038094269976,
      "pr_auc": 0.999527089209799,
      "mae": 0.10775713998509238,
      "rmse": 0.195975633303468,
      "ece": 0.10335285367446904,
      "mce": 0.5418700685939482,
      "round_time": 0.09028339385986328,
      "client_training_time": 0.07332348823547363,
      "edge_processing_wall_time": 0.002601146697998047,
      "total_pure_processing_time": 0.0,
      "avg_processing_per_client": 0.0,
      "server_aggregation_time": 0.0,
      "internal_aggregation_time": 0.0,
      "evaluation_time": 0.014358758926391602,
      "clients_processed": 40
    },
    {
      "round": 20,
      "accuracy": 0.955875,
      "f1_score": 0.9518088737201366,
      "precision": 0.9089960886571056,
      "recall": 0.9988538681948425,
      "roc_auc": 0.9996350675671383,
      "pr_auc": 0.9995698879607148,
      "mae": 0.10580617910871216,
      "rmse": 0.1942604720135724,
      "ece": 0.10188977829627408,
      "mce": 0.5966651425519075,
      "round_time": 0.08194947242736816,
      "client_training_time": 0.06407022476196289,
      "edge_processing_wall_time": 0.003060579299926758,
      "total_pure_processing_time": 0.0,
      "avg_processing_per_client": 0.0,
      "server_aggregation_time": 0.0,
      "internal_aggregation_time": 0.0,
      "evaluation_time": 0.013784646987915039,
      "clients_processed": 40
    },
    {
      "round": 21,
      "accuracy": 0.95825,
      "f1_score": 0.9542591070939469,
      "precision": 0.9139559286463799,
      "recall": 0.9982808022922636,
      "roc_auc": 0.9996183584393801,
      "pr_auc": 0.9995485314982567,
      "mae": 0.10456335883499232,
      "rmse": 0.19202391140741917,
      "ece": 0.10053298441112579,
      "mce": 0.5830960402677073,
      "round_time": 0.08747053146362305,
      "client_training_time": 0.0700991153717041,
      "edge_processing_wall_time": 0.0020613670349121094,
      "total_pure_processing_time": 0.0,
      "avg_processing_per_client": 0.0,
      "server_aggregation_time": 0.0010175704956054688,
      "internal_aggregation_time": 0.0,
      "evaluation_time": 0.014292478561401367,
      "clients_processed": 40
    },
    {
      "round": 22,
      "accuracy": 0.9585,
      "f1_score": 0.9545578976183958,
      "precision": 0.9137840670859538,
      "recall": 0.9991404011461318,
      "roc_auc": 0.9996143558726549,
      "pr_auc": 0.9995357300865346,
      "mae": 0.10585449964858328,
      "rmse": 0.19365705565284497,
      "ece": 0.10128620479001314,
      "mce": 0.5140451388240551,
      "round_time": 0.08693051338195801,
      "client_training_time": 0.0682535171508789,
      "edge_processing_wall_time": 0.003469228744506836,
      "total_pure_processing_time": 0.0,
      "avg_processing_per_client": 0.0,
      "server_aggregation_time": 0.0,
      "internal_aggregation_time": 0.0,
      "evaluation_time": 0.01421046257019043,
      "clients_processed": 40
    },
    {
      "round": 23,
      "accuracy": 0.96175,
      "f1_score": 0.9579554822753503,
      "precision": 0.9202745512143612,
      "recall": 0.9988538681948425,
      "roc_auc": 0.9996932636166684,
      "pr_auc": 0.9996327213742555,
      "mae": 0.10562990160593866,
      "rmse": 0.1912237076663315,
      "ece": 0.10132200278217453,
      "mce": 0.505295509553713,
      "round_time": 0.09201478958129883,
      "client_training_time": 0.06897997856140137,
      "edge_processing_wall_time": 0.0046634674072265625,
      "total_pure_processing_time": 0.0,
      "avg_processing_per_client": 0.0,
      "server_aggregation_time": 0.0010232925415039062,
      "internal_aggregation_time": 0.0,
      "evaluation_time": 0.017348051071166992,
      "clients_processed": 40
    },
    {
      "round": 24,
      "accuracy": 0.957875,
      "f1_score": 0.9538924613490217,
      "precision": 0.9128043990573449,
      "recall": 0.9988538681948425,
      "roc_auc": 0.9996928824198374,
      "pr_auc": 0.9996365377877282,
      "mae": 0.10549148047686213,
      "rmse": 0.1920183737414852,
      "ece": 0.10224527724001611,
      "mce": 0.60753861227099,
      "round_time": 0.09041929244995117,
      "client_training_time": 0.07156920433044434,
      "edge_processing_wall_time": 0.002155780792236328,
      "total_pure_processing_time": 0.0,
      "avg_processing_per_client": 0.0,
      "server_aggregation_time": 0.0010223388671875,
      "internal_aggregation_time": 0.0,
      "evaluation_time": 0.014540910720825195,
      "clients_processed": 40
    },
    {
      "round": 25,
      "accuracy": 0.96025,
      "f1_score": 0.9563426688632619,
      "precision": 0.9180284659989457,
      "recall": 0.9979942693409742,
      "roc_auc": 0.9996831619006473,
      "pr_auc": 0.9996222333860361,
      "mae": 0.10443497918489619,
      "rmse": 0.18941019438028966,
      "ece": 0.1005084594707092,
      "mce": 0.5686232324995713,
      "round_time": 0.08589959144592285,
      "client_training_time": 0.06598258018493652,
      "edge_processing_wall_time": 0.003465890884399414,
      "total_pure_processing_time": 0.0,
      "avg_processing_per_client": 0.0,
      "server_aggregation_time": 0.0,
      "internal_aggregation_time": 0.0,
      "evaluation_time": 0.015285253524780273,
      "clients_processed": 40
    },
    {
      "round": 26,
      "accuracy": 0.956875,
      "f1_score": 0.9528108329913828,
      "precision": 0.911541481287621,
      "recall": 0.9979942693409742,
      "roc_auc": 0.9996325262549317,
      "pr_auc": 0.9995670318541807,
      "mae": 0.1047078837493803,
      "rmse": 0.19172166969038285,
      "ece": 0.10077178383328535,
      "mce": 0.5941765631922531,
      "round_time": 0.09246420860290527,
      "client_training_time": 0.07442951202392578,
      "edge_processing_wall_time": 0.0020532608032226562,
      "total_pure_processing_time": 0.0,
      "avg_processing_per_client": 0.0,
      "server_aggregation_time": 0.001018524169921875,
      "internal_aggregation_time": 0.0,
      "evaluation_time": 0.014962911605834961,
      "clients_processed": 40
    },
    {
      "round": 27,
      "accuracy": 0.956625,
      "f1_score": 0.9525761924285909,
      "precision": 0.9106349621113143,
      "recall": 0.998567335243553,
      "roc_auc": 0.9996351946327486,
      "pr_auc": 0.9995703646062366,
      "mae": 0.1069627210061091,
      "rmse": 0.1944373834367688,
      "ece": 0.10318017107361356,
      "mce": 0.590728178909265,
      "round_time": 0.09362673759460449,
      "client_training_time": 0.0719292163848877,
      "edge_processing_wall_time": 0.006536722183227539,
      "total_pure_processing_time": 0.0,
      "avg_processing_per_client": 0.0,
      "server_aggregation_time": 0.0,
      "internal_aggregation_time": 0.0,
      "evaluation_time": 0.013838052749633789,
      "clients_processed": 40
    },
    {
      "round": 28,
      "accuracy": 0.956375,
      "f1_score": 0.9523158901489275,
      "precision": 0.9101593105249413,
      "recall": 0.998567335243553,
      "roc_auc": 0.9996218527436642,
      "pr_auc": 0.999550079836688,
      "mae": 0.1072960256390714,
      "rmse": 0.19499962289460349,
      "ece": 0.10314002047780291,
      "mce": 0.5784402885304648,
      "round_time": 0.09251546859741211,
      "client_training_time": 0.0751190185546875,
      "edge_processing_wall_time": 0.002741098403930664,
      "total_pure_processing_time": 0.0,
      "avg_processing_per_client": 0.0,
      "server_aggregation_time": 0.0,
      "internal_aggregation_time": 0.0,
      "evaluation_time": 0.014655351638793945,
      "clients_processed": 40
    },
    {
      "round": 29,
      "accuracy": 0.957375,
      "f1_score": 0.9533579537682944,
      "precision": 0.9120649044752682,
      "recall": 0.998567335243553,
      "roc_auc": 0.9996947884039924,
      "pr_auc": 0.9996384611516522,
      "mae": 0.10664805642818473,
      "rmse": 0.19340417735587195,
      "ece": 0.10319638425034518,
      "mce": 0.5949480160750551,
      "round_time": 0.08717155456542969,
      "client_training_time": 0.06803417205810547,
      "edge_processing_wall_time": 0.0033597946166992188,
      "total_pure_processing_time": 0.0,
      "avg_processing_per_client": 0.0,
      "server_aggregation_time": 0.0012850761413574219,
      "internal_aggregation_time": 0.0,
      "evaluation_time": 0.014492511749267578,
      "clients_processed": 40
    },
    {
      "round": 30,
      "accuracy": 0.957,
      "f1_score": 0.9529797703663204,
      "precision": 0.9111343439623628,
      "recall": 0.9988538681948425,
      "roc_auc": 0.9997036829967154,
      "pr_auc": 0.999645486018528,
      "mae": 0.1065700225860732,
      "rmse": 0.1938044018775545,
      "ece": 0.1029033268635339,
      "mce": 0.5702228644306868,
      "round_time": 0.081878662109375,
      "client_training_time": 0.06353163719177246,
      "edge_processing_wall_time": 0.002223968505859375,
      "total_pure_processing_time": 0.0,
      "avg_processing_per_client": 0.0,
      "server_aggregation_time": 0.0010638236999511719,
      "internal_aggregation_time": 0.0,
      "evaluation_time": 0.015059232711791992,
      "clients_processed": 40
    },
    {
      "round": 31,
      "accuracy": 0.95825,
      "f1_score": 0.9542591070939469,
      "precision": 0.9139559286463799,
      "recall": 0.9982808022922636,
      "roc_auc": 0.9996429456349786,
      "pr_auc": 0.9995734952078414,
      "mae": 0.1054335311948308,
      "rmse": 0.19241050018693834,
      "ece": 0.10150228407631551,
      "mce": 0.5735867754878251,
      "round_time": 0.08785247802734375,
      "client_training_time": 0.06844425201416016,
      "edge_processing_wall_time": 0.005342245101928711,
      "total_pure_processing_time": 0.0,
      "avg_processing_per_client": 0.0,
      "server_aggregation_time": 0.0009989738464355469,
      "internal_aggregation_time": 0.0,
      "evaluation_time": 0.013067007064819336,
      "clients_processed": 40
    },
    {
      "round": 32,
      "accuracy": 0.958625,
      "f1_score": 0.9546513220989177,
      "precision": 0.9146757679180887,
      "recall": 0.9982808022922636,
      "roc_auc": 0.9995216615099206,
      "pr_auc": 0.9994299609873608,
      "mae": 0.10664685298683693,
      "rmse": 0.19413594906925888,
      "ece": 0.10163700188808462,
      "mce": 0.4949316325074968,
      "round_time": 0.0906820297241211,
      "client_training_time": 0.07121753692626953,
      "edge_processing_wall_time": 0.003453493118286133,
      "total_pure_processing_time": 0.0,
      "avg_processing_per_client": 0.0,
      "server_aggregation_time": 0.0,
      "internal_aggregation_time": 0.0,
      "evaluation_time": 0.01601099967956543,
      "clients_processed": 40
    },
    {
      "round": 33,
      "accuracy": 0.95875,
      "f1_score": 0.9547697368421053,
      "precision": 0.9151339989490278,
      "recall": 0.9979942693409742,
      "roc_auc": 0.9996637208622672,
      "pr_auc": 0.9996000823154813,
      "mae": 0.10420372361731736,
      "rmse": 0.19123005025170445,
      "ece": 0.10067054666717667,
      "mce": 0.5920819106371914,
      "round_time": 0.08982491493225098,
      "client_training_time": 0.07084774971008301,
      "edge_processing_wall_time": 0.004530668258666992,
      "total_pure_processing_time": 0.0,
      "avg_processing_per_client": 0.0,
      "server_aggregation_time": 0.001272439956665039,
      "internal_aggregation_time": 0.0,
      "evaluation_time": 0.013174057006835938,
      "clients_processed": 40
    },
    {
      "round": 34,
      "accuracy": 0.957875,
      "f1_score": 0.9538545803094619,
      "precision": 0.9134539732494099,
      "recall": 0.9979942693409742,
      "roc_auc": 0.9996668975025254,
      "pr_auc": 0.9996044784370655,
      "mae": 0.106880567435887,
      "rmse": 0.19335627200564812,
      "ece": 0.10337948497690418,
      "mce": 0.5808749784043447,
      "round_time": 0.0943293571472168,
      "client_training_time": 0.07655000686645508,
      "edge_processing_wall_time": 0.0020558834075927734,
      "total_pure_processing_time": 0.0,
      "avg_processing_per_client": 0.0,
      "server_aggregation_time": 0.0,
      "internal_aggregation_time": 0.0,
      "evaluation_time": 0.015723466873168945,
      "clients_processed": 40
    },
    {
      "round": 35,
      "accuracy": 0.95875,
      "f1_score": 0.9547697368421053,
      "precision": 0.9151339989490278,
      "recall": 0.9979942693409742,
      "roc_auc": 0.9996783969402602,
      "pr_auc": 0.9996166940343323,
      "mae": 0.10492293382799195,
      "rmse": 0.19092072172135655,
      "ece": 0.10116449880506519,
      "mce": 0.5834404354262955,
      "round_time": 0.08879446983337402,
      "client_training_time": 0.06910824775695801,
      "edge_processing_wall_time": 0.0031876564025878906,
      "total_pure_processing_time": 0.0,
      "avg_processing_per_client": 0.0,
      "server_aggregation_time": 0.0012836456298828125,
      "internal_aggregation_time": 0.0,
      "evaluation_time": 0.015214920043945312,
      "clients_processed": 40
    },
    {
      "round": 36,
      "accuracy": 0.959375,
      "f1_score": 0.9554489376285127,
      "precision": 0.9159001314060446,
      "recall": 0.998567335243553,
      "roc_auc": 0.9997255382816918,
      "pr_auc": 0.9996740739812571,
      "mae": 0.10488253497435662,
      "rmse": 0.19128739358334151,
      "ece": 0.10136393104050205,
      "mce": 0.6040482766115451,
      "round_time": 0.09178352355957031,
      "client_training_time": 0.07497787475585938,
      "edge_processing_wall_time": 0.002122163772583008,
      "total_pure_processing_time": 0.0,
      "avg_processing_per_client": 0.0,
      "server_aggregation_time": 0.0,
      "internal_aggregation_time": 0.0,
      "evaluation_time": 0.01468348503112793,
      "clients_processed": 40
    },
    {
      "round": 37,
      "accuracy": 0.957375,
      "f1_score": 0.9533579537682944,
      "precision": 0.9120649044752682,
      "recall": 0.998567335243553,
      "roc_auc": 0.9996841148927249,
      "pr_auc": 0.9996261249915049,
      "mae": 0.10696887803153399,
      "rmse": 0.19391446568633314,
      "ece": 0.10301698131327063,
      "mce": 0.5823795212568202,
      "round_time": 0.08542561531066895,
      "client_training_time": 0.0686190128326416,
      "edge_processing_wall_time": 0.002063274383544922,
      "total_pure_processing_time": 0.0,
      "avg_processing_per_client": 0.0,
      "server_aggregation_time": 0.0,
      "internal_aggregation_time": 0.0,
      "evaluation_time": 0.013736724853515625,
      "clients_processed": 40
    },
    {
      "round": 38,
      "accuracy": 0.95775,
      "f1_score": 0.9537493158182814,
      "precision": 0.9127815610267156,
      "recall": 0.998567335243553,
      "roc_auc": 0.9996521578917275,
      "pr_auc": 0.9995830393796328,
      "mae": 0.10400024734776896,
      "rmse": 0.19164440178869832,
      "ece": 0.10003910109612706,
      "mce": 0.5406667820164226,
      "round_time": 0.12046408653259277,
      "client_training_time": 0.07516956329345703,
      "edge_processing_wall_time": 0.008110523223876953,
      "total_pure_processing_time": 0.0,
      "avg_processing_per_client": 0.0,
      "server_aggregation_time": 0.001081705093383789,
      "internal_aggregation_time": 0.0,
      "evaluation_time": 0.035021305084228516,
      "clients_processed": 40
    },
    {
      "round": 39,
      "accuracy": 0.957875,
      "f1_score": 0.9538545803094619,
      "precision": 0.9134539732494099,
      "recall": 0.9979942693409742,
      "roc_auc": 0.9995922464564577,
      "pr_auc": 0.9995136125260579,
      "mae": 0.10587896133243706,
      "rmse": 0.19297786544915055,
      "ece": 0.1013243278345634,
      "mce": 0.5292663821087717,
      "round_time": 0.15794062614440918,
      "client_training_time": 0.11201858520507812,
      "edge_processing_wall_time": 0.013037919998168945,
      "total_pure_processing_time": 0.0,
      "avg_processing_per_client": 0.0,
      "server_aggregation_time": 0.002130746841430664,
      "internal_aggregation_time": 0.0,
      "evaluation_time": 0.030753374099731445,
      "clients_processed": 40
    },
    {
      "round": 40,
      "accuracy": 0.956,
      "f1_score": 0.9519125683060109,
      "precision": 0.9096605744125327,
      "recall": 0.9982808022922636,
      "roc_auc": 0.9995641014237702,
      "pr_auc": 0.9994833101664552,
      "mae": 0.10545224842701821,
      "rmse": 0.19339103529935,
      "ece": 0.10102225180504004,
      "mce": 0.5820672349772545,
      "round_time": 0.12079238891601562,
      "client_training_time": 0.10108590126037598,
      "edge_processing_wall_time": 0.0031452178955078125,
      "total_pure_processing_time": 0.0,
      "avg_processing_per_client": 0.0,
      "server_aggregation_time": 0.0,
      "internal_aggregation_time": 0.0,
      "evaluation_time": 0.015487194061279297,
      "clients_processed": 40
    }
  ],
  "final_statistics": {
    "final_accuracy": 0.956,
    "best_accuracy": 0.96175,
    "total_time": 3.8382389545440674,
    "avg_round_time": 0.09565613865852356,
    "avg_client_training_time": 0.07448213696479797,
    "avg_edge_processing_wall_time": 0.003987306356430053,
    "avg_pure_processing_time": 0.0,
    "avg_processing_per_client": 0.0,
    "avg_server_aggregation_time": 0.0006094634532928467,
    "avg_internal_aggregation_time": 0.0,
    "avg_evaluation_time": 0.016137737035751342
  },
  "timing_statistics": {
    "total_client_training_time": 2.979285478591919,
    "total_edge_processing_wall_time": 0.15949225425720215,
    "total_pure_processing_time": 0.0,
    "total_server_aggregation_time": 0.024378538131713867,
    "total_internal_aggregation_time": 0.0,
    "total_evaluation_time": 0.6455094814300537,
    "total_time": 3.8382389545440674,
    "avg_round_time": 0.09565613865852356,
    "avg_client_training_time": 0.07448213696479797,
    "avg_edge_processing_wall_time": 0.003987306356430053,
    "avg_pure_processing_time": 0.0,
    "avg_processing_per_client": 0.0,
    "avg_server_aggregation_time": 0.0006094634532928467,
    "avg_internal_aggregation_time": 0.0,
    "avg_evaluation_time": 0.016137737035751342
  },
  "architecture": {
    "clients": 40,
    "edge_devices": 40,
    "cloud_servers": 1,
    "data_flow": "Client \u2192 Edge \u2192 Cloud \u2192 Edge \u2192 Client"
  }
}