{
  "pipeline_type": "plaintext_edge_device_fl",
  "configuration": {
    "rounds": 20,
    "clients": 10,
    "patience": 999
  },
  "results": [
    {
      "round": 1,
      "accuracy": 0.938,
      "f1_score": 0.923739237392374,
      "precision": 0.8582857142857143,
      "recall": 1.0,
      "roc_auc": 0.9999978678015649,
      "pr_auc": 0.9999964562647712,
      "mae": 0.09865890468695558,
      "rmse": 0.1987485470509953,
      "ece": 0.09826465394574525,
      "mce": 0.7297880132327298,
      "round_time": 0.04499387741088867,
      "client_training_time": 0.03354310989379883,
      "edge_processing_wall_time": 0.001994609832763672,
      "total_pure_processing_time": 0.0,
      "avg_processing_per_client": 0.0,
      "server_aggregation_time": 0.0,
      "internal_aggregation_time": 0.0,
      "evaluation_time": 0.009456157684326172,
      "clients_processed": 10
    },
    {
      "round": 2,
      "accuracy": 0.9395,
      "f1_score": 0.9254467036352434,
      "precision": 0.8612385321100917,
      "recall": 1.0,
      "roc_auc": 0.9999989339007824,
      "pr_auc": 0.9999982293112729,
      "mae": 0.09760396921476053,
      "rmse": 0.19724232110097112,
      "ece": 0.09718122294775869,
      "mce": 0.6441956809285655,
      "round_time": 0.028351783752441406,
      "client_training_time": 0.019512176513671875,
      "edge_processing_wall_time": 0.001157999038696289,
      "total_pure_processing_time": 0.0,
      "avg_processing_per_client": 0.0,
      "server_aggregation_time": 0.0010128021240234375,
      "internal_aggregation_time": 0.0,
      "evaluation_time": 0.006668806076049805,
      "clients_processed": 10
    },
    {
      "round": 3,
      "accuracy": 0.942,
      "f1_score": 0.9283065512978986,
      "precision": 0.8662053056516724,
      "recall": 1.0,
      "roc_auc": 0.9999957356031296,
      "pr_auc": 0.9999929453884886,
      "mae": 0.0968938957473139,
      "rmse": 0.1962234018944093,
      "ece": 0.09641113128792984,
      "mce": 0.641726580476313,
      "round_time": 0.025942564010620117,
      "client_training_time": 0.015123367309570312,
      "edge_processing_wall_time": 0.001012563705444336,
      "total_pure_processing_time": 0.0,
      "avg_processing_per_client": 0.0,
      "server_aggregation_time": 0.0,
      "internal_aggregation_time": 0.0,
      "evaluation_time": 0.008739948272705078,
      "clients_processed": 10
    },
    {
      "round": 4,
      "accuracy": 0.9385,
      "f1_score": 0.9243076923076923,
      "precision": 0.8592677345537757,
      "recall": 1.0,
      "roc_auc": 1.0,
      "pr_auc": 1.0,
      "mae": 0.09756111299474464,
      "rmse": 0.19673388496726404,
      "ece": 0.0971474681320799,
      "mce": 0.6535361242929612,
      "round_time": 0.027257919311523438,
      "client_training_time": 0.017371416091918945,
      "edge_processing_wall_time": 0.0013206005096435547,
      "total_pure_processing_time": 0.0,
      "avg_processing_per_client": 0.0,
      "server_aggregation_time": 0.0,
      "internal_aggregation_time": 0.0,
      "evaluation_time": 0.008565902709960938,
      "clients_processed": 10
    },
    {
      "round": 5,
      "accuracy": 0.94,
      "f1_score": 0.9260172626387176,
      "precision": 0.8622273249138921,
      "recall": 1.0,
      "roc_auc": 0.9999989339007824,
      "pr_auc": 0.9999982293112729,
      "mae": 0.09550724493022573,
      "rmse": 0.19433457846064542,
      "ece": 0.09505886562029146,
      "mce": 0.6406474264925652,
      "round_time": 0.031195640563964844,
      "client_training_time": 0.02232193946838379,
      "edge_processing_wall_time": 0.0010039806365966797,
      "total_pure_processing_time": 0.0,
      "avg_processing_per_client": 0.0,
      "server_aggregation_time": 0.0,
      "internal_aggregation_time": 0.0,
      "evaluation_time": 0.007869720458984375,
      "clients_processed": 10
    },
    {
      "round": 6,
      "accuracy": 0.938,
      "f1_score": 0.923739237392374,
      "precision": 0.8582857142857143,
      "recall": 1.0,
      "roc_auc": 1.0,
      "pr_auc": 1.0,
      "mae": 0.09727955062792312,
      "rmse": 0.1978074669044884,
      "ece": 0.09704590120135424,
      "mce": 0.674082493164964,
      "round_time": 0.020485401153564453,
      "client_training_time": 0.012368202209472656,
      "edge_processing_wall_time": 0.001003265380859375,
      "total_pure_processing_time": 0.0,
      "avg_processing_per_client": 0.0,
      "server_aggregation_time": 0.0,
      "internal_aggregation_time": 0.0,
      "evaluation_time": 0.006092548370361328,
      "clients_processed": 10
    },
    {
      "round": 7,
      "accuracy": 0.938,
      "f1_score": 0.923739237392374,
      "precision": 0.8582857142857143,
      "recall": 1.0,
      "roc_auc": 0.9999978678015649,
      "pr_auc": 0.9999964562647712,
      "mae": 0.09899194087905075,
      "rmse": 0.19952270321418994,
      "ece": 0.09855418420109617,
      "mce": 0.6567349057343259,
      "round_time": 0.022898435592651367,
      "client_training_time": 0.01368260383605957,
      "edge_processing_wall_time": 0.0010097026824951172,
      "total_pure_processing_time": 0.0,
      "avg_processing_per_client": 0.0,
      "server_aggregation_time": 0.0010509490966796875,
      "internal_aggregation_time": 0.0,
      "evaluation_time": 0.007155179977416992,
      "clients_processed": 10
    },
    {
      "round": 8,
      "accuracy": 0.9425,
      "f1_score": 0.9288806431663574,
      "precision": 0.8672055427251733,
      "recall": 1.0,
      "roc_auc": 1.0,
      "pr_auc": 1.0,
      "mae": 0.09480903275257316,
      "rmse": 0.19454680542497477,
      "ece": 0.09437592944832557,
      "mce": 0.6449114723974404,
      "round_time": 0.02242302894592285,
      "client_training_time": 0.01316213607788086,
      "edge_processing_wall_time": 0.0010085105895996094,
      "total_pure_processing_time": 0.0,
      "avg_processing_per_client": 0.0,
      "server_aggregation_time": 0.0,
      "internal_aggregation_time": 0.0,
      "evaluation_time": 0.008252382278442383,
      "clients_processed": 10
    },
    {
      "round": 9,
      "accuracy": 0.938,
      "f1_score": 0.923739237392374,
      "precision": 0.8582857142857143,
      "recall": 1.0,
      "roc_auc": 0.999994669503912,
      "pr_auc": 0.9999911933999817,
      "mae": 0.09784281052748815,
      "rmse": 0.19833368211861652,
      "ece": 0.0975880254978971,
      "mce": 0.6800073268828224,
      "round_time": 0.027413606643676758,
      "client_training_time": 0.017778873443603516,
      "edge_processing_wall_time": 0.0009965896606445312,
      "total_pure_processing_time": 0.0,
      "avg_processing_per_client": 0.0,
      "server_aggregation_time": 0.0013241767883300781,
      "internal_aggregation_time": 0.0,
      "evaluation_time": 0.007313966751098633,
      "clients_processed": 10
    },
    {
      "round": 10,
      "accuracy": 0.9365,
      "f1_score": 0.9220380601596071,
      "precision": 0.8553530751708428,
      "recall": 1.0,
      "roc_auc": 0.9999968017023473,
      "pr_auc": 0.9999946902790686,
      "mae": 0.09837311090968631,
      "rmse": 0.19946483898983136,
      "ece": 0.0978930693559666,
      "mce": 0.6386053528163477,
      "round_time": 0.023406505584716797,
      "client_training_time": 0.014284849166870117,
      "edge_processing_wall_time": 0.0011718273162841797,
      "total_pure_processing_time": 0.0,
      "avg_processing_per_client": 0.0,
      "server_aggregation_time": 0.0,
      "internal_aggregation_time": 0.0,
      "evaluation_time": 0.006932258605957031,
      "clients_processed": 10
    },
    {
      "round": 11,
      "accuracy": 0.9395,
      "f1_score": 0.9254467036352434,
      "precision": 0.8612385321100917,
      "recall": 1.0,
      "roc_auc": 0.9999978678015649,
      "pr_auc": 0.9999964633255704,
      "mae": 0.09661824870458978,
      "rmse": 0.1960770188186502,
      "ece": 0.09613425210097544,
      "mce": 0.645085854534342,
      "round_time": 0.02265143394470215,
      "client_training_time": 0.014245271682739258,
      "edge_processing_wall_time": 0.0010294914245605469,
      "total_pure_processing_time": 0.0,
      "avg_processing_per_client": 0.0,
      "server_aggregation_time": 0.0,
      "internal_aggregation_time": 0.0,
      "evaluation_time": 0.007376670837402344,
      "clients_processed": 10
    },
    {
      "round": 12,
      "accuracy": 0.9385,
      "f1_score": 0.9243076923076923,
      "precision": 0.8592677345537757,
      "recall": 1.0,
      "roc_auc": 0.9999978678015649,
      "pr_auc": 0.9999964633255704,
      "mae": 0.09771286490263409,
      "rmse": 0.19787411135863006,
      "ece": 0.09724073279259873,
      "mce": 0.6493520862764989,
      "round_time": 0.0278165340423584,
      "client_training_time": 0.01595163345336914,
      "edge_processing_wall_time": 0.001138925552368164,
      "total_pure_processing_time": 0.0,
      "avg_processing_per_client": 0.0,
      "server_aggregation_time": 0.0,
      "internal_aggregation_time": 0.0,
      "evaluation_time": 0.009722232818603516,
      "clients_processed": 10
    },
    {
      "round": 13,
      "accuracy": 0.9395,
      "f1_score": 0.9254467036352434,
      "precision": 0.8612385321100917,
      "recall": 1.0,
      "roc_auc": 0.9999978678015649,
      "pr_auc": 0.9999964562647712,
      "mae": 0.09653645408305021,
      "rmse": 0.1959548248149031,
      "ece": 0.09607133514188534,
      "mce": 0.6434630961411534,
      "round_time": 0.023917436599731445,
      "client_training_time": 0.015358924865722656,
      "edge_processing_wall_time": 0.001007080078125,
      "total_pure_processing_time": 0.0,
      "avg_processing_per_client": 0.0,
      "server_aggregation_time": 0.0,
      "internal_aggregation_time": 0.0,
      "evaluation_time": 0.007551431655883789,
      "clients_processed": 10
    },
    {
      "round": 14,
      "accuracy": 0.939,
      "f1_score": 0.9248768472906403,
      "precision": 0.8602520045819015,
      "recall": 1.0,
      "roc_auc": 1.0,
      "pr_auc": 1.0,
      "mae": 0.09614930201351819,
      "rmse": 0.1958340367893721,
      "ece": 0.09571420372510421,
      "mce": 0.6411254089450427,
      "round_time": 0.02319025993347168,
      "client_training_time": 0.014321088790893555,
      "edge_processing_wall_time": 0.0010445117950439453,
      "total_pure_processing_time": 0.0,
      "avg_processing_per_client": 0.0,
      "server_aggregation_time": 0.0,
      "internal_aggregation_time": 0.0,
      "evaluation_time": 0.00782465934753418,
      "clients_processed": 10
    },
    {
      "round": 15,
      "accuracy": 0.9385,
      "f1_score": 0.9243076923076923,
      "precision": 0.8592677345537757,
      "recall": 1.0,
      "roc_auc": 0.9999978678015649,
      "pr_auc": 0.9999964562647712,
      "mae": 0.09697124766632045,
      "rmse": 0.19730411837730244,
      "ece": 0.09648680390375045,
      "mce": 0.6392398708836514,
      "round_time": 0.0253450870513916,
      "client_training_time": 0.015375375747680664,
      "edge_processing_wall_time": 0.0010044574737548828,
      "total_pure_processing_time": 0.0,
      "avg_processing_per_client": 0.0,
      "server_aggregation_time": 0.0010256767272949219,
      "internal_aggregation_time": 0.0,
      "evaluation_time": 0.007939577102661133,
      "clients_processed": 10
    },
    {
      "round": 16,
      "accuracy": 0.9395,
      "f1_score": 0.9254467036352434,
      "precision": 0.8612385321100917,
      "recall": 1.0,
      "roc_auc": 1.0,
      "pr_auc": 1.0,
      "mae": 0.0974494659583113,
      "rmse": 0.19651774892643803,
      "ece": 0.0970075491552202,
      "mce": 0.6529397113209652,
      "round_time": 0.024428367614746094,
      "client_training_time": 0.014261484146118164,
      "edge_processing_wall_time": 0.0010390281677246094,
      "total_pure_processing_time": 0.0,
      "avg_processing_per_client": 0.0,
      "server_aggregation_time": 0.0,
      "internal_aggregation_time": 0.0,
      "evaluation_time": 0.00912785530090332,
      "clients_processed": 10
    },
    {
      "round": 17,
      "accuracy": 0.9375,
      "f1_score": 0.9231714812538414,
      "precision": 0.8573059360730594,
      "recall": 1.0,
      "roc_auc": 0.9999968017023473,
      "pr_auc": 0.99999470202418,
      "mae": 0.09750554100421498,
      "rmse": 0.19729884629320613,
      "ece": 0.0972438517501186,
      "mce": 0.6601055416833687,
      "round_time": 0.03305554389953613,
      "client_training_time": 0.018517017364501953,
      "edge_processing_wall_time": 0.0011510848999023438,
      "total_pure_processing_time": 0.0,
      "avg_processing_per_client": 0.0,
      "server_aggregation_time": 0.0010285377502441406,
      "internal_aggregation_time": 0.0,
      "evaluation_time": 0.01135873794555664,
      "clients_processed": 10
    },
    {
      "round": 18,
      "accuracy": 0.9415,
      "f1_score": 0.9277331686226066,
      "precision": 0.8652073732718893,
      "recall": 1.0,
      "roc_auc": 0.9999978678015649,
      "pr_auc": 0.9999964633255704,
      "mae": 0.09583330894039949,
      "rmse": 0.19420982522083702,
      "ece": 0.09558205901739007,
      "mce": 0.6452324771579376,
      "round_time": 0.039185523986816406,
      "client_training_time": 0.023995637893676758,
      "edge_processing_wall_time": 0.0021469593048095703,
      "total_pure_processing_time": 0.0,
      "avg_processing_per_client": 0.0,
      "server_aggregation_time": 0.0,
      "internal_aggregation_time": 0.0,
      "evaluation_time": 0.013042926788330078,
      "clients_processed": 10
    },
    {
      "round": 19,
      "accuracy": 0.9405,
      "f1_score": 0.9265885256014805,
      "precision": 0.8632183908045977,
      "recall": 1.0,
      "roc_auc": 1.0,
      "pr_auc": 1.0,
      "mae": 0.09795810147678558,
      "rmse": 0.19702534736053826,
      "ece": 0.0975098859275674,
      "mce": 0.6488533420498338,
      "round_time": 0.034037113189697266,
      "client_training_time": 0.0215146541595459,
      "edge_processing_wall_time": 0.002514362335205078,
      "total_pure_processing_time": 0.0,
      "avg_processing_per_client": 0.0,
      "server_aggregation_time": 0.0,
      "internal_aggregation_time": 0.0,
      "evaluation_time": 0.010008096694946289,
      "clients_processed": 10
    },
    {
      "round": 20,
      "accuracy": 0.939,
      "f1_score": 0.9248768472906403,
      "precision": 0.8602520045819015,
      "recall": 1.0,
      "roc_auc": 0.9999989339007824,
      "pr_auc": 0.9999982293112729,
      "mae": 0.09693277024433715,
      "rmse": 0.1967879121980575,
      "ece": 0.09671176822873123,
      "mce": 0.646370216729144,
      "round_time": 0.02662348747253418,
      "client_training_time": 0.015811443328857422,
      "edge_processing_wall_time": 0.0010411739349365234,
      "total_pure_processing_time": 0.0,
      "avg_processing_per_client": 0.0,
      "server_aggregation_time": 0.0,
      "internal_aggregation_time": 0.0,
      "evaluation_time": 0.008754968643188477,
      "clients_processed": 10
    }
  ],
  "final_statistics": {
    "final_accuracy": 0.939,
    "best_accuracy": 0.9425,
    "total_time": 0.5599234104156494,
    "avg_round_time": 0.0277309775352478,
    "avg_client_training_time": 0.017425060272216797,
    "avg_edge_processing_wall_time": 0.0012398362159729004,
    "avg_pure_processing_time": 0.0,
    "avg_processing_per_client": 0.0,
    "avg_server_aggregation_time": 0.00027210712432861327,
    "avg_internal_aggregation_time": 0.0,
    "avg_evaluation_time": 0.008487701416015625
  },
  "timing_statistics": {
    "total_client_training_time": 0.34850120544433594,
    "total_edge_processing_wall_time": 0.024796724319458008,
    "total_pure_processing_time": 0.0,
    "total_server_aggregation_time": 0.005442142486572266,
    "total_internal_aggregation_time": 0.0,
    "total_evaluation_time": 0.1697540283203125,
    "total_time": 0.5599234104156494,
    "avg_round_time": 0.0277309775352478,
    "avg_client_training_time": 0.017425060272216797,
    "avg_edge_processing_wall_time": 0.0012398362159729004,
    "avg_pure_processing_time": 0.0,
    "avg_processing_per_client": 0.0,
    "avg_server_aggregation_time": 0.00027210712432861327,
    "avg_internal_aggregation_time": 0.0,
    "avg_evaluation_time": 0.008487701416015625
  },
  "architecture": {
    "clients": 10,
    "edge_devices": 10,
    "cloud_servers": 1,
    "data_flow": "Client \u2192 Edge \u2192 Cloud \u2192 Edge \u2192 Client"
  }
}