{
  "pipeline_type": "plaintext_edge_device_fl",
  "configuration": {
    "rounds": 50,
    "clients": 50,
    "patience": 999
  },
  "results": [
    {
      "round": 1,
      "accuracy": 0.9503,
      "f1_score": 0.945510360706063,
      "precision": 0.8973985431841831,
      "recall": 0.9990732159406858,
      "roc_auc": 0.9996659484796763,
      "pr_auc": 0.9995956686796956,
      "mae": 0.10913474760478308,
      "rmse": 0.20055434947287754,
      "ece": 0.10491299068893994,
      "mce": 0.5505099721325782,
      "round_time": 0.1399400234222412,
      "client_training_time": 0.10282731056213379,
      "edge_processing_wall_time": 0.005723237991333008,
      "total_pure_processing_time": 0.0,
      "avg_processing_per_client": 0.0,
      "server_aggregation_time": 0.0,
      "internal_aggregation_time": 0.0,
      "evaluation_time": 0.031389474868774414,
      "clients_processed": 50
    },
    {
      "round": 2,
      "accuracy": 0.9516,
      "f1_score": 0.9468715697036224,
      "precision": 0.8996662494785148,
      "recall": 0.9993049119555144,
      "roc_auc": 0.9996822943807928,
      "pr_auc": 0.9996117594802542,
      "mae": 0.10881736195907929,
      "rmse": 0.20014498244905896,
      "ece": 0.1044344920800141,
      "mce": 0.5391035905950542,
      "round_time": 0.10443353652954102,
      "client_training_time": 0.08325791358947754,
      "edge_processing_wall_time": 0.005211353302001953,
      "total_pure_processing_time": 0.0,
      "avg_processing_per_client": 0.0,
      "server_aggregation_time": 0.0010530948638916016,
      "internal_aggregation_time": 0.0,
      "evaluation_time": 0.014911174774169922,
      "clients_processed": 50
    },
    {
      "round": 3,
      "accuracy": 0.951,
      "f1_score": 0.9462483545414656,
      "precision": 0.8985416666666667,
      "recall": 0.9993049119555144,
      "roc_auc": 0.9997383840564444,
      "pr_auc": 0.9996808945070804,
      "mae": 0.10941180976496648,
      "rmse": 0.2001442314639675,
      "ece": 0.10542346809951816,
      "mce": 0.5671108182800355,
      "round_time": 0.12382149696350098,
      "client_training_time": 0.09995293617248535,
      "edge_processing_wall_time": 0.003583669662475586,
      "total_pure_processing_time": 0.0,
      "avg_processing_per_client": 0.0,
      "server_aggregation_time": 0.0,
      "internal_aggregation_time": 0.0,
      "evaluation_time": 0.019215822219848633,
      "clients_processed": 50
    },
    {
      "round": 4,
      "accuracy": 0.9483,
      "f1_score": 0.9434292592187329,
      "precision": 0.8938420070495542,
      "recall": 0.9988415199258572,
      "roc_auc": 0.9996251448711535,
      "pr_auc": 0.9995478441541068,
      "mae": 0.10947208314394623,
      "rmse": 0.20173683084867225,
      "ece": 0.1048746027251586,
      "mce": 0.5433155172361863,
      "round_time": 0.13222765922546387,
      "client_training_time": 0.10204863548278809,
      "edge_processing_wall_time": 0.010653018951416016,
      "total_pure_processing_time": 0.0,
      "avg_processing_per_client": 0.0,
      "server_aggregation_time": 0.0,
      "internal_aggregation_time": 0.0,
      "evaluation_time": 0.019526004791259766,
      "clients_processed": 50
    },
    {
      "round": 5,
      "accuracy": 0.9513,
      "f1_score": 0.9465715852989578,
      "precision": 0.8989372785997083,
      "recall": 0.9995366079703429,
      "roc_auc": 0.9997225273094761,
      "pr_auc": 0.9996583642243242,
      "mae": 0.10944624823026686,
      "rmse": 0.200232570639103,
      "ece": 0.10481583639633094,
      "mce": 0.502521971755319,
      "round_time": 0.13442039489746094,
      "client_training_time": 0.10215139389038086,
      "edge_processing_wall_time": 0.011606454849243164,
      "total_pure_processing_time": 0.0,
      "avg_processing_per_client": 0.0,
      "server_aggregation_time": 0.0010018348693847656,
      "internal_aggregation_time": 0.0,
      "evaluation_time": 0.01966071128845215,
      "clients_processed": 50
    },
    {
      "round": 6,
      "accuracy": 0.9506,
      "f1_score": 0.9458570802279702,
      "precision": 0.8974625623960066,
      "recall": 0.9997683039851715,
      "roc_auc": 0.9996946047601872,
      "pr_auc": 0.9996276608612397,
      "mae": 0.10908409992901268,
      "rmse": 0.2001792371556396,
      "ece": 0.10487954186077629,
      "mce": 0.5546041670799207,
      "round_time": 0.13113927841186523,
      "client_training_time": 0.10341906547546387,
      "edge_processing_wall_time": 0.008938074111938477,
      "total_pure_processing_time": 0.0,
      "avg_processing_per_client": 0.0,
      "server_aggregation_time": 0.0,
      "internal_aggregation_time": 0.0,
      "evaluation_time": 0.01738715171813965,
      "clients_processed": 50
    },
    {
      "round": 7,
      "accuracy": 0.9478,
      "f1_score": 0.9429757483067511,
      "precision": 0.892104175279041,
      "recall": 1.0,
      "roc_auc": 0.9997574203053756,
      "pr_auc": 0.9997030805431646,
      "mae": 0.11216691518083985,
      "rmse": 0.2033940899667193,
      "ece": 0.10814933130751199,
      "mce": 0.5584100514340359,
      "round_time": 0.11030077934265137,
      "client_training_time": 0.09941601753234863,
      "edge_processing_wall_time": 0.0028524398803710938,
      "total_pure_processing_time": 0.0,
      "avg_processing_per_client": 0.0,
      "server_aggregation_time": 0.0010890960693359375,
      "internal_aggregation_time": 0.0,
      "evaluation_time": 0.006943225860595703,
      "clients_processed": 50
    },
    {
      "round": 8,
      "accuracy": 0.9534,
      "f1_score": 0.9487235915492958,
      "precision": 0.9033948030176027,
      "recall": 0.9988415199258572,
      "roc_auc": 0.9997289270762474,
      "pr_auc": 0.9996718103146888,
      "mae": 0.10767267109925278,
      "rmse": 0.19749231514998314,
      "ece": 0.10397628559360494,
      "mce": 0.5898254156939081,
      "round_time": 0.1410527229309082,
      "client_training_time": 0.10105228424072266,
      "edge_processing_wall_time": 0.011551618576049805,
      "total_pure_processing_time": 0.0,
      "avg_processing_per_client": 0.0,
      "server_aggregation_time": 0.0,
      "internal_aggregation_time": 0.0,
      "evaluation_time": 0.0175323486328125,
      "clients_processed": 50
    },
    {
      "round": 9,
      "accuracy": 0.9473,
      "f1_score": 0.9424106655010381,
      "precision": 0.8918304033092037,
      "recall": 0.9990732159406858,
      "roc_auc": 0.9995911078950132,
      "pr_auc": 0.9995004136083727,
      "mae": 0.11107707773415625,
      "rmse": 0.20452193400239865,
      "ece": 0.10608920791211021,
      "mce": 0.5086982639694497,
      "round_time": 0.1276407241821289,
      "client_training_time": 0.10071969032287598,
      "edge_processing_wall_time": 0.00668787956237793,
      "total_pure_processing_time": 0.0,
      "avg_processing_per_client": 0.0,
      "server_aggregation_time": 0.0014367103576660156,
      "internal_aggregation_time": 0.0,
      "evaluation_time": 0.017798900604248047,
      "clients_processed": 50
    },
    {
      "round": 10,
      "accuracy": 0.95,
      "f1_score": 0.9452234881682734,
      "precision": 0.8965087281795511,
      "recall": 0.9995366079703429,
      "roc_auc": 0.9997110729498409,
      "pr_auc": 0.9996496304360376,
      "mae": 0.11001686116066203,
      "rmse": 0.20077991985537147,
      "ece": 0.10597717438434723,
      "mce": 0.5614679738382755,
      "round_time": 0.12427830696105957,
      "client_training_time": 0.09629559516906738,
      "edge_processing_wall_time": 0.0036652088165283203,
      "total_pure_processing_time": 0.0,
      "avg_processing_per_client": 0.0,
      "server_aggregation_time": 0.0,
      "internal_aggregation_time": 0.0,
      "evaluation_time": 0.022409677505493164,
      "clients_processed": 50
    },
    {
      "round": 11,
      "accuracy": 0.9492,
      "f1_score": 0.9443470639789658,
      "precision": 0.8956774729842062,
      "recall": 0.9986098239110287,
      "roc_auc": 0.9996686388274909,
      "pr_auc": 0.9995981875730889,
      "mae": 0.11056816728683662,
      "rmse": 0.2018803777585213,
      "ece": 0.10616803940894226,
      "mce": 0.5484433404461991,
      "round_time": 0.11634993553161621,
      "client_training_time": 0.09344935417175293,
      "edge_processing_wall_time": 0.0029230117797851562,
      "total_pure_processing_time": 0.0,
      "avg_processing_per_client": 0.0,
      "server_aggregation_time": 0.0,
      "internal_aggregation_time": 0.0,
      "evaluation_time": 0.018943071365356445,
      "clients_processed": 50
    },
    {
      "round": 12,
      "accuracy": 0.9474,
      "f1_score": 0.9425262237762237,
      "precision": 0.8918527708850289,
      "recall": 0.9993049119555144,
      "roc_auc": 0.999709034807557,
      "pr_auc": 0.999651867723627,
      "mae": 0.1100755744517488,
      "rmse": 0.20204649391718826,
      "ece": 0.10681376174471353,
      "mce": 0.6378857478422539,
      "round_time": 0.11816859245300293,
      "client_training_time": 0.09470510482788086,
      "edge_processing_wall_time": 0.0031609535217285156,
      "total_pure_processing_time": 0.0,
      "avg_processing_per_client": 0.0,
      "server_aggregation_time": 0.0010042190551757812,
      "internal_aggregation_time": 0.0,
      "evaluation_time": 0.019298315048217773,
      "clients_processed": 50
    },
    {
      "round": 13,
      "accuracy": 0.9516,
      "f1_score": 0.9468482319349879,
      "precision": 0.9,
      "recall": 0.9988415199258572,
      "roc_auc": 0.9996602009184358,
      "pr_auc": 0.9995869872325738,
      "mae": 0.10877176608046159,
      "rmse": 0.19978271245804613,
      "ece": 0.10417814960359485,
      "mce": 0.5170667196894216,
      "round_time": 0.10676836967468262,
      "client_training_time": 0.08584046363830566,
      "edge_processing_wall_time": 0.005734920501708984,
      "total_pure_processing_time": 0.0,
      "avg_processing_per_client": 0.0,
      "server_aggregation_time": 0.0,
      "internal_aggregation_time": 0.0,
      "evaluation_time": 0.014158487319946289,
      "clients_processed": 50
    },
    {
      "round": 14,
      "accuracy": 0.9495,
      "f1_score": 0.9446817833278562,
      "precision": 0.895906918761687,
      "recall": 0.9990732159406858,
      "roc_auc": 0.9997115213411433,
      "pr_auc": 0.9996501148386876,
      "mae": 0.11055622490673309,
      "rmse": 0.20169119783939055,
      "ece": 0.106510471015587,
      "mce": 0.5721675578876122,
      "round_time": 0.12258338928222656,
      "client_training_time": 0.09912657737731934,
      "edge_processing_wall_time": 0.005047321319580078,
      "total_pure_processing_time": 0.0,
      "avg_processing_per_client": 0.0,
      "server_aggregation_time": 0.0010597705841064453,
      "internal_aggregation_time": 0.0,
      "evaluation_time": 0.017349720001220703,
      "clients_processed": 50
    },
    {
      "round": 15,
      "accuracy": 0.9516,
      "f1_score": 0.9468599033816425,
      "precision": 0.8998330550918197,
      "recall": 0.9990732159406858,
      "roc_auc": 0.9996935856890454,
      "pr_auc": 0.9996323704260258,
      "mae": 0.10891787578554847,
      "rmse": 0.19895283444559775,
      "ece": 0.10507628588194945,
      "mce": 0.5902513265032728,
      "round_time": 0.11050915718078613,
      "client_training_time": 0.09149408340454102,
      "edge_processing_wall_time": 0.002898693084716797,
      "total_pure_processing_time": 0.0,
      "avg_processing_per_client": 0.0,
      "server_aggregation_time": 0.0,
      "internal_aggregation_time": 0.0,
      "evaluation_time": 0.014078378677368164,
      "clients_processed": 50
    },
    {
      "round": 16,
      "accuracy": 0.9511,
      "f1_score": 0.9463521667580911,
      "precision": 0.898728901854553,
      "recall": 0.9993049119555144,
      "roc_auc": 0.9997061406455139,
      "pr_auc": 0.9996456698911773,
      "mae": 0.10840379146940722,
      "rmse": 0.19968708705080107,
      "ece": 0.10481641716291012,
      "mce": 0.6183012577048345,
      "round_time": 0.11826825141906738,
      "client_training_time": 0.09487128257751465,
      "edge_processing_wall_time": 0.004160404205322266,
      "total_pure_processing_time": 0.0,
      "avg_processing_per_client": 0.0,
      "server_aggregation_time": 0.0010039806365966797,
      "internal_aggregation_time": 0.0,
      "evaluation_time": 0.01823258399963379,
      "clients_processed": 50
    },
    {
      "round": 17,
      "accuracy": 0.9508,
      "f1_score": 0.9460407984207063,
      "precision": 0.8981674302374011,
      "recall": 0.9993049119555144,
      "roc_auc": 0.9997179618707602,
      "pr_auc": 0.9996582615363828,
      "mae": 0.10872124995598201,
      "rmse": 0.1998649592151666,
      "ece": 0.1046450697903302,
      "mce": 0.5670690779796406,
      "round_time": 0.11158299446105957,
      "client_training_time": 0.08831501007080078,
      "edge_processing_wall_time": 0.0060465335845947266,
      "total_pure_processing_time": 0.0,
      "avg_processing_per_client": 0.0,
      "server_aggregation_time": 0.0,
      "internal_aggregation_time": 0.0,
      "evaluation_time": 0.01620650291442871,
      "clients_processed": 50
    },
    {
      "round": 18,
      "accuracy": 0.9492,
      "f1_score": 0.9443836216334575,
      "precision": 0.8951847239518472,
      "recall": 0.9993049119555144,
      "roc_auc": 0.999718124922143,
      "pr_auc": 0.9996594664045194,
      "mae": 0.10967184768779875,
      "rmse": 0.2003351106832815,
      "ece": 0.10576474158152684,
      "mce": 0.5822582668970722,
      "round_time": 0.1323697566986084,
      "client_training_time": 0.10621833801269531,
      "edge_processing_wall_time": 0.00780034065246582,
      "total_pure_processing_time": 0.0,
      "avg_processing_per_client": 0.0,
      "server_aggregation_time": 0.0010526180267333984,
      "internal_aggregation_time": 0.0,
      "evaluation_time": 0.017298460006713867,
      "clients_processed": 50
    },
    {
      "round": 19,
      "accuracy": 0.9516,
      "f1_score": 0.946883230904302,
      "precision": 0.8994995829858216,
      "recall": 0.9995366079703429,
      "roc_auc": 0.9997320658153646,
      "pr_auc": 0.9996764003828538,
      "mae": 0.10887084036528567,
      "rmse": 0.19858441546652117,
      "ece": 0.10551468419742627,
      "mce": 0.6127425557321233,
      "round_time": 0.16176176071166992,
      "client_training_time": 0.12697649002075195,
      "edge_processing_wall_time": 0.010370969772338867,
      "total_pure_processing_time": 0.0,
      "avg_processing_per_client": 0.0,
      "server_aggregation_time": 0.0,
      "internal_aggregation_time": 0.0,
      "evaluation_time": 0.023317337036132812,
      "clients_processed": 50
    },
    {
      "round": 20,
      "accuracy": 0.9508,
      "f1_score": 0.9460407984207063,
      "precision": 0.8981674302374011,
      "recall": 0.9993049119555144,
      "roc_auc": 0.9997314543726794,
      "pr_auc": 0.9996774158616338,
      "mae": 0.10786080599436709,
      "rmse": 0.19840008734648448,
      "ece": 0.10434258186625162,
      "mce": 0.6047195377781074,
      "round_time": 0.12765169143676758,
      "client_training_time": 0.10041427612304688,
      "edge_processing_wall_time": 0.006426095962524414,
      "total_pure_processing_time": 0.0,
      "avg_processing_per_client": 0.0,
      "server_aggregation_time": 0.0,
      "internal_aggregation_time": 0.0,
      "evaluation_time": 0.02081131935119629,
      "clients_processed": 50
    },
    {
      "round": 21,
      "accuracy": 0.9501,
      "f1_score": 0.9453150684931507,
      "precision": 0.8968600540652942,
      "recall": 0.9993049119555144,
      "roc_auc": 0.9997132333806618,
      "pr_auc": 0.9996528483344946,
      "mae": 0.11013165389374376,
      "rmse": 0.20082507925827583,
      "ece": 0.1063800672355782,
      "mce": 0.5940935751015933,
      "round_time": 0.15100312232971191,
      "client_training_time": 0.1265561580657959,
      "edge_processing_wall_time": 0.006729602813720703,
      "total_pure_processing_time": 0.0,
      "avg_processing_per_client": 0.0,
      "server_aggregation_time": 0.0,
      "internal_aggregation_time": 0.0,
      "evaluation_time": 0.016746044158935547,
      "clients_processed": 50
    },
    {
      "round": 22,
      "accuracy": 0.9515,
      "f1_score": 0.94675595564826,
      "precision": 0.8996453160859587,
      "recall": 0.9990732159406858,
      "roc_auc": 0.9997137225348098,
      "pr_auc": 0.999658482541444,
      "mae": 0.10857030585136945,
      "rmse": 0.19853038287324667,
      "ece": 0.10529478302955611,
      "mce": 0.617274227523147,
      "round_time": 0.15869712829589844,
      "client_training_time": 0.12833905220031738,
      "edge_processing_wall_time": 0.005682706832885742,
      "total_pure_processing_time": 0.0,
      "avg_processing_per_client": 0.0,
      "server_aggregation_time": 0.001298666000366211,
      "internal_aggregation_time": 0.0,
      "evaluation_time": 0.0233767032623291,
      "clients_processed": 50
    },
    {
      "round": 23,
      "accuracy": 0.9498,
      "f1_score": 0.9449802718106094,
      "precision": 0.896630615640599,
      "recall": 0.9988415199258572,
      "roc_auc": 0.9997136410091185,
      "pr_auc": 0.9996559541591374,
      "mae": 0.10963956296681518,
      "rmse": 0.2005723776652919,
      "ece": 0.10615862271485474,
      "mce": 0.6282899822651611,
      "round_time": 0.15327191352844238,
      "client_training_time": 0.1210486888885498,
      "edge_processing_wall_time": 0.006280660629272461,
      "total_pure_processing_time": 0.0,
      "avg_processing_per_client": 0.0,
      "server_aggregation_time": 0.001043558120727539,
      "internal_aggregation_time": 0.0,
      "evaluation_time": 0.024899005889892578,
      "clients_processed": 50
    },
    {
      "round": 24,
      "accuracy": 0.9501,
      "f1_score": 0.9453270516051276,
      "precision": 0.896695073789233,
      "recall": 0.9995366079703429,
      "roc_auc": 0.9997134371948901,
      "pr_auc": 0.9996485165609594,
      "mae": 0.11026458192095165,
      "rmse": 0.20169059832883635,
      "ece": 0.10577415053309852,
      "mce": 0.5325356902043274,
      "round_time": 0.20467662811279297,
      "client_training_time": 0.15314149856567383,
      "edge_processing_wall_time": 0.01490163803100586,
      "total_pure_processing_time": 0.0,
      "avg_processing_per_client": 0.0,
      "server_aggregation_time": 0.0005505084991455078,
      "internal_aggregation_time": 0.0,
      "evaluation_time": 0.03470182418823242,
      "clients_processed": 50
    },
    {
      "round": 25,
      "accuracy": 0.9483,
      "f1_score": 0.9434787361976604,
      "precision": 0.8931898157731318,
      "recall": 0.9997683039851715,
      "roc_auc": 0.9996887349104099,
      "pr_auc": 0.999621136803651,
      "mae": 0.11104494432257793,
      "rmse": 0.20263916567384094,
      "ece": 0.10662644282662592,
      "mce": 0.5464415069835261,
      "round_time": 0.16309595108032227,
      "client_training_time": 0.13960552215576172,
      "edge_processing_wall_time": 0.005337715148925781,
      "total_pure_processing_time": 0.0,
      "avg_processing_per_client": 0.0,
      "server_aggregation_time": 0.0010540485382080078,
      "internal_aggregation_time": 0.0,
      "evaluation_time": 0.017098665237426758,
      "clients_processed": 50
    },
    {
      "round": 26,
      "accuracy": 0.9541,
      "f1_score": 0.9494660354508422,
      "precision": 0.9045521292217328,
      "recall": 0.9990732159406858,
      "roc_auc": 0.9997163313569333,
      "pr_auc": 0.999656650662856,
      "mae": 0.10795099714227074,
      "rmse": 0.19844735208465725,
      "ece": 0.10406645917404635,
      "mce": 0.5738441845713405,
      "round_time": 0.18927502632141113,
      "client_training_time": 0.14643430709838867,
      "edge_processing_wall_time": 0.006869077682495117,
      "total_pure_processing_time": 0.0,
      "avg_processing_per_client": 0.0,
      "server_aggregation_time": 0.0010457038879394531,
      "internal_aggregation_time": 0.0,
      "evaluation_time": 0.03357291221618652,
      "clients_processed": 50
    },
    {
      "round": 27,
      "accuracy": 0.952,
      "f1_score": 0.9472643375082399,
      "precision": 0.9007521938988717,
      "recall": 0.9988415199258572,
      "roc_auc": 0.9997087087047916,
      "pr_auc": 0.999648060050089,
      "mae": 0.10716436660662905,
      "rmse": 0.19709059539145302,
      "ece": 0.10339035967330897,
      "mce": 0.5902508065263246,
      "round_time": 0.17979979515075684,
      "client_training_time": 0.1477653980255127,
      "edge_processing_wall_time": 0.007966041564941406,
      "total_pure_processing_time": 0.0,
      "avg_processing_per_client": 0.0,
      "server_aggregation_time": 0.0010075569152832031,
      "internal_aggregation_time": 0.0,
      "evaluation_time": 0.02306079864501953,
      "clients_processed": 50
    },
    {
      "round": 28,
      "accuracy": 0.9496,
      "f1_score": 0.9448094612352168,
      "precision": 0.895764119601329,
      "recall": 0.9995366079703429,
      "roc_auc": 0.9997385471078272,
      "pr_auc": 0.9996817099363308,
      "mae": 0.10954176457624533,
      "rmse": 0.20098829041591781,
      "ece": 0.10603582853196196,
      "mce": 0.605553201508767,
      "round_time": 0.220320463180542,
      "client_training_time": 0.1712801456451416,
      "edge_processing_wall_time": 0.014001607894897461,
      "total_pure_processing_time": 0.0,
      "avg_processing_per_client": 0.0,
      "server_aggregation_time": 0.0010385513305664062,
      "internal_aggregation_time": 0.0,
      "evaluation_time": 0.03287792205810547,
      "clients_processed": 50
    },
    {
      "round": 29,
      "accuracy": 0.9507,
      "f1_score": 0.9459133296763577,
      "precision": 0.8983121483642426,
      "recall": 0.9988415199258572,
      "roc_auc": 0.9996898762700888,
      "pr_auc": 0.9996280069210774,
      "mae": 0.10913622631468342,
      "rmse": 0.20018055840830448,
      "ece": 0.10554861050982862,
      "mce": 0.6204827272370628,
      "round_time": 0.4277913570404053,
      "client_training_time": 0.373762845993042,
      "edge_processing_wall_time": 0.013130426406860352,
      "total_pure_processing_time": 0.0,
      "avg_processing_per_client": 0.0,
      "server_aggregation_time": 0.0010247230529785156,
      "internal_aggregation_time": 0.0,
      "evaluation_time": 0.03778576850891113,
      "clients_processed": 50
    },
    {
      "round": 30,
      "accuracy": 0.9517,
      "f1_score": 0.9469755187177517,
      "precision": 0.8998539536824536,
      "recall": 0.9993049119555144,
      "roc_auc": 0.9997053253886004,
      "pr_auc": 0.9996409490061116,
      "mae": 0.10916335100391703,
      "rmse": 0.1995647329712739,
      "ece": 0.10476495936526788,
      "mce": 0.5209477477286029,
      "round_time": 0.2966296672821045,
      "client_training_time": 0.21188092231750488,
      "edge_processing_wall_time": 0.01908111572265625,
      "total_pure_processing_time": 0.0,
      "avg_processing_per_client": 0.0,
      "server_aggregation_time": 0.0030431747436523438,
      "internal_aggregation_time": 0.0,
      "evaluation_time": 0.060598134994506836,
      "clients_processed": 50
    },
    {
      "round": 31,
      "accuracy": 0.9498,
      "f1_score": 0.9449802718106094,
      "precision": 0.896630615640599,
      "recall": 0.9988415199258572,
      "roc_auc": 0.9996491134244117,
      "pr_auc": 0.9995772449521109,
      "mae": 0.10817228138700068,
      "rmse": 0.1997048057635686,
      "ece": 0.10410603434638813,
      "mce": 0.554074018679215,
      "round_time": 0.31060194969177246,
      "client_training_time": 0.24325251579284668,
      "edge_processing_wall_time": 0.017026185989379883,
      "total_pure_processing_time": 0.0,
      "avg_processing_per_client": 0.0,
      "server_aggregation_time": 0.0010776519775390625,
      "internal_aggregation_time": 0.0,
      "evaluation_time": 0.04715585708618164,
      "clients_processed": 50
    },
    {
      "round": 32,
      "accuracy": 0.9523,
      "f1_score": 0.9475996924090959,
      "precision": 0.9009818257781491,
      "recall": 0.9993049119555144,
      "roc_auc": 0.9997085864162545,
      "pr_auc": 0.9996443629119918,
      "mae": 0.1100449077126518,
      "rmse": 0.200238970260222,
      "ece": 0.10578538519933262,
      "mce": 0.5357962435481318,
      "round_time": 0.2859764099121094,
      "client_training_time": 0.25603604316711426,
      "edge_processing_wall_time": 0.004971742630004883,
      "total_pure_processing_time": 0.0,
      "avg_processing_per_client": 0.0,
      "server_aggregation_time": 0.0011005401611328125,
      "internal_aggregation_time": 0.0,
      "evaluation_time": 0.023868083953857422,
      "clients_processed": 50
    },
    {
      "round": 33,
      "accuracy": 0.9505,
      "f1_score": 0.9457534246575342,
      "precision": 0.8972759409440633,
      "recall": 0.9997683039851715,
      "roc_auc": 0.9997257068114389,
      "pr_auc": 0.9996660898440968,
      "mae": 0.10975910494569946,
      "rmse": 0.20092358727162363,
      "ece": 0.10591160434574166,
      "mce": 0.596390759378041,
      "round_time": 0.1575469970703125,
      "client_training_time": 0.13904285430908203,
      "edge_processing_wall_time": 0.007594108581542969,
      "total_pure_processing_time": 0.0,
      "avg_processing_per_client": 0.0,
      "server_aggregation_time": 0.0,
      "internal_aggregation_time": 0.0,
      "evaluation_time": 0.0109100341796875,
      "clients_processed": 50
    },
    {
      "round": 34,
      "accuracy": 0.9516,
      "f1_score": 0.9468599033816425,
      "precision": 0.8998330550918197,
      "recall": 0.9990732159406858,
      "roc_auc": 0.9996604454955098,
      "pr_auc": 0.9995878510294074,
      "mae": 0.1091642203832427,
      "rmse": 0.19975964371560395,
      "ece": 0.10477929176463381,
      "mce": 0.5410612104708189,
      "round_time": 0.14609479904174805,
      "client_training_time": 0.11852264404296875,
      "edge_processing_wall_time": 0.005786418914794922,
      "total_pure_processing_time": 0.0,
      "avg_processing_per_client": 0.0,
      "server_aggregation_time": 0.0010142326354980469,
      "internal_aggregation_time": 0.0,
      "evaluation_time": 0.020771503448486328,
      "clients_processed": 50
    },
    {
      "round": 35,
      "accuracy": 0.9499,
      "f1_score": 0.9451319680210273,
      "precision": 0.8961578400830738,
      "recall": 0.9997683039851715,
      "roc_auc": 0.9997541185148757,
      "pr_auc": 0.9997005008290644,
      "mae": 0.10979506422967111,
      "rmse": 0.20065383021171204,
      "ece": 0.10638995670530858,
      "mce": 0.6182363497738457,
      "round_time": 0.13886594772338867,
      "client_training_time": 0.11432337760925293,
      "edge_processing_wall_time": 0.003205537796020508,
      "total_pure_processing_time": 0.0,
      "avg_processing_per_client": 0.0,
      "server_aggregation_time": 0.0,
      "internal_aggregation_time": 0.0,
      "evaluation_time": 0.019205570220947266,
      "clients_processed": 50
    },
    {
      "round": 36,
      "accuracy": 0.9512,
      "f1_score": 0.9464442493415277,
      "precision": 0.8990825688073395,
      "recall": 0.9990732159406858,
      "roc_auc": 0.9996489911358747,
      "pr_auc": 0.9995685030990682,
      "mae": 0.10928334666399674,
      "rmse": 0.20082326206366263,
      "ece": 0.10443000167355378,
      "mce": 0.5071227162967615,
      "round_time": 0.1383988857269287,
      "client_training_time": 0.10989975929260254,
      "edge_processing_wall_time": 0.003345966339111328,
      "total_pure_processing_time": 0.0,
      "avg_processing_per_client": 0.0,
      "server_aggregation_time": 0.0010724067687988281,
      "internal_aggregation_time": 0.0,
      "evaluation_time": 0.024080753326416016,
      "clients_processed": 50
    },
    {
      "round": 37,
      "accuracy": 0.95,
      "f1_score": 0.9451994739149496,
      "precision": 0.8968386023294509,
      "recall": 0.9990732159406858,
      "roc_auc": 0.9996532304718251,
      "pr_auc": 0.9995785863511207,
      "mae": 0.10986242116728816,
      "rmse": 0.20216084993561587,
      "ece": 0.10535634996716181,
      "mce": 0.5542524189045843,
      "round_time": 0.15628623962402344,
      "client_training_time": 0.12460517883300781,
      "edge_processing_wall_time": 0.005174160003662109,
      "total_pure_processing_time": 0.0,
      "avg_processing_per_client": 0.0,
      "server_aggregation_time": 0.0012388229370117188,
      "internal_aggregation_time": 0.0,
      "evaluation_time": 0.024255752563476562,
      "clients_processed": 50
    },
    {
      "round": 38,
      "accuracy": 0.9513,
      "f1_score": 0.9465598595413146,
      "precision": 0.8991036064206795,
      "recall": 0.9993049119555144,
      "roc_auc": 0.999688327281953,
      "pr_auc": 0.9996234637903753,
      "mae": 0.1099278857832228,
      "rmse": 0.20059190765740686,
      "ece": 0.10598623323776499,
      "mce": 0.5964568779470545,
      "round_time": 0.15652704238891602,
      "client_training_time": 0.11937332153320312,
      "edge_processing_wall_time": 0.010265350341796875,
      "total_pure_processing_time": 0.0,
      "avg_processing_per_client": 0.0,
      "server_aggregation_time": 0.0003216266632080078,
      "internal_aggregation_time": 0.0,
      "evaluation_time": 0.025340557098388672,
      "clients_processed": 50
    },
    {
      "round": 39,
      "accuracy": 0.9511,
      "f1_score": 0.9463403928453857,
      "precision": 0.8988951427975819,
      "recall": 0.9990732159406858,
      "roc_auc": 0.9997118066810631,
      "pr_auc": 0.9996510442887122,
      "mae": 0.10894007796873698,
      "rmse": 0.19986989765566987,
      "ece": 0.10488899570935559,
      "mce": 0.5530123110422066,
      "round_time": 0.18719148635864258,
      "client_training_time": 0.14952898025512695,
      "edge_processing_wall_time": 0.008911609649658203,
      "total_pure_processing_time": 0.0,
      "avg_processing_per_client": 0.0,
      "server_aggregation_time": 0.0,
      "internal_aggregation_time": 0.0,
      "evaluation_time": 0.028750896453857422,
      "clients_processed": 50
    },
    {
      "round": 40,
      "accuracy": 0.9511,
      "f1_score": 0.9463403928453857,
      "precision": 0.8988951427975819,
      "recall": 0.9990732159406858,
      "roc_auc": 0.9996891833017122,
      "pr_auc": 0.9996241360690578,
      "mae": 0.10846985551807288,
      "rmse": 0.19960729767558563,
      "ece": 0.1043024559295988,
      "mce": 0.5573627079234381,
      "round_time": 0.1573500633239746,
      "client_training_time": 0.12204742431640625,
      "edge_processing_wall_time": 0.011148691177368164,
      "total_pure_processing_time": 0.0,
      "avg_processing_per_client": 0.0,
      "server_aggregation_time": 0.0010857582092285156,
      "internal_aggregation_time": 0.0,
      "evaluation_time": 0.02306818962097168,
      "clients_processed": 50
    },
    {
      "round": 41,
      "accuracy": 0.9538,
      "f1_score": 0.9491301475445937,
      "precision": 0.9043222828367604,
      "recall": 0.9986098239110287,
      "roc_auc": 0.9996974581593847,
      "pr_auc": 0.9996312575209771,
      "mae": 0.10731771092635353,
      "rmse": 0.1972041789457216,
      "ece": 0.10285565061359875,
      "mce": 0.511098549138643,
      "round_time": 0.13655495643615723,
      "client_training_time": 0.11227679252624512,
      "edge_processing_wall_time": 0.004125118255615234,
      "total_pure_processing_time": 0.0,
      "avg_processing_per_client": 0.0,
      "server_aggregation_time": 0.0,
      "internal_aggregation_time": 0.0,
      "evaluation_time": 0.020153045654296875,
      "clients_processed": 50
    },
    {
      "round": 42,
      "accuracy": 0.9504,
      "f1_score": 0.94563787812363,
      "precision": 0.8972545757071547,
      "recall": 0.9995366079703429,
      "roc_auc": 0.9997279895307968,
      "pr_auc": 0.9996709727134732,
      "mae": 0.10969783977721517,
      "rmse": 0.2002286928989036,
      "ece": 0.10604491550730587,
      "mce": 0.601851420873024,
      "round_time": 0.15059494972229004,
      "client_training_time": 0.12284684181213379,
      "edge_processing_wall_time": 0.004295825958251953,
      "total_pure_processing_time": 0.0,
      "avg_processing_per_client": 0.0,
      "server_aggregation_time": 0.001079559326171875,
      "internal_aggregation_time": 0.0,
      "evaluation_time": 0.022372722625732422,
      "clients_processed": 50
    },
    {
      "round": 43,
      "accuracy": 0.9551,
      "f1_score": 0.9504797617734642,
      "precision": 0.9069669543254052,
      "recall": 0.9983781278962002,
      "roc_auc": 0.9997221196810193,
      "pr_auc": 0.9996658588977813,
      "mae": 0.10700340722288193,
      "rmse": 0.19594722841506337,
      "ece": 0.10354907997302584,
      "mce": 0.5967803834404463,
      "round_time": 0.1524965763092041,
      "client_training_time": 0.1248466968536377,
      "edge_processing_wall_time": 0.002783060073852539,
      "total_pure_processing_time": 0.0,
      "avg_processing_per_client": 0.0,
      "server_aggregation_time": 0.0011942386627197266,
      "internal_aggregation_time": 0.0,
      "evaluation_time": 0.02265763282775879,
      "clients_processed": 50
    },
    {
      "round": 44,
      "accuracy": 0.9512,
      "f1_score": 0.9464442493415277,
      "precision": 0.8990825688073395,
      "recall": 0.9990732159406858,
      "roc_auc": 0.9996690056931021,
      "pr_auc": 0.9996001645813003,
      "mae": 0.10890876780399844,
      "rmse": 0.20011522717683472,
      "ece": 0.10483789720297554,
      "mce": 0.5857265492812815,
      "round_time": 0.15259742736816406,
      "client_training_time": 0.12844562530517578,
      "edge_processing_wall_time": 0.005396842956542969,
      "total_pure_processing_time": 0.0,
      "avg_processing_per_client": 0.0,
      "server_aggregation_time": 0.0041713714599609375,
      "internal_aggregation_time": 0.0,
      "evaluation_time": 0.014583587646484375,
      "clients_processed": 50
    },
    {
      "round": 45,
      "accuracy": 0.9531,
      "f1_score": 0.948444542156755,
      "precision": 0.9023216900230078,
      "recall": 0.9995366079703429,
      "roc_auc": 0.9996983141791439,
      "pr_auc": 0.9996319952023823,
      "mae": 0.10932342924604013,
      "rmse": 0.19926984610041842,
      "ece": 0.10487816180412074,
      "mce": 0.5158611076562497,
      "round_time": 0.16670680046081543,
      "client_training_time": 0.13532161712646484,
      "edge_processing_wall_time": 0.003211498260498047,
      "total_pure_processing_time": 0.0,
      "avg_processing_per_client": 0.0,
      "server_aggregation_time": 0.0010094642639160156,
      "internal_aggregation_time": 0.0,
      "evaluation_time": 0.02570509910583496,
      "clients_processed": 50
    },
    {
      "round": 46,
      "accuracy": 0.9513,
      "f1_score": 0.9465833059120324,
      "precision": 0.8987710893563841,
      "recall": 0.9997683039851715,
      "roc_auc": 0.9997486562935551,
      "pr_auc": 0.9996923189597443,
      "mae": 0.10917297661840432,
      "rmse": 0.1998739182547928,
      "ece": 0.10528440888287713,
      "mce": 0.5837891927212643,
      "round_time": 0.14253520965576172,
      "client_training_time": 0.12006068229675293,
      "edge_processing_wall_time": 0.004946470260620117,
      "total_pure_processing_time": 0.0,
      "avg_processing_per_client": 0.0,
      "server_aggregation_time": 0.0014760494232177734,
      "internal_aggregation_time": 0.0,
      "evaluation_time": 0.014987707138061523,
      "clients_processed": 50
    },
    {
      "round": 47,
      "accuracy": 0.9517,
      "f1_score": 0.9469522240527183,
      "precision": 0.9001879306744623,
      "recall": 0.9988415199258572,
      "roc_auc": 0.9996614238038062,
      "pr_auc": 0.9995919829283246,
      "mae": 0.11018755905094531,
      "rmse": 0.20017475348153912,
      "ece": 0.10598157506295293,
      "mce": 0.5593460233964456,
      "round_time": 0.16020631790161133,
      "client_training_time": 0.13027071952819824,
      "edge_processing_wall_time": 0.006353855133056641,
      "total_pure_processing_time": 0.0,
      "avg_processing_per_client": 0.0,
      "server_aggregation_time": 0.0014405250549316406,
      "internal_aggregation_time": 0.0,
      "evaluation_time": 0.022141218185424805,
      "clients_processed": 50
    },
    {
      "round": 48,
      "accuracy": 0.9522,
      "f1_score": 0.9475071381506699,
      "precision": 0.9006263048016702,
      "recall": 0.9995366079703429,
      "roc_auc": 0.9997345931117965,
      "pr_auc": 0.999676718037204,
      "mae": 0.10980279172452319,
      "rmse": 0.19944585125691758,
      "ece": 0.10593450325716226,
      "mce": 0.5829517283701361,
      "round_time": 0.15009498596191406,
      "client_training_time": 0.12033319473266602,
      "edge_processing_wall_time": 0.008952617645263672,
      "total_pure_processing_time": 0.0,
      "avg_processing_per_client": 0.0,
      "server_aggregation_time": 0.0006237030029296875,
      "internal_aggregation_time": 0.0,
      "evaluation_time": 0.019077062606811523,
      "clients_processed": 50
    },
    {
      "round": 49,
      "accuracy": 0.9475,
      "f1_score": 0.9426292208501803,
      "precision": 0.892037228541882,
      "recall": 0.9993049119555144,
      "roc_auc": 0.999656654550862,
      "pr_auc": 0.9995820902922586,
      "mae": 0.11111419867665906,
      "rmse": 0.203561889213361,
      "ece": 0.10676242511115043,
      "mce": 0.5409634336648438,
      "round_time": 0.16186261177062988,
      "client_training_time": 0.13174700736999512,
      "edge_processing_wall_time": 0.0035729408264160156,
      "total_pure_processing_time": 0.0,
      "avg_processing_per_client": 0.0,
      "server_aggregation_time": 0.0,
      "internal_aggregation_time": 0.0,
      "evaluation_time": 0.025283098220825195,
      "clients_processed": 50
    },
    {
      "round": 50,
      "accuracy": 0.9511,
      "f1_score": 0.9463286137635825,
      "precision": 0.8990615224191867,
      "recall": 0.9988415199258572,
      "roc_auc": 0.9996757315626388,
      "pr_auc": 0.9996105284155926,
      "mae": 0.10724605270726459,
      "rmse": 0.19886063484056016,
      "ece": 0.10339350274134051,
      "mce": 0.6121037784084654,
      "round_time": 0.1486968994140625,
      "client_training_time": 0.12110328674316406,
      "edge_processing_wall_time": 0.0038580894470214844,
      "total_pure_processing_time": 0.0,
      "avg_processing_per_client": 0.0,
      "server_aggregation_time": 0.0,
      "internal_aggregation_time": 0.0,
      "evaluation_time": 0.023735523223876953,
      "clients_processed": 50
    }
  ],
  "final_statistics": {
    "final_accuracy": 0.9511,
    "best_accuracy": 0.9551,
    "total_time": 8.038735389709473,
    "avg_round_time": 0.15994032859802246,
    "avg_client_training_time": 0.12872501850128173,
    "avg_edge_processing_wall_time": 0.0069989776611328125,
    "avg_pure_processing_time": 0.0,
    "avg_processing_per_client": 0.0,
    "avg_server_aggregation_time": 0.0007542753219604492,
    "avg_internal_aggregation_time": 0.0,
    "avg_evaluation_time": 0.022585806846618654
  },
  "timing_statistics": {
    "total_client_training_time": 6.436250925064087,
    "total_edge_processing_wall_time": 0.3499488830566406,
    "total_pure_processing_time": 0.0,
    "total_server_aggregation_time": 0.03771376609802246,
    "total_internal_aggregation_time": 0.0,
    "total_evaluation_time": 1.1292903423309326,
    "total_time": 8.038735389709473,
    "avg_round_time": 0.15994032859802246,
    "avg_client_training_time": 0.12872501850128173,
    "avg_edge_processing_wall_time": 0.0069989776611328125,
    "avg_pure_processing_time": 0.0,
    "avg_processing_per_client": 0.0,
    "avg_server_aggregation_time": 0.0007542753219604492,
    "avg_internal_aggregation_time": 0.0,
    "avg_evaluation_time": 0.022585806846618654
  },
  "architecture": {
    "clients": 50,
    "edge_devices": 50,
    "cloud_servers": 1,
    "data_flow": "Client \u2192 Edge \u2192 Cloud \u2192 Edge \u2192 Client"
  }
}