{
  "pipeline_type": "plaintext_edge_device_fl",
  "configuration": {
    "rounds": 60,
    "clients": 40,
    "patience": 999
  },
  "results": [
    {
      "round": 1,
      "accuracy": 0.955625,
      "f1_score": 0.9515226000273113,
      "precision": 0.9089486042264545,
      "recall": 0.9982808022922636,
      "roc_auc": 0.9996060330751784,
      "pr_auc": 0.9995337051841211,
      "mae": 0.10638239704155569,
      "rmse": 0.19450410708775923,
      "ece": 0.10234207486975502,
      "mce": 0.5636308486107421,
      "round_time": 0.10148811340332031,
      "client_training_time": 0.07762002944946289,
      "edge_processing_wall_time": 0.00551915168762207,
      "total_pure_processing_time": 0.0,
      "avg_processing_per_client": 0.0,
      "server_aggregation_time": 0.0010530948638916016,
      "internal_aggregation_time": 0.0,
      "evaluation_time": 0.01729583740234375,
      "clients_processed": 40
    },
    {
      "round": 2,
      "accuracy": 0.957125,
      "f1_score": 0.9530715556163634,
      "precision": 0.9120188531029065,
      "recall": 0.9979942693409742,
      "roc_auc": 0.9996194384970679,
      "pr_auc": 0.999549761885743,
      "mae": 0.106150063093773,
      "rmse": 0.1941022501697198,
      "ece": 0.10195791678963743,
      "mce": 0.5639796602610414,
      "round_time": 0.0965425968170166,
      "client_training_time": 0.07213187217712402,
      "edge_processing_wall_time": 0.00610661506652832,
      "total_pure_processing_time": 0.0,
      "avg_processing_per_client": 0.0,
      "server_aggregation_time": 0.001046895980834961,
      "internal_aggregation_time": 0.0,
      "evaluation_time": 0.017257213592529297,
      "clients_processed": 40
    },
    {
      "round": 3,
      "accuracy": 0.957875,
      "f1_score": 0.9538798412481182,
      "precision": 0.9130206968823683,
      "recall": 0.998567335243553,
      "roc_auc": 0.9996443433566922,
      "pr_auc": 0.9995732429547404,
      "mae": 0.1052364785874104,
      "rmse": 0.19226090082014025,
      "ece": 0.10109717350102856,
      "mce": 0.5437112369455916,
      "round_time": 0.08823275566101074,
      "client_training_time": 0.06932401657104492,
      "edge_processing_wall_time": 0.0025141239166259766,
      "total_pure_processing_time": 0.0,
      "avg_processing_per_client": 0.0,
      "server_aggregation_time": 0.0010297298431396484,
      "internal_aggregation_time": 0.0,
      "evaluation_time": 0.015364885330200195,
      "clients_processed": 40
    },
    {
      "round": 4,
      "accuracy": 0.958375,
      "f1_score": 0.9544147843942505,
      "precision": 0.9137614678899083,
      "recall": 0.9988538681948425,
      "roc_auc": 0.9996416749788755,
      "pr_auc": 0.9995748452993783,
      "mae": 0.10649248305925078,
      "rmse": 0.19375546389896184,
      "ece": 0.10214195688105143,
      "mce": 0.5515123509292478,
      "round_time": 0.1372079849243164,
      "client_training_time": 0.11760520935058594,
      "edge_processing_wall_time": 0.0024039745330810547,
      "total_pure_processing_time": 0.0,
      "avg_processing_per_client": 0.0,
      "server_aggregation_time": 0.001209259033203125,
      "internal_aggregation_time": 0.0,
      "evaluation_time": 0.01598954200744629,
      "clients_processed": 40
    },
    {
      "round": 5,
      "accuracy": 0.95575,
      "f1_score": 0.9516789516789517,
      "precision": 0.9087591240875912,
      "recall": 0.9988538681948425,
      "roc_auc": 0.9996252835151431,
      "pr_auc": 0.9995499489364409,
      "mae": 0.10737868593550971,
      "rmse": 0.19571868243344287,
      "ece": 0.10307886791770017,
      "mce": 0.535997804805763,
      "round_time": 0.09672808647155762,
      "client_training_time": 0.07712388038635254,
      "edge_processing_wall_time": 0.0033338069915771484,
      "total_pure_processing_time": 0.0,
      "avg_processing_per_client": 0.0,
      "server_aggregation_time": 0.001249551773071289,
      "internal_aggregation_time": 0.0,
      "evaluation_time": 0.01502084732055664,
      "clients_processed": 40
    },
    {
      "round": 6,
      "accuracy": 0.954625,
      "f1_score": 0.9505247376311844,
      "precision": 0.9064205874707564,
      "recall": 0.9991404011461318,
      "roc_auc": 0.9996231869325726,
      "pr_auc": 0.9995517732841018,
      "mae": 0.10868857993076712,
      "rmse": 0.19775939297979617,
      "ece": 0.10455383517206492,
      "mce": 0.5656345436733249,
      "round_time": 0.10907363891601562,
      "client_training_time": 0.08602070808410645,
      "edge_processing_wall_time": 0.0063860416412353516,
      "total_pure_processing_time": 0.0,
      "avg_processing_per_client": 0.0,
      "server_aggregation_time": 0.0,
      "internal_aggregation_time": 0.0,
      "evaluation_time": 0.015382528305053711,
      "clients_processed": 40
    },
    {
      "round": 7,
      "accuracy": 0.95625,
      "f1_score": 0.9521727247881935,
      "precision": 0.910135841170324,
      "recall": 0.9982808022922636,
      "roc_auc": 0.999617087783277,
      "pr_auc": 0.9995444002170197,
      "mae": 0.10667733134938072,
      "rmse": 0.19472077491072148,
      "ece": 0.10263353287154364,
      "mce": 0.5726935280641804,
      "round_time": 0.09964871406555176,
      "client_training_time": 0.0796053409576416,
      "edge_processing_wall_time": 0.004691123962402344,
      "total_pure_processing_time": 0.0,
      "avg_processing_per_client": 0.0,
      "server_aggregation_time": 0.0010187625885009766,
      "internal_aggregation_time": 0.0,
      "evaluation_time": 0.014333486557006836,
      "clients_processed": 40
    },
    {
      "round": 8,
      "accuracy": 0.9585,
      "f1_score": 0.9545578976183958,
      "precision": 0.9137840670859538,
      "recall": 0.9991404011461318,
      "roc_auc": 0.9996188031690163,
      "pr_auc": 0.9995419289993496,
      "mae": 0.10711279824465048,
      "rmse": 0.19426890748082556,
      "ece": 0.10261280111306358,
      "mce": 0.5268415693728794,
      "round_time": 0.1035616397857666,
      "client_training_time": 0.07170391082763672,
      "edge_processing_wall_time": 0.004945039749145508,
      "total_pure_processing_time": 0.0,
      "avg_processing_per_client": 0.0,
      "server_aggregation_time": 0.0012226104736328125,
      "internal_aggregation_time": 0.0,
      "evaluation_time": 0.024670839309692383,
      "clients_processed": 40
    },
    {
      "round": 9,
      "accuracy": 0.9615,
      "f1_score": 0.9577039274924471,
      "precision": 0.9195675105485233,
      "recall": 0.9991404011461318,
      "roc_auc": 0.9997123234582177,
      "pr_auc": 0.9996545223600122,
      "mae": 0.10692851951566994,
      "rmse": 0.1921942239394893,
      "ece": 0.10298582687303823,
      "mce": 0.5381887578849989,
      "round_time": 0.17258238792419434,
      "client_training_time": 0.12812352180480957,
      "edge_processing_wall_time": 0.010793447494506836,
      "total_pure_processing_time": 0.0,
      "avg_processing_per_client": 0.0,
      "server_aggregation_time": 0.0012960433959960938,
      "internal_aggregation_time": 0.0,
      "evaluation_time": 0.030140399932861328,
      "clients_processed": 40
    },
    {
      "round": 10,
      "accuracy": 0.957125,
      "f1_score": 0.9530843933798386,
      "precision": 0.9118031928814446,
      "recall": 0.9982808022922636,
      "roc_auc": 0.9996183584393802,
      "pr_auc": 0.9995492806387405,
      "mae": 0.10605613870051414,
      "rmse": 0.19316099897545214,
      "ece": 0.10195191559025803,
      "mce": 0.5629008666120628,
      "round_time": 0.15449118614196777,
      "client_training_time": 0.11440277099609375,
      "edge_processing_wall_time": 0.011298418045043945,
      "total_pure_processing_time": 0.0,
      "avg_processing_per_client": 0.0,
      "server_aggregation_time": 0.0020766258239746094,
      "internal_aggregation_time": 0.0,
      "evaluation_time": 0.02671337127685547,
      "clients_processed": 40
    },
    {
      "round": 11,
      "accuracy": 0.954875,
      "f1_score": 0.9507570590642477,
      "precision": 0.9073158031762562,
      "recall": 0.998567335243553,
      "roc_auc": 0.999548154689674,
      "pr_auc": 0.9994612888279153,
      "mae": 0.10845285685474947,
      "rmse": 0.1969858874643668,
      "ece": 0.10395036796334209,
      "mce": 0.550739564936677,
      "round_time": 0.18459844589233398,
      "client_training_time": 0.16201329231262207,
      "edge_processing_wall_time": 0.004265785217285156,
      "total_pure_processing_time": 0.0,
      "avg_processing_per_client": 0.0,
      "server_aggregation_time": 0.0,
      "internal_aggregation_time": 0.0,
      "evaluation_time": 0.018319368362426758,
      "clients_processed": 40
    },
    {
      "round": 12,
      "accuracy": 0.956125,
      "f1_score": 0.9520164046479836,
      "precision": 0.910326797385621,
      "recall": 0.9977077363896848,
      "roc_auc": 0.9995233768956601,
      "pr_auc": 0.9994354440933361,
      "mae": 0.10666643693863191,
      "rmse": 0.19417332311404012,
      "ece": 0.10193209890408245,
      "mce": 0.5105169035483734,
      "round_time": 0.12182450294494629,
      "client_training_time": 0.09319090843200684,
      "edge_processing_wall_time": 0.0052683353424072266,
      "total_pure_processing_time": 0.0,
      "avg_processing_per_client": 0.0,
      "server_aggregation_time": 0.0010547637939453125,
      "internal_aggregation_time": 0.0,
      "evaluation_time": 0.02121138572692871,
      "clients_processed": 40
    },
    {
      "round": 13,
      "accuracy": 0.95725,
      "f1_score": 0.9532147742818058,
      "precision": 0.912041884816754,
      "recall": 0.9982808022922636,
      "roc_auc": 0.9996293496146735,
      "pr_auc": 0.9995591805362637,
      "mae": 0.10628574742119837,
      "rmse": 0.19354406964289475,
      "ece": 0.10218713351054419,
      "mce": 0.538560026067723,
      "round_time": 0.11558866500854492,
      "client_training_time": 0.09778857231140137,
      "edge_processing_wall_time": 0.003170490264892578,
      "total_pure_processing_time": 0.0,
      "avg_processing_per_client": 0.0,
      "server_aggregation_time": 0.0,
      "internal_aggregation_time": 0.0,
      "evaluation_time": 0.014629602432250977,
      "clients_processed": 40
    },
    {
      "round": 14,
      "accuracy": 0.9555,
      "f1_score": 0.951392681594757,
      "precision": 0.9087115284298383,
      "recall": 0.9982808022922636,
      "roc_auc": 0.9995545715029955,
      "pr_auc": 0.9994721643870763,
      "mae": 0.10759675004917205,
      "rmse": 0.19594577553394205,
      "ece": 0.10303183884797676,
      "mce": 0.5352767572236974,
      "round_time": 0.09721851348876953,
      "client_training_time": 0.07999658584594727,
      "edge_processing_wall_time": 0.003118276596069336,
      "total_pure_processing_time": 0.0,
      "avg_processing_per_client": 0.0,
      "server_aggregation_time": 0.0,
      "internal_aggregation_time": 0.0,
      "evaluation_time": 0.01410365104675293,
      "clients_processed": 40
    },
    {
      "round": 15,
      "accuracy": 0.957,
      "f1_score": 0.9529669127700301,
      "precision": 0.9113493723849372,
      "recall": 0.998567335243553,
      "roc_auc": 0.9996358299608002,
      "pr_auc": 0.9995646160773404,
      "mae": 0.10666235132768036,
      "rmse": 0.19481165881132192,
      "ece": 0.10262929455916311,
      "mce": 0.5704148152818027,
      "round_time": 0.09743690490722656,
      "client_training_time": 0.0731344223022461,
      "edge_processing_wall_time": 0.005547046661376953,
      "total_pure_processing_time": 0.0,
      "avg_processing_per_client": 0.0,
      "server_aggregation_time": 0.0011010169982910156,
      "internal_aggregation_time": 0.0,
      "evaluation_time": 0.01660752296447754,
      "clients_processed": 40
    },
    {
      "round": 16,
      "accuracy": 0.956,
      "f1_score": 0.9518862766539092,
      "precision": 0.9100888656560376,
      "recall": 0.9977077363896848,
      "roc_auc": 0.9996433903646148,
      "pr_auc": 0.9995753179419274,
      "mae": 0.10720104889596369,
      "rmse": 0.19446869547914403,
      "ece": 0.10311742678190781,
      "mce": 0.5707576694178572,
      "round_time": 0.11593794822692871,
      "client_training_time": 0.08772754669189453,
      "edge_processing_wall_time": 0.005176067352294922,
      "total_pure_processing_time": 0.0,
      "avg_processing_per_client": 0.0,
      "server_aggregation_time": 0.0,
      "internal_aggregation_time": 0.0,
      "evaluation_time": 0.023034334182739258,
      "clients_processed": 40
    },
    {
      "round": 17,
      "accuracy": 0.955875,
      "f1_score": 0.9518088737201366,
      "precision": 0.9089960886571056,
      "recall": 0.9988538681948425,
      "roc_auc": 0.9996539368102719,
      "pr_auc": 0.999584604521844,
      "mae": 0.10676436944480468,
      "rmse": 0.1949434518137268,
      "ece": 0.10235151246472773,
      "mce": 0.5364628626204859,
      "round_time": 0.10078930854797363,
      "client_training_time": 0.07758307456970215,
      "edge_processing_wall_time": 0.0050160884857177734,
      "total_pure_processing_time": 0.0,
      "avg_processing_per_client": 0.0,
      "server_aggregation_time": 0.0,
      "internal_aggregation_time": 0.0,
      "evaluation_time": 0.01819014549255371,
      "clients_processed": 40
    },
    {
      "round": 18,
      "accuracy": 0.956375,
      "f1_score": 0.9523289168146428,
      "precision": 0.9099451840250588,
      "recall": 0.9988538681948425,
      "roc_auc": 0.9996862750081004,
      "pr_auc": 0.9996281738802624,
      "mae": 0.10637068094677511,
      "rmse": 0.19410925692322883,
      "ece": 0.10280231763098849,
      "mce": 0.5901873060644295,
      "round_time": 0.10813713073730469,
      "client_training_time": 0.08191847801208496,
      "edge_processing_wall_time": 0.003063678741455078,
      "total_pure_processing_time": 0.0,
      "avg_processing_per_client": 0.0,
      "server_aggregation_time": 0.0,
      "internal_aggregation_time": 0.0,
      "evaluation_time": 0.019629478454589844,
      "clients_processed": 40
    },
    {
      "round": 19,
      "accuracy": 0.956125,
      "f1_score": 0.9520557300915176,
      "precision": 0.9096841555729575,
      "recall": 0.998567335243553,
      "roc_auc": 0.9996038094269976,
      "pr_auc": 0.999527089209799,
      "mae": 0.10775713998509238,
      "rmse": 0.195975633303468,
      "ece": 0.10335285367446904,
      "mce": 0.5418700685939482,
      "round_time": 0.09359383583068848,
      "client_training_time": 0.07453346252441406,
      "edge_processing_wall_time": 0.004193305969238281,
      "total_pure_processing_time": 0.0,
      "avg_processing_per_client": 0.0,
      "server_aggregation_time": 0.0,
      "internal_aggregation_time": 0.0,
      "evaluation_time": 0.014867067337036133,
      "clients_processed": 40
    },
    {
      "round": 20,
      "accuracy": 0.955875,
      "f1_score": 0.9518088737201366,
      "precision": 0.9089960886571056,
      "recall": 0.9988538681948425,
      "roc_auc": 0.9996350675671383,
      "pr_auc": 0.9995698879607148,
      "mae": 0.10580617910871216,
      "rmse": 0.1942604720135724,
      "ece": 0.10188977829627408,
      "mce": 0.5966651425519075,
      "round_time": 0.09063911437988281,
      "client_training_time": 0.07352685928344727,
      "edge_processing_wall_time": 0.0035026073455810547,
      "total_pure_processing_time": 0.0,
      "avg_processing_per_client": 0.0,
      "server_aggregation_time": 0.0,
      "internal_aggregation_time": 0.0,
      "evaluation_time": 0.011522054672241211,
      "clients_processed": 40
    },
    {
      "round": 21,
      "accuracy": 0.95825,
      "f1_score": 0.9542591070939469,
      "precision": 0.9139559286463799,
      "recall": 0.9982808022922636,
      "roc_auc": 0.9996183584393801,
      "pr_auc": 0.9995485314982567,
      "mae": 0.10456335883499232,
      "rmse": 0.19202391140741917,
      "ece": 0.10053298441112579,
      "mce": 0.5830960402677073,
      "round_time": 0.09333610534667969,
      "client_training_time": 0.0726015567779541,
      "edge_processing_wall_time": 0.0020225048065185547,
      "total_pure_processing_time": 0.0,
      "avg_processing_per_client": 0.0,
      "server_aggregation_time": 0.0010433197021484375,
      "internal_aggregation_time": 0.0,
      "evaluation_time": 0.016428470611572266,
      "clients_processed": 40
    },
    {
      "round": 22,
      "accuracy": 0.9585,
      "f1_score": 0.9545578976183958,
      "precision": 0.9137840670859538,
      "recall": 0.9991404011461318,
      "roc_auc": 0.9996143558726549,
      "pr_auc": 0.9995357300865346,
      "mae": 0.10585449964858328,
      "rmse": 0.19365705565284497,
      "ece": 0.10128620479001314,
      "mce": 0.5140451388240551,
      "round_time": 0.08731222152709961,
      "client_training_time": 0.06894063949584961,
      "edge_processing_wall_time": 0.004670143127441406,
      "total_pure_processing_time": 0.0,
      "avg_processing_per_client": 0.0,
      "server_aggregation_time": 0.0,
      "internal_aggregation_time": 0.0,
      "evaluation_time": 0.011549949645996094,
      "clients_processed": 40
    },
    {
      "round": 23,
      "accuracy": 0.96175,
      "f1_score": 0.9579554822753503,
      "precision": 0.9202745512143612,
      "recall": 0.9988538681948425,
      "roc_auc": 0.9996932636166684,
      "pr_auc": 0.9996327213742555,
      "mae": 0.10562990160593866,
      "rmse": 0.1912237076663315,
      "ece": 0.10132200278217453,
      "mce": 0.505295509553713,
      "round_time": 0.09749579429626465,
      "client_training_time": 0.07747673988342285,
      "edge_processing_wall_time": 0.0030481815338134766,
      "total_pure_processing_time": 0.0,
      "avg_processing_per_client": 0.0,
      "server_aggregation_time": 0.0010187625885009766,
      "internal_aggregation_time": 0.0,
      "evaluation_time": 0.014930486679077148,
      "clients_processed": 40
    },
    {
      "round": 24,
      "accuracy": 0.957875,
      "f1_score": 0.9538924613490217,
      "precision": 0.9128043990573449,
      "recall": 0.9988538681948425,
      "roc_auc": 0.9996928824198374,
      "pr_auc": 0.9996365377877282,
      "mae": 0.10549148047686213,
      "rmse": 0.1920183737414852,
      "ece": 0.10224527724001611,
      "mce": 0.60753861227099,
      "round_time": 0.11436629295349121,
      "client_training_time": 0.09485340118408203,
      "edge_processing_wall_time": 0.004869937896728516,
      "total_pure_processing_time": 0.0,
      "avg_processing_per_client": 0.0,
      "server_aggregation_time": 0.0,
      "internal_aggregation_time": 0.0,
      "evaluation_time": 0.014642953872680664,
      "clients_processed": 40
    },
    {
      "round": 25,
      "accuracy": 0.96025,
      "f1_score": 0.9563426688632619,
      "precision": 0.9180284659989457,
      "recall": 0.9979942693409742,
      "roc_auc": 0.9996831619006473,
      "pr_auc": 0.9996222333860361,
      "mae": 0.10443497918489619,
      "rmse": 0.18941019438028966,
      "ece": 0.1005084594707092,
      "mce": 0.5686232324995713,
      "round_time": 0.09089875221252441,
      "client_training_time": 0.07082962989807129,
      "edge_processing_wall_time": 0.004373073577880859,
      "total_pure_processing_time": 0.0,
      "avg_processing_per_client": 0.0,
      "server_aggregation_time": 0.00101470947265625,
      "internal_aggregation_time": 0.0,
      "evaluation_time": 0.014681339263916016,
      "clients_processed": 40
    },
    {
      "round": 26,
      "accuracy": 0.956875,
      "f1_score": 0.9528108329913828,
      "precision": 0.911541481287621,
      "recall": 0.9979942693409742,
      "roc_auc": 0.9996325262549317,
      "pr_auc": 0.9995670318541807,
      "mae": 0.1047078837493803,
      "rmse": 0.19172166969038285,
      "ece": 0.10077178383328535,
      "mce": 0.5941765631922531,
      "round_time": 0.09035062789916992,
      "client_training_time": 0.07149076461791992,
      "edge_processing_wall_time": 0.0021321773529052734,
      "total_pure_processing_time": 0.0,
      "avg_processing_per_client": 0.0,
      "server_aggregation_time": 0.0010235309600830078,
      "internal_aggregation_time": 0.0,
      "evaluation_time": 0.01570415496826172,
      "clients_processed": 40
    },
    {
      "round": 27,
      "accuracy": 0.956625,
      "f1_score": 0.9525761924285909,
      "precision": 0.9106349621113143,
      "recall": 0.998567335243553,
      "roc_auc": 0.9996351946327486,
      "pr_auc": 0.9995703646062366,
      "mae": 0.1069627210061091,
      "rmse": 0.1944373834367688,
      "ece": 0.10318017107361356,
      "mce": 0.590728178909265,
      "round_time": 0.08840823173522949,
      "client_training_time": 0.06892085075378418,
      "edge_processing_wall_time": 0.0032782554626464844,
      "total_pure_processing_time": 0.0,
      "avg_processing_per_client": 0.0,
      "server_aggregation_time": 0.0010318756103515625,
      "internal_aggregation_time": 0.0,
      "evaluation_time": 0.015177249908447266,
      "clients_processed": 40
    },
    {
      "round": 28,
      "accuracy": 0.956375,
      "f1_score": 0.9523158901489275,
      "precision": 0.9101593105249413,
      "recall": 0.998567335243553,
      "roc_auc": 0.9996218527436642,
      "pr_auc": 0.999550079836688,
      "mae": 0.1072960256390714,
      "rmse": 0.19499962289460349,
      "ece": 0.10314002047780291,
      "mce": 0.5784402885304648,
      "round_time": 0.08890891075134277,
      "client_training_time": 0.06494402885437012,
      "edge_processing_wall_time": 0.005537271499633789,
      "total_pure_processing_time": 0.0,
      "avg_processing_per_client": 0.0,
      "server_aggregation_time": 0.0006012916564941406,
      "internal_aggregation_time": 0.0,
      "evaluation_time": 0.01578998565673828,
      "clients_processed": 40
    },
    {
      "round": 29,
      "accuracy": 0.957375,
      "f1_score": 0.9533579537682944,
      "precision": 0.9120649044752682,
      "recall": 0.998567335243553,
      "roc_auc": 0.9996947884039924,
      "pr_auc": 0.9996384611516522,
      "mae": 0.10664805642818473,
      "rmse": 0.19340417735587195,
      "ece": 0.10319638425034518,
      "mce": 0.5949480160750551,
      "round_time": 0.09860348701477051,
      "client_training_time": 0.07769918441772461,
      "edge_processing_wall_time": 0.005539417266845703,
      "total_pure_processing_time": 0.0,
      "avg_processing_per_client": 0.0,
      "server_aggregation_time": 0.0,
      "internal_aggregation_time": 0.0,
      "evaluation_time": 0.013929605484008789,
      "clients_processed": 40
    },
    {
      "round": 30,
      "accuracy": 0.957,
      "f1_score": 0.9529797703663204,
      "precision": 0.9111343439623628,
      "recall": 0.9988538681948425,
      "roc_auc": 0.9997036829967154,
      "pr_auc": 0.999645486018528,
      "mae": 0.1065700225860732,
      "rmse": 0.1938044018775545,
      "ece": 0.1029033268635339,
      "mce": 0.5702228644306868,
      "round_time": 0.0826113224029541,
      "client_training_time": 0.06535768508911133,
      "edge_processing_wall_time": 0.003324270248413086,
      "total_pure_processing_time": 0.0,
      "avg_processing_per_client": 0.0,
      "server_aggregation_time": 0.0,
      "internal_aggregation_time": 0.0,
      "evaluation_time": 0.013929367065429688,
      "clients_processed": 40
    },
    {
      "round": 31,
      "accuracy": 0.95825,
      "f1_score": 0.9542591070939469,
      "precision": 0.9139559286463799,
      "recall": 0.9982808022922636,
      "roc_auc": 0.9996429456349786,
      "pr_auc": 0.9995734952078414,
      "mae": 0.1054335311948308,
      "rmse": 0.19241050018693834,
      "ece": 0.10150228407631551,
      "mce": 0.5735867754878251,
      "round_time": 0.11300945281982422,
      "client_training_time": 0.08971023559570312,
      "edge_processing_wall_time": 0.0035927295684814453,
      "total_pure_processing_time": 0.0,
      "avg_processing_per_client": 0.0,
      "server_aggregation_time": 0.0,
      "internal_aggregation_time": 0.0,
      "evaluation_time": 0.018557310104370117,
      "clients_processed": 40
    },
    {
      "round": 32,
      "accuracy": 0.958625,
      "f1_score": 0.9546513220989177,
      "precision": 0.9146757679180887,
      "recall": 0.9982808022922636,
      "roc_auc": 0.9995216615099206,
      "pr_auc": 0.9994299609873608,
      "mae": 0.10664685298683693,
      "rmse": 0.19413594906925888,
      "ece": 0.10163700188808462,
      "mce": 0.4949316325074968,
      "round_time": 0.09246945381164551,
      "client_training_time": 0.07533621788024902,
      "edge_processing_wall_time": 0.0032961368560791016,
      "total_pure_processing_time": 0.0,
      "avg_processing_per_client": 0.0,
      "server_aggregation_time": 0.0,
      "internal_aggregation_time": 0.0,
      "evaluation_time": 0.013837099075317383,
      "clients_processed": 40
    },
    {
      "round": 33,
      "accuracy": 0.95875,
      "f1_score": 0.9547697368421053,
      "precision": 0.9151339989490278,
      "recall": 0.9979942693409742,
      "roc_auc": 0.9996637208622672,
      "pr_auc": 0.9996000823154813,
      "mae": 0.10420372361731736,
      "rmse": 0.19123005025170445,
      "ece": 0.10067054666717667,
      "mce": 0.5920819106371914,
      "round_time": 0.1432485580444336,
      "client_training_time": 0.10161185264587402,
      "edge_processing_wall_time": 0.006680727005004883,
      "total_pure_processing_time": 0.0,
      "avg_processing_per_client": 0.0,
      "server_aggregation_time": 0.0014488697052001953,
      "internal_aggregation_time": 0.0,
      "evaluation_time": 0.031067848205566406,
      "clients_processed": 40
    },
    {
      "round": 34,
      "accuracy": 0.957875,
      "f1_score": 0.9538545803094619,
      "precision": 0.9134539732494099,
      "recall": 0.9979942693409742,
      "roc_auc": 0.9996668975025254,
      "pr_auc": 0.9996044784370655,
      "mae": 0.106880567435887,
      "rmse": 0.19335627200564812,
      "ece": 0.10337948497690418,
      "mce": 0.5808749784043447,
      "round_time": 0.1775834560394287,
      "client_training_time": 0.14755988121032715,
      "edge_processing_wall_time": 0.003054380416870117,
      "total_pure_processing_time": 0.0,
      "avg_processing_per_client": 0.0,
      "server_aggregation_time": 0.0,
      "internal_aggregation_time": 0.0,
      "evaluation_time": 0.026969194412231445,
      "clients_processed": 40
    },
    {
      "round": 35,
      "accuracy": 0.95875,
      "f1_score": 0.9547697368421053,
      "precision": 0.9151339989490278,
      "recall": 0.9979942693409742,
      "roc_auc": 0.9996783969402602,
      "pr_auc": 0.9996166940343323,
      "mae": 0.10492293382799195,
      "rmse": 0.19092072172135655,
      "ece": 0.10116449880506519,
      "mce": 0.5834404354262955,
      "round_time": 0.11089301109313965,
      "client_training_time": 0.09185433387756348,
      "edge_processing_wall_time": 0.0025615692138671875,
      "total_pure_processing_time": 0.0,
      "avg_processing_per_client": 0.0,
      "server_aggregation_time": 0.0011298656463623047,
      "internal_aggregation_time": 0.0,
      "evaluation_time": 0.01534724235534668,
      "clients_processed": 40
    },
    {
      "round": 36,
      "accuracy": 0.959375,
      "f1_score": 0.9554489376285127,
      "precision": 0.9159001314060446,
      "recall": 0.998567335243553,
      "roc_auc": 0.9997255382816918,
      "pr_auc": 0.9996740739812571,
      "mae": 0.10488253497435662,
      "rmse": 0.19128739358334151,
      "ece": 0.10136393104050205,
      "mce": 0.6040482766115451,
      "round_time": 0.09805107116699219,
      "client_training_time": 0.07361030578613281,
      "edge_processing_wall_time": 0.006846427917480469,
      "total_pure_processing_time": 0.0,
      "avg_processing_per_client": 0.0,
      "server_aggregation_time": 0.0,
      "internal_aggregation_time": 0.0,
      "evaluation_time": 0.017594337463378906,
      "clients_processed": 40
    },
    {
      "round": 37,
      "accuracy": 0.957375,
      "f1_score": 0.9533579537682944,
      "precision": 0.9120649044752682,
      "recall": 0.998567335243553,
      "roc_auc": 0.9996841148927249,
      "pr_auc": 0.9996261249915049,
      "mae": 0.10696887803153399,
      "rmse": 0.19391446568633314,
      "ece": 0.10301698131327063,
      "mce": 0.5823795212568202,
      "round_time": 0.09288859367370605,
      "client_training_time": 0.07410812377929688,
      "edge_processing_wall_time": 0.005425453186035156,
      "total_pure_processing_time": 0.0,
      "avg_processing_per_client": 0.0,
      "server_aggregation_time": 0.0,
      "internal_aggregation_time": 0.0,
      "evaluation_time": 0.011307239532470703,
      "clients_processed": 40
    },
    {
      "round": 38,
      "accuracy": 0.95775,
      "f1_score": 0.9537493158182814,
      "precision": 0.9127815610267156,
      "recall": 0.998567335243553,
      "roc_auc": 0.9996521578917275,
      "pr_auc": 0.9995830393796328,
      "mae": 0.10400024734776896,
      "rmse": 0.19164440178869832,
      "ece": 0.10003910109612706,
      "mce": 0.5406667820164226,
      "round_time": 0.09243297576904297,
      "client_training_time": 0.07551884651184082,
      "edge_processing_wall_time": 0.0020101070404052734,
      "total_pure_processing_time": 0.0,
      "avg_processing_per_client": 0.0,
      "server_aggregation_time": 0.0,
      "internal_aggregation_time": 0.0,
      "evaluation_time": 0.013763666152954102,
      "clients_processed": 40
    },
    {
      "round": 39,
      "accuracy": 0.957875,
      "f1_score": 0.9538545803094619,
      "precision": 0.9134539732494099,
      "recall": 0.9979942693409742,
      "roc_auc": 0.9995922464564577,
      "pr_auc": 0.9995136125260579,
      "mae": 0.10587896133243706,
      "rmse": 0.19297786544915055,
      "ece": 0.1013243278345634,
      "mce": 0.5292663821087717,
      "round_time": 0.0866396427154541,
      "client_training_time": 0.06846976280212402,
      "edge_processing_wall_time": 0.002301454544067383,
      "total_pure_processing_time": 0.0,
      "avg_processing_per_client": 0.0,
      "server_aggregation_time": 0.0010523796081542969,
      "internal_aggregation_time": 0.0,
      "evaluation_time": 0.014816045761108398,
      "clients_processed": 40
    },
    {
      "round": 40,
      "accuracy": 0.956,
      "f1_score": 0.9519125683060109,
      "precision": 0.9096605744125327,
      "recall": 0.9982808022922636,
      "roc_auc": 0.9995641014237702,
      "pr_auc": 0.9994833101664552,
      "mae": 0.10545224842701821,
      "rmse": 0.19339103529935,
      "ece": 0.10102225180504004,
      "mce": 0.5820672349772545,
      "round_time": 0.09479761123657227,
      "client_training_time": 0.07488799095153809,
      "edge_processing_wall_time": 0.0032062530517578125,
      "total_pure_processing_time": 0.0,
      "avg_processing_per_client": 0.0,
      "server_aggregation_time": 0.0011341571807861328,
      "internal_aggregation_time": 0.0,
      "evaluation_time": 0.014558553695678711,
      "clients_processed": 40
    },
    {
      "round": 41,
      "accuracy": 0.9555,
      "f1_score": 0.9514192139737991,
      "precision": 0.9082855653986451,
      "recall": 0.9988538681948425,
      "roc_auc": 0.999648917718664,
      "pr_auc": 0.9995838725378532,
      "mae": 0.10748560569113323,
      "rmse": 0.1949517846022724,
      "ece": 0.10351466192851348,
      "mce": 0.552803321664449,
      "round_time": 0.09245991706848145,
      "client_training_time": 0.07168912887573242,
      "edge_processing_wall_time": 0.005333900451660156,
      "total_pure_processing_time": 0.0,
      "avg_processing_per_client": 0.0,
      "server_aggregation_time": 0.0010008811950683594,
      "internal_aggregation_time": 0.0,
      "evaluation_time": 0.013957977294921875,
      "clients_processed": 40
    },
    {
      "round": 42,
      "accuracy": 0.954625,
      "f1_score": 0.9504842449870413,
      "precision": 0.9070554543087738,
      "recall": 0.9982808022922636,
      "roc_auc": 0.9996154994631478,
      "pr_auc": 0.999545100824983,
      "mae": 0.10730772521226489,
      "rmse": 0.1958311723958928,
      "ece": 0.10330992021491087,
      "mce": 0.5684543924168612,
      "round_time": 0.09149384498596191,
      "client_training_time": 0.07297921180725098,
      "edge_processing_wall_time": 0.002031087875366211,
      "total_pure_processing_time": 0.0,
      "avg_processing_per_client": 0.0,
      "server_aggregation_time": 0.0010135173797607422,
      "internal_aggregation_time": 0.0,
      "evaluation_time": 0.014448165893554688,
      "clients_processed": 40
    },
    {
      "round": 43,
      "accuracy": 0.961,
      "f1_score": 0.9571546278494919,
      "precision": 0.9190400843881856,
      "recall": 0.998567335243553,
      "roc_auc": 0.9996720436597437,
      "pr_auc": 0.9996066798136112,
      "mae": 0.10486662603508116,
      "rmse": 0.19093509027725547,
      "ece": 0.10069647767467028,
      "mce": 0.5393418513158224,
      "round_time": 0.09934186935424805,
      "client_training_time": 0.0773773193359375,
      "edge_processing_wall_time": 0.0031228065490722656,
      "total_pure_processing_time": 0.0,
      "avg_processing_per_client": 0.0,
      "server_aggregation_time": 0.0,
      "internal_aggregation_time": 0.0,
      "evaluation_time": 0.017711400985717773,
      "clients_processed": 40
    },
    {
      "round": 44,
      "accuracy": 0.958375,
      "f1_score": 0.9544147843942505,
      "precision": 0.9137614678899083,
      "recall": 0.9988538681948425,
      "roc_auc": 0.9996158171271735,
      "pr_auc": 0.9995367066562509,
      "mae": 0.10568264167722803,
      "rmse": 0.19298579165670204,
      "ece": 0.10117809298753822,
      "mce": 0.5333636375826959,
      "round_time": 0.08860325813293457,
      "client_training_time": 0.06901025772094727,
      "edge_processing_wall_time": 0.004273414611816406,
      "total_pure_processing_time": 0.0,
      "avg_processing_per_client": 0.0,
      "server_aggregation_time": 0.0010066032409667969,
      "internal_aggregation_time": 0.0,
      "evaluation_time": 0.013298511505126953,
      "clients_processed": 40
    },
    {
      "round": 45,
      "accuracy": 0.957125,
      "f1_score": 0.9531100478468899,
      "precision": 0.9113725490196078,
      "recall": 0.9988538681948425,
      "roc_auc": 0.999688435123476,
      "pr_auc": 0.9996335936157713,
      "mae": 0.10655482380490705,
      "rmse": 0.19410387692891934,
      "ece": 0.10335908841540484,
      "mce": 0.6257763692027152,
      "round_time": 0.09230661392211914,
      "client_training_time": 0.07295060157775879,
      "edge_processing_wall_time": 0.0030393600463867188,
      "total_pure_processing_time": 0.0,
      "avg_processing_per_client": 0.0,
      "server_aggregation_time": 0.0,
      "internal_aggregation_time": 0.0,
      "evaluation_time": 0.016316652297973633,
      "clients_processed": 40
    },
    {
      "round": 46,
      "accuracy": 0.95675,
      "f1_score": 0.9527451515979241,
      "precision": 0.9102296450939458,
      "recall": 0.9994269340974212,
      "roc_auc": 0.9996663892400841,
      "pr_auc": 0.9995974693724917,
      "mae": 0.1070827348560191,
      "rmse": 0.1955935279173249,
      "ece": 0.10283024670697034,
      "mce": 0.5367346808876905,
      "round_time": 0.10637474060058594,
      "client_training_time": 0.08627438545227051,
      "edge_processing_wall_time": 0.0031561851501464844,
      "total_pure_processing_time": 0.0,
      "avg_processing_per_client": 0.0,
      "server_aggregation_time": 0.0,
      "internal_aggregation_time": 0.0,
      "evaluation_time": 0.016944169998168945,
      "clients_processed": 40
    },
    {
      "round": 47,
      "accuracy": 0.95675,
      "f1_score": 0.9527193222191855,
      "precision": 0.9106583072100314,
      "recall": 0.9988538681948425,
      "roc_auc": 0.9996689305522908,
      "pr_auc": 0.9996036316821438,
      "mae": 0.10739370474580182,
      "rmse": 0.19474431531712,
      "ece": 0.10326681781155467,
      "mce": 0.5168173572053684,
      "round_time": 0.10603761672973633,
      "client_training_time": 0.08080554008483887,
      "edge_processing_wall_time": 0.003486156463623047,
      "total_pure_processing_time": 0.0,
      "avg_processing_per_client": 0.0,
      "server_aggregation_time": 0.0020651817321777344,
      "internal_aggregation_time": 0.0,
      "evaluation_time": 0.018620014190673828,
      "clients_processed": 40
    },
    {
      "round": 48,
      "accuracy": 0.957875,
      "f1_score": 0.9538545803094619,
      "precision": 0.9134539732494099,
      "recall": 0.9979942693409742,
      "roc_auc": 0.999622551604521,
      "pr_auc": 0.9995548524683928,
      "mae": 0.10521773172053499,
      "rmse": 0.1927448663522626,
      "ece": 0.10106237884155969,
      "mce": 0.5674315117841984,
      "round_time": 0.09132623672485352,
      "client_training_time": 0.07270550727844238,
      "edge_processing_wall_time": 0.002463817596435547,
      "total_pure_processing_time": 0.0,
      "avg_processing_per_client": 0.0,
      "server_aggregation_time": 0.0,
      "internal_aggregation_time": 0.0,
      "evaluation_time": 0.016156911849975586,
      "clients_processed": 40
    },
    {
      "round": 49,
      "accuracy": 0.957,
      "f1_score": 0.9529154119901451,
      "precision": 0.9122117400419287,
      "recall": 0.9974212034383955,
      "roc_auc": 0.9996157535943685,
      "pr_auc": 0.9995463575269804,
      "mae": 0.10651074843883893,
      "rmse": 0.1933637667379149,
      "ece": 0.10232957885314456,
      "mce": 0.5777938097309134,
      "round_time": 0.09242367744445801,
      "client_training_time": 0.07448267936706543,
      "edge_processing_wall_time": 0.002255678176879883,
      "total_pure_processing_time": 0.0,
      "avg_processing_per_client": 0.0,
      "server_aggregation_time": 0.0011057853698730469,
      "internal_aggregation_time": 0.0,
      "evaluation_time": 0.014579534530639648,
      "clients_processed": 40
    },
    {
      "round": 50,
      "accuracy": 0.95625,
      "f1_score": 0.9521727247881935,
      "precision": 0.910135841170324,
      "recall": 0.9982808022922636,
      "roc_auc": 0.9996390701338637,
      "pr_auc": 0.9995704543255683,
      "mae": 0.10519978585073526,
      "rmse": 0.19307493614767912,
      "ece": 0.10152526686848483,
      "mce": 0.5551639601823162,
      "round_time": 0.08702540397644043,
      "client_training_time": 0.06959128379821777,
      "edge_processing_wall_time": 0.0020418167114257812,
      "total_pure_processing_time": 0.0,
      "avg_processing_per_client": 0.0,
      "server_aggregation_time": 0.0,
      "internal_aggregation_time": 0.0,
      "evaluation_time": 0.015392303466796875,
      "clients_processed": 40
    },
    {
      "round": 51,
      "accuracy": 0.96075,
      "f1_score": 0.956891817682592,
      "precision": 0.9185556141275698,
      "recall": 0.998567335243553,
      "roc_auc": 0.9996373547481242,
      "pr_auc": 0.9995656929600792,
      "mae": 0.10452237001708921,
      "rmse": 0.19103245650779055,
      "ece": 0.10010917100237776,
      "mce": 0.5335207186057007,
      "round_time": 0.09109210968017578,
      "client_training_time": 0.06932592391967773,
      "edge_processing_wall_time": 0.0063436031341552734,
      "total_pure_processing_time": 0.0,
      "avg_processing_per_client": 0.0,
      "server_aggregation_time": 0.0011968612670898438,
      "internal_aggregation_time": 0.0,
      "evaluation_time": 0.01422572135925293,
      "clients_processed": 40
    },
    {
      "round": 52,
      "accuracy": 0.959375,
      "f1_score": 0.9554489376285127,
      "precision": 0.9159001314060446,
      "recall": 0.998567335243553,
      "roc_auc": 0.9996505695715983,
      "pr_auc": 0.9995815260059414,
      "mae": 0.10486820768064727,
      "rmse": 0.19176509205511116,
      "ece": 0.10047310329944084,
      "mce": 0.5466666222618954,
      "round_time": 0.0912315845489502,
      "client_training_time": 0.07065558433532715,
      "edge_processing_wall_time": 0.0033779144287109375,
      "total_pure_processing_time": 0.0,
      "avg_processing_per_client": 0.0,
      "server_aggregation_time": 0.0,
      "internal_aggregation_time": 0.0,
      "evaluation_time": 0.01719808578491211,
      "clients_processed": 40
    },
    {
      "round": 53,
      "accuracy": 0.960875,
      "f1_score": 0.9570113995330312,
      "precision": 0.9190187285676602,
      "recall": 0.9982808022922636,
      "roc_auc": 0.999663657329462,
      "pr_auc": 0.9995939863874385,
      "mae": 0.10444332509536759,
      "rmse": 0.19079588381004886,
      "ece": 0.10003166218000205,
      "mce": 0.5035980975033817,
      "round_time": 0.09936404228210449,
      "client_training_time": 0.07664918899536133,
      "edge_processing_wall_time": 0.005060911178588867,
      "total_pure_processing_time": 0.0,
      "avg_processing_per_client": 0.0,
      "server_aggregation_time": 0.001110076904296875,
      "internal_aggregation_time": 0.0,
      "evaluation_time": 0.016543865203857422,
      "clients_processed": 40
    },
    {
      "round": 54,
      "accuracy": 0.9585,
      "f1_score": 0.9545205479452055,
      "precision": 0.9144356955380577,
      "recall": 0.9982808022922636,
      "roc_auc": 0.9995773797800495,
      "pr_auc": 0.9994937666316129,
      "mae": 0.10534583799385318,
      "rmse": 0.192545051804617,
      "ece": 0.10071256722769281,
      "mce": 0.5101788929846858,
      "round_time": 0.09829163551330566,
      "client_training_time": 0.08043265342712402,
      "edge_processing_wall_time": 0.002132892608642578,
      "total_pure_processing_time": 0.0,
      "avg_processing_per_client": 0.0,
      "server_aggregation_time": 0.0012900829315185547,
      "internal_aggregation_time": 0.0,
      "evaluation_time": 0.014436006546020508,
      "clients_processed": 40
    },
    {
      "round": 55,
      "accuracy": 0.9575,
      "f1_score": 0.9535138091331693,
      "precision": 0.9118723849372385,
      "recall": 0.9991404011461318,
      "roc_auc": 0.9996922470917858,
      "pr_auc": 0.9996314072130446,
      "mae": 0.10636609792209069,
      "rmse": 0.1942664482135205,
      "ece": 0.10273075902576538,
      "mce": 0.5863109990311073,
      "round_time": 0.09125423431396484,
      "client_training_time": 0.07139992713928223,
      "edge_processing_wall_time": 0.0034275054931640625,
      "total_pure_processing_time": 0.0,
      "avg_processing_per_client": 0.0,
      "server_aggregation_time": 0.001096487045288086,
      "internal_aggregation_time": 0.0,
      "evaluation_time": 0.015330314636230469,
      "clients_processed": 40
    },
    {
      "round": 56,
      "accuracy": 0.957625,
      "f1_score": 0.9535934291581109,
      "precision": 0.9129750982961992,
      "recall": 0.9979942693409742,
      "roc_auc": 0.9996311285332181,
      "pr_auc": 0.9995677056963799,
      "mae": 0.10542149589097069,
      "rmse": 0.19239260157057875,
      "ece": 0.10169638741910299,
      "mce": 0.5781931837883479,
      "round_time": 0.08813023567199707,
      "client_training_time": 0.07062602043151855,
      "edge_processing_wall_time": 0.0025038719177246094,
      "total_pure_processing_time": 0.0,
      "avg_processing_per_client": 0.0,
      "server_aggregation_time": 0.0,
      "internal_aggregation_time": 0.0,
      "evaluation_time": 0.013968229293823242,
      "clients_processed": 40
    },
    {
      "round": 57,
      "accuracy": 0.957875,
      "f1_score": 0.9538798412481182,
      "precision": 0.9130206968823683,
      "recall": 0.998567335243553,
      "roc_auc": 0.9996133393477722,
      "pr_auc": 0.9995349741508348,
      "mae": 0.10541288270512594,
      "rmse": 0.19217485689811864,
      "ece": 0.10077156474713252,
      "mce": 0.5336262372731946,
      "round_time": 0.0896155834197998,
      "client_training_time": 0.07070040702819824,
      "edge_processing_wall_time": 0.002282857894897461,
      "total_pure_processing_time": 0.0,
      "avg_processing_per_client": 0.0,
      "server_aggregation_time": 0.0,
      "internal_aggregation_time": 0.0,
      "evaluation_time": 0.0166323184967041,
      "clients_processed": 40
    },
    {
      "round": 58,
      "accuracy": 0.958875,
      "f1_score": 0.9549006168608636,
      "precision": 0.9153745072273325,
      "recall": 0.9979942693409742,
      "roc_auc": 0.9996382442073966,
      "pr_auc": 0.9995721016532997,
      "mae": 0.10517169240713875,
      "rmse": 0.19214126949358282,
      "ece": 0.1011770468217991,
      "mce": 0.5474202412526489,
      "round_time": 0.09607434272766113,
      "client_training_time": 0.07715463638305664,
      "edge_processing_wall_time": 0.0020325183868408203,
      "total_pure_processing_time": 0.0,
      "avg_processing_per_client": 0.0,
      "server_aggregation_time": 0.0,
      "internal_aggregation_time": 0.0,
      "evaluation_time": 0.016887187957763672,
      "clients_processed": 40
    },
    {
      "round": 59,
      "accuracy": 0.957125,
      "f1_score": 0.9531100478468899,
      "precision": 0.9113725490196078,
      "recall": 0.9988538681948425,
      "roc_auc": 0.9995841142573968,
      "pr_auc": 0.9995007619765862,
      "mae": 0.10694532101031408,
      "rmse": 0.19536139769177,
      "ece": 0.10222795522910297,
      "mce": 0.5391233017456479,
      "round_time": 0.09280896186828613,
      "client_training_time": 0.07080936431884766,
      "edge_processing_wall_time": 0.004701375961303711,
      "total_pure_processing_time": 0.0,
      "avg_processing_per_client": 0.0,
      "server_aggregation_time": 0.0010199546813964844,
      "internal_aggregation_time": 0.0,
      "evaluation_time": 0.015238761901855469,
      "clients_processed": 40
    },
    {
      "round": 60,
      "accuracy": 0.958125,
      "f1_score": 0.9541284403669725,
      "precision": 0.9137162339365329,
      "recall": 0.9982808022922636,
      "roc_auc": 0.9996036188285821,
      "pr_auc": 0.9995228830801204,
      "mae": 0.10629099210446234,
      "rmse": 0.19361862765026816,
      "ece": 0.10176752600268567,
      "mce": 0.5282656448756047,
      "round_time": 0.09234881401062012,
      "client_training_time": 0.07401657104492188,
      "edge_processing_wall_time": 0.002176046371459961,
      "total_pure_processing_time": 0.0,
      "avg_processing_per_client": 0.0,
      "server_aggregation_time": 0.0,
      "internal_aggregation_time": 0.0,
      "evaluation_time": 0.015132904052734375,
      "clients_processed": 40
    }
  ],
  "final_statistics": {
    "final_accuracy": 0.958125,
    "best_accuracy": 0.96175,
    "total_time": 6.230234384536743,
    "avg_round_time": 0.1032871961593628,
    "avg_client_training_time": 0.08134154478708903,
    "avg_edge_processing_wall_time": 0.004055460294087728,
    "avg_pure_processing_time": 0.0,
    "avg_processing_per_client": 0.0,
    "avg_server_aggregation_time": 0.0005960424741109212,
    "avg_internal_aggregation_time": 0.0,
    "avg_evaluation_time": 0.016698078314463297
  },
  "timing_statistics": {
    "total_client_training_time": 4.880492687225342,
    "total_edge_processing_wall_time": 0.24332761764526367,
    "total_pure_processing_time": 0.0,
    "total_server_aggregation_time": 0.03576254844665527,
    "total_internal_aggregation_time": 0.0,
    "total_evaluation_time": 1.0018846988677979,
    "total_time": 6.230234384536743,
    "avg_round_time": 0.1032871961593628,
    "avg_client_training_time": 0.08134154478708903,
    "avg_edge_processing_wall_time": 0.004055460294087728,
    "avg_pure_processing_time": 0.0,
    "avg_processing_per_client": 0.0,
    "avg_server_aggregation_time": 0.0005960424741109212,
    "avg_internal_aggregation_time": 0.0,
    "avg_evaluation_time": 0.016698078314463297
  },
  "architecture": {
    "clients": 40,
    "edge_devices": 40,
    "cloud_servers": 1,
    "data_flow": "Client \u2192 Edge \u2192 Cloud \u2192 Edge \u2192 Client"
  }
}