{
  "pipeline_type": "plaintext_edge_device_fl",
  "configuration": {
    "rounds": 30,
    "clients": 60,
    "patience": 999
  },
  "results": [
    {
      "round": 1,
      "accuracy": 0.9865833333333334,
      "f1_score": 0.9862027594481104,
      "precision": 0.9772418478260869,
      "recall": 0.9953295277633627,
      "roc_auc": 0.99963056337361,
      "pr_auc": 0.9996446026865262,
      "mae": 0.09332585663696571,
      "rmse": 0.15995401841560172,
      "ece": 0.08944122922237402,
      "mce": 0.47289930661594837,
      "round_time": 0.1263117790222168,
      "client_training_time": 0.10923910140991211,
      "edge_processing_wall_time": 0.007589817047119141,
      "total_pure_processing_time": 0.0,
      "avg_processing_per_client": 0.0,
      "server_aggregation_time": 0.0,
      "internal_aggregation_time": 0.0,
      "evaluation_time": 0.008816242218017578,
      "clients_processed": 60
    },
    {
      "round": 2,
      "accuracy": 0.9883333333333333,
      "f1_score": 0.9879807692307693,
      "precision": 0.9807397306971195,
      "recall": 0.9953295277633627,
      "roc_auc": 0.9997019084230522,
      "pr_auc": 0.9997040039697399,
      "mae": 0.09242009809072083,
      "rmse": 0.15879809865962083,
      "ece": 0.08793458708619298,
      "mce": 0.3983044855273763,
      "round_time": 0.18655610084533691,
      "client_training_time": 0.15755367279052734,
      "edge_processing_wall_time": 0.00490880012512207,
      "total_pure_processing_time": 0.0,
      "avg_processing_per_client": 0.0,
      "server_aggregation_time": 0.0010542869567871094,
      "internal_aggregation_time": 0.0,
      "evaluation_time": 0.02303934097290039,
      "clients_processed": 60
    },
    {
      "round": 3,
      "accuracy": 0.9889166666666667,
      "f1_score": 0.9885787891799055,
      "precision": 0.9815825375170532,
      "recall": 0.9956754886697803,
      "roc_auc": 0.999720294028386,
      "pr_auc": 0.9997248252607323,
      "mae": 0.09339803248559421,
      "rmse": 0.16018850414785402,
      "ece": 0.08954877962395108,
      "mce": 0.4240924579678205,
      "round_time": 0.1513831615447998,
      "client_training_time": 0.12676239013671875,
      "edge_processing_wall_time": 0.009625434875488281,
      "total_pure_processing_time": 0.0,
      "avg_processing_per_client": 0.0,
      "server_aggregation_time": 0.0,
      "internal_aggregation_time": 0.0,
      "evaluation_time": 0.014995336532592773,
      "clients_processed": 60
    },
    {
      "round": 4,
      "accuracy": 0.9895,
      "f1_score": 0.9891696750902527,
      "precision": 0.9830855971296771,
      "recall": 0.9953295277633627,
      "roc_auc": 0.9997054130921477,
      "pr_auc": 0.999708783905177,
      "mae": 0.09102238768674283,
      "rmse": 0.15568235097580152,
      "ece": 0.0875244756585007,
      "mce": 0.455933990086216,
      "round_time": 0.1468803882598877,
      "client_training_time": 0.12079286575317383,
      "edge_processing_wall_time": 0.004988193511962891,
      "total_pure_processing_time": 0.0,
      "avg_processing_per_client": 0.0,
      "server_aggregation_time": 0.0010073184967041016,
      "internal_aggregation_time": 0.0,
      "evaluation_time": 0.020092010498046875,
      "clients_processed": 60
    },
    {
      "round": 5,
      "accuracy": 0.9895833333333334,
      "f1_score": 0.9892547064385799,
      "precision": 0.9832535885167464,
      "recall": 0.9953295277633627,
      "roc_auc": 0.9997179853971565,
      "pr_auc": 0.9997189153250563,
      "mae": 0.09128992133135654,
      "rmse": 0.15603505071776358,
      "ece": 0.08714559042906804,
      "mce": 0.4158052519690443,
      "round_time": 0.12964224815368652,
      "client_training_time": 0.10558342933654785,
      "edge_processing_wall_time": 0.0036783218383789062,
      "total_pure_processing_time": 0.0,
      "avg_processing_per_client": 0.0,
      "server_aggregation_time": 0.0,
      "internal_aggregation_time": 0.0,
      "evaluation_time": 0.018944740295410156,
      "clients_processed": 60
    },
    {
      "round": 6,
      "accuracy": 0.9891666666666666,
      "f1_score": 0.9888277758679959,
      "precision": 0.9825789923142613,
      "recall": 0.9951565473101539,
      "roc_auc": 0.9997096409469293,
      "pr_auc": 0.9997134192683843,
      "mae": 0.0923792439540759,
      "rmse": 0.1575936318731491,
      "ece": 0.08875992021122131,
      "mce": 0.4791915350374627,
      "round_time": 0.1687030792236328,
      "client_training_time": 0.12700128555297852,
      "edge_processing_wall_time": 0.010315418243408203,
      "total_pure_processing_time": 0.0,
      "avg_processing_per_client": 0.0,
      "server_aggregation_time": 0.002783060073852539,
      "internal_aggregation_time": 0.0,
      "evaluation_time": 0.027597665786743164,
      "clients_processed": 60
    },
    {
      "round": 7,
      "accuracy": 0.98875,
      "f1_score": 0.9884090323688504,
      "precision": 0.9812478690760313,
      "recall": 0.9956754886697803,
      "roc_auc": 0.9996876115983296,
      "pr_auc": 0.9996943452122986,
      "mae": 0.09186535208662135,
      "rmse": 0.15801284126488416,
      "ece": 0.08808924642289262,
      "mce": 0.4474224983934744,
      "round_time": 0.18816328048706055,
      "client_training_time": 0.15998411178588867,
      "edge_processing_wall_time": 0.0063018798828125,
      "total_pure_processing_time": 0.0,
      "avg_processing_per_client": 0.0,
      "server_aggregation_time": 0.0,
      "internal_aggregation_time": 0.0,
      "evaluation_time": 0.021877288818359375,
      "clients_processed": 60
    },
    {
      "round": 8,
      "accuracy": 0.98825,
      "f1_score": 0.9879021879021879,
      "precision": 0.9800817160367722,
      "recall": 0.9958484691229891,
      "roc_auc": 0.9997133125050293,
      "pr_auc": 0.9997157530426695,
      "mae": 0.09334011752810709,
      "rmse": 0.16048170683810706,
      "ece": 0.08922482679746763,
      "mce": 0.4021046849325846,
      "round_time": 0.1373898983001709,
      "client_training_time": 0.11458635330200195,
      "edge_processing_wall_time": 0.004216909408569336,
      "total_pure_processing_time": 0.0,
      "avg_processing_per_client": 0.0,
      "server_aggregation_time": 0.0,
      "internal_aggregation_time": 0.0,
      "evaluation_time": 0.017575979232788086,
      "clients_processed": 60
    },
    {
      "round": 9,
      "accuracy": 0.987,
      "f1_score": 0.9866323907455012,
      "precision": 0.9775853285787061,
      "recall": 0.9958484691229891,
      "roc_auc": 0.9996633292481687,
      "pr_auc": 0.9996732034360659,
      "mae": 0.09344859191455271,
      "rmse": 0.15978441472591018,
      "ece": 0.08957751399756146,
      "mce": 0.47498079197831033,
      "round_time": 0.12981939315795898,
      "client_training_time": 0.10509777069091797,
      "edge_processing_wall_time": 0.005210399627685547,
      "total_pure_processing_time": 0.0,
      "avg_processing_per_client": 0.0,
      "server_aggregation_time": 0.0,
      "internal_aggregation_time": 0.0,
      "evaluation_time": 0.018411636352539062,
      "clients_processed": 60
    },
    {
      "round": 10,
      "accuracy": 0.9899166666666667,
      "f1_score": 0.9895949780720612,
      "precision": 0.9839261285909713,
      "recall": 0.9953295277633627,
      "roc_auc": 0.9997596242037899,
      "pr_auc": 0.9997588013948663,
      "mae": 0.09174896791222871,
      "rmse": 0.15692751867317362,
      "ece": 0.08839913310372538,
      "mce": 0.4619262339576111,
      "round_time": 0.12232136726379395,
      "client_training_time": 0.10805463790893555,
      "edge_processing_wall_time": 0.004169940948486328,
      "total_pure_processing_time": 0.0,
      "avg_processing_per_client": 0.0,
      "server_aggregation_time": 0.0,
      "internal_aggregation_time": 0.0,
      "evaluation_time": 0.01009678840637207,
      "clients_processed": 60
    },
    {
      "round": 11,
      "accuracy": 0.9893333333333333,
      "f1_score": 0.9889996562392575,
      "precision": 0.9827497865072587,
      "recall": 0.9953295277633627,
      "roc_auc": 0.9997231867711315,
      "pr_auc": 0.999724727307614,
      "mae": 0.09193523937455725,
      "rmse": 0.15778677851125367,
      "ece": 0.0885532960158273,
      "mce": 0.4686356305574386,
      "round_time": 0.13370823860168457,
      "client_training_time": 0.11565399169921875,
      "edge_processing_wall_time": 0.007358074188232422,
      "total_pure_processing_time": 0.0,
      "avg_processing_per_client": 0.0,
      "server_aggregation_time": 0.0,
      "internal_aggregation_time": 0.0,
      "evaluation_time": 0.009723901748657227,
      "clients_processed": 60
    },
    {
      "round": 12,
      "accuracy": 0.988,
      "f1_score": 0.9876500857632933,
      "precision": 0.9794182684129954,
      "recall": 0.9960214495761979,
      "roc_auc": 0.999711365466643,
      "pr_auc": 0.9997151942316427,
      "mae": 0.09131225744986045,
      "rmse": 0.15706554899212788,
      "ece": 0.08717911069684363,
      "mce": 0.45002816821403807,
      "round_time": 0.13927340507507324,
      "client_training_time": 0.1124579906463623,
      "edge_processing_wall_time": 0.007321596145629883,
      "total_pure_processing_time": 0.0,
      "avg_processing_per_client": 0.0,
      "server_aggregation_time": 0.0010645389556884766,
      "internal_aggregation_time": 0.0,
      "evaluation_time": 0.018429279327392578,
      "clients_processed": 60
    },
    {
      "round": 13,
      "accuracy": 0.98825,
      "f1_score": 0.9878980345034761,
      "precision": 0.9804088586030665,
      "recall": 0.9955025082165715,
      "roc_auc": 0.9997112542073066,
      "pr_auc": 0.9997130557184446,
      "mae": 0.09303955251380569,
      "rmse": 0.1589779077874344,
      "ece": 0.0890191640974441,
      "mce": 0.45135394921900895,
      "round_time": 0.12707948684692383,
      "client_training_time": 0.10962557792663574,
      "edge_processing_wall_time": 0.0051457881927490234,
      "total_pure_processing_time": 0.0,
      "avg_processing_per_client": 0.0,
      "server_aggregation_time": 0.0,
      "internal_aggregation_time": 0.0,
      "evaluation_time": 0.012308120727539062,
      "clients_processed": 60
    },
    {
      "round": 14,
      "accuracy": 0.9878333333333333,
      "f1_score": 0.9874721125793718,
      "precision": 0.9797377830750894,
      "recall": 0.9953295277633627,
      "roc_auc": 0.9997024925345681,
      "pr_auc": 0.9997083234906317,
      "mae": 0.09233921621037909,
      "rmse": 0.1585119607945433,
      "ece": 0.08890366596700425,
      "mce": 0.4923762486869811,
      "round_time": 0.13373041152954102,
      "client_training_time": 0.11814689636230469,
      "edge_processing_wall_time": 0.007185220718383789,
      "total_pure_processing_time": 0.0,
      "avg_processing_per_client": 0.0,
      "server_aggregation_time": 0.0,
      "internal_aggregation_time": 0.0,
      "evaluation_time": 0.008398294448852539,
      "clients_processed": 60
    },
    {
      "round": 15,
      "accuracy": 0.9884166666666667,
      "f1_score": 0.9880696935885331,
      "precision": 0.9805792163543441,
      "recall": 0.9956754886697803,
      "roc_auc": 0.9997489711223333,
      "pr_auc": 0.9997483984926946,
      "mae": 0.09121238915324685,
      "rmse": 0.15818518531206296,
      "ece": 0.08709160423394098,
      "mce": 0.45875964117537177,
      "round_time": 0.1333603858947754,
      "client_training_time": 0.10631394386291504,
      "edge_processing_wall_time": 0.006589412689208984,
      "total_pure_processing_time": 0.0,
      "avg_processing_per_client": 0.0,
      "server_aggregation_time": 0.0004343986511230469,
      "internal_aggregation_time": 0.0,
      "evaluation_time": 0.009743452072143555,
      "clients_processed": 60
    },
    {
      "round": 16,
      "accuracy": 0.9875833333333334,
      "f1_score": 0.9872223651487866,
      "precision": 0.9789115646258504,
      "recall": 0.9956754886697803,
      "roc_auc": 0.9996765134795276,
      "pr_auc": 0.9996823993846686,
      "mae": 0.0929693672448963,
      "rmse": 0.15909123829769278,
      "ece": 0.08878733651919979,
      "mce": 0.4231152276393182,
      "round_time": 0.1316838264465332,
      "client_training_time": 0.10818314552307129,
      "edge_processing_wall_time": 0.005467891693115234,
      "total_pure_processing_time": 0.0,
      "avg_processing_per_client": 0.0,
      "server_aggregation_time": 0.0010330677032470703,
      "internal_aggregation_time": 0.0,
      "evaluation_time": 0.01699972152709961,
      "clients_processed": 60
    },
    {
      "round": 17,
      "accuracy": 0.9863333333333333,
      "f1_score": 0.9859564994005823,
      "precision": 0.9762591148041377,
      "recall": 0.9958484691229891,
      "roc_auc": 0.9996355144140782,
      "pr_auc": 0.9996486631739193,
      "mae": 0.09456063199113214,
      "rmse": 0.16247801018726798,
      "ece": 0.09009470631792675,
      "mce": 0.43725454707389855,
      "round_time": 0.1259009838104248,
      "client_training_time": 0.1031792163848877,
      "edge_processing_wall_time": 0.006242275238037109,
      "total_pure_processing_time": 0.0,
      "avg_processing_per_client": 0.0,
      "server_aggregation_time": 0.0010440349578857422,
      "internal_aggregation_time": 0.0,
      "evaluation_time": 0.01438760757446289,
      "clients_processed": 60
    },
    {
      "round": 18,
      "accuracy": 0.9898333333333333,
      "f1_score": 0.9895098882201204,
      "precision": 0.9837579073345871,
      "recall": 0.9953295277633627,
      "roc_auc": 0.9997079720568839,
      "pr_auc": 0.9997123375091981,
      "mae": 0.09194124401385124,
      "rmse": 0.15669405536811745,
      "ece": 0.08837449783636311,
      "mce": 0.44592795778497274,
      "round_time": 0.14203453063964844,
      "client_training_time": 0.10973882675170898,
      "edge_processing_wall_time": 0.004841804504394531,
      "total_pure_processing_time": 0.0,
      "avg_processing_per_client": 0.0,
      "server_aggregation_time": 0.0010344982147216797,
      "internal_aggregation_time": 0.0,
      "evaluation_time": 0.018479585647583008,
      "clients_processed": 60
    },
    {
      "round": 19,
      "accuracy": 0.9889166666666667,
      "f1_score": 0.9885748647023451,
      "precision": 0.9819112627986348,
      "recall": 0.9953295277633627,
      "roc_auc": 0.9996489211641099,
      "pr_auc": 0.9996560197399523,
      "mae": 0.0937805848324679,
      "rmse": 0.1601714234015325,
      "ece": 0.08826423368740138,
      "mce": 0.38790459706357305,
      "round_time": 0.13005375862121582,
      "client_training_time": 0.11463332176208496,
      "edge_processing_wall_time": 0.003127574920654297,
      "total_pure_processing_time": 0.0,
      "avg_processing_per_client": 0.0,
      "server_aggregation_time": 0.0,
      "internal_aggregation_time": 0.0,
      "evaluation_time": 0.011205434799194336,
      "clients_processed": 60
    },
    {
      "round": 20,
      "accuracy": 0.9865833333333334,
      "f1_score": 0.9862051238111559,
      "precision": 0.9770797962648556,
      "recall": 0.9955025082165715,
      "roc_auc": 0.9996822433353502,
      "pr_auc": 0.999686575445331,
      "mae": 0.09403134294554145,
      "rmse": 0.15981990472605007,
      "ece": 0.08939835171242468,
      "mce": 0.4394106553408219,
      "round_time": 0.12697839736938477,
      "client_training_time": 0.11111044883728027,
      "edge_processing_wall_time": 0.0031659603118896484,
      "total_pure_processing_time": 0.0,
      "avg_processing_per_client": 0.0,
      "server_aggregation_time": 0.0010349750518798828,
      "internal_aggregation_time": 0.0,
      "evaluation_time": 0.011667013168334961,
      "clients_processed": 60
    },
    {
      "round": 21,
      "accuracy": 0.9899166666666667,
      "f1_score": 0.9895949780720612,
      "precision": 0.9839261285909713,
      "recall": 0.9953295277633627,
      "roc_auc": 0.9997047455361294,
      "pr_auc": 0.9997102341244266,
      "mae": 0.09022567110599573,
      "rmse": 0.15499881086598938,
      "ece": 0.08677417062465953,
      "mce": 0.47406044188394836,
      "round_time": 0.12682008743286133,
      "client_training_time": 0.11160659790039062,
      "edge_processing_wall_time": 0.0060884952545166016,
      "total_pure_processing_time": 0.0,
      "avg_processing_per_client": 0.0,
      "server_aggregation_time": 0.0,
      "internal_aggregation_time": 0.0,
      "evaluation_time": 0.009124994277954102,
      "clients_processed": 60
    },
    {
      "round": 22,
      "accuracy": 0.9881666666666666,
      "f1_score": 0.9878111587982833,
      "precision": 0.9804055205316068,
      "recall": 0.9953295277633627,
      "roc_auc": 0.9996934805283227,
      "pr_auc": 0.9996991311042263,
      "mae": 0.09186510730074333,
      "rmse": 0.15773195931748923,
      "ece": 0.08856870828388504,
      "mce": 0.4781601705891403,
      "round_time": 0.1332719326019287,
      "client_training_time": 0.11742305755615234,
      "edge_processing_wall_time": 0.003186464309692383,
      "total_pure_processing_time": 0.0,
      "avg_processing_per_client": 0.0,
      "server_aggregation_time": 0.0,
      "internal_aggregation_time": 0.0,
      "evaluation_time": 0.012662410736083984,
      "clients_processed": 60
    },
    {
      "round": 23,
      "accuracy": 0.9886666666666667,
      "f1_score": 0.9883201648917898,
      "precision": 0.9814088350673716,
      "recall": 0.9953295277633627,
      "roc_auc": 0.999709223724418,
      "pr_auc": 0.9997117141795056,
      "mae": 0.09153915084408644,
      "rmse": 0.1569193599451034,
      "ece": 0.08749314208482638,
      "mce": 0.4070418130659619,
      "round_time": 0.146317720413208,
      "client_training_time": 0.10932064056396484,
      "edge_processing_wall_time": 0.010422706604003906,
      "total_pure_processing_time": 0.0,
      "avg_processing_per_client": 0.0,
      "server_aggregation_time": 0.0,
      "internal_aggregation_time": 0.0,
      "evaluation_time": 0.018834829330444336,
      "clients_processed": 60
    },
    {
      "round": 24,
      "accuracy": 0.9875,
      "f1_score": 0.9871377122277483,
      "precision": 0.9787451113756164,
      "recall": 0.9956754886697803,
      "roc_auc": 0.9996945653068523,
      "pr_auc": 0.9996991472408681,
      "mae": 0.09161379354438635,
      "rmse": 0.15803114540938124,
      "ece": 0.08818837739968349,
      "mce": 0.47550954515726074,
      "round_time": 0.13332557678222656,
      "client_training_time": 0.11052489280700684,
      "edge_processing_wall_time": 0.003606557846069336,
      "total_pure_processing_time": 0.0,
      "avg_processing_per_client": 0.0,
      "server_aggregation_time": 0.0,
      "internal_aggregation_time": 0.0,
      "evaluation_time": 0.01919412612915039,
      "clients_processed": 60
    },
    {
      "round": 25,
      "accuracy": 0.9875833333333334,
      "f1_score": 0.9872223651487866,
      "precision": 0.9789115646258504,
      "recall": 0.9956754886697803,
      "roc_auc": 0.9997058859443271,
      "pr_auc": 0.9997097404248827,
      "mae": 0.09355157156178469,
      "rmse": 0.1603308901287128,
      "ece": 0.08995902430890347,
      "mce": 0.47391173229599104,
      "round_time": 0.13457036018371582,
      "client_training_time": 0.1109158992767334,
      "edge_processing_wall_time": 0.004201412200927734,
      "total_pure_processing_time": 0.0,
      "avg_processing_per_client": 0.0,
      "server_aggregation_time": 0.0,
      "internal_aggregation_time": 0.0,
      "evaluation_time": 0.019453048706054688,
      "clients_processed": 60
    },
    {
      "round": 26,
      "accuracy": 0.9885833333333334,
      "f1_score": 0.9882352941176471,
      "precision": 0.9812414733969986,
      "recall": 0.9953295277633627,
      "roc_auc": 0.9997433247110128,
      "pr_auc": 0.9997427027984308,
      "mae": 0.09154688563931958,
      "rmse": 0.15755965261467902,
      "ece": 0.0874562434858777,
      "mce": 0.42774626127938525,
      "round_time": 0.13320016860961914,
      "client_training_time": 0.10918450355529785,
      "edge_processing_wall_time": 0.0020835399627685547,
      "total_pure_processing_time": 0.0,
      "avg_processing_per_client": 0.0,
      "server_aggregation_time": 0.0,
      "internal_aggregation_time": 0.0,
      "evaluation_time": 0.021401643753051758,
      "clients_processed": 60
    },
    {
      "round": 27,
      "accuracy": 0.988,
      "f1_score": 0.9876416065911432,
      "precision": 0.9800715380684721,
      "recall": 0.9953295277633627,
      "roc_auc": 0.9997332557410722,
      "pr_auc": 0.9997341640623475,
      "mae": 0.09318303361218452,
      "rmse": 0.15859527580367933,
      "ece": 0.08971681995397342,
      "mce": 0.4979517021994264,
      "round_time": 0.13224053382873535,
      "client_training_time": 0.10860776901245117,
      "edge_processing_wall_time": 0.004386425018310547,
      "total_pure_processing_time": 0.0,
      "avg_processing_per_client": 0.0,
      "server_aggregation_time": 0.0012295246124267578,
      "internal_aggregation_time": 0.0,
      "evaluation_time": 0.018016815185546875,
      "clients_processed": 60
    },
    {
      "round": 28,
      "accuracy": 0.98825,
      "f1_score": 0.9878959567344836,
      "precision": 0.9805725971370143,
      "recall": 0.9953295277633627,
      "roc_auc": 0.999680045963457,
      "pr_auc": 0.9996861630601357,
      "mae": 0.09288369101445781,
      "rmse": 0.15920005332129236,
      "ece": 0.08898130155620294,
      "mce": 0.42871433629061484,
      "round_time": 0.1357426643371582,
      "client_training_time": 0.10982751846313477,
      "edge_processing_wall_time": 0.0052525997161865234,
      "total_pure_processing_time": 0.0,
      "avg_processing_per_client": 0.0,
      "server_aggregation_time": 0.001046895980834961,
      "internal_aggregation_time": 0.0,
      "evaluation_time": 0.019615650177001953,
      "clients_processed": 60
    },
    {
      "round": 29,
      "accuracy": 0.9896666666666667,
      "f1_score": 0.989341585009455,
      "precision": 0.9832564496839228,
      "recall": 0.9955025082165715,
      "roc_auc": 0.9997083614645612,
      "pr_auc": 0.9997113550688494,
      "mae": 0.09156443539131329,
      "rmse": 0.15658161995384628,
      "ece": 0.08791836065116229,
      "mce": 0.46298746706760197,
      "round_time": 0.1363358497619629,
      "client_training_time": 0.10923361778259277,
      "edge_processing_wall_time": 0.006260871887207031,
      "total_pure_processing_time": 0.0,
      "avg_processing_per_client": 0.0,
      "server_aggregation_time": 0.0010633468627929688,
      "internal_aggregation_time": 0.0,
      "evaluation_time": 0.019778013229370117,
      "clients_processed": 60
    },
    {
      "round": 30,
      "accuracy": 0.9871666666666666,
      "f1_score": 0.9868015083990401,
      "precision": 0.9779174452182776,
      "recall": 0.9958484691229891,
      "roc_auc": 0.9996962620117318,
      "pr_auc": 0.9997024595290535,
      "mae": 0.0915447534379418,
      "rmse": 0.15756140822282413,
      "ece": 0.08800001213061054,
      "mce": 0.47268128267277115,
      "round_time": 0.12666058540344238,
      "client_training_time": 0.11077332496643066,
      "edge_processing_wall_time": 0.005798816680908203,
      "total_pure_processing_time": 0.0,
      "avg_processing_per_client": 0.0,
      "server_aggregation_time": 0.0,
      "internal_aggregation_time": 0.0,
      "evaluation_time": 0.010088443756103516,
      "clients_processed": 60
    }
  ],
  "final_statistics": {
    "final_accuracy": 0.9871666666666666,
    "best_accuracy": 0.9899166666666667,
    "total_time": 4.187511444091797,
    "avg_round_time": 0.1383153200149536,
    "avg_client_training_time": 0.11503722667694091,
    "avg_edge_processing_wall_time": 0.005624620119730631,
    "avg_pure_processing_time": 0.0,
    "avg_processing_per_client": 0.0,
    "avg_server_aggregation_time": 0.0004609982172648112,
    "avg_internal_aggregation_time": 0.0,
    "avg_evaluation_time": 0.016031980514526367
  },
  "timing_statistics": {
    "total_client_training_time": 3.4511168003082275,
    "total_edge_processing_wall_time": 0.16873860359191895,
    "total_pure_processing_time": 0.0,
    "total_server_aggregation_time": 0.013829946517944336,
    "total_internal_aggregation_time": 0.0,
    "total_evaluation_time": 0.480959415435791,
    "total_time": 4.187511444091797,
    "avg_round_time": 0.1383153200149536,
    "avg_client_training_time": 0.11503722667694091,
    "avg_edge_processing_wall_time": 0.005624620119730631,
    "avg_pure_processing_time": 0.0,
    "avg_processing_per_client": 0.0,
    "avg_server_aggregation_time": 0.0004609982172648112,
    "avg_internal_aggregation_time": 0.0,
    "avg_evaluation_time": 0.016031980514526367
  },
  "architecture": {
    "clients": 60,
    "edge_devices": 60,
    "cloud_servers": 1,
    "data_flow": "Client \u2192 Edge \u2192 Cloud \u2192 Edge \u2192 Client"
  }
}