{
  "pipeline_type": "plaintext_edge_device_fl",
  "configuration": {
    "rounds": 30,
    "clients": 10,
    "patience": 999
  },
  "results": [
    {
      "round": 1,
      "accuracy": 0.938,
      "f1_score": 0.923739237392374,
      "precision": 0.8582857142857143,
      "recall": 1.0,
      "roc_auc": 0.9999978678015649,
      "pr_auc": 0.9999964562647712,
      "mae": 0.09865890468695558,
      "rmse": 0.1987485470509953,
      "ece": 0.09826465394574525,
      "mce": 0.7297880132327298,
      "round_time": 0.029108047485351562,
      "client_training_time": 0.017740726470947266,
      "edge_processing_wall_time": 0.0010225772857666016,
      "total_pure_processing_time": 0.0,
      "avg_processing_per_client": 0.0,
      "server_aggregation_time": 0.0,
      "internal_aggregation_time": 0.0,
      "evaluation_time": 0.010344743728637695,
      "clients_processed": 10
    },
    {
      "round": 2,
      "accuracy": 0.9395,
      "f1_score": 0.9254467036352434,
      "precision": 0.8612385321100917,
      "recall": 1.0,
      "roc_auc": 0.9999989339007824,
      "pr_auc": 0.9999982293112729,
      "mae": 0.09760396921476053,
      "rmse": 0.19724232110097112,
      "ece": 0.09718122294775869,
      "mce": 0.6441956809285655,
      "round_time": 0.028908252716064453,
      "client_training_time": 0.01914834976196289,
      "edge_processing_wall_time": 0.0010035037994384766,
      "total_pure_processing_time": 0.0,
      "avg_processing_per_client": 0.0,
      "server_aggregation_time": 0.0,
      "internal_aggregation_time": 0.0,
      "evaluation_time": 0.0076901912689208984,
      "clients_processed": 10
    },
    {
      "round": 3,
      "accuracy": 0.942,
      "f1_score": 0.9283065512978986,
      "precision": 0.8662053056516724,
      "recall": 1.0,
      "roc_auc": 0.9999957356031296,
      "pr_auc": 0.9999929453884886,
      "mae": 0.0968938957473139,
      "rmse": 0.1962234018944093,
      "ece": 0.09641113128792984,
      "mce": 0.641726580476313,
      "round_time": 0.025473594665527344,
      "client_training_time": 0.015756845474243164,
      "edge_processing_wall_time": 0.0010745525360107422,
      "total_pure_processing_time": 0.0,
      "avg_processing_per_client": 0.0,
      "server_aggregation_time": 0.0,
      "internal_aggregation_time": 0.0,
      "evaluation_time": 0.007406949996948242,
      "clients_processed": 10
    },
    {
      "round": 4,
      "accuracy": 0.9385,
      "f1_score": 0.9243076923076923,
      "precision": 0.8592677345537757,
      "recall": 1.0,
      "roc_auc": 1.0,
      "pr_auc": 1.0,
      "mae": 0.09756111299474464,
      "rmse": 0.19673388496726404,
      "ece": 0.0971474681320799,
      "mce": 0.6535361242929612,
      "round_time": 0.028270244598388672,
      "client_training_time": 0.0171201229095459,
      "edge_processing_wall_time": 0.0,
      "total_pure_processing_time": 0.0,
      "avg_processing_per_client": 0.0,
      "server_aggregation_time": 0.0013418197631835938,
      "internal_aggregation_time": 0.0,
      "evaluation_time": 0.00980830192565918,
      "clients_processed": 10
    },
    {
      "round": 5,
      "accuracy": 0.94,
      "f1_score": 0.9260172626387176,
      "precision": 0.8622273249138921,
      "recall": 1.0,
      "roc_auc": 0.9999989339007824,
      "pr_auc": 0.9999982293112729,
      "mae": 0.09550724493022573,
      "rmse": 0.19433457846064542,
      "ece": 0.09505886562029146,
      "mce": 0.6406474264925652,
      "round_time": 0.026171445846557617,
      "client_training_time": 0.016620635986328125,
      "edge_processing_wall_time": 0.0010132789611816406,
      "total_pure_processing_time": 0.0,
      "avg_processing_per_client": 0.0,
      "server_aggregation_time": 0.0,
      "internal_aggregation_time": 0.0,
      "evaluation_time": 0.008537530899047852,
      "clients_processed": 10
    },
    {
      "round": 6,
      "accuracy": 0.938,
      "f1_score": 0.923739237392374,
      "precision": 0.8582857142857143,
      "recall": 1.0,
      "roc_auc": 1.0,
      "pr_auc": 1.0,
      "mae": 0.09727955062792312,
      "rmse": 0.1978074669044884,
      "ece": 0.09704590120135424,
      "mce": 0.674082493164964,
      "round_time": 0.033751487731933594,
      "client_training_time": 0.01958179473876953,
      "edge_processing_wall_time": 0.0013103485107421875,
      "total_pure_processing_time": 0.0,
      "avg_processing_per_client": 0.0,
      "server_aggregation_time": 0.0,
      "internal_aggregation_time": 0.0,
      "evaluation_time": 0.012859344482421875,
      "clients_processed": 10
    },
    {
      "round": 7,
      "accuracy": 0.938,
      "f1_score": 0.923739237392374,
      "precision": 0.8582857142857143,
      "recall": 1.0,
      "roc_auc": 0.9999978678015649,
      "pr_auc": 0.9999964562647712,
      "mae": 0.09899194087905075,
      "rmse": 0.19952270321418994,
      "ece": 0.09855418420109617,
      "mce": 0.6567349057343259,
      "round_time": 0.027864694595336914,
      "client_training_time": 0.01761651039123535,
      "edge_processing_wall_time": 0.0010340213775634766,
      "total_pure_processing_time": 0.0,
      "avg_processing_per_client": 0.0,
      "server_aggregation_time": 0.0010190010070800781,
      "internal_aggregation_time": 0.0,
      "evaluation_time": 0.008195161819458008,
      "clients_processed": 10
    },
    {
      "round": 8,
      "accuracy": 0.9425,
      "f1_score": 0.9288806431663574,
      "precision": 0.8672055427251733,
      "recall": 1.0,
      "roc_auc": 1.0,
      "pr_auc": 1.0,
      "mae": 0.09480903275257316,
      "rmse": 0.19454680542497477,
      "ece": 0.09437592944832557,
      "mce": 0.6449114723974404,
      "round_time": 0.027292251586914062,
      "client_training_time": 0.017343521118164062,
      "edge_processing_wall_time": 0.0,
      "total_pure_processing_time": 0.0,
      "avg_processing_per_client": 0.0,
      "server_aggregation_time": 0.0,
      "internal_aggregation_time": 0.0,
      "evaluation_time": 0.00994873046875,
      "clients_processed": 10
    },
    {
      "round": 9,
      "accuracy": 0.938,
      "f1_score": 0.923739237392374,
      "precision": 0.8582857142857143,
      "recall": 1.0,
      "roc_auc": 0.999994669503912,
      "pr_auc": 0.9999911933999817,
      "mae": 0.09784281052748815,
      "rmse": 0.19833368211861652,
      "ece": 0.0975880254978971,
      "mce": 0.6800073268828224,
      "round_time": 0.024762392044067383,
      "client_training_time": 0.01522684097290039,
      "edge_processing_wall_time": 0.001008749008178711,
      "total_pure_processing_time": 0.0,
      "avg_processing_per_client": 0.0,
      "server_aggregation_time": 0.0,
      "internal_aggregation_time": 0.0,
      "evaluation_time": 0.007485866546630859,
      "clients_processed": 10
    },
    {
      "round": 10,
      "accuracy": 0.9365,
      "f1_score": 0.9220380601596071,
      "precision": 0.8553530751708428,
      "recall": 1.0,
      "roc_auc": 0.9999968017023473,
      "pr_auc": 0.9999946902790686,
      "mae": 0.09837311090968631,
      "rmse": 0.19946483898983136,
      "ece": 0.0978930693559666,
      "mce": 0.6386053528163477,
      "round_time": 0.029274463653564453,
      "client_training_time": 0.017146825790405273,
      "edge_processing_wall_time": 0.0010066032409667969,
      "total_pure_processing_time": 0.0,
      "avg_processing_per_client": 0.0,
      "server_aggregation_time": 0.0011186599731445312,
      "internal_aggregation_time": 0.0,
      "evaluation_time": 0.010002374649047852,
      "clients_processed": 10
    },
    {
      "round": 11,
      "accuracy": 0.9395,
      "f1_score": 0.9254467036352434,
      "precision": 0.8612385321100917,
      "recall": 1.0,
      "roc_auc": 0.9999978678015649,
      "pr_auc": 0.9999964633255704,
      "mae": 0.09661824870458978,
      "rmse": 0.1960770188186502,
      "ece": 0.09613425210097544,
      "mce": 0.645085854534342,
      "round_time": 0.02664017677307129,
      "client_training_time": 0.015861988067626953,
      "edge_processing_wall_time": 0.0010476112365722656,
      "total_pure_processing_time": 0.0,
      "avg_processing_per_client": 0.0,
      "server_aggregation_time": 0.0,
      "internal_aggregation_time": 0.0,
      "evaluation_time": 0.007585763931274414,
      "clients_processed": 10
    },
    {
      "round": 12,
      "accuracy": 0.9385,
      "f1_score": 0.9243076923076923,
      "precision": 0.8592677345537757,
      "recall": 1.0,
      "roc_auc": 0.9999978678015649,
      "pr_auc": 0.9999964633255704,
      "mae": 0.09771286490263409,
      "rmse": 0.19787411135863006,
      "ece": 0.09724073279259873,
      "mce": 0.6493520862764989,
      "round_time": 0.03082418441772461,
      "client_training_time": 0.021953821182250977,
      "edge_processing_wall_time": 0.0,
      "total_pure_processing_time": 0.0,
      "avg_processing_per_client": 0.0,
      "server_aggregation_time": 0.0,
      "internal_aggregation_time": 0.0,
      "evaluation_time": 0.007589101791381836,
      "clients_processed": 10
    },
    {
      "round": 13,
      "accuracy": 0.9395,
      "f1_score": 0.9254467036352434,
      "precision": 0.8612385321100917,
      "recall": 1.0,
      "roc_auc": 0.9999978678015649,
      "pr_auc": 0.9999964562647712,
      "mae": 0.09653645408305021,
      "rmse": 0.1959548248149031,
      "ece": 0.09607133514188534,
      "mce": 0.6434630961411534,
      "round_time": 0.02642059326171875,
      "client_training_time": 0.01631760597229004,
      "edge_processing_wall_time": 0.0,
      "total_pure_processing_time": 0.0,
      "avg_processing_per_client": 0.0,
      "server_aggregation_time": 0.0012431144714355469,
      "internal_aggregation_time": 0.0,
      "evaluation_time": 0.00784444808959961,
      "clients_processed": 10
    },
    {
      "round": 14,
      "accuracy": 0.939,
      "f1_score": 0.9248768472906403,
      "precision": 0.8602520045819015,
      "recall": 1.0,
      "roc_auc": 1.0,
      "pr_auc": 1.0,
      "mae": 0.09614930201351819,
      "rmse": 0.1958340367893721,
      "ece": 0.09571420372510421,
      "mce": 0.6411254089450427,
      "round_time": 0.027588844299316406,
      "client_training_time": 0.01513528823852539,
      "edge_processing_wall_time": 0.0010099411010742188,
      "total_pure_processing_time": 0.0,
      "avg_processing_per_client": 0.0,
      "server_aggregation_time": 0.0,
      "internal_aggregation_time": 0.0,
      "evaluation_time": 0.010405540466308594,
      "clients_processed": 10
    },
    {
      "round": 15,
      "accuracy": 0.9385,
      "f1_score": 0.9243076923076923,
      "precision": 0.8592677345537757,
      "recall": 1.0,
      "roc_auc": 0.9999978678015649,
      "pr_auc": 0.9999964562647712,
      "mae": 0.09697124766632045,
      "rmse": 0.19730411837730244,
      "ece": 0.09648680390375045,
      "mce": 0.6392398708836514,
      "round_time": 0.024604082107543945,
      "client_training_time": 0.014262914657592773,
      "edge_processing_wall_time": 0.0,
      "total_pure_processing_time": 0.0,
      "avg_processing_per_client": 0.0,
      "server_aggregation_time": 0.0015704631805419922,
      "internal_aggregation_time": 0.0,
      "evaluation_time": 0.00719904899597168,
      "clients_processed": 10
    },
    {
      "round": 16,
      "accuracy": 0.9395,
      "f1_score": 0.9254467036352434,
      "precision": 0.8612385321100917,
      "recall": 1.0,
      "roc_auc": 1.0,
      "pr_auc": 1.0,
      "mae": 0.0974494659583113,
      "rmse": 0.19651774892643803,
      "ece": 0.0970075491552202,
      "mce": 0.6529397113209652,
      "round_time": 0.03253293037414551,
      "client_training_time": 0.019376277923583984,
      "edge_processing_wall_time": 0.0020148754119873047,
      "total_pure_processing_time": 0.0,
      "avg_processing_per_client": 0.0,
      "server_aggregation_time": 0.0,
      "internal_aggregation_time": 0.0,
      "evaluation_time": 0.011141777038574219,
      "clients_processed": 10
    },
    {
      "round": 17,
      "accuracy": 0.9375,
      "f1_score": 0.9231714812538414,
      "precision": 0.8573059360730594,
      "recall": 1.0,
      "roc_auc": 0.9999968017023473,
      "pr_auc": 0.99999470202418,
      "mae": 0.09750554100421498,
      "rmse": 0.19729884629320613,
      "ece": 0.0972438517501186,
      "mce": 0.6601055416833687,
      "round_time": 0.031148195266723633,
      "client_training_time": 0.018812179565429688,
      "edge_processing_wall_time": 0.0025055408477783203,
      "total_pure_processing_time": 0.0,
      "avg_processing_per_client": 0.0,
      "server_aggregation_time": 0.0010192394256591797,
      "internal_aggregation_time": 0.0,
      "evaluation_time": 0.008811235427856445,
      "clients_processed": 10
    },
    {
      "round": 18,
      "accuracy": 0.9415,
      "f1_score": 0.9277331686226066,
      "precision": 0.8652073732718893,
      "recall": 1.0,
      "roc_auc": 0.9999978678015649,
      "pr_auc": 0.9999964633255704,
      "mae": 0.09583330894039949,
      "rmse": 0.19420982522083702,
      "ece": 0.09558205901739007,
      "mce": 0.6452324771579376,
      "round_time": 0.02415180206298828,
      "client_training_time": 0.013694524765014648,
      "edge_processing_wall_time": 0.0010461807250976562,
      "total_pure_processing_time": 0.0,
      "avg_processing_per_client": 0.0,
      "server_aggregation_time": 0.0,
      "internal_aggregation_time": 0.0,
      "evaluation_time": 0.008290529251098633,
      "clients_processed": 10
    },
    {
      "round": 19,
      "accuracy": 0.9405,
      "f1_score": 0.9265885256014805,
      "precision": 0.8632183908045977,
      "recall": 1.0,
      "roc_auc": 1.0,
      "pr_auc": 1.0,
      "mae": 0.09795810147678558,
      "rmse": 0.19702534736053826,
      "ece": 0.0975098859275674,
      "mce": 0.6488533420498338,
      "round_time": 0.02964329719543457,
      "client_training_time": 0.018204450607299805,
      "edge_processing_wall_time": 0.0025031566619873047,
      "total_pure_processing_time": 0.0,
      "avg_processing_per_client": 0.0,
      "server_aggregation_time": 0.0,
      "internal_aggregation_time": 0.0,
      "evaluation_time": 0.008935689926147461,
      "clients_processed": 10
    },
    {
      "round": 20,
      "accuracy": 0.939,
      "f1_score": 0.9248768472906403,
      "precision": 0.8602520045819015,
      "recall": 1.0,
      "roc_auc": 0.9999989339007824,
      "pr_auc": 0.9999982293112729,
      "mae": 0.09693277024433715,
      "rmse": 0.1967879121980575,
      "ece": 0.09671176822873123,
      "mce": 0.646370216729144,
      "round_time": 0.033499956130981445,
      "client_training_time": 0.022513151168823242,
      "edge_processing_wall_time": 0.0017352104187011719,
      "total_pure_processing_time": 0.0,
      "avg_processing_per_client": 0.0,
      "server_aggregation_time": 0.0,
      "internal_aggregation_time": 0.0,
      "evaluation_time": 0.009251594543457031,
      "clients_processed": 10
    },
    {
      "round": 21,
      "accuracy": 0.9395,
      "f1_score": 0.9254467036352434,
      "precision": 0.8612385321100917,
      "recall": 1.0,
      "roc_auc": 0.9999978678015649,
      "pr_auc": 0.9999964633255704,
      "mae": 0.09820070358181604,
      "rmse": 0.19847352888349087,
      "ece": 0.09777904097114712,
      "mce": 0.6632074829450474,
      "round_time": 0.02703547477722168,
      "client_training_time": 0.016141414642333984,
      "edge_processing_wall_time": 0.001013040542602539,
      "total_pure_processing_time": 0.0,
      "avg_processing_per_client": 0.0,
      "server_aggregation_time": 0.0,
      "internal_aggregation_time": 0.0,
      "evaluation_time": 0.008816957473754883,
      "clients_processed": 10
    },
    {
      "round": 22,
      "accuracy": 0.9375,
      "f1_score": 0.9231714812538414,
      "precision": 0.8573059360730594,
      "recall": 1.0,
      "roc_auc": 0.9999968017023473,
      "pr_auc": 0.9999946902790686,
      "mae": 0.09917812551408718,
      "rmse": 0.2015602701100756,
      "ece": 0.09875599139069119,
      "mce": 0.6786168265598012,
      "round_time": 0.025725126266479492,
      "client_training_time": 0.015023231506347656,
      "edge_processing_wall_time": 0.0010178089141845703,
      "total_pure_processing_time": 0.0,
      "avg_processing_per_client": 0.0,
      "server_aggregation_time": 0.0,
      "internal_aggregation_time": 0.0,
      "evaluation_time": 0.009684085845947266,
      "clients_processed": 10
    },
    {
      "round": 23,
      "accuracy": 0.9385,
      "f1_score": 0.9243076923076923,
      "precision": 0.8592677345537757,
      "recall": 1.0,
      "roc_auc": 0.9999989339007824,
      "pr_auc": 0.9999982293112729,
      "mae": 0.09709822257803498,
      "rmse": 0.19674193963199205,
      "ece": 0.09664655510327912,
      "mce": 0.6392573862516513,
      "round_time": 0.024169445037841797,
      "client_training_time": 0.015466928482055664,
      "edge_processing_wall_time": 0.0010523796081542969,
      "total_pure_processing_time": 0.0,
      "avg_processing_per_client": 0.0,
      "server_aggregation_time": 0.0012447834014892578,
      "internal_aggregation_time": 0.0,
      "evaluation_time": 0.006405353546142578,
      "clients_processed": 10
    },
    {
      "round": 24,
      "accuracy": 0.939,
      "f1_score": 0.9248768472906403,
      "precision": 0.8602520045819015,
      "recall": 1.0,
      "roc_auc": 0.9999936034046945,
      "pr_auc": 0.9999894460402423,
      "mae": 0.09480739707921738,
      "rmse": 0.19434059257119207,
      "ece": 0.09432282877086988,
      "mce": 0.6408234353303492,
      "round_time": 0.029217243194580078,
      "client_training_time": 0.01710677146911621,
      "edge_processing_wall_time": 0.001033782958984375,
      "total_pure_processing_time": 0.0,
      "avg_processing_per_client": 0.0,
      "server_aggregation_time": 0.0,
      "internal_aggregation_time": 0.0,
      "evaluation_time": 0.011076688766479492,
      "clients_processed": 10
    },
    {
      "round": 25,
      "accuracy": 0.9405,
      "f1_score": 0.9265885256014805,
      "precision": 0.8632183908045977,
      "recall": 1.0,
      "roc_auc": 0.9999978678015649,
      "pr_auc": 0.9999964633255704,
      "mae": 0.09893977076713753,
      "rmse": 0.19895970024019,
      "ece": 0.09849018757816518,
      "mce": 0.6470985085258749,
      "round_time": 0.028284072875976562,
      "client_training_time": 0.016768217086791992,
      "edge_processing_wall_time": 0.0,
      "total_pure_processing_time": 0.0,
      "avg_processing_per_client": 0.0,
      "server_aggregation_time": 0.0,
      "internal_aggregation_time": 0.0,
      "evaluation_time": 0.010506153106689453,
      "clients_processed": 10
    },
    {
      "round": 26,
      "accuracy": 0.938,
      "f1_score": 0.923739237392374,
      "precision": 0.8582857142857143,
      "recall": 1.0,
      "roc_auc": 1.0,
      "pr_auc": 1.0,
      "mae": 0.09824908309540586,
      "rmse": 0.19978204198906563,
      "ece": 0.09824908309540584,
      "mce": 0.7350238519110978,
      "round_time": 0.023232698440551758,
      "client_training_time": 0.014700651168823242,
      "edge_processing_wall_time": 0.0010094642639160156,
      "total_pure_processing_time": 0.0,
      "avg_processing_per_client": 0.0,
      "server_aggregation_time": 0.0,
      "internal_aggregation_time": 0.0,
      "evaluation_time": 0.006494283676147461,
      "clients_processed": 10
    },
    {
      "round": 27,
      "accuracy": 0.9375,
      "f1_score": 0.9231714812538414,
      "precision": 0.8573059360730594,
      "recall": 1.0,
      "roc_auc": 0.9999989339007824,
      "pr_auc": 0.9999982293112729,
      "mae": 0.09883372572008096,
      "rmse": 0.19900656427757232,
      "ece": 0.09838893181122878,
      "mce": 0.641206805619559,
      "round_time": 0.02672863006591797,
      "client_training_time": 0.016000032424926758,
      "edge_processing_wall_time": 0.0011997222900390625,
      "total_pure_processing_time": 0.0,
      "avg_processing_per_client": 0.0,
      "server_aggregation_time": 0.0,
      "internal_aggregation_time": 0.0,
      "evaluation_time": 0.009528875350952148,
      "clients_processed": 10
    },
    {
      "round": 28,
      "accuracy": 0.9365,
      "f1_score": 0.9220380601596071,
      "precision": 0.8553530751708428,
      "recall": 1.0,
      "roc_auc": 0.9999882729086065,
      "pr_auc": 0.9999807780352357,
      "mae": 0.09825089387375917,
      "rmse": 0.2004545217144925,
      "ece": 0.09780558872795439,
      "mce": 0.6900066039866912,
      "round_time": 0.029746532440185547,
      "client_training_time": 0.018378734588623047,
      "edge_processing_wall_time": 0.0014431476593017578,
      "total_pure_processing_time": 0.0,
      "avg_processing_per_client": 0.0,
      "server_aggregation_time": 0.0011186599731445312,
      "internal_aggregation_time": 0.0,
      "evaluation_time": 0.008805990219116211,
      "clients_processed": 10
    },
    {
      "round": 29,
      "accuracy": 0.9385,
      "f1_score": 0.9243076923076923,
      "precision": 0.8592677345537757,
      "recall": 1.0,
      "roc_auc": 0.9999957356031296,
      "pr_auc": 0.9999929453884886,
      "mae": 0.09729824359359131,
      "rmse": 0.19754301869810506,
      "ece": 0.09705016713807037,
      "mce": 0.6592787182942201,
      "round_time": 0.030404090881347656,
      "client_training_time": 0.020833492279052734,
      "edge_processing_wall_time": 0.0010821819305419922,
      "total_pure_processing_time": 0.0,
      "avg_processing_per_client": 0.0,
      "server_aggregation_time": 0.0,
      "internal_aggregation_time": 0.0,
      "evaluation_time": 0.00848841667175293,
      "clients_processed": 10
    },
    {
      "round": 30,
      "accuracy": 0.939,
      "f1_score": 0.9248768472906403,
      "precision": 0.8602520045819015,
      "recall": 1.0,
      "roc_auc": 0.9999989339007824,
      "pr_auc": 0.9999982293112729,
      "mae": 0.09614927408333816,
      "rmse": 0.19616395464623915,
      "ece": 0.0959036723196805,
      "mce": 0.6602353496057008,
      "round_time": 0.028765439987182617,
      "client_training_time": 0.016013383865356445,
      "edge_processing_wall_time": 0.0010139942169189453,
      "total_pure_processing_time": 0.0,
      "avg_processing_per_client": 0.0,
      "server_aggregation_time": 0.0,
      "internal_aggregation_time": 0.0,
      "evaluation_time": 0.008686065673828125,
      "clients_processed": 10
    }
  ],
  "final_statistics": {
    "final_accuracy": 0.939,
    "best_accuracy": 0.9425,
    "total_time": 0.850083589553833,
    "avg_round_time": 0.02804132302602132,
    "avg_client_training_time": 0.01719557444254557,
    "avg_edge_processing_wall_time": 0.0010067224502563477,
    "avg_pure_processing_time": 0.0,
    "avg_processing_per_client": 0.0,
    "avg_server_aggregation_time": 0.0003225247065226237,
    "avg_internal_aggregation_time": 0.0,
    "avg_evaluation_time": 0.008927559852600098
  },
  "timing_statistics": {
    "total_client_training_time": 0.5158672332763672,
    "total_edge_processing_wall_time": 0.03020167350769043,
    "total_pure_processing_time": 0.0,
    "total_server_aggregation_time": 0.009675741195678711,
    "total_internal_aggregation_time": 0.0,
    "total_evaluation_time": 0.26782679557800293,
    "total_time": 0.850083589553833,
    "avg_round_time": 0.02804132302602132,
    "avg_client_training_time": 0.01719557444254557,
    "avg_edge_processing_wall_time": 0.0010067224502563477,
    "avg_pure_processing_time": 0.0,
    "avg_processing_per_client": 0.0,
    "avg_server_aggregation_time": 0.0003225247065226237,
    "avg_internal_aggregation_time": 0.0,
    "avg_evaluation_time": 0.008927559852600098
  },
  "architecture": {
    "clients": 10,
    "edge_devices": 10,
    "cloud_servers": 1,
    "data_flow": "Client \u2192 Edge \u2192 Cloud \u2192 Edge \u2192 Client"
  }
}