{
  "pipeline_type": "plaintext_edge_device_fl",
  "configuration": {
    "rounds": 50,
    "clients": 40,
    "patience": 999
  },
  "results": [
    {
      "round": 1,
      "accuracy": 0.955625,
      "f1_score": 0.9515226000273113,
      "precision": 0.9089486042264545,
      "recall": 0.9982808022922636,
      "roc_auc": 0.9996060330751784,
      "pr_auc": 0.9995337051841211,
      "mae": 0.10638239704155569,
      "rmse": 0.19450410708775923,
      "ece": 0.10234207486975502,
      "mce": 0.5636308486107421,
      "round_time": 0.22303223609924316,
      "client_training_time": 0.1784071922302246,
      "edge_processing_wall_time": 0.014529228210449219,
      "total_pure_processing_time": 0.0,
      "avg_processing_per_client": 0.0,
      "server_aggregation_time": 0.0010120868682861328,
      "internal_aggregation_time": 0.0,
      "evaluation_time": 0.027795076370239258,
      "clients_processed": 40
    },
    {
      "round": 2,
      "accuracy": 0.957125,
      "f1_score": 0.9530715556163634,
      "precision": 0.9120188531029065,
      "recall": 0.9979942693409742,
      "roc_auc": 0.9996194384970679,
      "pr_auc": 0.999549761885743,
      "mae": 0.106150063093773,
      "rmse": 0.1941022501697198,
      "ece": 0.10195791678963743,
      "mce": 0.5639796602610414,
      "round_time": 0.08520865440368652,
      "client_training_time": 0.06755185127258301,
      "edge_processing_wall_time": 0.0020983219146728516,
      "total_pure_processing_time": 0.0,
      "avg_processing_per_client": 0.0,
      "server_aggregation_time": 0.0010058879852294922,
      "internal_aggregation_time": 0.0,
      "evaluation_time": 0.014552593231201172,
      "clients_processed": 40
    },
    {
      "round": 3,
      "accuracy": 0.957875,
      "f1_score": 0.9538798412481182,
      "precision": 0.9130206968823683,
      "recall": 0.998567335243553,
      "roc_auc": 0.9996443433566922,
      "pr_auc": 0.9995732429547404,
      "mae": 0.1052364785874104,
      "rmse": 0.19226090082014025,
      "ece": 0.10109717350102856,
      "mce": 0.5437112369455916,
      "round_time": 0.08972930908203125,
      "client_training_time": 0.07023024559020996,
      "edge_processing_wall_time": 0.0041599273681640625,
      "total_pure_processing_time": 0.0,
      "avg_processing_per_client": 0.0,
      "server_aggregation_time": 0.0,
      "internal_aggregation_time": 0.0,
      "evaluation_time": 0.014284849166870117,
      "clients_processed": 40
    },
    {
      "round": 4,
      "accuracy": 0.958375,
      "f1_score": 0.9544147843942505,
      "precision": 0.9137614678899083,
      "recall": 0.9988538681948425,
      "roc_auc": 0.9996416749788755,
      "pr_auc": 0.9995748452993783,
      "mae": 0.10649248305925078,
      "rmse": 0.19375546389896184,
      "ece": 0.10214195688105143,
      "mce": 0.5515123509292478,
      "round_time": 0.0882103443145752,
      "client_training_time": 0.07206058502197266,
      "edge_processing_wall_time": 0.0020835399627685547,
      "total_pure_processing_time": 0.0,
      "avg_processing_per_client": 0.0,
      "server_aggregation_time": 0.0010323524475097656,
      "internal_aggregation_time": 0.0,
      "evaluation_time": 0.013033866882324219,
      "clients_processed": 40
    },
    {
      "round": 5,
      "accuracy": 0.95575,
      "f1_score": 0.9516789516789517,
      "precision": 0.9087591240875912,
      "recall": 0.9988538681948425,
      "roc_auc": 0.9996252835151431,
      "pr_auc": 0.9995499489364409,
      "mae": 0.10737868593550971,
      "rmse": 0.19571868243344287,
      "ece": 0.10307886791770017,
      "mce": 0.535997804805763,
      "round_time": 0.10536003112792969,
      "client_training_time": 0.08571314811706543,
      "edge_processing_wall_time": 0.002023935317993164,
      "total_pure_processing_time": 0.0,
      "avg_processing_per_client": 0.0,
      "server_aggregation_time": 0.0,
      "internal_aggregation_time": 0.0,
      "evaluation_time": 0.016586780548095703,
      "clients_processed": 40
    },
    {
      "round": 6,
      "accuracy": 0.954625,
      "f1_score": 0.9505247376311844,
      "precision": 0.9064205874707564,
      "recall": 0.9991404011461318,
      "roc_auc": 0.9996231869325726,
      "pr_auc": 0.9995517732841018,
      "mae": 0.10868857993076712,
      "rmse": 0.19775939297979617,
      "ece": 0.10455383517206492,
      "mce": 0.5656345436733249,
      "round_time": 0.09569716453552246,
      "client_training_time": 0.07629179954528809,
      "edge_processing_wall_time": 0.0021505355834960938,
      "total_pure_processing_time": 0.0,
      "avg_processing_per_client": 0.0,
      "server_aggregation_time": 0.0010311603546142578,
      "internal_aggregation_time": 0.0,
      "evaluation_time": 0.016223669052124023,
      "clients_processed": 40
    },
    {
      "round": 7,
      "accuracy": 0.95625,
      "f1_score": 0.9521727247881935,
      "precision": 0.910135841170324,
      "recall": 0.9982808022922636,
      "roc_auc": 0.999617087783277,
      "pr_auc": 0.9995444002170197,
      "mae": 0.10667733134938072,
      "rmse": 0.19472077491072148,
      "ece": 0.10263353287154364,
      "mce": 0.5726935280641804,
      "round_time": 0.1012270450592041,
      "client_training_time": 0.08307194709777832,
      "edge_processing_wall_time": 0.002038240432739258,
      "total_pure_processing_time": 0.0,
      "avg_processing_per_client": 0.0,
      "server_aggregation_time": 0.0,
      "internal_aggregation_time": 0.0,
      "evaluation_time": 0.016116857528686523,
      "clients_processed": 40
    },
    {
      "round": 8,
      "accuracy": 0.9585,
      "f1_score": 0.9545578976183958,
      "precision": 0.9137840670859538,
      "recall": 0.9991404011461318,
      "roc_auc": 0.9996188031690163,
      "pr_auc": 0.9995419289993496,
      "mae": 0.10711279824465048,
      "rmse": 0.19426890748082556,
      "ece": 0.10261280111306358,
      "mce": 0.5268415693728794,
      "round_time": 0.09719967842102051,
      "client_training_time": 0.07601714134216309,
      "edge_processing_wall_time": 0.00360870361328125,
      "total_pure_processing_time": 0.0,
      "avg_processing_per_client": 0.0,
      "server_aggregation_time": 0.0010030269622802734,
      "internal_aggregation_time": 0.0,
      "evaluation_time": 0.0165708065032959,
      "clients_processed": 40
    },
    {
      "round": 9,
      "accuracy": 0.9615,
      "f1_score": 0.9577039274924471,
      "precision": 0.9195675105485233,
      "recall": 0.9991404011461318,
      "roc_auc": 0.9997123234582177,
      "pr_auc": 0.9996545223600122,
      "mae": 0.10692851951566994,
      "rmse": 0.1921942239394893,
      "ece": 0.10298582687303823,
      "mce": 0.5381887578849989,
      "round_time": 0.10012960433959961,
      "client_training_time": 0.07336950302124023,
      "edge_processing_wall_time": 0.005731105804443359,
      "total_pure_processing_time": 0.0,
      "avg_processing_per_client": 0.0,
      "server_aggregation_time": 0.0,
      "internal_aggregation_time": 0.0,
      "evaluation_time": 0.01970648765563965,
      "clients_processed": 40
    },
    {
      "round": 10,
      "accuracy": 0.957125,
      "f1_score": 0.9530843933798386,
      "precision": 0.9118031928814446,
      "recall": 0.9982808022922636,
      "roc_auc": 0.9996183584393802,
      "pr_auc": 0.9995492806387405,
      "mae": 0.10605613870051414,
      "rmse": 0.19316099897545214,
      "ece": 0.10195191559025803,
      "mce": 0.5629008666120628,
      "round_time": 0.09491729736328125,
      "client_training_time": 0.07639956474304199,
      "edge_processing_wall_time": 0.004350185394287109,
      "total_pure_processing_time": 0.0,
      "avg_processing_per_client": 0.0,
      "server_aggregation_time": 0.0,
      "internal_aggregation_time": 0.0,
      "evaluation_time": 0.014167547225952148,
      "clients_processed": 40
    },
    {
      "round": 11,
      "accuracy": 0.954875,
      "f1_score": 0.9507570590642477,
      "precision": 0.9073158031762562,
      "recall": 0.998567335243553,
      "roc_auc": 0.999548154689674,
      "pr_auc": 0.9994612888279153,
      "mae": 0.10845285685474947,
      "rmse": 0.1969858874643668,
      "ece": 0.10395036796334209,
      "mce": 0.550739564936677,
      "round_time": 0.14951801300048828,
      "client_training_time": 0.10844159126281738,
      "edge_processing_wall_time": 0.009188652038574219,
      "total_pure_processing_time": 0.0,
      "avg_processing_per_client": 0.0,
      "server_aggregation_time": 0.001018524169921875,
      "internal_aggregation_time": 0.0,
      "evaluation_time": 0.029859542846679688,
      "clients_processed": 40
    },
    {
      "round": 12,
      "accuracy": 0.956125,
      "f1_score": 0.9520164046479836,
      "precision": 0.910326797385621,
      "recall": 0.9977077363896848,
      "roc_auc": 0.9995233768956601,
      "pr_auc": 0.9994354440933361,
      "mae": 0.10666643693863191,
      "rmse": 0.19417332311404012,
      "ece": 0.10193209890408245,
      "mce": 0.5105169035483734,
      "round_time": 0.1352708339691162,
      "client_training_time": 0.11489439010620117,
      "edge_processing_wall_time": 0.005455732345581055,
      "total_pure_processing_time": 0.0,
      "avg_processing_per_client": 0.0,
      "server_aggregation_time": 0.0,
      "internal_aggregation_time": 0.0,
      "evaluation_time": 0.014293432235717773,
      "clients_processed": 40
    },
    {
      "round": 13,
      "accuracy": 0.95725,
      "f1_score": 0.9532147742818058,
      "precision": 0.912041884816754,
      "recall": 0.9982808022922636,
      "roc_auc": 0.9996293496146735,
      "pr_auc": 0.9995591805362637,
      "mae": 0.10628574742119837,
      "rmse": 0.19354406964289475,
      "ece": 0.10218713351054419,
      "mce": 0.538560026067723,
      "round_time": 0.09516000747680664,
      "client_training_time": 0.0746300220489502,
      "edge_processing_wall_time": 0.007803916931152344,
      "total_pure_processing_time": 0.0,
      "avg_processing_per_client": 0.0,
      "server_aggregation_time": 0.0010027885437011719,
      "internal_aggregation_time": 0.0,
      "evaluation_time": 0.01172327995300293,
      "clients_processed": 40
    },
    {
      "round": 14,
      "accuracy": 0.9555,
      "f1_score": 0.951392681594757,
      "precision": 0.9087115284298383,
      "recall": 0.9982808022922636,
      "roc_auc": 0.9995545715029955,
      "pr_auc": 0.9994721643870763,
      "mae": 0.10759675004917205,
      "rmse": 0.19594577553394205,
      "ece": 0.10303183884797676,
      "mce": 0.5352767572236974,
      "round_time": 0.09923648834228516,
      "client_training_time": 0.07884716987609863,
      "edge_processing_wall_time": 0.006900310516357422,
      "total_pure_processing_time": 0.0,
      "avg_processing_per_client": 0.0,
      "server_aggregation_time": 0.0011184215545654297,
      "internal_aggregation_time": 0.0,
      "evaluation_time": 0.012370586395263672,
      "clients_processed": 40
    },
    {
      "round": 15,
      "accuracy": 0.957,
      "f1_score": 0.9529669127700301,
      "precision": 0.9113493723849372,
      "recall": 0.998567335243553,
      "roc_auc": 0.9996358299608002,
      "pr_auc": 0.9995646160773404,
      "mae": 0.10666235132768036,
      "rmse": 0.19481165881132192,
      "ece": 0.10262929455916311,
      "mce": 0.5704148152818027,
      "round_time": 0.10659074783325195,
      "client_training_time": 0.07828354835510254,
      "edge_processing_wall_time": 0.010298967361450195,
      "total_pure_processing_time": 0.0,
      "avg_processing_per_client": 0.0,
      "server_aggregation_time": 0.0,
      "internal_aggregation_time": 0.0,
      "evaluation_time": 0.01800823211669922,
      "clients_processed": 40
    },
    {
      "round": 16,
      "accuracy": 0.956,
      "f1_score": 0.9518862766539092,
      "precision": 0.9100888656560376,
      "recall": 0.9977077363896848,
      "roc_auc": 0.9996433903646148,
      "pr_auc": 0.9995753179419274,
      "mae": 0.10720104889596369,
      "rmse": 0.19446869547914403,
      "ece": 0.10311742678190781,
      "mce": 0.5707576694178572,
      "round_time": 0.09412431716918945,
      "client_training_time": 0.07192468643188477,
      "edge_processing_wall_time": 0.006798744201660156,
      "total_pure_processing_time": 0.0,
      "avg_processing_per_client": 0.0,
      "server_aggregation_time": 0.001027822494506836,
      "internal_aggregation_time": 0.0,
      "evaluation_time": 0.014373064041137695,
      "clients_processed": 40
    },
    {
      "round": 17,
      "accuracy": 0.955875,
      "f1_score": 0.9518088737201366,
      "precision": 0.9089960886571056,
      "recall": 0.9988538681948425,
      "roc_auc": 0.9996539368102719,
      "pr_auc": 0.999584604521844,
      "mae": 0.10676436944480468,
      "rmse": 0.1949434518137268,
      "ece": 0.10235151246472773,
      "mce": 0.5364628626204859,
      "round_time": 0.091339111328125,
      "client_training_time": 0.07146096229553223,
      "edge_processing_wall_time": 0.0032830238342285156,
      "total_pure_processing_time": 0.0,
      "avg_processing_per_client": 0.0,
      "server_aggregation_time": 0.0,
      "internal_aggregation_time": 0.0,
      "evaluation_time": 0.016595125198364258,
      "clients_processed": 40
    },
    {
      "round": 18,
      "accuracy": 0.956375,
      "f1_score": 0.9523289168146428,
      "precision": 0.9099451840250588,
      "recall": 0.9988538681948425,
      "roc_auc": 0.9996862750081004,
      "pr_auc": 0.9996281738802624,
      "mae": 0.10637068094677511,
      "rmse": 0.19410925692322883,
      "ece": 0.10280231763098849,
      "mce": 0.5901873060644295,
      "round_time": 0.09944558143615723,
      "client_training_time": 0.07915759086608887,
      "edge_processing_wall_time": 0.0033092498779296875,
      "total_pure_processing_time": 0.0,
      "avg_processing_per_client": 0.0,
      "server_aggregation_time": 0.0,
      "internal_aggregation_time": 0.0,
      "evaluation_time": 0.016978740692138672,
      "clients_processed": 40
    },
    {
      "round": 19,
      "accuracy": 0.956125,
      "f1_score": 0.9520557300915176,
      "precision": 0.9096841555729575,
      "recall": 0.998567335243553,
      "roc_auc": 0.9996038094269976,
      "pr_auc": 0.999527089209799,
      "mae": 0.10775713998509238,
      "rmse": 0.195975633303468,
      "ece": 0.10335285367446904,
      "mce": 0.5418700685939482,
      "round_time": 0.09579920768737793,
      "client_training_time": 0.07746100425720215,
      "edge_processing_wall_time": 0.0030388832092285156,
      "total_pure_processing_time": 0.0,
      "avg_processing_per_client": 0.0,
      "server_aggregation_time": 0.0,
      "internal_aggregation_time": 0.0,
      "evaluation_time": 0.015299320220947266,
      "clients_processed": 40
    },
    {
      "round": 20,
      "accuracy": 0.955875,
      "f1_score": 0.9518088737201366,
      "precision": 0.9089960886571056,
      "recall": 0.9988538681948425,
      "roc_auc": 0.9996350675671383,
      "pr_auc": 0.9995698879607148,
      "mae": 0.10580617910871216,
      "rmse": 0.1942604720135724,
      "ece": 0.10188977829627408,
      "mce": 0.5966651425519075,
      "round_time": 0.10426712036132812,
      "client_training_time": 0.08135509490966797,
      "edge_processing_wall_time": 0.004660844802856445,
      "total_pure_processing_time": 0.0,
      "avg_processing_per_client": 0.0,
      "server_aggregation_time": 0.0,
      "internal_aggregation_time": 0.0,
      "evaluation_time": 0.01825118064880371,
      "clients_processed": 40
    },
    {
      "round": 21,
      "accuracy": 0.95825,
      "f1_score": 0.9542591070939469,
      "precision": 0.9139559286463799,
      "recall": 0.9982808022922636,
      "roc_auc": 0.9996183584393801,
      "pr_auc": 0.9995485314982567,
      "mae": 0.10456335883499232,
      "rmse": 0.19202391140741917,
      "ece": 0.10053298441112579,
      "mce": 0.5830960402677073,
      "round_time": 0.0980844497680664,
      "client_training_time": 0.07984161376953125,
      "edge_processing_wall_time": 0.0028498172760009766,
      "total_pure_processing_time": 0.0,
      "avg_processing_per_client": 0.0,
      "server_aggregation_time": 0.0009996891021728516,
      "internal_aggregation_time": 0.0,
      "evaluation_time": 0.014393329620361328,
      "clients_processed": 40
    },
    {
      "round": 22,
      "accuracy": 0.9585,
      "f1_score": 0.9545578976183958,
      "precision": 0.9137840670859538,
      "recall": 0.9991404011461318,
      "roc_auc": 0.9996143558726549,
      "pr_auc": 0.9995357300865346,
      "mae": 0.10585449964858328,
      "rmse": 0.19365705565284497,
      "ece": 0.10128620479001314,
      "mce": 0.5140451388240551,
      "round_time": 0.09303116798400879,
      "client_training_time": 0.07091975212097168,
      "edge_processing_wall_time": 0.007593870162963867,
      "total_pure_processing_time": 0.0,
      "avg_processing_per_client": 0.0,
      "server_aggregation_time": 0.0,
      "internal_aggregation_time": 0.0,
      "evaluation_time": 0.013459205627441406,
      "clients_processed": 40
    },
    {
      "round": 23,
      "accuracy": 0.96175,
      "f1_score": 0.9579554822753503,
      "precision": 0.9202745512143612,
      "recall": 0.9988538681948425,
      "roc_auc": 0.9996932636166684,
      "pr_auc": 0.9996327213742555,
      "mae": 0.10562990160593866,
      "rmse": 0.1912237076663315,
      "ece": 0.10132200278217453,
      "mce": 0.505295509553713,
      "round_time": 0.10265421867370605,
      "client_training_time": 0.07640600204467773,
      "edge_processing_wall_time": 0.009573698043823242,
      "total_pure_processing_time": 0.0,
      "avg_processing_per_client": 0.0,
      "server_aggregation_time": 0.0,
      "internal_aggregation_time": 0.0,
      "evaluation_time": 0.016674518585205078,
      "clients_processed": 40
    },
    {
      "round": 24,
      "accuracy": 0.957875,
      "f1_score": 0.9538924613490217,
      "precision": 0.9128043990573449,
      "recall": 0.9988538681948425,
      "roc_auc": 0.9996928824198374,
      "pr_auc": 0.9996365377877282,
      "mae": 0.10549148047686213,
      "rmse": 0.1920183737414852,
      "ece": 0.10224527724001611,
      "mce": 0.60753861227099,
      "round_time": 0.096588134765625,
      "client_training_time": 0.07178831100463867,
      "edge_processing_wall_time": 0.006146669387817383,
      "total_pure_processing_time": 0.0,
      "avg_processing_per_client": 0.0,
      "server_aggregation_time": 0.002287626266479492,
      "internal_aggregation_time": 0.0,
      "evaluation_time": 0.016365528106689453,
      "clients_processed": 40
    },
    {
      "round": 25,
      "accuracy": 0.96025,
      "f1_score": 0.9563426688632619,
      "precision": 0.9180284659989457,
      "recall": 0.9979942693409742,
      "roc_auc": 0.9996831619006473,
      "pr_auc": 0.9996222333860361,
      "mae": 0.10443497918489619,
      "rmse": 0.18941019438028966,
      "ece": 0.1005084594707092,
      "mce": 0.5686232324995713,
      "round_time": 0.09317350387573242,
      "client_training_time": 0.07299232482910156,
      "edge_processing_wall_time": 0.0021452903747558594,
      "total_pure_processing_time": 0.0,
      "avg_processing_per_client": 0.0,
      "server_aggregation_time": 0.0010061264038085938,
      "internal_aggregation_time": 0.0,
      "evaluation_time": 0.017029762268066406,
      "clients_processed": 40
    },
    {
      "round": 26,
      "accuracy": 0.956875,
      "f1_score": 0.9528108329913828,
      "precision": 0.911541481287621,
      "recall": 0.9979942693409742,
      "roc_auc": 0.9996325262549317,
      "pr_auc": 0.9995670318541807,
      "mae": 0.1047078837493803,
      "rmse": 0.19172166969038285,
      "ece": 0.10077178383328535,
      "mce": 0.5941765631922531,
      "round_time": 0.09535980224609375,
      "client_training_time": 0.07702422142028809,
      "edge_processing_wall_time": 0.0027115345001220703,
      "total_pure_processing_time": 0.0,
      "avg_processing_per_client": 0.0,
      "server_aggregation_time": 0.0,
      "internal_aggregation_time": 0.0,
      "evaluation_time": 0.014580726623535156,
      "clients_processed": 40
    },
    {
      "round": 27,
      "accuracy": 0.956625,
      "f1_score": 0.9525761924285909,
      "precision": 0.9106349621113143,
      "recall": 0.998567335243553,
      "roc_auc": 0.9996351946327486,
      "pr_auc": 0.9995703646062366,
      "mae": 0.1069627210061091,
      "rmse": 0.1944373834367688,
      "ece": 0.10318017107361356,
      "mce": 0.590728178909265,
      "round_time": 0.09773755073547363,
      "client_training_time": 0.07767558097839355,
      "edge_processing_wall_time": 0.003128528594970703,
      "total_pure_processing_time": 0.0,
      "avg_processing_per_client": 0.0,
      "server_aggregation_time": 0.0010194778442382812,
      "internal_aggregation_time": 0.0,
      "evaluation_time": 0.015913963317871094,
      "clients_processed": 40
    },
    {
      "round": 28,
      "accuracy": 0.956375,
      "f1_score": 0.9523158901489275,
      "precision": 0.9101593105249413,
      "recall": 0.998567335243553,
      "roc_auc": 0.9996218527436642,
      "pr_auc": 0.999550079836688,
      "mae": 0.1072960256390714,
      "rmse": 0.19499962289460349,
      "ece": 0.10314002047780291,
      "mce": 0.5784402885304648,
      "round_time": 0.0935823917388916,
      "client_training_time": 0.07147049903869629,
      "edge_processing_wall_time": 0.0044934749603271484,
      "total_pure_processing_time": 0.0,
      "avg_processing_per_client": 0.0,
      "server_aggregation_time": 0.0011105537414550781,
      "internal_aggregation_time": 0.0,
      "evaluation_time": 0.016507863998413086,
      "clients_processed": 40
    },
    {
      "round": 29,
      "accuracy": 0.957375,
      "f1_score": 0.9533579537682944,
      "precision": 0.9120649044752682,
      "recall": 0.998567335243553,
      "roc_auc": 0.9996947884039924,
      "pr_auc": 0.9996384611516522,
      "mae": 0.10664805642818473,
      "rmse": 0.19340417735587195,
      "ece": 0.10319638425034518,
      "mce": 0.5949480160750551,
      "round_time": 0.10298395156860352,
      "client_training_time": 0.08096790313720703,
      "edge_processing_wall_time": 0.00649261474609375,
      "total_pure_processing_time": 0.0,
      "avg_processing_per_client": 0.0,
      "server_aggregation_time": 0.0,
      "internal_aggregation_time": 0.0,
      "evaluation_time": 0.014509439468383789,
      "clients_processed": 40
    },
    {
      "round": 30,
      "accuracy": 0.957,
      "f1_score": 0.9529797703663204,
      "precision": 0.9111343439623628,
      "recall": 0.9988538681948425,
      "roc_auc": 0.9997036829967154,
      "pr_auc": 0.999645486018528,
      "mae": 0.1065700225860732,
      "rmse": 0.1938044018775545,
      "ece": 0.1029033268635339,
      "mce": 0.5702228644306868,
      "round_time": 0.09647321701049805,
      "client_training_time": 0.07295441627502441,
      "edge_processing_wall_time": 0.0033309459686279297,
      "total_pure_processing_time": 0.0,
      "avg_processing_per_client": 0.0,
      "server_aggregation_time": 0.0010080337524414062,
      "internal_aggregation_time": 0.0,
      "evaluation_time": 0.019179821014404297,
      "clients_processed": 40
    },
    {
      "round": 31,
      "accuracy": 0.95825,
      "f1_score": 0.9542591070939469,
      "precision": 0.9139559286463799,
      "recall": 0.9982808022922636,
      "roc_auc": 0.9996429456349786,
      "pr_auc": 0.9995734952078414,
      "mae": 0.1054335311948308,
      "rmse": 0.19241050018693834,
      "ece": 0.10150228407631551,
      "mce": 0.5735867754878251,
      "round_time": 0.0968472957611084,
      "client_training_time": 0.0757138729095459,
      "edge_processing_wall_time": 0.003635406494140625,
      "total_pure_processing_time": 0.0,
      "avg_processing_per_client": 0.0,
      "server_aggregation_time": 0.0,
      "internal_aggregation_time": 0.0,
      "evaluation_time": 0.017498016357421875,
      "clients_processed": 40
    },
    {
      "round": 32,
      "accuracy": 0.958625,
      "f1_score": 0.9546513220989177,
      "precision": 0.9146757679180887,
      "recall": 0.9982808022922636,
      "roc_auc": 0.9995216615099206,
      "pr_auc": 0.9994299609873608,
      "mae": 0.10664685298683693,
      "rmse": 0.19413594906925888,
      "ece": 0.10163700188808462,
      "mce": 0.4949316325074968,
      "round_time": 0.09672141075134277,
      "client_training_time": 0.0790102481842041,
      "edge_processing_wall_time": 0.00311279296875,
      "total_pure_processing_time": 0.0,
      "avg_processing_per_client": 0.0,
      "server_aggregation_time": 0.0,
      "internal_aggregation_time": 0.0,
      "evaluation_time": 0.014598369598388672,
      "clients_processed": 40
    },
    {
      "round": 33,
      "accuracy": 0.95875,
      "f1_score": 0.9547697368421053,
      "precision": 0.9151339989490278,
      "recall": 0.9979942693409742,
      "roc_auc": 0.9996637208622672,
      "pr_auc": 0.9996000823154813,
      "mae": 0.10420372361731736,
      "rmse": 0.19123005025170445,
      "ece": 0.10067054666717667,
      "mce": 0.5920819106371914,
      "round_time": 0.09607744216918945,
      "client_training_time": 0.07789921760559082,
      "edge_processing_wall_time": 0.002077341079711914,
      "total_pure_processing_time": 0.0,
      "avg_processing_per_client": 0.0,
      "server_aggregation_time": 0.001068115234375,
      "internal_aggregation_time": 0.0,
      "evaluation_time": 0.015032768249511719,
      "clients_processed": 40
    },
    {
      "round": 34,
      "accuracy": 0.957875,
      "f1_score": 0.9538545803094619,
      "precision": 0.9134539732494099,
      "recall": 0.9979942693409742,
      "roc_auc": 0.9996668975025254,
      "pr_auc": 0.9996044784370655,
      "mae": 0.106880567435887,
      "rmse": 0.19335627200564812,
      "ece": 0.10337948497690418,
      "mce": 0.5808749784043447,
      "round_time": 0.09836339950561523,
      "client_training_time": 0.07636189460754395,
      "edge_processing_wall_time": 0.004659891128540039,
      "total_pure_processing_time": 0.0,
      "avg_processing_per_client": 0.0,
      "server_aggregation_time": 0.001020193099975586,
      "internal_aggregation_time": 0.0,
      "evaluation_time": 0.016321420669555664,
      "clients_processed": 40
    },
    {
      "round": 35,
      "accuracy": 0.95875,
      "f1_score": 0.9547697368421053,
      "precision": 0.9151339989490278,
      "recall": 0.9979942693409742,
      "roc_auc": 0.9996783969402602,
      "pr_auc": 0.9996166940343323,
      "mae": 0.10492293382799195,
      "rmse": 0.19092072172135655,
      "ece": 0.10116449880506519,
      "mce": 0.5834404354262955,
      "round_time": 0.09935164451599121,
      "client_training_time": 0.07502293586730957,
      "edge_processing_wall_time": 0.0075435638427734375,
      "total_pure_processing_time": 0.0,
      "avg_processing_per_client": 0.0,
      "server_aggregation_time": 0.0,
      "internal_aggregation_time": 0.0,
      "evaluation_time": 0.015526294708251953,
      "clients_processed": 40
    },
    {
      "round": 36,
      "accuracy": 0.959375,
      "f1_score": 0.9554489376285127,
      "precision": 0.9159001314060446,
      "recall": 0.998567335243553,
      "roc_auc": 0.9997255382816918,
      "pr_auc": 0.9996740739812571,
      "mae": 0.10488253497435662,
      "rmse": 0.19128739358334151,
      "ece": 0.10136393104050205,
      "mce": 0.6040482766115451,
      "round_time": 0.10071969032287598,
      "client_training_time": 0.07432341575622559,
      "edge_processing_wall_time": 0.008507966995239258,
      "total_pure_processing_time": 0.0,
      "avg_processing_per_client": 0.0,
      "server_aggregation_time": 0.0,
      "internal_aggregation_time": 0.0,
      "evaluation_time": 0.016883373260498047,
      "clients_processed": 40
    },
    {
      "round": 37,
      "accuracy": 0.957375,
      "f1_score": 0.9533579537682944,
      "precision": 0.9120649044752682,
      "recall": 0.998567335243553,
      "roc_auc": 0.9996841148927249,
      "pr_auc": 0.9996261249915049,
      "mae": 0.10696887803153399,
      "rmse": 0.19391446568633314,
      "ece": 0.10301698131327063,
      "mce": 0.5823795212568202,
      "round_time": 0.19655489921569824,
      "client_training_time": 0.16376113891601562,
      "edge_processing_wall_time": 0.005838871002197266,
      "total_pure_processing_time": 0.0,
      "avg_processing_per_client": 0.0,
      "server_aggregation_time": 0.0030813217163085938,
      "internal_aggregation_time": 0.0,
      "evaluation_time": 0.022868871688842773,
      "clients_processed": 40
    },
    {
      "round": 38,
      "accuracy": 0.95775,
      "f1_score": 0.9537493158182814,
      "precision": 0.9127815610267156,
      "recall": 0.998567335243553,
      "roc_auc": 0.9996521578917275,
      "pr_auc": 0.9995830393796328,
      "mae": 0.10400024734776896,
      "rmse": 0.19164440178869832,
      "ece": 0.10003910109612706,
      "mce": 0.5406667820164226,
      "round_time": 0.15462160110473633,
      "client_training_time": 0.13266921043395996,
      "edge_processing_wall_time": 0.005580425262451172,
      "total_pure_processing_time": 0.0,
      "avg_processing_per_client": 0.0,
      "server_aggregation_time": 0.0010259151458740234,
      "internal_aggregation_time": 0.0,
      "evaluation_time": 0.015346050262451172,
      "clients_processed": 40
    },
    {
      "round": 39,
      "accuracy": 0.957875,
      "f1_score": 0.9538545803094619,
      "precision": 0.9134539732494099,
      "recall": 0.9979942693409742,
      "roc_auc": 0.9995922464564577,
      "pr_auc": 0.9995136125260579,
      "mae": 0.10587896133243706,
      "rmse": 0.19297786544915055,
      "ece": 0.1013243278345634,
      "mce": 0.5292663821087717,
      "round_time": 0.0929713249206543,
      "client_training_time": 0.07403993606567383,
      "edge_processing_wall_time": 0.003339529037475586,
      "total_pure_processing_time": 0.0,
      "avg_processing_per_client": 0.0,
      "server_aggregation_time": 0.0,
      "internal_aggregation_time": 0.0,
      "evaluation_time": 0.015591859817504883,
      "clients_processed": 40
    },
    {
      "round": 40,
      "accuracy": 0.956,
      "f1_score": 0.9519125683060109,
      "precision": 0.9096605744125327,
      "recall": 0.9982808022922636,
      "roc_auc": 0.9995641014237702,
      "pr_auc": 0.9994833101664552,
      "mae": 0.10545224842701821,
      "rmse": 0.19339103529935,
      "ece": 0.10102225180504004,
      "mce": 0.5820672349772545,
      "round_time": 0.08640336990356445,
      "client_training_time": 0.06859183311462402,
      "edge_processing_wall_time": 0.003422260284423828,
      "total_pure_processing_time": 0.0,
      "avg_processing_per_client": 0.0,
      "server_aggregation_time": 0.0,
      "internal_aggregation_time": 0.0,
      "evaluation_time": 0.012354135513305664,
      "clients_processed": 40
    },
    {
      "round": 41,
      "accuracy": 0.9555,
      "f1_score": 0.9514192139737991,
      "precision": 0.9082855653986451,
      "recall": 0.9988538681948425,
      "roc_auc": 0.999648917718664,
      "pr_auc": 0.9995838725378532,
      "mae": 0.10748560569113323,
      "rmse": 0.1949517846022724,
      "ece": 0.10351466192851348,
      "mce": 0.552803321664449,
      "round_time": 0.08691167831420898,
      "client_training_time": 0.06980752944946289,
      "edge_processing_wall_time": 0.002072572708129883,
      "total_pure_processing_time": 0.0,
      "avg_processing_per_client": 0.0,
      "server_aggregation_time": 0.0,
      "internal_aggregation_time": 0.0,
      "evaluation_time": 0.014027118682861328,
      "clients_processed": 40
    },
    {
      "round": 42,
      "accuracy": 0.954625,
      "f1_score": 0.9504842449870413,
      "precision": 0.9070554543087738,
      "recall": 0.9982808022922636,
      "roc_auc": 0.9996154994631478,
      "pr_auc": 0.999545100824983,
      "mae": 0.10730772521226489,
      "rmse": 0.1958311723958928,
      "ece": 0.10330992021491087,
      "mce": 0.5684543924168612,
      "round_time": 0.08709406852722168,
      "client_training_time": 0.06916165351867676,
      "edge_processing_wall_time": 0.00407719612121582,
      "total_pure_processing_time": 0.0,
      "avg_processing_per_client": 0.0,
      "server_aggregation_time": 0.0,
      "internal_aggregation_time": 0.0,
      "evaluation_time": 0.013855218887329102,
      "clients_processed": 40
    },
    {
      "round": 43,
      "accuracy": 0.961,
      "f1_score": 0.9571546278494919,
      "precision": 0.9190400843881856,
      "recall": 0.998567335243553,
      "roc_auc": 0.9996720436597437,
      "pr_auc": 0.9996066798136112,
      "mae": 0.10486662603508116,
      "rmse": 0.19093509027725547,
      "ece": 0.10069647767467028,
      "mce": 0.5393418513158224,
      "round_time": 0.08913588523864746,
      "client_training_time": 0.06763625144958496,
      "edge_processing_wall_time": 0.0033228397369384766,
      "total_pure_processing_time": 0.0,
      "avg_processing_per_client": 0.0,
      "server_aggregation_time": 0.0012869834899902344,
      "internal_aggregation_time": 0.0,
      "evaluation_time": 0.01688981056213379,
      "clients_processed": 40
    },
    {
      "round": 44,
      "accuracy": 0.958375,
      "f1_score": 0.9544147843942505,
      "precision": 0.9137614678899083,
      "recall": 0.9988538681948425,
      "roc_auc": 0.9996158171271735,
      "pr_auc": 0.9995367066562509,
      "mae": 0.10568264167722803,
      "rmse": 0.19298579165670204,
      "ece": 0.10117809298753822,
      "mce": 0.5333636375826959,
      "round_time": 0.09149408340454102,
      "client_training_time": 0.07600736618041992,
      "edge_processing_wall_time": 0.003103017807006836,
      "total_pure_processing_time": 0.0,
      "avg_processing_per_client": 0.0,
      "server_aggregation_time": 0.0010640621185302734,
      "internal_aggregation_time": 0.0,
      "evaluation_time": 0.011319637298583984,
      "clients_processed": 40
    },
    {
      "round": 45,
      "accuracy": 0.957125,
      "f1_score": 0.9531100478468899,
      "precision": 0.9113725490196078,
      "recall": 0.9988538681948425,
      "roc_auc": 0.999688435123476,
      "pr_auc": 0.9996335936157713,
      "mae": 0.10655482380490705,
      "rmse": 0.19410387692891934,
      "ece": 0.10335908841540484,
      "mce": 0.6257763692027152,
      "round_time": 0.08277034759521484,
      "client_training_time": 0.06526684761047363,
      "edge_processing_wall_time": 0.002031087875366211,
      "total_pure_processing_time": 0.0,
      "avg_processing_per_client": 0.0,
      "server_aggregation_time": 0.0,
      "internal_aggregation_time": 0.0,
      "evaluation_time": 0.015472412109375,
      "clients_processed": 40
    },
    {
      "round": 46,
      "accuracy": 0.95675,
      "f1_score": 0.9527451515979241,
      "precision": 0.9102296450939458,
      "recall": 0.9994269340974212,
      "roc_auc": 0.9996663892400841,
      "pr_auc": 0.9995974693724917,
      "mae": 0.1070827348560191,
      "rmse": 0.1955935279173249,
      "ece": 0.10283024670697034,
      "mce": 0.5367346808876905,
      "round_time": 0.08584856986999512,
      "client_training_time": 0.06727123260498047,
      "edge_processing_wall_time": 0.003149271011352539,
      "total_pure_processing_time": 0.0,
      "avg_processing_per_client": 0.0,
      "server_aggregation_time": 0.0,
      "internal_aggregation_time": 0.0,
      "evaluation_time": 0.01542806625366211,
      "clients_processed": 40
    },
    {
      "round": 47,
      "accuracy": 0.95675,
      "f1_score": 0.9527193222191855,
      "precision": 0.9106583072100314,
      "recall": 0.9988538681948425,
      "roc_auc": 0.9996689305522908,
      "pr_auc": 0.9996036316821438,
      "mae": 0.10739370474580182,
      "rmse": 0.19474431531712,
      "ece": 0.10326681781155467,
      "mce": 0.5168173572053684,
      "round_time": 0.08810591697692871,
      "client_training_time": 0.06917953491210938,
      "edge_processing_wall_time": 0.0046498775482177734,
      "total_pure_processing_time": 0.0,
      "avg_processing_per_client": 0.0,
      "server_aggregation_time": 0.0,
      "internal_aggregation_time": 0.0,
      "evaluation_time": 0.013234376907348633,
      "clients_processed": 40
    },
    {
      "round": 48,
      "accuracy": 0.957875,
      "f1_score": 0.9538545803094619,
      "precision": 0.9134539732494099,
      "recall": 0.9979942693409742,
      "roc_auc": 0.999622551604521,
      "pr_auc": 0.9995548524683928,
      "mae": 0.10521773172053499,
      "rmse": 0.1927448663522626,
      "ece": 0.10106237884155969,
      "mce": 0.5674315117841984,
      "round_time": 0.09338927268981934,
      "client_training_time": 0.0739126205444336,
      "edge_processing_wall_time": 0.002600431442260742,
      "total_pure_processing_time": 0.0,
      "avg_processing_per_client": 0.0,
      "server_aggregation_time": 0.0010533332824707031,
      "internal_aggregation_time": 0.0,
      "evaluation_time": 0.015822887420654297,
      "clients_processed": 40
    },
    {
      "round": 49,
      "accuracy": 0.957,
      "f1_score": 0.9529154119901451,
      "precision": 0.9122117400419287,
      "recall": 0.9974212034383955,
      "roc_auc": 0.9996157535943685,
      "pr_auc": 0.9995463575269804,
      "mae": 0.10651074843883893,
      "rmse": 0.1933637667379149,
      "ece": 0.10232957885314456,
      "mce": 0.5777938097309134,
      "round_time": 0.08900976181030273,
      "client_training_time": 0.0684347152709961,
      "edge_processing_wall_time": 0.0052378177642822266,
      "total_pure_processing_time": 0.0,
      "avg_processing_per_client": 0.0,
      "server_aggregation_time": 0.0010139942169189453,
      "internal_aggregation_time": 0.0,
      "evaluation_time": 0.013039350509643555,
      "clients_processed": 40
    },
    {
      "round": 50,
      "accuracy": 0.95625,
      "f1_score": 0.9521727247881935,
      "precision": 0.910135841170324,
      "recall": 0.9982808022922636,
      "roc_auc": 0.9996390701338637,
      "pr_auc": 0.9995704543255683,
      "mae": 0.10519978585073526,
      "rmse": 0.19307493614767912,
      "ece": 0.10152526686848483,
      "mce": 0.5551639601823162,
      "round_time": 0.08932042121887207,
      "client_training_time": 0.06938886642456055,
      "edge_processing_wall_time": 0.003459930419921875,
      "total_pure_processing_time": 0.0,
      "avg_processing_per_client": 0.0,
      "server_aggregation_time": 0.0010254383087158203,
      "internal_aggregation_time": 0.0,
      "evaluation_time": 0.01439976692199707,
      "clients_processed": 40
    }
  ],
  "final_statistics": {
    "final_accuracy": 0.95625,
    "best_accuracy": 0.96175,
    "total_time": 5.142363786697388,
    "avg_round_time": 0.10245686531066894,
    "avg_client_training_time": 0.08082139968872071,
    "avg_edge_processing_wall_time": 0.004668011665344239,
    "avg_pure_processing_time": 0.0,
    "avg_processing_per_client": 0.0,
    "avg_server_aggregation_time": 0.0005664587020874024,
    "avg_internal_aggregation_time": 0.0,
    "avg_evaluation_time": 0.01601830005645752
  },
  "timing_statistics": {
    "total_client_training_time": 4.041069984436035,
    "total_edge_processing_wall_time": 0.23340058326721191,
    "total_pure_processing_time": 0.0,
    "total_server_aggregation_time": 0.028322935104370117,
    "total_internal_aggregation_time": 0.0,
    "total_evaluation_time": 0.800915002822876,
    "total_time": 5.142363786697388,
    "avg_round_time": 0.10245686531066894,
    "avg_client_training_time": 0.08082139968872071,
    "avg_edge_processing_wall_time": 0.004668011665344239,
    "avg_pure_processing_time": 0.0,
    "avg_processing_per_client": 0.0,
    "avg_server_aggregation_time": 0.0005664587020874024,
    "avg_internal_aggregation_time": 0.0,
    "avg_evaluation_time": 0.01601830005645752
  },
  "architecture": {
    "clients": 40,
    "edge_devices": 40,
    "cloud_servers": 1,
    "data_flow": "Client \u2192 Edge \u2192 Cloud \u2192 Edge \u2192 Client"
  }
}