{
  "pipeline_type": "plaintext_edge_device_fl",
  "configuration": {
    "rounds": 60,
    "clients": 60,
    "patience": 999
  },
  "results": [
    {
      "round": 1,
      "accuracy": 0.9865833333333334,
      "f1_score": 0.9862027594481104,
      "precision": 0.9772418478260869,
      "recall": 0.9953295277633627,
      "roc_auc": 0.99963056337361,
      "pr_auc": 0.9996446026865262,
      "mae": 0.09332585663696571,
      "rmse": 0.15995401841560172,
      "ece": 0.08944122922237402,
      "mce": 0.47289930661594837,
      "round_time": 0.14788579940795898,
      "client_training_time": 0.12392377853393555,
      "edge_processing_wall_time": 0.007634878158569336,
      "total_pure_processing_time": 0.0,
      "avg_processing_per_client": 0.0,
      "server_aggregation_time": 0.0,
      "internal_aggregation_time": 0.0,
      "evaluation_time": 0.015308618545532227,
      "clients_processed": 60
    },
    {
      "round": 2,
      "accuracy": 0.9883333333333333,
      "f1_score": 0.9879807692307693,
      "precision": 0.9807397306971195,
      "recall": 0.9953295277633627,
      "roc_auc": 0.9997019084230522,
      "pr_auc": 0.9997040039697399,
      "mae": 0.09242009809072083,
      "rmse": 0.15879809865962083,
      "ece": 0.08793458708619298,
      "mce": 0.3983044855273763,
      "round_time": 0.17650079727172852,
      "client_training_time": 0.13714146614074707,
      "edge_processing_wall_time": 0.010892152786254883,
      "total_pure_processing_time": 0.0,
      "avg_processing_per_client": 0.0,
      "server_aggregation_time": 0.000553131103515625,
      "internal_aggregation_time": 0.0,
      "evaluation_time": 0.027914047241210938,
      "clients_processed": 60
    },
    {
      "round": 3,
      "accuracy": 0.9889166666666667,
      "f1_score": 0.9885787891799055,
      "precision": 0.9815825375170532,
      "recall": 0.9956754886697803,
      "roc_auc": 0.999720294028386,
      "pr_auc": 0.9997248252607323,
      "mae": 0.09339803248559421,
      "rmse": 0.16018850414785402,
      "ece": 0.08954877962395108,
      "mce": 0.4240924579678205,
      "round_time": 0.31153368949890137,
      "client_training_time": 0.2741255760192871,
      "edge_processing_wall_time": 0.011173725128173828,
      "total_pure_processing_time": 0.0,
      "avg_processing_per_client": 0.0,
      "server_aggregation_time": 0.002330303192138672,
      "internal_aggregation_time": 0.0,
      "evaluation_time": 0.022701501846313477,
      "clients_processed": 60
    },
    {
      "round": 4,
      "accuracy": 0.9895,
      "f1_score": 0.9891696750902527,
      "precision": 0.9830855971296771,
      "recall": 0.9953295277633627,
      "roc_auc": 0.9997054130921477,
      "pr_auc": 0.999708783905177,
      "mae": 0.09102238768674283,
      "rmse": 0.15568235097580152,
      "ece": 0.0875244756585007,
      "mce": 0.455933990086216,
      "round_time": 0.21227550506591797,
      "client_training_time": 0.17102646827697754,
      "edge_processing_wall_time": 0.018198728561401367,
      "total_pure_processing_time": 0.0,
      "avg_processing_per_client": 0.0,
      "server_aggregation_time": 0.002057313919067383,
      "internal_aggregation_time": 0.0,
      "evaluation_time": 0.0199892520904541,
      "clients_processed": 60
    },
    {
      "round": 5,
      "accuracy": 0.9895833333333334,
      "f1_score": 0.9892547064385799,
      "precision": 0.9832535885167464,
      "recall": 0.9953295277633627,
      "roc_auc": 0.9997179853971565,
      "pr_auc": 0.9997189153250563,
      "mae": 0.09128992133135654,
      "rmse": 0.15603505071776358,
      "ece": 0.08714559042906804,
      "mce": 0.4158052519690443,
      "round_time": 0.15579700469970703,
      "client_training_time": 0.14088034629821777,
      "edge_processing_wall_time": 0.007882356643676758,
      "total_pure_processing_time": 0.0,
      "avg_processing_per_client": 0.0,
      "server_aggregation_time": 0.0,
      "internal_aggregation_time": 0.0,
      "evaluation_time": 0.0055425167083740234,
      "clients_processed": 60
    },
    {
      "round": 6,
      "accuracy": 0.9891666666666666,
      "f1_score": 0.9888277758679959,
      "precision": 0.9825789923142613,
      "recall": 0.9951565473101539,
      "roc_auc": 0.9997096409469293,
      "pr_auc": 0.9997134192683843,
      "mae": 0.0923792439540759,
      "rmse": 0.1575936318731491,
      "ece": 0.08875992021122131,
      "mce": 0.4791915350374627,
      "round_time": 0.2709975242614746,
      "client_training_time": 0.1987593173980713,
      "edge_processing_wall_time": 0.02713608741760254,
      "total_pure_processing_time": 0.0,
      "avg_processing_per_client": 0.0,
      "server_aggregation_time": 0.002168893814086914,
      "internal_aggregation_time": 0.0,
      "evaluation_time": 0.04163002967834473,
      "clients_processed": 60
    },
    {
      "round": 7,
      "accuracy": 0.98875,
      "f1_score": 0.9884090323688504,
      "precision": 0.9812478690760313,
      "recall": 0.9956754886697803,
      "roc_auc": 0.9996876115983296,
      "pr_auc": 0.9996943452122986,
      "mae": 0.09186535208662135,
      "rmse": 0.15801284126488416,
      "ece": 0.08808924642289262,
      "mce": 0.4474224983934744,
      "round_time": 0.19869208335876465,
      "client_training_time": 0.17423152923583984,
      "edge_processing_wall_time": 0.006287336349487305,
      "total_pure_processing_time": 0.0,
      "avg_processing_per_client": 0.0,
      "server_aggregation_time": 0.001027822494506836,
      "internal_aggregation_time": 0.0,
      "evaluation_time": 0.017145395278930664,
      "clients_processed": 60
    },
    {
      "round": 8,
      "accuracy": 0.98825,
      "f1_score": 0.9879021879021879,
      "precision": 0.9800817160367722,
      "recall": 0.9958484691229891,
      "roc_auc": 0.9997133125050293,
      "pr_auc": 0.9997157530426695,
      "mae": 0.09334011752810709,
      "rmse": 0.16048170683810706,
      "ece": 0.08922482679746763,
      "mce": 0.4021046849325846,
      "round_time": 0.11651062965393066,
      "client_training_time": 0.09409666061401367,
      "edge_processing_wall_time": 0.005299568176269531,
      "total_pure_processing_time": 0.0,
      "avg_processing_per_client": 0.0,
      "server_aggregation_time": 0.0009965896606445312,
      "internal_aggregation_time": 0.0,
      "evaluation_time": 0.01611781120300293,
      "clients_processed": 60
    },
    {
      "round": 9,
      "accuracy": 0.987,
      "f1_score": 0.9866323907455012,
      "precision": 0.9775853285787061,
      "recall": 0.9958484691229891,
      "roc_auc": 0.9996633292481687,
      "pr_auc": 0.9996732034360659,
      "mae": 0.09344859191455271,
      "rmse": 0.15978441472591018,
      "ece": 0.08957751399756146,
      "mce": 0.47498079197831033,
      "round_time": 0.11679959297180176,
      "client_training_time": 0.09078478813171387,
      "edge_processing_wall_time": 0.0067975521087646484,
      "total_pure_processing_time": 0.0,
      "avg_processing_per_client": 0.0,
      "server_aggregation_time": 0.0010366439819335938,
      "internal_aggregation_time": 0.0,
      "evaluation_time": 0.017162799835205078,
      "clients_processed": 60
    },
    {
      "round": 10,
      "accuracy": 0.9899166666666667,
      "f1_score": 0.9895949780720612,
      "precision": 0.9839261285909713,
      "recall": 0.9953295277633627,
      "roc_auc": 0.9997596242037899,
      "pr_auc": 0.9997588013948663,
      "mae": 0.09174896791222871,
      "rmse": 0.15692751867317362,
      "ece": 0.08839913310372538,
      "mce": 0.4619262339576111,
      "round_time": 0.18530821800231934,
      "client_training_time": 0.12852883338928223,
      "edge_processing_wall_time": 0.005376577377319336,
      "total_pure_processing_time": 0.0,
      "avg_processing_per_client": 0.0,
      "server_aggregation_time": 0.001058340072631836,
      "internal_aggregation_time": 0.0,
      "evaluation_time": 0.04924941062927246,
      "clients_processed": 60
    },
    {
      "round": 11,
      "accuracy": 0.9893333333333333,
      "f1_score": 0.9889996562392575,
      "precision": 0.9827497865072587,
      "recall": 0.9953295277633627,
      "roc_auc": 0.9997231867711315,
      "pr_auc": 0.999724727307614,
      "mae": 0.09193523937455725,
      "rmse": 0.15778677851125367,
      "ece": 0.0885532960158273,
      "mce": 0.4686356305574386,
      "round_time": 0.2281205654144287,
      "client_training_time": 0.20274567604064941,
      "edge_processing_wall_time": 0.005334615707397461,
      "total_pure_processing_time": 0.0,
      "avg_processing_per_client": 0.0,
      "server_aggregation_time": 0.0,
      "internal_aggregation_time": 0.0,
      "evaluation_time": 0.01887369155883789,
      "clients_processed": 60
    },
    {
      "round": 12,
      "accuracy": 0.988,
      "f1_score": 0.9876500857632933,
      "precision": 0.9794182684129954,
      "recall": 0.9960214495761979,
      "roc_auc": 0.999711365466643,
      "pr_auc": 0.9997151942316427,
      "mae": 0.09131225744986045,
      "rmse": 0.15706554899212788,
      "ece": 0.08717911069684363,
      "mce": 0.45002816821403807,
      "round_time": 0.11109805107116699,
      "client_training_time": 0.08848762512207031,
      "edge_processing_wall_time": 0.004629611968994141,
      "total_pure_processing_time": 0.0,
      "avg_processing_per_client": 0.0,
      "server_aggregation_time": 0.0015439987182617188,
      "internal_aggregation_time": 0.0,
      "evaluation_time": 0.01542353630065918,
      "clients_processed": 60
    },
    {
      "round": 13,
      "accuracy": 0.98825,
      "f1_score": 0.9878980345034761,
      "precision": 0.9804088586030665,
      "recall": 0.9955025082165715,
      "roc_auc": 0.9997112542073066,
      "pr_auc": 0.9997130557184446,
      "mae": 0.09303955251380569,
      "rmse": 0.1589779077874344,
      "ece": 0.0890191640974441,
      "mce": 0.45135394921900895,
      "round_time": 0.11268234252929688,
      "client_training_time": 0.09050679206848145,
      "edge_processing_wall_time": 0.005218505859375,
      "total_pure_processing_time": 0.0,
      "avg_processing_per_client": 0.0,
      "server_aggregation_time": 0.0,
      "internal_aggregation_time": 0.0,
      "evaluation_time": 0.015908479690551758,
      "clients_processed": 60
    },
    {
      "round": 14,
      "accuracy": 0.9878333333333333,
      "f1_score": 0.9874721125793718,
      "precision": 0.9797377830750894,
      "recall": 0.9953295277633627,
      "roc_auc": 0.9997024925345681,
      "pr_auc": 0.9997083234906317,
      "mae": 0.09233921621037909,
      "rmse": 0.1585119607945433,
      "ece": 0.08890366596700425,
      "mce": 0.4923762486869811,
      "round_time": 0.1219184398651123,
      "client_training_time": 0.10981369018554688,
      "edge_processing_wall_time": 0.004387855529785156,
      "total_pure_processing_time": 0.0,
      "avg_processing_per_client": 0.0,
      "server_aggregation_time": 0.001041412353515625,
      "internal_aggregation_time": 0.0,
      "evaluation_time": 0.0066754817962646484,
      "clients_processed": 60
    },
    {
      "round": 15,
      "accuracy": 0.9884166666666667,
      "f1_score": 0.9880696935885331,
      "precision": 0.9805792163543441,
      "recall": 0.9956754886697803,
      "roc_auc": 0.9997489711223333,
      "pr_auc": 0.9997483984926946,
      "mae": 0.09121238915324685,
      "rmse": 0.15818518531206296,
      "ece": 0.08709160423394098,
      "mce": 0.45875964117537177,
      "round_time": 0.15488958358764648,
      "client_training_time": 0.12210869789123535,
      "edge_processing_wall_time": 0.008586883544921875,
      "total_pure_processing_time": 0.0,
      "avg_processing_per_client": 0.0,
      "server_aggregation_time": 0.0013551712036132812,
      "internal_aggregation_time": 0.0,
      "evaluation_time": 0.022838830947875977,
      "clients_processed": 60
    },
    {
      "round": 16,
      "accuracy": 0.9875833333333334,
      "f1_score": 0.9872223651487866,
      "precision": 0.9789115646258504,
      "recall": 0.9956754886697803,
      "roc_auc": 0.9996765134795276,
      "pr_auc": 0.9996823993846686,
      "mae": 0.0929693672448963,
      "rmse": 0.15909123829769278,
      "ece": 0.08878733651919979,
      "mce": 0.4231152276393182,
      "round_time": 0.15003180503845215,
      "client_training_time": 0.12011361122131348,
      "edge_processing_wall_time": 0.00475621223449707,
      "total_pure_processing_time": 0.0,
      "avg_processing_per_client": 0.0,
      "server_aggregation_time": 0.0,
      "internal_aggregation_time": 0.0,
      "evaluation_time": 0.0251619815826416,
      "clients_processed": 60
    },
    {
      "round": 17,
      "accuracy": 0.9863333333333333,
      "f1_score": 0.9859564994005823,
      "precision": 0.9762591148041377,
      "recall": 0.9958484691229891,
      "roc_auc": 0.9996355144140782,
      "pr_auc": 0.9996486631739193,
      "mae": 0.09456063199113214,
      "rmse": 0.16247801018726798,
      "ece": 0.09009470631792675,
      "mce": 0.43725454707389855,
      "round_time": 0.1539168357849121,
      "client_training_time": 0.1193692684173584,
      "edge_processing_wall_time": 0.012014150619506836,
      "total_pure_processing_time": 0.0,
      "avg_processing_per_client": 0.0,
      "server_aggregation_time": 0.0,
      "internal_aggregation_time": 0.0,
      "evaluation_time": 0.021843671798706055,
      "clients_processed": 60
    },
    {
      "round": 18,
      "accuracy": 0.9898333333333333,
      "f1_score": 0.9895098882201204,
      "precision": 0.9837579073345871,
      "recall": 0.9953295277633627,
      "roc_auc": 0.9997079720568839,
      "pr_auc": 0.9997123375091981,
      "mae": 0.09194124401385124,
      "rmse": 0.15669405536811745,
      "ece": 0.08837449783636311,
      "mce": 0.44592795778497274,
      "round_time": 0.15579605102539062,
      "client_training_time": 0.11953091621398926,
      "edge_processing_wall_time": 0.013372182846069336,
      "total_pure_processing_time": 0.0,
      "avg_processing_per_client": 0.0,
      "server_aggregation_time": 0.0,
      "internal_aggregation_time": 0.0,
      "evaluation_time": 0.02225637435913086,
      "clients_processed": 60
    },
    {
      "round": 19,
      "accuracy": 0.9889166666666667,
      "f1_score": 0.9885748647023451,
      "precision": 0.9819112627986348,
      "recall": 0.9953295277633627,
      "roc_auc": 0.9996489211641099,
      "pr_auc": 0.9996560197399523,
      "mae": 0.0937805848324679,
      "rmse": 0.1601714234015325,
      "ece": 0.08826423368740138,
      "mce": 0.38790459706357305,
      "round_time": 0.135009765625,
      "client_training_time": 0.11327099800109863,
      "edge_processing_wall_time": 0.007970809936523438,
      "total_pure_processing_time": 0.0,
      "avg_processing_per_client": 0.0,
      "server_aggregation_time": 0.0010325908660888672,
      "internal_aggregation_time": 0.0,
      "evaluation_time": 0.011728763580322266,
      "clients_processed": 60
    },
    {
      "round": 20,
      "accuracy": 0.9865833333333334,
      "f1_score": 0.9862051238111559,
      "precision": 0.9770797962648556,
      "recall": 0.9955025082165715,
      "roc_auc": 0.9996822433353502,
      "pr_auc": 0.999686575445331,
      "mae": 0.09403134294554145,
      "rmse": 0.15981990472605007,
      "ece": 0.08939835171242468,
      "mce": 0.4394106553408219,
      "round_time": 0.15501785278320312,
      "client_training_time": 0.12754583358764648,
      "edge_processing_wall_time": 0.009015083312988281,
      "total_pure_processing_time": 0.0,
      "avg_processing_per_client": 0.0,
      "server_aggregation_time": 0.0010285377502441406,
      "internal_aggregation_time": 0.0,
      "evaluation_time": 0.01742839813232422,
      "clients_processed": 60
    },
    {
      "round": 21,
      "accuracy": 0.9899166666666667,
      "f1_score": 0.9895949780720612,
      "precision": 0.9839261285909713,
      "recall": 0.9953295277633627,
      "roc_auc": 0.9997047455361294,
      "pr_auc": 0.9997102341244266,
      "mae": 0.09022567110599573,
      "rmse": 0.15499881086598938,
      "ece": 0.08677417062465953,
      "mce": 0.47406044188394836,
      "round_time": 0.15710926055908203,
      "client_training_time": 0.11910223960876465,
      "edge_processing_wall_time": 0.010776758193969727,
      "total_pure_processing_time": 0.0,
      "avg_processing_per_client": 0.0,
      "server_aggregation_time": 0.0010273456573486328,
      "internal_aggregation_time": 0.0,
      "evaluation_time": 0.025115013122558594,
      "clients_processed": 60
    },
    {
      "round": 22,
      "accuracy": 0.9881666666666666,
      "f1_score": 0.9878111587982833,
      "precision": 0.9804055205316068,
      "recall": 0.9953295277633627,
      "roc_auc": 0.9996934805283227,
      "pr_auc": 0.9996991311042263,
      "mae": 0.09186510730074333,
      "rmse": 0.15773195931748923,
      "ece": 0.08856870828388504,
      "mce": 0.4781601705891403,
      "round_time": 0.1912672519683838,
      "client_training_time": 0.14884328842163086,
      "edge_processing_wall_time": 0.01315927505493164,
      "total_pure_processing_time": 0.0,
      "avg_processing_per_client": 0.0,
      "server_aggregation_time": 0.0013644695281982422,
      "internal_aggregation_time": 0.0,
      "evaluation_time": 0.027900218963623047,
      "clients_processed": 60
    },
    {
      "round": 23,
      "accuracy": 0.9886666666666667,
      "f1_score": 0.9883201648917898,
      "precision": 0.9814088350673716,
      "recall": 0.9953295277633627,
      "roc_auc": 0.999709223724418,
      "pr_auc": 0.9997117141795056,
      "mae": 0.09153915084408644,
      "rmse": 0.1569193599451034,
      "ece": 0.08749314208482638,
      "mce": 0.4070418130659619,
      "round_time": 0.19573140144348145,
      "client_training_time": 0.15536284446716309,
      "edge_processing_wall_time": 0.015215635299682617,
      "total_pure_processing_time": 0.0,
      "avg_processing_per_client": 0.0,
      "server_aggregation_time": 0.0,
      "internal_aggregation_time": 0.0,
      "evaluation_time": 0.025152921676635742,
      "clients_processed": 60
    },
    {
      "round": 24,
      "accuracy": 0.9875,
      "f1_score": 0.9871377122277483,
      "precision": 0.9787451113756164,
      "recall": 0.9956754886697803,
      "roc_auc": 0.9996945653068523,
      "pr_auc": 0.9996991472408681,
      "mae": 0.09161379354438635,
      "rmse": 0.15803114540938124,
      "ece": 0.08818837739968349,
      "mce": 0.47550954515726074,
      "round_time": 0.19437861442565918,
      "client_training_time": 0.16429996490478516,
      "edge_processing_wall_time": 0.006932973861694336,
      "total_pure_processing_time": 0.0,
      "avg_processing_per_client": 0.0,
      "server_aggregation_time": 0.0,
      "internal_aggregation_time": 0.0,
      "evaluation_time": 0.02095770835876465,
      "clients_processed": 60
    },
    {
      "round": 25,
      "accuracy": 0.9875833333333334,
      "f1_score": 0.9872223651487866,
      "precision": 0.9789115646258504,
      "recall": 0.9956754886697803,
      "roc_auc": 0.9997058859443271,
      "pr_auc": 0.9997097404248827,
      "mae": 0.09355157156178469,
      "rmse": 0.1603308901287128,
      "ece": 0.08995902430890347,
      "mce": 0.47391173229599104,
      "round_time": 0.20227599143981934,
      "client_training_time": 0.1713254451751709,
      "edge_processing_wall_time": 0.008489608764648438,
      "total_pure_processing_time": 0.0,
      "avg_processing_per_client": 0.0,
      "server_aggregation_time": 0.0010025501251220703,
      "internal_aggregation_time": 0.0,
      "evaluation_time": 0.02145838737487793,
      "clients_processed": 60
    },
    {
      "round": 26,
      "accuracy": 0.9885833333333334,
      "f1_score": 0.9882352941176471,
      "precision": 0.9812414733969986,
      "recall": 0.9953295277633627,
      "roc_auc": 0.9997433247110128,
      "pr_auc": 0.9997427027984308,
      "mae": 0.09154688563931958,
      "rmse": 0.15755965261467902,
      "ece": 0.0874562434858777,
      "mce": 0.42774626127938525,
      "round_time": 0.1826310157775879,
      "client_training_time": 0.14684581756591797,
      "edge_processing_wall_time": 0.0036475658416748047,
      "total_pure_processing_time": 0.0,
      "avg_processing_per_client": 0.0,
      "server_aggregation_time": 0.00730586051940918,
      "internal_aggregation_time": 0.0,
      "evaluation_time": 0.024831771850585938,
      "clients_processed": 60
    },
    {
      "round": 27,
      "accuracy": 0.988,
      "f1_score": 0.9876416065911432,
      "precision": 0.9800715380684721,
      "recall": 0.9953295277633627,
      "roc_auc": 0.9997332557410722,
      "pr_auc": 0.9997341640623475,
      "mae": 0.09318303361218452,
      "rmse": 0.15859527580367933,
      "ece": 0.08971681995397342,
      "mce": 0.4979517021994264,
      "round_time": 0.2945430278778076,
      "client_training_time": 0.243072509765625,
      "edge_processing_wall_time": 0.005980253219604492,
      "total_pure_processing_time": 0.0,
      "avg_processing_per_client": 0.0,
      "server_aggregation_time": 0.0018389225006103516,
      "internal_aggregation_time": 0.0,
      "evaluation_time": 0.04065084457397461,
      "clients_processed": 60
    },
    {
      "round": 28,
      "accuracy": 0.98825,
      "f1_score": 0.9878959567344836,
      "precision": 0.9805725971370143,
      "recall": 0.9953295277633627,
      "roc_auc": 0.999680045963457,
      "pr_auc": 0.9996861630601357,
      "mae": 0.09288369101445781,
      "rmse": 0.15920005332129236,
      "ece": 0.08898130155620294,
      "mce": 0.42871433629061484,
      "round_time": 0.22793245315551758,
      "client_training_time": 0.19750213623046875,
      "edge_processing_wall_time": 0.007101535797119141,
      "total_pure_processing_time": 0.0,
      "avg_processing_per_client": 0.0,
      "server_aggregation_time": 0.001401662826538086,
      "internal_aggregation_time": 0.0,
      "evaluation_time": 0.021488189697265625,
      "clients_processed": 60
    },
    {
      "round": 29,
      "accuracy": 0.9896666666666667,
      "f1_score": 0.989341585009455,
      "precision": 0.9832564496839228,
      "recall": 0.9955025082165715,
      "roc_auc": 0.9997083614645612,
      "pr_auc": 0.9997113550688494,
      "mae": 0.09156443539131329,
      "rmse": 0.15658161995384628,
      "ece": 0.08791836065116229,
      "mce": 0.46298746706760197,
      "round_time": 0.2128286361694336,
      "client_training_time": 0.1763453483581543,
      "edge_processing_wall_time": 0.011194229125976562,
      "total_pure_processing_time": 0.0,
      "avg_processing_per_client": 0.0,
      "server_aggregation_time": 0.0010089874267578125,
      "internal_aggregation_time": 0.0,
      "evaluation_time": 0.024280071258544922,
      "clients_processed": 60
    },
    {
      "round": 30,
      "accuracy": 0.9871666666666666,
      "f1_score": 0.9868015083990401,
      "precision": 0.9779174452182776,
      "recall": 0.9958484691229891,
      "roc_auc": 0.9996962620117318,
      "pr_auc": 0.9997024595290535,
      "mae": 0.0915447534379418,
      "rmse": 0.15756140822282413,
      "ece": 0.08800001213061054,
      "mce": 0.47268128267277115,
      "round_time": 0.2027747631072998,
      "client_training_time": 0.17265057563781738,
      "edge_processing_wall_time": 0.005857229232788086,
      "total_pure_processing_time": 0.0,
      "avg_processing_per_client": 0.0,
      "server_aggregation_time": 0.0010368824005126953,
      "internal_aggregation_time": 0.0,
      "evaluation_time": 0.02323007583618164,
      "clients_processed": 60
    },
    {
      "round": 31,
      "accuracy": 0.9896666666666667,
      "f1_score": 0.9893434169817806,
      "precision": 0.9830913748932536,
      "recall": 0.9956754886697803,
      "roc_auc": 0.9997051627586407,
      "pr_auc": 0.9997105891506661,
      "mae": 0.09220089049018962,
      "rmse": 0.15776270460169084,
      "ece": 0.08842404196546202,
      "mce": 0.4141113261492806,
      "round_time": 0.17133831977844238,
      "client_training_time": 0.1345534324645996,
      "edge_processing_wall_time": 0.0042078495025634766,
      "total_pure_processing_time": 0.0,
      "avg_processing_per_client": 0.0,
      "server_aggregation_time": 0.0010068416595458984,
      "internal_aggregation_time": 0.0,
      "evaluation_time": 0.0315701961517334,
      "clients_processed": 60
    },
    {
      "round": 32,
      "accuracy": 0.9891666666666666,
      "f1_score": 0.9888277758679959,
      "precision": 0.9825789923142613,
      "recall": 0.9951565473101539,
      "roc_auc": 0.9997040779801112,
      "pr_auc": 0.9997039815552788,
      "mae": 0.0925529238247276,
      "rmse": 0.15812538085135977,
      "ece": 0.08761902308580047,
      "mce": 0.3827022765296888,
      "round_time": 0.2226252555847168,
      "client_training_time": 0.20078301429748535,
      "edge_processing_wall_time": 0.008502483367919922,
      "total_pure_processing_time": 0.0,
      "avg_processing_per_client": 0.0,
      "server_aggregation_time": 0.0019478797912597656,
      "internal_aggregation_time": 0.0,
      "evaluation_time": 0.009019613265991211,
      "clients_processed": 60
    },
    {
      "round": 33,
      "accuracy": 0.9863333333333333,
      "f1_score": 0.9859516875107076,
      "precision": 0.9765823858815544,
      "recall": 0.9955025082165715,
      "roc_auc": 0.999669587585839,
      "pr_auc": 0.9996765913078851,
      "mae": 0.09244748841445602,
      "rmse": 0.15892574224761796,
      "ece": 0.088798768971911,
      "mce": 0.4891356344368325,
      "round_time": 0.21833395957946777,
      "client_training_time": 0.17627167701721191,
      "edge_processing_wall_time": 0.006921291351318359,
      "total_pure_processing_time": 0.0,
      "avg_processing_per_client": 0.0,
      "server_aggregation_time": 0.0,
      "internal_aggregation_time": 0.0,
      "evaluation_time": 0.022902727127075195,
      "clients_processed": 60
    },
    {
      "round": 34,
      "accuracy": 0.9875833333333334,
      "f1_score": 0.9872223651487866,
      "precision": 0.9789115646258504,
      "recall": 0.9956754886697803,
      "roc_auc": 0.999707081982193,
      "pr_auc": 0.9997121857743538,
      "mae": 0.09301305194099346,
      "rmse": 0.15928538028575723,
      "ece": 0.08968923325464917,
      "mce": 0.4815710040067652,
      "round_time": 0.18214845657348633,
      "client_training_time": 0.13019537925720215,
      "edge_processing_wall_time": 0.014589548110961914,
      "total_pure_processing_time": 0.0,
      "avg_processing_per_client": 0.0,
      "server_aggregation_time": 0.003249645233154297,
      "internal_aggregation_time": 0.0,
      "evaluation_time": 0.03411388397216797,
      "clients_processed": 60
    },
    {
      "round": 35,
      "accuracy": 0.9886666666666667,
      "f1_score": 0.9883201648917898,
      "precision": 0.9814088350673716,
      "recall": 0.9953295277633627,
      "roc_auc": 0.9997205443618928,
      "pr_auc": 0.9997205497752382,
      "mae": 0.09184751701417451,
      "rmse": 0.15730624735812723,
      "ece": 0.08751295266345567,
      "mce": 0.4030512777393096,
      "round_time": 0.23294281959533691,
      "client_training_time": 0.19515037536621094,
      "edge_processing_wall_time": 0.009063482284545898,
      "total_pure_processing_time": 0.0,
      "avg_processing_per_client": 0.0,
      "server_aggregation_time": 0.0,
      "internal_aggregation_time": 0.0,
      "evaluation_time": 0.028728961944580078,
      "clients_processed": 60
    },
    {
      "round": 36,
      "accuracy": 0.9896666666666667,
      "f1_score": 0.9893397524071527,
      "precision": 0.9834216373269526,
      "recall": 0.9953295277633627,
      "roc_auc": 0.9997216013255882,
      "pr_auc": 0.9997238414012322,
      "mae": 0.09049574399530073,
      "rmse": 0.15564330850723135,
      "ece": 0.08721967375609913,
      "mce": 0.4599561707528191,
      "round_time": 0.28897905349731445,
      "client_training_time": 0.24213480949401855,
      "edge_processing_wall_time": 0.00678706169128418,
      "total_pure_processing_time": 0.0,
      "avg_processing_per_client": 0.0,
      "server_aggregation_time": 0.0,
      "internal_aggregation_time": 0.0,
      "evaluation_time": 0.03627300262451172,
      "clients_processed": 60
    },
    {
      "round": 37,
      "accuracy": 0.9885833333333334,
      "f1_score": 0.9882413526735903,
      "precision": 0.9807495741056218,
      "recall": 0.9958484691229891,
      "roc_auc": 0.999722463585445,
      "pr_auc": 0.9997245732520335,
      "mae": 0.09282599794866618,
      "rmse": 0.15908614543321162,
      "ece": 0.08905279825390577,
      "mce": 0.4117804998312993,
      "round_time": 0.4371180534362793,
      "client_training_time": 0.32578277587890625,
      "edge_processing_wall_time": 0.03003096580505371,
      "total_pure_processing_time": 0.0,
      "avg_processing_per_client": 0.0,
      "server_aggregation_time": 0.0037174224853515625,
      "internal_aggregation_time": 0.0,
      "evaluation_time": 0.07556271553039551,
      "clients_processed": 60
    },
    {
      "round": 38,
      "accuracy": 0.9879166666666667,
      "f1_score": 0.9875568523127092,
      "precision": 0.9799046321525886,
      "recall": 0.9953295277633627,
      "roc_auc": 0.9996788777404253,
      "pr_auc": 0.9996844716277553,
      "mae": 0.09161794279483972,
      "rmse": 0.1575323088295994,
      "ece": 0.087518843117977,
      "mce": 0.44180153407039147,
      "round_time": 0.3221557140350342,
      "client_training_time": 0.28682923316955566,
      "edge_processing_wall_time": 0.009500741958618164,
      "total_pure_processing_time": 0.0,
      "avg_processing_per_client": 0.0,
      "server_aggregation_time": 0.0,
      "internal_aggregation_time": 0.0,
      "evaluation_time": 0.0227813720703125,
      "clients_processed": 60
    },
    {
      "round": 39,
      "accuracy": 0.9874166666666667,
      "f1_score": 0.9870597309109607,
      "precision": 0.9780910326086957,
      "recall": 0.9961944300294067,
      "roc_auc": 0.999714480728061,
      "pr_auc": 0.9997197512571219,
      "mae": 0.09210620765842306,
      "rmse": 0.15882714456895053,
      "ece": 0.08857467948602693,
      "mce": 0.4466367581846674,
      "round_time": 0.5821022987365723,
      "client_training_time": 0.5206143856048584,
      "edge_processing_wall_time": 0.013699769973754883,
      "total_pure_processing_time": 0.0,
      "avg_processing_per_client": 0.0,
      "server_aggregation_time": 0.0010457038879394531,
      "internal_aggregation_time": 0.0,
      "evaluation_time": 0.04674243927001953,
      "clients_processed": 60
    },
    {
      "round": 40,
      "accuracy": 0.9901666666666666,
      "f1_score": 0.9898503354550147,
      "precision": 0.9844311377245509,
      "recall": 0.9953295277633627,
      "roc_auc": 0.9996777095173934,
      "pr_auc": 0.9996830462075458,
      "mae": 0.09202938695512569,
      "rmse": 0.15714775426665575,
      "ece": 0.08771586469221022,
      "mce": 0.39194133528385816,
      "round_time": 0.26473474502563477,
      "client_training_time": 0.21955633163452148,
      "edge_processing_wall_time": 0.00883793830871582,
      "total_pure_processing_time": 0.0,
      "avg_processing_per_client": 0.0,
      "server_aggregation_time": 0.0,
      "internal_aggregation_time": 0.0,
      "evaluation_time": 0.03634047508239746,
      "clients_processed": 60
    },
    {
      "round": 41,
      "accuracy": 0.9884166666666667,
      "f1_score": 0.988071741182528,
      "precision": 0.9804155313351499,
      "recall": 0.9958484691229891,
      "roc_auc": 0.9997097522062657,
      "pr_auc": 0.9997139142592699,
      "mae": 0.09298445408474451,
      "rmse": 0.15954172570866332,
      "ece": 0.08903997244180933,
      "mce": 0.42286770307534544,
      "round_time": 0.23053312301635742,
      "client_training_time": 0.187241792678833,
      "edge_processing_wall_time": 0.012469053268432617,
      "total_pure_processing_time": 0.0,
      "avg_processing_per_client": 0.0,
      "server_aggregation_time": 0.001013040542602539,
      "internal_aggregation_time": 0.0,
      "evaluation_time": 0.029809236526489258,
      "clients_processed": 60
    },
    {
      "round": 42,
      "accuracy": 0.9881666666666666,
      "f1_score": 0.9878153423717179,
      "precision": 0.9800783245360123,
      "recall": 0.9956754886697803,
      "roc_auc": 0.9996712008462163,
      "pr_auc": 0.9996785026406882,
      "mae": 0.09252061642737262,
      "rmse": 0.1584296293384014,
      "ece": 0.0886605322349162,
      "mce": 0.4708981164860736,
      "round_time": 0.19821381568908691,
      "client_training_time": 0.15793514251708984,
      "edge_processing_wall_time": 0.007409334182739258,
      "total_pure_processing_time": 0.0,
      "avg_processing_per_client": 0.0,
      "server_aggregation_time": 0.0,
      "internal_aggregation_time": 0.0,
      "evaluation_time": 0.03176617622375488,
      "clients_processed": 60
    },
    {
      "round": 43,
      "accuracy": 0.98875,
      "f1_score": 0.9884090323688504,
      "precision": 0.9812478690760313,
      "recall": 0.9956754886697803,
      "roc_auc": 0.9996665835837572,
      "pr_auc": 0.9996765461618782,
      "mae": 0.09290862058832904,
      "rmse": 0.15780491251019627,
      "ece": 0.08956650436598497,
      "mce": 0.45791356776462183,
      "round_time": 0.19762349128723145,
      "client_training_time": 0.15308284759521484,
      "edge_processing_wall_time": 0.006686210632324219,
      "total_pure_processing_time": 0.0,
      "avg_processing_per_client": 0.0,
      "server_aggregation_time": 0.0,
      "internal_aggregation_time": 0.0,
      "evaluation_time": 0.036611080169677734,
      "clients_processed": 60
    },
    {
      "round": 44,
      "accuracy": 0.9895833333333334,
      "f1_score": 0.9892547064385799,
      "precision": 0.9832535885167464,
      "recall": 0.9953295277633627,
      "roc_auc": 0.9997221298074359,
      "pr_auc": 0.999725136972534,
      "mae": 0.09170050711993499,
      "rmse": 0.15668761807436044,
      "ece": 0.08860238389101042,
      "mce": 0.4661749576169526,
      "round_time": 0.5495789051055908,
      "client_training_time": 0.4894845485687256,
      "edge_processing_wall_time": 0.019611358642578125,
      "total_pure_processing_time": 0.0,
      "avg_processing_per_client": 0.0,
      "server_aggregation_time": 0.0011022090911865234,
      "internal_aggregation_time": 0.0,
      "evaluation_time": 0.039380788803100586,
      "clients_processed": 60
    },
    {
      "round": 45,
      "accuracy": 0.9903333333333333,
      "f1_score": 0.9900257953568358,
      "precision": 0.9842708155240212,
      "recall": 0.9958484691229891,
      "roc_auc": 0.9997731422131579,
      "pr_auc": 0.9997723424478596,
      "mae": 0.09281538316049974,
      "rmse": 0.15826831659976376,
      "ece": 0.08930598289998379,
      "mce": 0.4305957013077769,
      "round_time": 0.5829482078552246,
      "client_training_time": 0.46826863288879395,
      "edge_processing_wall_time": 0.02631092071533203,
      "total_pure_processing_time": 0.0,
      "avg_processing_per_client": 0.0,
      "server_aggregation_time": 0.0033447742462158203,
      "internal_aggregation_time": 0.0,
      "evaluation_time": 0.08402872085571289,
      "clients_processed": 60
    },
    {
      "round": 46,
      "accuracy": 0.9884166666666667,
      "f1_score": 0.9880676452914413,
      "precision": 0.9807430129516019,
      "recall": 0.9955025082165715,
      "roc_auc": 0.9996848857445888,
      "pr_auc": 0.9996919213328455,
      "mae": 0.09177587309223494,
      "rmse": 0.15795570718176988,
      "ece": 0.08843856050162875,
      "mce": 0.4759323769321736,
      "round_time": 0.6362805366516113,
      "client_training_time": 0.501248836517334,
      "edge_processing_wall_time": 0.03824305534362793,
      "total_pure_processing_time": 0.0,
      "avg_processing_per_client": 0.0,
      "server_aggregation_time": 0.0022177696228027344,
      "internal_aggregation_time": 0.0,
      "evaluation_time": 0.08983516693115234,
      "clients_processed": 60
    },
    {
      "round": 47,
      "accuracy": 0.99,
      "f1_score": 0.9896836313617606,
      "precision": 0.9837634592377371,
      "recall": 0.9956754886697803,
      "roc_auc": 0.9997133125050293,
      "pr_auc": 0.9997197149437638,
      "mae": 0.09232735198934518,
      "rmse": 0.15757338874514815,
      "ece": 0.08861612853283937,
      "mce": 0.39723815183063577,
      "round_time": 0.47485923767089844,
      "client_training_time": 0.4377295970916748,
      "edge_processing_wall_time": 0.009322166442871094,
      "total_pure_processing_time": 0.0,
      "avg_processing_per_client": 0.0,
      "server_aggregation_time": 0.00030803680419921875,
      "internal_aggregation_time": 0.0,
      "evaluation_time": 0.025944232940673828,
      "clients_processed": 60
    },
    {
      "round": 48,
      "accuracy": 0.9859166666666667,
      "f1_score": 0.9855295830122442,
      "precision": 0.975754493048491,
      "recall": 0.9955025082165715,
      "roc_auc": 0.9996837175215569,
      "pr_auc": 0.9996875119607023,
      "mae": 0.09376793355044057,
      "rmse": 0.16008304205989515,
      "ece": 0.08946276835655409,
      "mce": 0.47788825253343126,
      "round_time": 0.18844032287597656,
      "client_training_time": 0.1574108600616455,
      "edge_processing_wall_time": 0.006684064865112305,
      "total_pure_processing_time": 0.0,
      "avg_processing_per_client": 0.0,
      "server_aggregation_time": 0.000743865966796875,
      "internal_aggregation_time": 0.0,
      "evaluation_time": 0.023601531982421875,
      "clients_processed": 60
    },
    {
      "round": 49,
      "accuracy": 0.9875,
      "f1_score": 0.9871355060034306,
      "precision": 0.9789079775472019,
      "recall": 0.9955025082165715,
      "roc_auc": 0.9996955944557135,
      "pr_auc": 0.9996989377390026,
      "mae": 0.0938486000190054,
      "rmse": 0.16087808823144265,
      "ece": 0.08986208525700978,
      "mce": 0.4522829530834547,
      "round_time": 0.145402193069458,
      "client_training_time": 0.12412452697753906,
      "edge_processing_wall_time": 0.005452394485473633,
      "total_pure_processing_time": 0.0,
      "avg_processing_per_client": 0.0,
      "server_aggregation_time": 0.0010099411010742188,
      "internal_aggregation_time": 0.0,
      "evaluation_time": 0.013751745223999023,
      "clients_processed": 60
    },
    {
      "round": 50,
      "accuracy": 0.9883333333333333,
      "f1_score": 0.9879807692307693,
      "precision": 0.9807397306971195,
      "recall": 0.9953295277633627,
      "roc_auc": 0.9996938977508341,
      "pr_auc": 0.9996999771172076,
      "mae": 0.09168807885590399,
      "rmse": 0.15653746875996344,
      "ece": 0.08796310163028982,
      "mce": 0.4737293811302741,
      "round_time": 0.15686678886413574,
      "client_training_time": 0.12679791450500488,
      "edge_processing_wall_time": 0.00648808479309082,
      "total_pure_processing_time": 0.0,
      "avg_processing_per_client": 0.0,
      "server_aggregation_time": 0.00032258033752441406,
      "internal_aggregation_time": 0.0,
      "evaluation_time": 0.022610187530517578,
      "clients_processed": 60
    },
    {
      "round": 51,
      "accuracy": 0.9878333333333333,
      "f1_score": 0.987474262182567,
      "precision": 0.9795744680851064,
      "recall": 0.9955025082165715,
      "roc_auc": 0.9996976527534362,
      "pr_auc": 0.9997031442427321,
      "mae": 0.09228013024416935,
      "rmse": 0.1580042887930244,
      "ece": 0.08853510462995572,
      "mce": 0.47609066132201927,
      "round_time": 0.17452049255371094,
      "client_training_time": 0.11173343658447266,
      "edge_processing_wall_time": 0.007231235504150391,
      "total_pure_processing_time": 0.0,
      "avg_processing_per_client": 0.0,
      "server_aggregation_time": 0.0008525848388671875,
      "internal_aggregation_time": 0.0,
      "evaluation_time": 0.0547032356262207,
      "clients_processed": 60
    },
    {
      "round": 52,
      "accuracy": 0.9863333333333333,
      "f1_score": 0.9859540938677629,
      "precision": 0.9764206955046649,
      "recall": 0.9956754886697803,
      "roc_auc": 0.9996476138669075,
      "pr_auc": 0.9996596688217048,
      "mae": 0.09397853809234091,
      "rmse": 0.16176344795595124,
      "ece": 0.08972294081449156,
      "mce": 0.4289386474304429,
      "round_time": 0.34337282180786133,
      "client_training_time": 0.28557705879211426,
      "edge_processing_wall_time": 0.015831947326660156,
      "total_pure_processing_time": 0.0,
      "avg_processing_per_client": 0.0,
      "server_aggregation_time": 0.0,
      "internal_aggregation_time": 0.0,
      "evaluation_time": 0.03732180595397949,
      "clients_processed": 60
    },
    {
      "round": 53,
      "accuracy": 0.9880833333333333,
      "f1_score": 0.9877284819359822,
      "precision": 0.980074931880109,
      "recall": 0.9955025082165715,
      "roc_auc": 0.9996932023799818,
      "pr_auc": 0.9996998514136066,
      "mae": 0.0923295934265041,
      "rmse": 0.15792146621647207,
      "ece": 0.0887295745108278,
      "mce": 0.4689809433749841,
      "round_time": 0.5496854782104492,
      "client_training_time": 0.4483456611633301,
      "edge_processing_wall_time": 0.022087574005126953,
      "total_pure_processing_time": 0.0,
      "avg_processing_per_client": 0.0,
      "server_aggregation_time": 0.00476837158203125,
      "internal_aggregation_time": 0.0,
      "evaluation_time": 0.07342743873596191,
      "clients_processed": 60
    },
    {
      "round": 54,
      "accuracy": 0.9895833333333334,
      "f1_score": 0.9892528587395752,
      "precision": 0.9834188034188034,
      "recall": 0.9951565473101539,
      "roc_auc": 0.9997073045008658,
      "pr_auc": 0.9997100945896994,
      "mae": 0.0931421864421692,
      "rmse": 0.15815096956317382,
      "ece": 0.08957823716190105,
      "mce": 0.4555571634634921,
      "round_time": 0.48602747917175293,
      "client_training_time": 0.4244706630706787,
      "edge_processing_wall_time": 0.014173746109008789,
      "total_pure_processing_time": 0.0,
      "avg_processing_per_client": 0.0,
      "server_aggregation_time": 0.0010447502136230469,
      "internal_aggregation_time": 0.0,
      "evaluation_time": 0.04633831977844238,
      "clients_processed": 60
    },
    {
      "round": 55,
      "accuracy": 0.9884166666666667,
      "f1_score": 0.9880655962908904,
      "precision": 0.9809069212410502,
      "recall": 0.9953295277633627,
      "roc_auc": 0.9996955388260454,
      "pr_auc": 0.9997009288719929,
      "mae": 0.09294007633973381,
      "rmse": 0.15860225955729024,
      "ece": 0.08900802448233466,
      "mce": 0.4318880776955841,
      "round_time": 0.5015690326690674,
      "client_training_time": 0.43196702003479004,
      "edge_processing_wall_time": 0.02628612518310547,
      "total_pure_processing_time": 0.0,
      "avg_processing_per_client": 0.0,
      "server_aggregation_time": 0.0010592937469482422,
      "internal_aggregation_time": 0.0,
      "evaluation_time": 0.04112720489501953,
      "clients_processed": 60
    },
    {
      "round": 56,
      "accuracy": 0.9900833333333333,
      "f1_score": 0.9897687215200757,
      "precision": 0.9839316239316239,
      "recall": 0.9956754886697803,
      "roc_auc": 0.9997286941082814,
      "pr_auc": 0.9997319072585693,
      "mae": 0.09268555670842799,
      "rmse": 0.15832260270790413,
      "ece": 0.08928182071318767,
      "mce": 0.4327983428502738,
      "round_time": 0.4663205146789551,
      "client_training_time": 0.3769347667694092,
      "edge_processing_wall_time": 0.03374314308166504,
      "total_pure_processing_time": 0.0,
      "avg_processing_per_client": 0.0,
      "server_aggregation_time": 0.0021665096282958984,
      "internal_aggregation_time": 0.0,
      "evaluation_time": 0.05132031440734863,
      "clients_processed": 60
    },
    {
      "round": 57,
      "accuracy": 0.9848333333333333,
      "f1_score": 0.9844364631434924,
      "precision": 0.9734483341789277,
      "recall": 0.9956754886697803,
      "roc_auc": 0.9996377674156396,
      "pr_auc": 0.9996497215614827,
      "mae": 0.09461311015455807,
      "rmse": 0.16223172408378123,
      "ece": 0.08983050010430195,
      "mce": 0.4644360271993223,
      "round_time": 0.39235448837280273,
      "client_training_time": 0.31682729721069336,
      "edge_processing_wall_time": 0.015544891357421875,
      "total_pure_processing_time": 0.0,
      "avg_processing_per_client": 0.0,
      "server_aggregation_time": 0.0010526180267333984,
      "internal_aggregation_time": 0.0,
      "evaluation_time": 0.05785679817199707,
      "clients_processed": 60
    },
    {
      "round": 58,
      "accuracy": 0.98825,
      "f1_score": 0.9878959567344836,
      "precision": 0.9805725971370143,
      "recall": 0.9953295277633627,
      "roc_auc": 0.9996912275267614,
      "pr_auc": 0.9996962412643852,
      "mae": 0.09229092265834127,
      "rmse": 0.15799023887339594,
      "ece": 0.08861621315575378,
      "mce": 0.4691242955477658,
      "round_time": 0.5007431507110596,
      "client_training_time": 0.42281365394592285,
      "edge_processing_wall_time": 0.016158103942871094,
      "total_pure_processing_time": 0.0,
      "avg_processing_per_client": 0.0,
      "server_aggregation_time": 0.0010504722595214844,
      "internal_aggregation_time": 0.0,
      "evaluation_time": 0.05567336082458496,
      "clients_processed": 60
    },
    {
      "round": 59,
      "accuracy": 0.9900833333333333,
      "f1_score": 0.9897652016857315,
      "precision": 0.9842627437564146,
      "recall": 0.9953295277633627,
      "roc_auc": 0.9997583447214218,
      "pr_auc": 0.999758348327582,
      "mae": 0.09248693344785842,
      "rmse": 0.15878239874040706,
      "ece": 0.08881223577114053,
      "mce": 0.4194134400437075,
      "round_time": 0.4619879722595215,
      "client_training_time": 0.4101853370666504,
      "edge_processing_wall_time": 0.007441520690917969,
      "total_pure_processing_time": 0.0,
      "avg_processing_per_client": 0.0,
      "server_aggregation_time": 0.00632786750793457,
      "internal_aggregation_time": 0.0,
      "evaluation_time": 0.038033246994018555,
      "clients_processed": 60
    },
    {
      "round": 60,
      "accuracy": 0.9893333333333333,
      "f1_score": 0.9889996562392575,
      "precision": 0.9827497865072587,
      "recall": 0.9953295277633627,
      "roc_auc": 0.9997300848499858,
      "pr_auc": 0.9997314076946149,
      "mae": 0.09220937439788027,
      "rmse": 0.1572275912366969,
      "ece": 0.08847073407425712,
      "mce": 0.4262322868850687,
      "round_time": 0.5295889377593994,
      "client_training_time": 0.4508397579193115,
      "edge_processing_wall_time": 0.024170875549316406,
      "total_pure_processing_time": 0.0,
      "avg_processing_per_client": 0.0,
      "server_aggregation_time": 0.0008721351623535156,
      "internal_aggregation_time": 0.0,
      "evaluation_time": 0.05254483222961426,
      "clients_processed": 60
    }
  ],
  "final_statistics": {
    "final_accuracy": 0.9893333333333333,
    "best_accuracy": 0.9903333333333333,
    "total_time": 16.17638850212097,
    "avg_round_time": 0.2686941703160604,
    "avg_client_training_time": 0.22262054681777954,
    "avg_edge_processing_wall_time": 0.011730114618937174,
    "avg_pure_processing_time": 0.0,
    "avg_processing_per_client": 0.0,
    "avg_server_aggregation_time": 0.0012240290641784668,
    "avg_internal_aggregation_time": 0.0,
    "avg_evaluation_time": 0.03192811012268067
  },
  "timing_statistics": {
    "total_client_training_time": 13.357232809066772,
    "total_edge_processing_wall_time": 0.7038068771362305,
    "total_pure_processing_time": 0.0,
    "total_server_aggregation_time": 0.07344174385070801,
    "total_internal_aggregation_time": 0.0,
    "total_evaluation_time": 1.9156866073608398,
    "total_time": 16.17638850212097,
    "avg_round_time": 0.2686941703160604,
    "avg_client_training_time": 0.22262054681777954,
    "avg_edge_processing_wall_time": 0.011730114618937174,
    "avg_pure_processing_time": 0.0,
    "avg_processing_per_client": 0.0,
    "avg_server_aggregation_time": 0.0012240290641784668,
    "avg_internal_aggregation_time": 0.0,
    "avg_evaluation_time": 0.03192811012268067
  },
  "architecture": {
    "clients": 60,
    "edge_devices": 60,
    "cloud_servers": 1,
    "data_flow": "Client \u2192 Edge \u2192 Cloud \u2192 Edge \u2192 Client"
  }
}