{
  "pipeline_type": "plaintext_edge_device_fl",
  "configuration": {
    "rounds": 40,
    "clients": 20,
    "patience": 999
  },
  "results": [
    {
      "round": 1,
      "accuracy": 0.96025,
      "f1_score": 0.9547137567644546,
      "precision": 0.9133514986376022,
      "recall": 1.0,
      "roc_auc": 0.9999232353895637,
      "pr_auc": 0.9999000939613651,
      "mae": 0.08998546377631368,
      "rmse": 0.1782165536967563,
      "ece": 0.08915862286114207,
      "mce": 0.7228231346644776,
      "round_time": 0.0483548641204834,
      "client_training_time": 0.03541254997253418,
      "edge_processing_wall_time": 0.0020258426666259766,
      "total_pure_processing_time": 0.0,
      "avg_processing_per_client": 0.0,
      "server_aggregation_time": 0.0,
      "internal_aggregation_time": 0.0,
      "evaluation_time": 0.010916471481323242,
      "clients_processed": 20
    },
    {
      "round": 2,
      "accuracy": 0.96025,
      "f1_score": 0.9547137567644546,
      "precision": 0.9133514986376022,
      "recall": 1.0,
      "roc_auc": 0.9999381261835614,
      "pr_auc": 0.9999183781754325,
      "mae": 0.08811058085707736,
      "rmse": 0.17669510080356698,
      "ece": 0.0868905777083921,
      "mce": 0.7371104942130361,
      "round_time": 0.04764509201049805,
      "client_training_time": 0.03433036804199219,
      "edge_processing_wall_time": 0.0010216236114501953,
      "total_pure_processing_time": 0.0,
      "avg_processing_per_client": 0.0,
      "server_aggregation_time": 0.0,
      "internal_aggregation_time": 0.0,
      "evaluation_time": 0.011274099349975586,
      "clients_processed": 20
    },
    {
      "round": 3,
      "accuracy": 0.9555,
      "f1_score": 0.949546485260771,
      "precision": 0.9044276457883369,
      "recall": 0.9994033412887828,
      "roc_auc": 0.9999193843221506,
      "pr_auc": 0.9998962157965915,
      "mae": 0.09197367168208469,
      "rmse": 0.18166240441587045,
      "ece": 0.09074650569839562,
      "mce": 0.7360571441101428,
      "round_time": 0.043326377868652344,
      "client_training_time": 0.03293037414550781,
      "edge_processing_wall_time": 0.0010111331939697266,
      "total_pure_processing_time": 0.0,
      "avg_processing_per_client": 0.0,
      "server_aggregation_time": 0.0,
      "internal_aggregation_time": 0.0,
      "evaluation_time": 0.009384870529174805,
      "clients_processed": 20
    },
    {
      "round": 4,
      "accuracy": 0.9595,
      "f1_score": 0.9538986909504837,
      "precision": 0.911860718171926,
      "recall": 1.0,
      "roc_auc": 0.9999127091386343,
      "pr_auc": 0.9998863199137966,
      "mae": 0.08953030486166227,
      "rmse": 0.1772375291565781,
      "ece": 0.08867425162743989,
      "mce": 0.7377243018326601,
      "round_time": 0.04729604721069336,
      "client_training_time": 0.03619742393493652,
      "edge_processing_wall_time": 0.0021448135375976562,
      "total_pure_processing_time": 0.0,
      "avg_processing_per_client": 0.0,
      "server_aggregation_time": 0.0,
      "internal_aggregation_time": 0.0,
      "evaluation_time": 0.00895380973815918,
      "clients_processed": 20
    },
    {
      "round": 5,
      "accuracy": 0.956,
      "f1_score": 0.9501133786848073,
      "precision": 0.9049676025917927,
      "recall": 1.0,
      "roc_auc": 0.9999481389588356,
      "pr_auc": 0.9999305083461167,
      "mae": 0.09019029363406239,
      "rmse": 0.18055501751955064,
      "ece": 0.08899190140291445,
      "mce": 0.739512246137727,
      "round_time": 0.04696345329284668,
      "client_training_time": 0.03316235542297363,
      "edge_processing_wall_time": 0.002336263656616211,
      "total_pure_processing_time": 0.0,
      "avg_processing_per_client": 0.0,
      "server_aggregation_time": 0.0010325908660888672,
      "internal_aggregation_time": 0.0,
      "evaluation_time": 0.010432243347167969,
      "clients_processed": 20
    },
    {
      "round": 6,
      "accuracy": 0.9565,
      "f1_score": 0.9506522972206466,
      "precision": 0.9059459459459459,
      "recall": 1.0,
      "roc_auc": 0.9999630297528334,
      "pr_auc": 0.9999500628480101,
      "mae": 0.09032256997324938,
      "rmse": 0.17985567317198975,
      "ece": 0.08953853341569458,
      "mce": 0.740050664212312,
      "round_time": 0.053452253341674805,
      "client_training_time": 0.03469443321228027,
      "edge_processing_wall_time": 0.0045702457427978516,
      "total_pure_processing_time": 0.0,
      "avg_processing_per_client": 0.0,
      "server_aggregation_time": 0.0,
      "internal_aggregation_time": 0.0,
      "evaluation_time": 0.01291966438293457,
      "clients_processed": 20
    },
    {
      "round": 7,
      "accuracy": 0.9555,
      "f1_score": 0.9495750708215297,
      "precision": 0.9039913700107874,
      "recall": 1.0,
      "roc_auc": 0.9999496793858009,
      "pr_auc": 0.9999327296982823,
      "mae": 0.09061978015130162,
      "rmse": 0.1809613134664865,
      "ece": 0.08983815915289246,
      "mce": 0.7264193666909871,
      "round_time": 0.0499262809753418,
      "client_training_time": 0.03766942024230957,
      "edge_processing_wall_time": 0.002145528793334961,
      "total_pure_processing_time": 0.0,
      "avg_processing_per_client": 0.0,
      "server_aggregation_time": 0.0,
      "internal_aggregation_time": 0.0,
      "evaluation_time": 0.010111331939697266,
      "clients_processed": 20
    },
    {
      "round": 8,
      "accuracy": 0.95525,
      "f1_score": 0.9493061455678278,
      "precision": 0.9035040431266846,
      "recall": 1.0,
      "roc_auc": 0.9999347885918033,
      "pr_auc": 0.9999147789375427,
      "mae": 0.09058913247308548,
      "rmse": 0.18169750457243816,
      "ece": 0.08869948500454365,
      "mce": 0.7520448084309732,
      "round_time": 0.054815053939819336,
      "client_training_time": 0.04005122184753418,
      "edge_processing_wall_time": 0.002009868621826172,
      "total_pure_processing_time": 0.0,
      "avg_processing_per_client": 0.0,
      "server_aggregation_time": 0.0,
      "internal_aggregation_time": 0.0,
      "evaluation_time": 0.012753963470458984,
      "clients_processed": 20
    },
    {
      "round": 9,
      "accuracy": 0.959,
      "f1_score": 0.9533295389869095,
      "precision": 0.911316648531012,
      "recall": 0.9994033412887828,
      "roc_auc": 0.9999181006330128,
      "pr_auc": 0.9998949451824428,
      "mae": 0.08943514200167514,
      "rmse": 0.17890808491491214,
      "ece": 0.088192267087306,
      "mce": 0.7386920866111882,
      "round_time": 0.05563783645629883,
      "client_training_time": 0.03765082359313965,
      "edge_processing_wall_time": 0.0022585391998291016,
      "total_pure_processing_time": 0.0,
      "avg_processing_per_client": 0.0,
      "server_aggregation_time": 0.0012481212615966797,
      "internal_aggregation_time": 0.0,
      "evaluation_time": 0.013371706008911133,
      "clients_processed": 20
    },
    {
      "round": 10,
      "accuracy": 0.95425,
      "f1_score": 0.9482026606283611,
      "precision": 0.9019924609585352,
      "recall": 0.9994033412887828,
      "roc_auc": 0.9999111687116691,
      "pr_auc": 0.999886744314425,
      "mae": 0.09050628056357365,
      "rmse": 0.18114119138786552,
      "ece": 0.08925184494226357,
      "mce": 0.7344109543817721,
      "round_time": 0.06338143348693848,
      "client_training_time": 0.041841745376586914,
      "edge_processing_wall_time": 0.0020706653594970703,
      "total_pure_processing_time": 0.0,
      "avg_processing_per_client": 0.0,
      "server_aggregation_time": 0.0010170936584472656,
      "internal_aggregation_time": 0.0,
      "evaluation_time": 0.018451929092407227,
      "clients_processed": 20
    },
    {
      "round": 11,
      "accuracy": 0.9545,
      "f1_score": 0.9485002829654782,
      "precision": 0.9020452099031216,
      "recall": 1.0,
      "roc_auc": 0.999930424048735,
      "pr_auc": 0.9999085675672371,
      "mae": 0.09104022254407355,
      "rmse": 0.18138061784857124,
      "ece": 0.09022710930129234,
      "mce": 0.7294740070630917,
      "round_time": 0.06116890907287598,
      "client_training_time": 0.04529118537902832,
      "edge_processing_wall_time": 0.0020639896392822266,
      "total_pure_processing_time": 0.0,
      "avg_processing_per_client": 0.0,
      "server_aggregation_time": 0.0,
      "internal_aggregation_time": 0.0,
      "evaluation_time": 0.01381373405456543,
      "clients_processed": 20
    },
    {
      "round": 12,
      "accuracy": 0.95925,
      "f1_score": 0.9536009109023627,
      "precision": 0.9118127381600436,
      "recall": 0.9994033412887828,
      "roc_auc": 0.9999178438951852,
      "pr_auc": 0.9998943283914004,
      "mae": 0.08951864789344749,
      "rmse": 0.17770550863454168,
      "ece": 0.08827459205014118,
      "mce": 0.7425085013449709,
      "round_time": 0.053714752197265625,
      "client_training_time": 0.03812742233276367,
      "edge_processing_wall_time": 0.0010135173797607422,
      "total_pure_processing_time": 0.0,
      "avg_processing_per_client": 0.0,
      "server_aggregation_time": 0.0,
      "internal_aggregation_time": 0.0,
      "evaluation_time": 0.013440608978271484,
      "clients_processed": 20
    },
    {
      "round": 13,
      "accuracy": 0.95925,
      "f1_score": 0.9536273115220484,
      "precision": 0.9113648722131593,
      "recall": 1.0,
      "roc_auc": 0.9999196410599781,
      "pr_auc": 0.9998947266730503,
      "mae": 0.0885720945929263,
      "rmse": 0.177046855294843,
      "ece": 0.08732178480244607,
      "mce": 0.7338680769040324,
      "round_time": 0.04945874214172363,
      "client_training_time": 0.03617048263549805,
      "edge_processing_wall_time": 0.0013768672943115234,
      "total_pure_processing_time": 0.0,
      "avg_processing_per_client": 0.0,
      "server_aggregation_time": 0.0,
      "internal_aggregation_time": 0.0,
      "evaluation_time": 0.011911392211914062,
      "clients_processed": 20
    },
    {
      "round": 14,
      "accuracy": 0.9545,
      "f1_score": 0.948471121177803,
      "precision": 0.9024784482758621,
      "recall": 0.9994033412887828,
      "roc_auc": 0.9999114254494966,
      "pr_auc": 0.999888085546772,
      "mae": 0.09042503423782546,
      "rmse": 0.18114965923812187,
      "ece": 0.08920741321198039,
      "mce": 0.7371447964487003,
      "round_time": 0.0528104305267334,
      "client_training_time": 0.036260128021240234,
      "edge_processing_wall_time": 0.0010509490966796875,
      "total_pure_processing_time": 0.0,
      "avg_processing_per_client": 0.0,
      "server_aggregation_time": 0.0010080337524414062,
      "internal_aggregation_time": 0.0,
      "evaluation_time": 0.01339578628540039,
      "clients_processed": 20
    },
    {
      "round": 15,
      "accuracy": 0.95625,
      "f1_score": 0.950354609929078,
      "precision": 0.905895078420768,
      "recall": 0.9994033412887828,
      "roc_auc": 0.9999317077378727,
      "pr_auc": 0.9999118278207473,
      "mae": 0.09013412789353262,
      "rmse": 0.18027053971907173,
      "ece": 0.08933218305387437,
      "mce": 0.736161168049728,
      "round_time": 0.054448604583740234,
      "client_training_time": 0.041184186935424805,
      "edge_processing_wall_time": 0.003108501434326172,
      "total_pure_processing_time": 0.0,
      "avg_processing_per_client": 0.0,
      "server_aggregation_time": 0.0,
      "internal_aggregation_time": 0.0,
      "evaluation_time": 0.009098052978515625,
      "clients_processed": 20
    },
    {
      "round": 16,
      "accuracy": 0.9575,
      "f1_score": 0.9517319704713231,
      "precision": 0.9079089924160346,
      "recall": 1.0,
      "roc_auc": 0.9999342751161482,
      "pr_auc": 0.9999133687996112,
      "mae": 0.0910691483507887,
      "rmse": 0.18068125238615507,
      "ece": 0.09024814835112004,
      "mce": 0.7326893283442772,
      "round_time": 0.056429147720336914,
      "client_training_time": 0.04333758354187012,
      "edge_processing_wall_time": 0.002015829086303711,
      "total_pure_processing_time": 0.0,
      "avg_processing_per_client": 0.0,
      "server_aggregation_time": 0.0,
      "internal_aggregation_time": 0.0,
      "evaluation_time": 0.011075735092163086,
      "clients_processed": 20
    },
    {
      "round": 17,
      "accuracy": 0.953,
      "f1_score": 0.9468626342566422,
      "precision": 0.8995703544575725,
      "recall": 0.9994033412887828,
      "roc_auc": 0.9999088580712211,
      "pr_auc": 0.9998839662265593,
      "mae": 0.09250964221017988,
      "rmse": 0.1831821681600103,
      "ece": 0.09166157590510411,
      "mce": 0.7399783931825793,
      "round_time": 0.05058765411376953,
      "client_training_time": 0.035486698150634766,
      "edge_processing_wall_time": 0.0020542144775390625,
      "total_pure_processing_time": 0.0,
      "avg_processing_per_client": 0.0,
      "server_aggregation_time": 0.0,
      "internal_aggregation_time": 0.0,
      "evaluation_time": 0.011888742446899414,
      "clients_processed": 20
    },
    {
      "round": 18,
      "accuracy": 0.95825,
      "f1_score": 0.952516349161217,
      "precision": 0.9098316132536665,
      "recall": 0.9994033412887828,
      "roc_auc": 0.9999091148090486,
      "pr_auc": 0.9998823582036558,
      "mae": 0.09095211382595994,
      "rmse": 0.1802763339674222,
      "ece": 0.08928563178787463,
      "mce": 0.7330471924268261,
      "round_time": 0.05396842956542969,
      "client_training_time": 0.0368654727935791,
      "edge_processing_wall_time": 0.0036437511444091797,
      "total_pure_processing_time": 0.0,
      "avg_processing_per_client": 0.0,
      "server_aggregation_time": 0.0010731220245361328,
      "internal_aggregation_time": 0.0,
      "evaluation_time": 0.011343717575073242,
      "clients_processed": 20
    },
    {
      "round": 19,
      "accuracy": 0.96025,
      "f1_score": 0.9547137567644546,
      "precision": 0.9133514986376022,
      "recall": 1.0,
      "roc_auc": 0.9999519900262488,
      "pr_auc": 0.9999355620424627,
      "mae": 0.08933908571345495,
      "rmse": 0.17702335840298203,
      "ece": 0.0885360460401326,
      "mce": 0.7403282680149617,
      "round_time": 0.05138063430786133,
      "client_training_time": 0.037314414978027344,
      "edge_processing_wall_time": 0.0049097537994384766,
      "total_pure_processing_time": 0.0,
      "avg_processing_per_client": 0.0,
      "server_aggregation_time": 0.0010082721710205078,
      "internal_aggregation_time": 0.0,
      "evaluation_time": 0.008148193359375,
      "clients_processed": 20
    },
    {
      "round": 20,
      "accuracy": 0.9595,
      "f1_score": 0.9538986909504837,
      "precision": 0.911860718171926,
      "recall": 1.0,
      "roc_auc": 0.9999560978314895,
      "pr_auc": 0.9999409115283548,
      "mae": 0.0908321302405686,
      "rmse": 0.17981962836830773,
      "ece": 0.08965114182635354,
      "mce": 0.7406938187822864,
      "round_time": 0.05960416793823242,
      "client_training_time": 0.04301857948303223,
      "edge_processing_wall_time": 0.0021347999572753906,
      "total_pure_processing_time": 0.0,
      "avg_processing_per_client": 0.0,
      "server_aggregation_time": 0.0010199546813964844,
      "internal_aggregation_time": 0.0,
      "evaluation_time": 0.01343083381652832,
      "clients_processed": 20
    },
    {
      "round": 21,
      "accuracy": 0.95425,
      "f1_score": 0.9482319660537483,
      "precision": 0.9015599784830554,
      "recall": 1.0,
      "roc_auc": 0.9999519900262489,
      "pr_auc": 0.9999358386387319,
      "mae": 0.09301741453328483,
      "rmse": 0.1832892238773127,
      "ece": 0.09225693360428752,
      "mce": 0.7286774897268689,
      "round_time": 0.054737091064453125,
      "client_training_time": 0.03875303268432617,
      "edge_processing_wall_time": 0.0038459300994873047,
      "total_pure_processing_time": 0.0,
      "avg_processing_per_client": 0.0,
      "server_aggregation_time": 0.0010249614715576172,
      "internal_aggregation_time": 0.0,
      "evaluation_time": 0.011113166809082031,
      "clients_processed": 20
    },
    {
      "round": 22,
      "accuracy": 0.96,
      "f1_score": 0.9544159544159544,
      "precision": 0.9133042529989095,
      "recall": 0.9994033412887828,
      "roc_auc": 0.9999255460300116,
      "pr_auc": 0.9999030580631173,
      "mae": 0.0909049452570343,
      "rmse": 0.17829709658168535,
      "ece": 0.0900484232806272,
      "mce": 0.7218852501579847,
      "round_time": 0.0508120059967041,
      "client_training_time": 0.0368502140045166,
      "edge_processing_wall_time": 0.0030891895294189453,
      "total_pure_processing_time": 0.0,
      "avg_processing_per_client": 0.0,
      "server_aggregation_time": 0.0010058879852294922,
      "internal_aggregation_time": 0.0,
      "evaluation_time": 0.00858306884765625,
      "clients_processed": 20
    },
    {
      "round": 23,
      "accuracy": 0.954,
      "f1_score": 0.9479638009049773,
      "precision": 0.9010752688172043,
      "recall": 1.0,
      "roc_auc": 0.9999273431948045,
      "pr_auc": 0.999905972880886,
      "mae": 0.09181952162248543,
      "rmse": 0.18399905375482606,
      "ece": 0.09071460573059759,
      "mce": 0.7395722173946273,
      "round_time": 0.062033891677856445,
      "client_training_time": 0.04468131065368652,
      "edge_processing_wall_time": 0.003645658493041992,
      "total_pure_processing_time": 0.0,
      "avg_processing_per_client": 0.0,
      "server_aggregation_time": 0.0,
      "internal_aggregation_time": 0.0,
      "evaluation_time": 0.01370692253112793,
      "clients_processed": 20
    },
    {
      "round": 24,
      "accuracy": 0.95575,
      "f1_score": 0.9498441484839898,
      "precision": 0.9044792228818133,
      "recall": 1.0,
      "roc_auc": 0.9999445446292501,
      "pr_auc": 0.9999263010492081,
      "mae": 0.08912512329910845,
      "rmse": 0.17930119212911025,
      "ece": 0.08832454513610986,
      "mce": 0.738283692530568,
      "round_time": 0.05942869186401367,
      "client_training_time": 0.04411673545837402,
      "edge_processing_wall_time": 0.003223896026611328,
      "total_pure_processing_time": 0.0,
      "avg_processing_per_client": 0.0,
      "server_aggregation_time": 0.0,
      "internal_aggregation_time": 0.0,
      "evaluation_time": 0.01208806037902832,
      "clients_processed": 20
    },
    {
      "round": 25,
      "accuracy": 0.955,
      "f1_score": 0.9490373725934315,
      "precision": 0.9030172413793104,
      "recall": 1.0,
      "roc_auc": 0.9999299105730799,
      "pr_auc": 0.9999089953680316,
      "mae": 0.09148865833397986,
      "rmse": 0.18197393608483733,
      "ece": 0.0902857505426899,
      "mce": 0.7432873708352699,
      "round_time": 0.06080341339111328,
      "client_training_time": 0.04114198684692383,
      "edge_processing_wall_time": 0.0026721954345703125,
      "total_pure_processing_time": 0.0,
      "avg_processing_per_client": 0.0,
      "server_aggregation_time": 0.0,
      "internal_aggregation_time": 0.0,
      "evaluation_time": 0.015973806381225586,
      "clients_processed": 20
    },
    {
      "round": 26,
      "accuracy": 0.9515,
      "f1_score": 0.9452904681331077,
      "precision": 0.8962566844919786,
      "recall": 1.0,
      "roc_auc": 0.9999363290187685,
      "pr_auc": 0.9999173173210356,
      "mae": 0.0923280564715555,
      "rmse": 0.18342504846142846,
      "ece": 0.09154786631312765,
      "mce": 0.7349922916996272,
      "round_time": 0.0575103759765625,
      "client_training_time": 0.04227113723754883,
      "edge_processing_wall_time": 0.0010144710540771484,
      "total_pure_processing_time": 0.0,
      "avg_processing_per_client": 0.0,
      "server_aggregation_time": 0.0,
      "internal_aggregation_time": 0.0,
      "evaluation_time": 0.011551380157470703,
      "clients_processed": 20
    },
    {
      "round": 27,
      "accuracy": 0.952,
      "f1_score": 0.945823927765237,
      "precision": 0.8972162740899358,
      "recall": 1.0,
      "roc_auc": 0.9999373559700787,
      "pr_auc": 0.9999184086812016,
      "mae": 0.0922936460935792,
      "rmse": 0.18474451746424714,
      "ece": 0.09131706330647599,
      "mce": 0.7442934167064233,
      "round_time": 0.05566549301147461,
      "client_training_time": 0.036540985107421875,
      "edge_processing_wall_time": 0.0010654926300048828,
      "total_pure_processing_time": 0.0,
      "avg_processing_per_client": 0.0,
      "server_aggregation_time": 0.0,
      "internal_aggregation_time": 0.0,
      "evaluation_time": 0.016854524612426758,
      "clients_processed": 20
    },
    {
      "round": 28,
      "accuracy": 0.95575,
      "f1_score": 0.9498157074000567,
      "precision": 0.9049162614802809,
      "recall": 0.9994033412887828,
      "roc_auc": 0.9998934538015684,
      "pr_auc": 0.9998630703156355,
      "mae": 0.09035417745484098,
      "rmse": 0.18070289284430316,
      "ece": 0.08905895999525594,
      "mce": 0.7466680354018375,
      "round_time": 0.05796694755554199,
      "client_training_time": 0.04406619071960449,
      "edge_processing_wall_time": 0.0010139942169189453,
      "total_pure_processing_time": 0.0,
      "avg_processing_per_client": 0.0,
      "server_aggregation_time": 0.0,
      "internal_aggregation_time": 0.0,
      "evaluation_time": 0.011733055114746094,
      "clients_processed": 20
    },
    {
      "round": 29,
      "accuracy": 0.95775,
      "f1_score": 0.951974992895709,
      "precision": 0.9088442756375474,
      "recall": 0.9994033412887828,
      "roc_auc": 0.9999165602060475,
      "pr_auc": 0.9998928315275747,
      "mae": 0.08949226833420641,
      "rmse": 0.17894157111091233,
      "ece": 0.08865391438280018,
      "mce": 0.7336091146073798,
      "round_time": 0.053774356842041016,
      "client_training_time": 0.0372316837310791,
      "edge_processing_wall_time": 0.0015311241149902344,
      "total_pure_processing_time": 0.0,
      "avg_processing_per_client": 0.0,
      "server_aggregation_time": 0.0,
      "internal_aggregation_time": 0.0,
      "evaluation_time": 0.013955354690551758,
      "clients_processed": 20
    },
    {
      "round": 30,
      "accuracy": 0.9525,
      "f1_score": 0.9463579898362507,
      "precision": 0.8981779206859593,
      "recall": 1.0,
      "roc_auc": 0.9999424907266297,
      "pr_auc": 0.9999248327015033,
      "mae": 0.09064326776888802,
      "rmse": 0.1821354682190995,
      "ece": 0.08986807608434151,
      "mce": 0.7393336500987553,
      "round_time": 0.04997992515563965,
      "client_training_time": 0.03672432899475098,
      "edge_processing_wall_time": 0.0011086463928222656,
      "total_pure_processing_time": 0.0,
      "avg_processing_per_client": 0.0,
      "server_aggregation_time": 0.0010194778442382812,
      "internal_aggregation_time": 0.0,
      "evaluation_time": 0.011127471923828125,
      "clients_processed": 20
    },
    {
      "round": 31,
      "accuracy": 0.958,
      "f1_score": 0.9522455940875497,
      "precision": 0.9093376764386536,
      "recall": 0.9994033412887828,
      "roc_auc": 0.9999214382247709,
      "pr_auc": 0.999899630896921,
      "mae": 0.09103297982173106,
      "rmse": 0.1798817519804842,
      "ece": 0.09019839391664167,
      "mce": 0.7302942774183414,
      "round_time": 0.05055117607116699,
      "client_training_time": 0.03669095039367676,
      "edge_processing_wall_time": 0.0010519027709960938,
      "total_pure_processing_time": 0.0,
      "avg_processing_per_client": 0.0,
      "server_aggregation_time": 0.0,
      "internal_aggregation_time": 0.0,
      "evaluation_time": 0.01280832290649414,
      "clients_processed": 20
    },
    {
      "round": 32,
      "accuracy": 0.957,
      "f1_score": 0.9511918274687855,
      "precision": 0.9069264069264069,
      "recall": 1.0,
      "roc_auc": 0.9999409502996643,
      "pr_auc": 0.9999219724273406,
      "mae": 0.09043873985207534,
      "rmse": 0.17968937913424243,
      "ece": 0.08963345491479241,
      "mce": 0.73808290396846,
      "round_time": 0.05072498321533203,
      "client_training_time": 0.03610658645629883,
      "edge_processing_wall_time": 0.001024484634399414,
      "total_pure_processing_time": 0.0,
      "avg_processing_per_client": 0.0,
      "server_aggregation_time": 0.0,
      "internal_aggregation_time": 0.0,
      "evaluation_time": 0.013593912124633789,
      "clients_processed": 20
    },
    {
      "round": 33,
      "accuracy": 0.9595,
      "f1_score": 0.9538986909504837,
      "precision": 0.911860718171926,
      "recall": 1.0,
      "roc_auc": 0.9999306807865626,
      "pr_auc": 0.9999091063783621,
      "mae": 0.08971388883884104,
      "rmse": 0.1778634621423391,
      "ece": 0.08888263613637067,
      "mce": 0.7336885365045539,
      "round_time": 0.049790143966674805,
      "client_training_time": 0.03567957878112793,
      "edge_processing_wall_time": 0.0010454654693603516,
      "total_pure_processing_time": 0.0,
      "avg_processing_per_client": 0.0,
      "server_aggregation_time": 0.0,
      "internal_aggregation_time": 0.0,
      "evaluation_time": 0.012022256851196289,
      "clients_processed": 20
    },
    {
      "round": 34,
      "accuracy": 0.96,
      "f1_score": 0.9544419134396356,
      "precision": 0.9128540305010894,
      "recall": 1.0,
      "roc_auc": 0.9999453148427326,
      "pr_auc": 0.9999273459430552,
      "mae": 0.08972006387891937,
      "rmse": 0.17835622940174642,
      "ece": 0.08893206484648714,
      "mce": 0.7363074871460333,
      "round_time": 0.05725407600402832,
      "client_training_time": 0.03630542755126953,
      "edge_processing_wall_time": 0.006575584411621094,
      "total_pure_processing_time": 0.0,
      "avg_processing_per_client": 0.0,
      "server_aggregation_time": 0.0,
      "internal_aggregation_time": 0.0,
      "evaluation_time": 0.01110386848449707,
      "clients_processed": 20
    },
    {
      "round": 35,
      "accuracy": 0.95525,
      "f1_score": 0.9492774156984981,
      "precision": 0.9039395574743659,
      "recall": 0.9994033412887828,
      "roc_auc": 0.999919641059978,
      "pr_auc": 0.9998966545202009,
      "mae": 0.09164897301521728,
      "rmse": 0.18223262729505038,
      "ece": 0.0904221459810556,
      "mce": 0.7312505255319381,
      "round_time": 0.058025360107421875,
      "client_training_time": 0.04186415672302246,
      "edge_processing_wall_time": 0.0010657310485839844,
      "total_pure_processing_time": 0.0,
      "avg_processing_per_client": 0.0,
      "server_aggregation_time": 0.001065969467163086,
      "internal_aggregation_time": 0.0,
      "evaluation_time": 0.012888908386230469,
      "clients_processed": 20
    },
    {
      "round": 36,
      "accuracy": 0.9575,
      "f1_score": 0.9517319704713231,
      "precision": 0.9079089924160346,
      "recall": 1.0,
      "roc_auc": 0.9999465985318704,
      "pr_auc": 0.999928970857507,
      "mae": 0.09069162909579259,
      "rmse": 0.17978678204568255,
      "ece": 0.089101952170272,
      "mce": 0.7413962937837855,
      "round_time": 0.05409383773803711,
      "client_training_time": 0.03740882873535156,
      "edge_processing_wall_time": 0.0010194778442382812,
      "total_pure_processing_time": 0.0,
      "avg_processing_per_client": 0.0,
      "server_aggregation_time": 0.0,
      "internal_aggregation_time": 0.0,
      "evaluation_time": 0.015665531158447266,
      "clients_processed": 20
    },
    {
      "round": 37,
      "accuracy": 0.95675,
      "f1_score": 0.9508941243258586,
      "precision": 0.9068760151597185,
      "recall": 0.9994033412887828,
      "roc_auc": 0.9999170736817026,
      "pr_auc": 0.9998936560408805,
      "mae": 0.09036824791623353,
      "rmse": 0.1804661344282086,
      "ece": 0.08953635514923622,
      "mce": 0.7351882479649471,
      "round_time": 0.05097031593322754,
      "client_training_time": 0.0379338264465332,
      "edge_processing_wall_time": 0.003068685531616211,
      "total_pure_processing_time": 0.0,
      "avg_processing_per_client": 0.0,
      "server_aggregation_time": 0.0,
      "internal_aggregation_time": 0.0,
      "evaluation_time": 0.008655548095703125,
      "clients_processed": 20
    },
    {
      "round": 38,
      "accuracy": 0.95,
      "f1_score": 0.9436619718309859,
      "precision": 0.8938100320170758,
      "recall": 0.9994033412887828,
      "roc_auc": 0.9999044935281528,
      "pr_auc": 0.9998787264705652,
      "mae": 0.09393975610752867,
      "rmse": 0.18582653432839788,
      "ece": 0.09270358843996254,
      "mce": 0.7252102926651068,
      "round_time": 0.04947400093078613,
      "client_training_time": 0.036127567291259766,
      "edge_processing_wall_time": 0.0035588741302490234,
      "total_pure_processing_time": 0.0,
      "avg_processing_per_client": 0.0,
      "server_aggregation_time": 0.0,
      "internal_aggregation_time": 0.0,
      "evaluation_time": 0.009787559509277344,
      "clients_processed": 20
    },
    {
      "round": 39,
      "accuracy": 0.95425,
      "f1_score": 0.9482319660537483,
      "precision": 0.9015599784830554,
      "recall": 1.0,
      "roc_auc": 0.9999584084719375,
      "pr_auc": 0.9999442654706626,
      "mae": 0.09098939380288001,
      "rmse": 0.1816088300393186,
      "ece": 0.09023871745806798,
      "mce": 0.7498625376817594,
      "round_time": 0.05173778533935547,
      "client_training_time": 0.03654623031616211,
      "edge_processing_wall_time": 0.003599405288696289,
      "total_pure_processing_time": 0.0,
      "avg_processing_per_client": 0.0,
      "server_aggregation_time": 0.0,
      "internal_aggregation_time": 0.0,
      "evaluation_time": 0.010448694229125977,
      "clients_processed": 20
    },
    {
      "round": 40,
      "accuracy": 0.9605,
      "f1_score": 0.954985754985755,
      "precision": 0.9138495092693566,
      "recall": 1.0,
      "roc_auc": 0.9999432609401123,
      "pr_auc": 0.9999254384483437,
      "mae": 0.08916593679440003,
      "rmse": 0.17836159323409947,
      "ece": 0.08837186416739608,
      "mce": 0.728951072035538,
      "round_time": 0.05687212944030762,
      "client_training_time": 0.0401766300201416,
      "edge_processing_wall_time": 0.0021195411682128906,
      "total_pure_processing_time": 0.0,
      "avg_processing_per_client": 0.0,
      "server_aggregation_time": 0.0,
      "internal_aggregation_time": 0.0,
      "evaluation_time": 0.014575958251953125,
      "clients_processed": 20
    }
  ],
  "final_statistics": {
    "final_accuracy": 0.9605,
    "best_accuracy": 0.9605,
    "total_time": 2.1642134189605713,
    "avg_round_time": 0.053664404153823855,
    "avg_client_training_time": 0.03835535645484924,
    "avg_edge_processing_wall_time": 0.002282661199569702,
    "avg_pure_processing_time": 0.0,
    "avg_processing_per_client": 0.0,
    "avg_server_aggregation_time": 0.0002880871295928955,
    "avg_internal_aggregation_time": 0.0,
    "avg_evaluation_time": 0.012108856439590454
  },
  "timing_statistics": {
    "total_client_training_time": 1.5342142581939697,
    "total_edge_processing_wall_time": 0.09130644798278809,
    "total_pure_processing_time": 0.0,
    "total_server_aggregation_time": 0.01152348518371582,
    "total_internal_aggregation_time": 0.0,
    "total_evaluation_time": 0.48435425758361816,
    "total_time": 2.1642134189605713,
    "avg_round_time": 0.053664404153823855,
    "avg_client_training_time": 0.03835535645484924,
    "avg_edge_processing_wall_time": 0.002282661199569702,
    "avg_pure_processing_time": 0.0,
    "avg_processing_per_client": 0.0,
    "avg_server_aggregation_time": 0.0002880871295928955,
    "avg_internal_aggregation_time": 0.0,
    "avg_evaluation_time": 0.012108856439590454
  },
  "architecture": {
    "clients": 20,
    "edge_devices": 20,
    "cloud_servers": 1,
    "data_flow": "Client \u2192 Edge \u2192 Cloud \u2192 Edge \u2192 Client"
  }
}