{
  "pipeline_type": "plaintext_edge_device_fl",
  "configuration": {
    "rounds": 30,
    "clients": 20,
    "patience": 999
  },
  "results": [
    {
      "round": 1,
      "accuracy": 0.96025,
      "f1_score": 0.9547137567644546,
      "precision": 0.9133514986376022,
      "recall": 1.0,
      "roc_auc": 0.9999232353895637,
      "pr_auc": 0.9999000939613651,
      "mae": 0.08998546377631368,
      "rmse": 0.1782165536967563,
      "ece": 0.08915862286114207,
      "mce": 0.7228231346644776,
      "round_time": 0.049982309341430664,
      "client_training_time": 0.03432440757751465,
      "edge_processing_wall_time": 0.0021123886108398438,
      "total_pure_processing_time": 0.0,
      "avg_processing_per_client": 0.0,
      "server_aggregation_time": 0.0010557174682617188,
      "internal_aggregation_time": 0.0,
      "evaluation_time": 0.012489795684814453,
      "clients_processed": 20
    },
    {
      "round": 2,
      "accuracy": 0.96025,
      "f1_score": 0.9547137567644546,
      "precision": 0.9133514986376022,
      "recall": 1.0,
      "roc_auc": 0.9999381261835614,
      "pr_auc": 0.9999183781754325,
      "mae": 0.08811058085707736,
      "rmse": 0.17669510080356698,
      "ece": 0.0868905777083921,
      "mce": 0.7371104942130361,
      "round_time": 0.04926943778991699,
      "client_training_time": 0.034548282623291016,
      "edge_processing_wall_time": 0.0023491382598876953,
      "total_pure_processing_time": 0.0,
      "avg_processing_per_client": 0.0,
      "server_aggregation_time": 0.0,
      "internal_aggregation_time": 0.0,
      "evaluation_time": 0.012372016906738281,
      "clients_processed": 20
    },
    {
      "round": 3,
      "accuracy": 0.9555,
      "f1_score": 0.949546485260771,
      "precision": 0.9044276457883369,
      "recall": 0.9994033412887828,
      "roc_auc": 0.9999193843221506,
      "pr_auc": 0.9998962157965915,
      "mae": 0.09197367168208469,
      "rmse": 0.18166240441587045,
      "ece": 0.09074650569839562,
      "mce": 0.7360571441101428,
      "round_time": 0.05324912071228027,
      "client_training_time": 0.03815817832946777,
      "edge_processing_wall_time": 0.0021321773529052734,
      "total_pure_processing_time": 0.0,
      "avg_processing_per_client": 0.0,
      "server_aggregation_time": 0.0,
      "internal_aggregation_time": 0.0,
      "evaluation_time": 0.011838912963867188,
      "clients_processed": 20
    },
    {
      "round": 4,
      "accuracy": 0.9595,
      "f1_score": 0.9538986909504837,
      "precision": 0.911860718171926,
      "recall": 1.0,
      "roc_auc": 0.9999127091386343,
      "pr_auc": 0.9998863199137966,
      "mae": 0.08953030486166227,
      "rmse": 0.1772375291565781,
      "ece": 0.08867425162743989,
      "mce": 0.7377243018326601,
      "round_time": 0.04908466339111328,
      "client_training_time": 0.03568291664123535,
      "edge_processing_wall_time": 0.0020945072174072266,
      "total_pure_processing_time": 0.0,
      "avg_processing_per_client": 0.0,
      "server_aggregation_time": 0.0,
      "internal_aggregation_time": 0.0,
      "evaluation_time": 0.011307239532470703,
      "clients_processed": 20
    },
    {
      "round": 5,
      "accuracy": 0.956,
      "f1_score": 0.9501133786848073,
      "precision": 0.9049676025917927,
      "recall": 1.0,
      "roc_auc": 0.9999481389588356,
      "pr_auc": 0.9999305083461167,
      "mae": 0.09019029363406239,
      "rmse": 0.18055501751955064,
      "ece": 0.08899190140291445,
      "mce": 0.739512246137727,
      "round_time": 0.054314613342285156,
      "client_training_time": 0.035414695739746094,
      "edge_processing_wall_time": 0.002499818801879883,
      "total_pure_processing_time": 0.0,
      "avg_processing_per_client": 0.0,
      "server_aggregation_time": 0.0010418891906738281,
      "internal_aggregation_time": 0.0,
      "evaluation_time": 0.014318466186523438,
      "clients_processed": 20
    },
    {
      "round": 6,
      "accuracy": 0.9565,
      "f1_score": 0.9506522972206466,
      "precision": 0.9059459459459459,
      "recall": 1.0,
      "roc_auc": 0.9999630297528334,
      "pr_auc": 0.9999500628480101,
      "mae": 0.09032256997324938,
      "rmse": 0.17985567317198975,
      "ece": 0.08953853341569458,
      "mce": 0.740050664212312,
      "round_time": 0.053345680236816406,
      "client_training_time": 0.03837704658508301,
      "edge_processing_wall_time": 0.0020804405212402344,
      "total_pure_processing_time": 0.0,
      "avg_processing_per_client": 0.0,
      "server_aggregation_time": 0.0010275840759277344,
      "internal_aggregation_time": 0.0,
      "evaluation_time": 0.010823249816894531,
      "clients_processed": 20
    },
    {
      "round": 7,
      "accuracy": 0.9555,
      "f1_score": 0.9495750708215297,
      "precision": 0.9039913700107874,
      "recall": 1.0,
      "roc_auc": 0.9999496793858009,
      "pr_auc": 0.9999327296982823,
      "mae": 0.09061978015130162,
      "rmse": 0.1809613134664865,
      "ece": 0.08983815915289246,
      "mce": 0.7264193666909871,
      "round_time": 0.048370361328125,
      "client_training_time": 0.03669476509094238,
      "edge_processing_wall_time": 0.0010423660278320312,
      "total_pure_processing_time": 0.0,
      "avg_processing_per_client": 0.0,
      "server_aggregation_time": 0.0,
      "internal_aggregation_time": 0.0,
      "evaluation_time": 0.00960087776184082,
      "clients_processed": 20
    },
    {
      "round": 8,
      "accuracy": 0.95525,
      "f1_score": 0.9493061455678278,
      "precision": 0.9035040431266846,
      "recall": 1.0,
      "roc_auc": 0.9999347885918033,
      "pr_auc": 0.9999147789375427,
      "mae": 0.09058913247308548,
      "rmse": 0.18169750457243816,
      "ece": 0.08869948500454365,
      "mce": 0.7520448084309732,
      "round_time": 0.05062556266784668,
      "client_training_time": 0.03792881965637207,
      "edge_processing_wall_time": 0.0010669231414794922,
      "total_pure_processing_time": 0.0,
      "avg_processing_per_client": 0.0,
      "server_aggregation_time": 0.0,
      "internal_aggregation_time": 0.0,
      "evaluation_time": 0.010587692260742188,
      "clients_processed": 20
    },
    {
      "round": 9,
      "accuracy": 0.959,
      "f1_score": 0.9533295389869095,
      "precision": 0.911316648531012,
      "recall": 0.9994033412887828,
      "roc_auc": 0.9999181006330128,
      "pr_auc": 0.9998949451824428,
      "mae": 0.08943514200167514,
      "rmse": 0.17890808491491214,
      "ece": 0.088192267087306,
      "mce": 0.7386920866111882,
      "round_time": 0.04943084716796875,
      "client_training_time": 0.035447120666503906,
      "edge_processing_wall_time": 0.002138853073120117,
      "total_pure_processing_time": 0.0,
      "avg_processing_per_client": 0.0,
      "server_aggregation_time": 0.0,
      "internal_aggregation_time": 0.0,
      "evaluation_time": 0.011844873428344727,
      "clients_processed": 20
    },
    {
      "round": 10,
      "accuracy": 0.95425,
      "f1_score": 0.9482026606283611,
      "precision": 0.9019924609585352,
      "recall": 0.9994033412887828,
      "roc_auc": 0.9999111687116691,
      "pr_auc": 0.999886744314425,
      "mae": 0.09050628056357365,
      "rmse": 0.18114119138786552,
      "ece": 0.08925184494226357,
      "mce": 0.7344109543817721,
      "round_time": 0.0546259880065918,
      "client_training_time": 0.03843498229980469,
      "edge_processing_wall_time": 0.0020945072174072266,
      "total_pure_processing_time": 0.0,
      "avg_processing_per_client": 0.0,
      "server_aggregation_time": 0.0,
      "internal_aggregation_time": 0.0,
      "evaluation_time": 0.014096498489379883,
      "clients_processed": 20
    },
    {
      "round": 11,
      "accuracy": 0.9545,
      "f1_score": 0.9485002829654782,
      "precision": 0.9020452099031216,
      "recall": 1.0,
      "roc_auc": 0.999930424048735,
      "pr_auc": 0.9999085675672371,
      "mae": 0.09104022254407355,
      "rmse": 0.18138061784857124,
      "ece": 0.09022710930129234,
      "mce": 0.7294740070630917,
      "round_time": 0.05292010307312012,
      "client_training_time": 0.03765511512756348,
      "edge_processing_wall_time": 0.0021142959594726562,
      "total_pure_processing_time": 0.0,
      "avg_processing_per_client": 0.0,
      "server_aggregation_time": 0.001039266586303711,
      "internal_aggregation_time": 0.0,
      "evaluation_time": 0.012111425399780273,
      "clients_processed": 20
    },
    {
      "round": 12,
      "accuracy": 0.95925,
      "f1_score": 0.9536009109023627,
      "precision": 0.9118127381600436,
      "recall": 0.9994033412887828,
      "roc_auc": 0.9999178438951852,
      "pr_auc": 0.9998943283914004,
      "mae": 0.08951864789344749,
      "rmse": 0.17770550863454168,
      "ece": 0.08827459205014118,
      "mce": 0.7425085013449709,
      "round_time": 0.04824399948120117,
      "client_training_time": 0.03432202339172363,
      "edge_processing_wall_time": 0.002079010009765625,
      "total_pure_processing_time": 0.0,
      "avg_processing_per_client": 0.0,
      "server_aggregation_time": 0.0,
      "internal_aggregation_time": 0.0,
      "evaluation_time": 0.011842966079711914,
      "clients_processed": 20
    },
    {
      "round": 13,
      "accuracy": 0.95925,
      "f1_score": 0.9536273115220484,
      "precision": 0.9113648722131593,
      "recall": 1.0,
      "roc_auc": 0.9999196410599781,
      "pr_auc": 0.9998947266730503,
      "mae": 0.0885720945929263,
      "rmse": 0.177046855294843,
      "ece": 0.08732178480244607,
      "mce": 0.7338680769040324,
      "round_time": 0.04127025604248047,
      "client_training_time": 0.03153681755065918,
      "edge_processing_wall_time": 0.0021162033081054688,
      "total_pure_processing_time": 0.0,
      "avg_processing_per_client": 0.0,
      "server_aggregation_time": 0.0,
      "internal_aggregation_time": 0.0,
      "evaluation_time": 0.00761723518371582,
      "clients_processed": 20
    },
    {
      "round": 14,
      "accuracy": 0.9545,
      "f1_score": 0.948471121177803,
      "precision": 0.9024784482758621,
      "recall": 0.9994033412887828,
      "roc_auc": 0.9999114254494966,
      "pr_auc": 0.999888085546772,
      "mae": 0.09042503423782546,
      "rmse": 0.18114965923812187,
      "ece": 0.08920741321198039,
      "mce": 0.7371447964487003,
      "round_time": 0.05512118339538574,
      "client_training_time": 0.0409243106842041,
      "edge_processing_wall_time": 0.0010521411895751953,
      "total_pure_processing_time": 0.0,
      "avg_processing_per_client": 0.0,
      "server_aggregation_time": 0.0,
      "internal_aggregation_time": 0.0,
      "evaluation_time": 0.012045621871948242,
      "clients_processed": 20
    },
    {
      "round": 15,
      "accuracy": 0.95625,
      "f1_score": 0.950354609929078,
      "precision": 0.905895078420768,
      "recall": 0.9994033412887828,
      "roc_auc": 0.9999317077378727,
      "pr_auc": 0.9999118278207473,
      "mae": 0.09013412789353262,
      "rmse": 0.18027053971907173,
      "ece": 0.08933218305387437,
      "mce": 0.736161168049728,
      "round_time": 0.05017733573913574,
      "client_training_time": 0.03439521789550781,
      "edge_processing_wall_time": 0.0021042823791503906,
      "total_pure_processing_time": 0.0,
      "avg_processing_per_client": 0.0,
      "server_aggregation_time": 0.0,
      "internal_aggregation_time": 0.0,
      "evaluation_time": 0.013677835464477539,
      "clients_processed": 20
    },
    {
      "round": 16,
      "accuracy": 0.9575,
      "f1_score": 0.9517319704713231,
      "precision": 0.9079089924160346,
      "recall": 1.0,
      "roc_auc": 0.9999342751161482,
      "pr_auc": 0.9999133687996112,
      "mae": 0.0910691483507887,
      "rmse": 0.18068125238615507,
      "ece": 0.09024814835112004,
      "mce": 0.7326893283442772,
      "round_time": 0.05045175552368164,
      "client_training_time": 0.03634977340698242,
      "edge_processing_wall_time": 0.0013816356658935547,
      "total_pure_processing_time": 0.0,
      "avg_processing_per_client": 0.0,
      "server_aggregation_time": 0.0,
      "internal_aggregation_time": 0.0,
      "evaluation_time": 0.012720346450805664,
      "clients_processed": 20
    },
    {
      "round": 17,
      "accuracy": 0.953,
      "f1_score": 0.9468626342566422,
      "precision": 0.8995703544575725,
      "recall": 0.9994033412887828,
      "roc_auc": 0.9999088580712211,
      "pr_auc": 0.9998839662265593,
      "mae": 0.09250964221017988,
      "rmse": 0.1831821681600103,
      "ece": 0.09166157590510411,
      "mce": 0.7399783931825793,
      "round_time": 0.04825901985168457,
      "client_training_time": 0.03473258018493652,
      "edge_processing_wall_time": 0.0,
      "total_pure_processing_time": 0.0,
      "avg_processing_per_client": 0.0,
      "server_aggregation_time": 0.0010128021240234375,
      "internal_aggregation_time": 0.0,
      "evaluation_time": 0.011099815368652344,
      "clients_processed": 20
    },
    {
      "round": 18,
      "accuracy": 0.95825,
      "f1_score": 0.952516349161217,
      "precision": 0.9098316132536665,
      "recall": 0.9994033412887828,
      "roc_auc": 0.9999091148090486,
      "pr_auc": 0.9998823582036558,
      "mae": 0.09095211382595994,
      "rmse": 0.1802763339674222,
      "ece": 0.08928563178787463,
      "mce": 0.7330471924268261,
      "round_time": 0.04434490203857422,
      "client_training_time": 0.03348875045776367,
      "edge_processing_wall_time": 0.0009980201721191406,
      "total_pure_processing_time": 0.0,
      "avg_processing_per_client": 0.0,
      "server_aggregation_time": 0.0010695457458496094,
      "internal_aggregation_time": 0.0,
      "evaluation_time": 0.008788585662841797,
      "clients_processed": 20
    },
    {
      "round": 19,
      "accuracy": 0.96025,
      "f1_score": 0.9547137567644546,
      "precision": 0.9133514986376022,
      "recall": 1.0,
      "roc_auc": 0.9999519900262488,
      "pr_auc": 0.9999355620424627,
      "mae": 0.08933908571345495,
      "rmse": 0.17702335840298203,
      "ece": 0.0885360460401326,
      "mce": 0.7403282680149617,
      "round_time": 0.050551414489746094,
      "client_training_time": 0.038832664489746094,
      "edge_processing_wall_time": 0.0010089874267578125,
      "total_pure_processing_time": 0.0,
      "avg_processing_per_client": 0.0,
      "server_aggregation_time": 0.0,
      "internal_aggregation_time": 0.0,
      "evaluation_time": 0.009684562683105469,
      "clients_processed": 20
    },
    {
      "round": 20,
      "accuracy": 0.9595,
      "f1_score": 0.9538986909504837,
      "precision": 0.911860718171926,
      "recall": 1.0,
      "roc_auc": 0.9999560978314895,
      "pr_auc": 0.9999409115283548,
      "mae": 0.0908321302405686,
      "rmse": 0.17981962836830773,
      "ece": 0.08965114182635354,
      "mce": 0.7406938187822864,
      "round_time": 0.051216840744018555,
      "client_training_time": 0.03975343704223633,
      "edge_processing_wall_time": 0.0020799636840820312,
      "total_pure_processing_time": 0.0,
      "avg_processing_per_client": 0.0,
      "server_aggregation_time": 0.0,
      "internal_aggregation_time": 0.0,
      "evaluation_time": 0.009383440017700195,
      "clients_processed": 20
    },
    {
      "round": 21,
      "accuracy": 0.95425,
      "f1_score": 0.9482319660537483,
      "precision": 0.9015599784830554,
      "recall": 1.0,
      "roc_auc": 0.9999519900262489,
      "pr_auc": 0.9999358386387319,
      "mae": 0.09301741453328483,
      "rmse": 0.1832892238773127,
      "ece": 0.09225693360428752,
      "mce": 0.7286774897268689,
      "round_time": 0.04617595672607422,
      "client_training_time": 0.03398633003234863,
      "edge_processing_wall_time": 0.0016260147094726562,
      "total_pure_processing_time": 0.0,
      "avg_processing_per_client": 0.0,
      "server_aggregation_time": 0.0010173320770263672,
      "internal_aggregation_time": 0.0,
      "evaluation_time": 0.0084991455078125,
      "clients_processed": 20
    },
    {
      "round": 22,
      "accuracy": 0.96,
      "f1_score": 0.9544159544159544,
      "precision": 0.9133042529989095,
      "recall": 0.9994033412887828,
      "roc_auc": 0.9999255460300116,
      "pr_auc": 0.9999030580631173,
      "mae": 0.0909049452570343,
      "rmse": 0.17829709658168535,
      "ece": 0.0900484232806272,
      "mce": 0.7218852501579847,
      "round_time": 0.04607415199279785,
      "client_training_time": 0.032529592514038086,
      "edge_processing_wall_time": 0.0020294189453125,
      "total_pure_processing_time": 0.0,
      "avg_processing_per_client": 0.0,
      "server_aggregation_time": 0.0,
      "internal_aggregation_time": 0.0,
      "evaluation_time": 0.011515140533447266,
      "clients_processed": 20
    },
    {
      "round": 23,
      "accuracy": 0.954,
      "f1_score": 0.9479638009049773,
      "precision": 0.9010752688172043,
      "recall": 1.0,
      "roc_auc": 0.9999273431948045,
      "pr_auc": 0.999905972880886,
      "mae": 0.09181952162248543,
      "rmse": 0.18399905375482606,
      "ece": 0.09071460573059759,
      "mce": 0.7395722173946273,
      "round_time": 0.04899144172668457,
      "client_training_time": 0.03477954864501953,
      "edge_processing_wall_time": 0.0024280548095703125,
      "total_pure_processing_time": 0.0,
      "avg_processing_per_client": 0.0,
      "server_aggregation_time": 0.0010509490966796875,
      "internal_aggregation_time": 0.0,
      "evaluation_time": 0.010732889175415039,
      "clients_processed": 20
    },
    {
      "round": 24,
      "accuracy": 0.95575,
      "f1_score": 0.9498441484839898,
      "precision": 0.9044792228818133,
      "recall": 1.0,
      "roc_auc": 0.9999445446292501,
      "pr_auc": 0.9999263010492081,
      "mae": 0.08912512329910845,
      "rmse": 0.17930119212911025,
      "ece": 0.08832454513610986,
      "mce": 0.738283692530568,
      "round_time": 0.04972243309020996,
      "client_training_time": 0.03503608703613281,
      "edge_processing_wall_time": 0.002200603485107422,
      "total_pure_processing_time": 0.0,
      "avg_processing_per_client": 0.0,
      "server_aggregation_time": 0.0011739730834960938,
      "internal_aggregation_time": 0.0,
      "evaluation_time": 0.011311769485473633,
      "clients_processed": 20
    },
    {
      "round": 25,
      "accuracy": 0.955,
      "f1_score": 0.9490373725934315,
      "precision": 0.9030172413793104,
      "recall": 1.0,
      "roc_auc": 0.9999299105730799,
      "pr_auc": 0.9999089953680316,
      "mae": 0.09148865833397986,
      "rmse": 0.18197393608483733,
      "ece": 0.0902857505426899,
      "mce": 0.7432873708352699,
      "round_time": 0.05069160461425781,
      "client_training_time": 0.03711509704589844,
      "edge_processing_wall_time": 0.002246856689453125,
      "total_pure_processing_time": 0.0,
      "avg_processing_per_client": 0.0,
      "server_aggregation_time": 0.0010404586791992188,
      "internal_aggregation_time": 0.0,
      "evaluation_time": 0.010289192199707031,
      "clients_processed": 20
    },
    {
      "round": 26,
      "accuracy": 0.9515,
      "f1_score": 0.9452904681331077,
      "precision": 0.8962566844919786,
      "recall": 1.0,
      "roc_auc": 0.9999363290187685,
      "pr_auc": 0.9999173173210356,
      "mae": 0.0923280564715555,
      "rmse": 0.18342504846142846,
      "ece": 0.09154786631312765,
      "mce": 0.7349922916996272,
      "round_time": 0.05109429359436035,
      "client_training_time": 0.03662300109863281,
      "edge_processing_wall_time": 0.001020193099975586,
      "total_pure_processing_time": 0.0,
      "avg_processing_per_client": 0.0,
      "server_aggregation_time": 0.0010333061218261719,
      "internal_aggregation_time": 0.0,
      "evaluation_time": 0.011409521102905273,
      "clients_processed": 20
    },
    {
      "round": 27,
      "accuracy": 0.952,
      "f1_score": 0.945823927765237,
      "precision": 0.8972162740899358,
      "recall": 1.0,
      "roc_auc": 0.9999373559700787,
      "pr_auc": 0.9999184086812016,
      "mae": 0.0922936460935792,
      "rmse": 0.18474451746424714,
      "ece": 0.09131706330647599,
      "mce": 0.7442934167064233,
      "round_time": 0.049069881439208984,
      "client_training_time": 0.03680992126464844,
      "edge_processing_wall_time": 0.001020669937133789,
      "total_pure_processing_time": 0.0,
      "avg_processing_per_client": 0.0,
      "server_aggregation_time": 0.0010218620300292969,
      "internal_aggregation_time": 0.0,
      "evaluation_time": 0.010217428207397461,
      "clients_processed": 20
    },
    {
      "round": 28,
      "accuracy": 0.95575,
      "f1_score": 0.9498157074000567,
      "precision": 0.9049162614802809,
      "recall": 0.9994033412887828,
      "roc_auc": 0.9998934538015684,
      "pr_auc": 0.9998630703156355,
      "mae": 0.09035417745484098,
      "rmse": 0.18070289284430316,
      "ece": 0.08905895999525594,
      "mce": 0.7466680354018375,
      "round_time": 0.04716849327087402,
      "client_training_time": 0.03413128852844238,
      "edge_processing_wall_time": 0.0013730525970458984,
      "total_pure_processing_time": 0.0,
      "avg_processing_per_client": 0.0,
      "server_aggregation_time": 0.00110626220703125,
      "internal_aggregation_time": 0.0,
      "evaluation_time": 0.010557889938354492,
      "clients_processed": 20
    },
    {
      "round": 29,
      "accuracy": 0.95775,
      "f1_score": 0.951974992895709,
      "precision": 0.9088442756375474,
      "recall": 0.9994033412887828,
      "roc_auc": 0.9999165602060475,
      "pr_auc": 0.9998928315275747,
      "mae": 0.08949226833420641,
      "rmse": 0.17894157111091233,
      "ece": 0.08865391438280018,
      "mce": 0.7336091146073798,
      "round_time": 0.04692435264587402,
      "client_training_time": 0.03370857238769531,
      "edge_processing_wall_time": 0.0010116100311279297,
      "total_pure_processing_time": 0.0,
      "avg_processing_per_client": 0.0,
      "server_aggregation_time": 0.0010018348693847656,
      "internal_aggregation_time": 0.0,
      "evaluation_time": 0.011202335357666016,
      "clients_processed": 20
    },
    {
      "round": 30,
      "accuracy": 0.9525,
      "f1_score": 0.9463579898362507,
      "precision": 0.8981779206859593,
      "recall": 1.0,
      "roc_auc": 0.9999424907266297,
      "pr_auc": 0.9999248327015033,
      "mae": 0.09064326776888802,
      "rmse": 0.1821354682190995,
      "ece": 0.08986807608434151,
      "mce": 0.7393336500987553,
      "round_time": 0.04775500297546387,
      "client_training_time": 0.034685611724853516,
      "edge_processing_wall_time": 0.0011570453643798828,
      "total_pure_processing_time": 0.0,
      "avg_processing_per_client": 0.0,
      "server_aggregation_time": 0.0010902881622314453,
      "internal_aggregation_time": 0.0,
      "evaluation_time": 0.010822057723999023,
      "clients_processed": 20
    }
  ],
  "final_statistics": {
    "final_accuracy": 0.9525,
    "best_accuracy": 0.96025,
    "total_time": 1.496711015701294,
    "avg_round_time": 0.049617433547973634,
    "avg_client_training_time": 0.035880231857299806,
    "avg_edge_processing_wall_time": 0.0016886393229166667,
    "avg_pure_processing_time": 0.0,
    "avg_processing_per_client": 0.0,
    "avg_server_aggregation_time": 0.0005261023839314778,
    "avg_internal_aggregation_time": 0.0,
    "avg_evaluation_time": 0.01116029421488444
  },
  "timing_statistics": {
    "total_client_training_time": 1.0764069557189941,
    "total_edge_processing_wall_time": 0.0506591796875,
    "total_pure_processing_time": 0.0,
    "total_server_aggregation_time": 0.015783071517944336,
    "total_internal_aggregation_time": 0.0,
    "total_evaluation_time": 0.3348088264465332,
    "total_time": 1.496711015701294,
    "avg_round_time": 0.049617433547973634,
    "avg_client_training_time": 0.035880231857299806,
    "avg_edge_processing_wall_time": 0.0016886393229166667,
    "avg_pure_processing_time": 0.0,
    "avg_processing_per_client": 0.0,
    "avg_server_aggregation_time": 0.0005261023839314778,
    "avg_internal_aggregation_time": 0.0,
    "avg_evaluation_time": 0.01116029421488444
  },
  "architecture": {
    "clients": 20,
    "edge_devices": 20,
    "cloud_servers": 1,
    "data_flow": "Client \u2192 Edge \u2192 Cloud \u2192 Edge \u2192 Client"
  }
}