{
  "pipeline_type": "plaintext_edge_device_fl",
  "configuration": {
    "rounds": 50,
    "clients": 20,
    "patience": 999
  },
  "results": [
    {
      "round": 1,
      "accuracy": 0.96025,
      "f1_score": 0.9547137567644546,
      "precision": 0.9133514986376022,
      "recall": 1.0,
      "roc_auc": 0.9999232353895637,
      "pr_auc": 0.9999000939613651,
      "mae": 0.08998546377631368,
      "rmse": 0.1782165536967563,
      "ece": 0.08915862286114207,
      "mce": 0.7228231346644776,
      "round_time": 0.04919075965881348,
      "client_training_time": 0.03672528266906738,
      "edge_processing_wall_time": 0.0020313262939453125,
      "total_pure_processing_time": 0.0,
      "avg_processing_per_client": 0.0,
      "server_aggregation_time": 0.0,
      "internal_aggregation_time": 0.0,
      "evaluation_time": 0.009409666061401367,
      "clients_processed": 20
    },
    {
      "round": 2,
      "accuracy": 0.96025,
      "f1_score": 0.9547137567644546,
      "precision": 0.9133514986376022,
      "recall": 1.0,
      "roc_auc": 0.9999381261835614,
      "pr_auc": 0.9999183781754325,
      "mae": 0.08811058085707736,
      "rmse": 0.17669510080356698,
      "ece": 0.0868905777083921,
      "mce": 0.7371104942130361,
      "round_time": 0.04767799377441406,
      "client_training_time": 0.03493905067443848,
      "edge_processing_wall_time": 0.0033605098724365234,
      "total_pure_processing_time": 0.0,
      "avg_processing_per_client": 0.0,
      "server_aggregation_time": 0.0010383129119873047,
      "internal_aggregation_time": 0.0,
      "evaluation_time": 0.008340120315551758,
      "clients_processed": 20
    },
    {
      "round": 3,
      "accuracy": 0.9555,
      "f1_score": 0.949546485260771,
      "precision": 0.9044276457883369,
      "recall": 0.9994033412887828,
      "roc_auc": 0.9999193843221506,
      "pr_auc": 0.9998962157965915,
      "mae": 0.09197367168208469,
      "rmse": 0.18166240441587045,
      "ece": 0.09074650569839562,
      "mce": 0.7360571441101428,
      "round_time": 0.049736976623535156,
      "client_training_time": 0.03781914710998535,
      "edge_processing_wall_time": 0.0022687911987304688,
      "total_pure_processing_time": 0.0,
      "avg_processing_per_client": 0.0,
      "server_aggregation_time": 0.0010480880737304688,
      "internal_aggregation_time": 0.0,
      "evaluation_time": 0.008600950241088867,
      "clients_processed": 20
    },
    {
      "round": 4,
      "accuracy": 0.9595,
      "f1_score": 0.9538986909504837,
      "precision": 0.911860718171926,
      "recall": 1.0,
      "roc_auc": 0.9999127091386343,
      "pr_auc": 0.9998863199137966,
      "mae": 0.08953030486166227,
      "rmse": 0.1772375291565781,
      "ece": 0.08867425162743989,
      "mce": 0.7377243018326601,
      "round_time": 0.04534649848937988,
      "client_training_time": 0.032334089279174805,
      "edge_processing_wall_time": 0.002470731735229492,
      "total_pure_processing_time": 0.0,
      "avg_processing_per_client": 0.0,
      "server_aggregation_time": 0.0,
      "internal_aggregation_time": 0.0,
      "evaluation_time": 0.010541677474975586,
      "clients_processed": 20
    },
    {
      "round": 5,
      "accuracy": 0.956,
      "f1_score": 0.9501133786848073,
      "precision": 0.9049676025917927,
      "recall": 1.0,
      "roc_auc": 0.9999481389588356,
      "pr_auc": 0.9999305083461167,
      "mae": 0.09019029363406239,
      "rmse": 0.18055501751955064,
      "ece": 0.08899190140291445,
      "mce": 0.739512246137727,
      "round_time": 0.04680156707763672,
      "client_training_time": 0.034440040588378906,
      "edge_processing_wall_time": 0.0013592243194580078,
      "total_pure_processing_time": 0.0,
      "avg_processing_per_client": 0.0,
      "server_aggregation_time": 0.0,
      "internal_aggregation_time": 0.0,
      "evaluation_time": 0.011002302169799805,
      "clients_processed": 20
    },
    {
      "round": 6,
      "accuracy": 0.9565,
      "f1_score": 0.9506522972206466,
      "precision": 0.9059459459459459,
      "recall": 1.0,
      "roc_auc": 0.9999630297528334,
      "pr_auc": 0.9999500628480101,
      "mae": 0.09032256997324938,
      "rmse": 0.17985567317198975,
      "ece": 0.08953853341569458,
      "mce": 0.740050664212312,
      "round_time": 0.05486321449279785,
      "client_training_time": 0.03927254676818848,
      "edge_processing_wall_time": 0.0020563602447509766,
      "total_pure_processing_time": 0.0,
      "avg_processing_per_client": 0.0,
      "server_aggregation_time": 0.0,
      "internal_aggregation_time": 0.0,
      "evaluation_time": 0.012416362762451172,
      "clients_processed": 20
    },
    {
      "round": 7,
      "accuracy": 0.9555,
      "f1_score": 0.9495750708215297,
      "precision": 0.9039913700107874,
      "recall": 1.0,
      "roc_auc": 0.9999496793858009,
      "pr_auc": 0.9999327296982823,
      "mae": 0.09061978015130162,
      "rmse": 0.1809613134664865,
      "ece": 0.08983815915289246,
      "mce": 0.7264193666909871,
      "round_time": 0.03970742225646973,
      "client_training_time": 0.026368379592895508,
      "edge_processing_wall_time": 0.0020132064819335938,
      "total_pure_processing_time": 0.0,
      "avg_processing_per_client": 0.0,
      "server_aggregation_time": 0.0,
      "internal_aggregation_time": 0.0,
      "evaluation_time": 0.010126113891601562,
      "clients_processed": 20
    },
    {
      "round": 8,
      "accuracy": 0.95525,
      "f1_score": 0.9493061455678278,
      "precision": 0.9035040431266846,
      "recall": 1.0,
      "roc_auc": 0.9999347885918033,
      "pr_auc": 0.9999147789375427,
      "mae": 0.09058913247308548,
      "rmse": 0.18169750457243816,
      "ece": 0.08869948500454365,
      "mce": 0.7520448084309732,
      "round_time": 0.054923295974731445,
      "client_training_time": 0.04103565216064453,
      "edge_processing_wall_time": 0.0010383129119873047,
      "total_pure_processing_time": 0.0,
      "avg_processing_per_client": 0.0,
      "server_aggregation_time": 0.0,
      "internal_aggregation_time": 0.0,
      "evaluation_time": 0.01284933090209961,
      "clients_processed": 20
    },
    {
      "round": 9,
      "accuracy": 0.959,
      "f1_score": 0.9533295389869095,
      "precision": 0.911316648531012,
      "recall": 0.9994033412887828,
      "roc_auc": 0.9999181006330128,
      "pr_auc": 0.9998949451824428,
      "mae": 0.08943514200167514,
      "rmse": 0.17890808491491214,
      "ece": 0.088192267087306,
      "mce": 0.7386920866111882,
      "round_time": 0.05043840408325195,
      "client_training_time": 0.03551650047302246,
      "edge_processing_wall_time": 0.0017917156219482422,
      "total_pure_processing_time": 0.0,
      "avg_processing_per_client": 0.0,
      "server_aggregation_time": 0.0,
      "internal_aggregation_time": 0.0,
      "evaluation_time": 0.01313018798828125,
      "clients_processed": 20
    },
    {
      "round": 10,
      "accuracy": 0.95425,
      "f1_score": 0.9482026606283611,
      "precision": 0.9019924609585352,
      "recall": 0.9994033412887828,
      "roc_auc": 0.9999111687116691,
      "pr_auc": 0.999886744314425,
      "mae": 0.09050628056357365,
      "rmse": 0.18114119138786552,
      "ece": 0.08925184494226357,
      "mce": 0.7344109543817721,
      "round_time": 0.045571088790893555,
      "client_training_time": 0.03466510772705078,
      "edge_processing_wall_time": 0.0010132789611816406,
      "total_pure_processing_time": 0.0,
      "avg_processing_per_client": 0.0,
      "server_aggregation_time": 0.0,
      "internal_aggregation_time": 0.0,
      "evaluation_time": 0.009892702102661133,
      "clients_processed": 20
    },
    {
      "round": 11,
      "accuracy": 0.9545,
      "f1_score": 0.9485002829654782,
      "precision": 0.9020452099031216,
      "recall": 1.0,
      "roc_auc": 0.999930424048735,
      "pr_auc": 0.9999085675672371,
      "mae": 0.09104022254407355,
      "rmse": 0.18138061784857124,
      "ece": 0.09022710930129234,
      "mce": 0.7294740070630917,
      "round_time": 0.04886484146118164,
      "client_training_time": 0.03912615776062012,
      "edge_processing_wall_time": 0.0010030269622802734,
      "total_pure_processing_time": 0.0,
      "avg_processing_per_client": 0.0,
      "server_aggregation_time": 0.0,
      "internal_aggregation_time": 0.0,
      "evaluation_time": 0.00873565673828125,
      "clients_processed": 20
    },
    {
      "round": 12,
      "accuracy": 0.95925,
      "f1_score": 0.9536009109023627,
      "precision": 0.9118127381600436,
      "recall": 0.9994033412887828,
      "roc_auc": 0.9999178438951852,
      "pr_auc": 0.9998943283914004,
      "mae": 0.08951864789344749,
      "rmse": 0.17770550863454168,
      "ece": 0.08827459205014118,
      "mce": 0.7425085013449709,
      "round_time": 0.04823613166809082,
      "client_training_time": 0.03906607627868652,
      "edge_processing_wall_time": 0.0010285377502441406,
      "total_pure_processing_time": 0.0,
      "avg_processing_per_client": 0.0,
      "server_aggregation_time": 0.0,
      "internal_aggregation_time": 0.0,
      "evaluation_time": 0.008141517639160156,
      "clients_processed": 20
    },
    {
      "round": 13,
      "accuracy": 0.95925,
      "f1_score": 0.9536273115220484,
      "precision": 0.9113648722131593,
      "recall": 1.0,
      "roc_auc": 0.9999196410599781,
      "pr_auc": 0.9998947266730503,
      "mae": 0.0885720945929263,
      "rmse": 0.177046855294843,
      "ece": 0.08732178480244607,
      "mce": 0.7338680769040324,
      "round_time": 0.04830288887023926,
      "client_training_time": 0.03621363639831543,
      "edge_processing_wall_time": 0.0032699108123779297,
      "total_pure_processing_time": 0.0,
      "avg_processing_per_client": 0.0,
      "server_aggregation_time": 0.0,
      "internal_aggregation_time": 0.0,
      "evaluation_time": 0.008285999298095703,
      "clients_processed": 20
    },
    {
      "round": 14,
      "accuracy": 0.9545,
      "f1_score": 0.948471121177803,
      "precision": 0.9024784482758621,
      "recall": 0.9994033412887828,
      "roc_auc": 0.9999114254494966,
      "pr_auc": 0.999888085546772,
      "mae": 0.09042503423782546,
      "rmse": 0.18114965923812187,
      "ece": 0.08920741321198039,
      "mce": 0.7371447964487003,
      "round_time": 0.053507089614868164,
      "client_training_time": 0.035416603088378906,
      "edge_processing_wall_time": 0.002347707748413086,
      "total_pure_processing_time": 0.0,
      "avg_processing_per_client": 0.0,
      "server_aggregation_time": 0.0010104179382324219,
      "internal_aggregation_time": 0.0,
      "evaluation_time": 0.01473236083984375,
      "clients_processed": 20
    },
    {
      "round": 15,
      "accuracy": 0.95625,
      "f1_score": 0.950354609929078,
      "precision": 0.905895078420768,
      "recall": 0.9994033412887828,
      "roc_auc": 0.9999317077378727,
      "pr_auc": 0.9999118278207473,
      "mae": 0.09013412789353262,
      "rmse": 0.18027053971907173,
      "ece": 0.08933218305387437,
      "mce": 0.736161168049728,
      "round_time": 0.04890847206115723,
      "client_training_time": 0.03852224349975586,
      "edge_processing_wall_time": 0.0020623207092285156,
      "total_pure_processing_time": 0.0,
      "avg_processing_per_client": 0.0,
      "server_aggregation_time": 0.0,
      "internal_aggregation_time": 0.0,
      "evaluation_time": 0.008323907852172852,
      "clients_processed": 20
    },
    {
      "round": 16,
      "accuracy": 0.9575,
      "f1_score": 0.9517319704713231,
      "precision": 0.9079089924160346,
      "recall": 1.0,
      "roc_auc": 0.9999342751161482,
      "pr_auc": 0.9999133687996112,
      "mae": 0.0910691483507887,
      "rmse": 0.18068125238615507,
      "ece": 0.09024814835112004,
      "mce": 0.7326893283442772,
      "round_time": 0.05211830139160156,
      "client_training_time": 0.03453207015991211,
      "edge_processing_wall_time": 0.0020465850830078125,
      "total_pure_processing_time": 0.0,
      "avg_processing_per_client": 0.0,
      "server_aggregation_time": 0.0011081695556640625,
      "internal_aggregation_time": 0.0,
      "evaluation_time": 0.014431476593017578,
      "clients_processed": 20
    },
    {
      "round": 17,
      "accuracy": 0.953,
      "f1_score": 0.9468626342566422,
      "precision": 0.8995703544575725,
      "recall": 0.9994033412887828,
      "roc_auc": 0.9999088580712211,
      "pr_auc": 0.9998839662265593,
      "mae": 0.09250964221017988,
      "rmse": 0.1831821681600103,
      "ece": 0.09166157590510411,
      "mce": 0.7399783931825793,
      "round_time": 0.05428123474121094,
      "client_training_time": 0.04106855392456055,
      "edge_processing_wall_time": 0.0011644363403320312,
      "total_pure_processing_time": 0.0,
      "avg_processing_per_client": 0.0,
      "server_aggregation_time": 0.0012173652648925781,
      "internal_aggregation_time": 0.0,
      "evaluation_time": 0.010830879211425781,
      "clients_processed": 20
    },
    {
      "round": 18,
      "accuracy": 0.95825,
      "f1_score": 0.952516349161217,
      "precision": 0.9098316132536665,
      "recall": 0.9994033412887828,
      "roc_auc": 0.9999091148090486,
      "pr_auc": 0.9998823582036558,
      "mae": 0.09095211382595994,
      "rmse": 0.1802763339674222,
      "ece": 0.08928563178787463,
      "mce": 0.7330471924268261,
      "round_time": 0.04549264907836914,
      "client_training_time": 0.033605337142944336,
      "edge_processing_wall_time": 0.0010118484497070312,
      "total_pure_processing_time": 0.0,
      "avg_processing_per_client": 0.0,
      "server_aggregation_time": 0.0,
      "internal_aggregation_time": 0.0,
      "evaluation_time": 0.009836196899414062,
      "clients_processed": 20
    },
    {
      "round": 19,
      "accuracy": 0.96025,
      "f1_score": 0.9547137567644546,
      "precision": 0.9133514986376022,
      "recall": 1.0,
      "roc_auc": 0.9999519900262488,
      "pr_auc": 0.9999355620424627,
      "mae": 0.08933908571345495,
      "rmse": 0.17702335840298203,
      "ece": 0.0885360460401326,
      "mce": 0.7403282680149617,
      "round_time": 0.04582691192626953,
      "client_training_time": 0.03521132469177246,
      "edge_processing_wall_time": 0.002033233642578125,
      "total_pure_processing_time": 0.0,
      "avg_processing_per_client": 0.0,
      "server_aggregation_time": 0.0,
      "internal_aggregation_time": 0.0,
      "evaluation_time": 0.008582353591918945,
      "clients_processed": 20
    },
    {
      "round": 20,
      "accuracy": 0.9595,
      "f1_score": 0.9538986909504837,
      "precision": 0.911860718171926,
      "recall": 1.0,
      "roc_auc": 0.9999560978314895,
      "pr_auc": 0.9999409115283548,
      "mae": 0.0908321302405686,
      "rmse": 0.17981962836830773,
      "ece": 0.08965114182635354,
      "mce": 0.7406938187822864,
      "round_time": 0.045743703842163086,
      "client_training_time": 0.03202962875366211,
      "edge_processing_wall_time": 0.0010085105895996094,
      "total_pure_processing_time": 0.0,
      "avg_processing_per_client": 0.0,
      "server_aggregation_time": 0.0011506080627441406,
      "internal_aggregation_time": 0.0,
      "evaluation_time": 0.010542869567871094,
      "clients_processed": 20
    },
    {
      "round": 21,
      "accuracy": 0.95425,
      "f1_score": 0.9482319660537483,
      "precision": 0.9015599784830554,
      "recall": 1.0,
      "roc_auc": 0.9999519900262489,
      "pr_auc": 0.9999358386387319,
      "mae": 0.09301741453328483,
      "rmse": 0.1832892238773127,
      "ece": 0.09225693360428752,
      "mce": 0.7286774897268689,
      "round_time": 0.0485532283782959,
      "client_training_time": 0.0360722541809082,
      "edge_processing_wall_time": 0.002246856689453125,
      "total_pure_processing_time": 0.0,
      "avg_processing_per_client": 0.0,
      "server_aggregation_time": 0.0,
      "internal_aggregation_time": 0.0,
      "evaluation_time": 0.01023411750793457,
      "clients_processed": 20
    },
    {
      "round": 22,
      "accuracy": 0.96,
      "f1_score": 0.9544159544159544,
      "precision": 0.9133042529989095,
      "recall": 0.9994033412887828,
      "roc_auc": 0.9999255460300116,
      "pr_auc": 0.9999030580631173,
      "mae": 0.0909049452570343,
      "rmse": 0.17829709658168535,
      "ece": 0.0900484232806272,
      "mce": 0.7218852501579847,
      "round_time": 0.04733681678771973,
      "client_training_time": 0.034003257751464844,
      "edge_processing_wall_time": 0.0010254383087158203,
      "total_pure_processing_time": 0.0,
      "avg_processing_per_client": 0.0,
      "server_aggregation_time": 0.0,
      "internal_aggregation_time": 0.0,
      "evaluation_time": 0.011305570602416992,
      "clients_processed": 20
    },
    {
      "round": 23,
      "accuracy": 0.954,
      "f1_score": 0.9479638009049773,
      "precision": 0.9010752688172043,
      "recall": 1.0,
      "roc_auc": 0.9999273431948045,
      "pr_auc": 0.999905972880886,
      "mae": 0.09181952162248543,
      "rmse": 0.18399905375482606,
      "ece": 0.09071460573059759,
      "mce": 0.7395722173946273,
      "round_time": 0.048804283142089844,
      "client_training_time": 0.035222530364990234,
      "edge_processing_wall_time": 0.0010249614715576172,
      "total_pure_processing_time": 0.0,
      "avg_processing_per_client": 0.0,
      "server_aggregation_time": 0.0,
      "internal_aggregation_time": 0.0,
      "evaluation_time": 0.012556791305541992,
      "clients_processed": 20
    },
    {
      "round": 24,
      "accuracy": 0.95575,
      "f1_score": 0.9498441484839898,
      "precision": 0.9044792228818133,
      "recall": 1.0,
      "roc_auc": 0.9999445446292501,
      "pr_auc": 0.9999263010492081,
      "mae": 0.08912512329910845,
      "rmse": 0.17930119212911025,
      "ece": 0.08832454513610986,
      "mce": 0.738283692530568,
      "round_time": 0.046042680740356445,
      "client_training_time": 0.03450775146484375,
      "edge_processing_wall_time": 0.0012023448944091797,
      "total_pure_processing_time": 0.0,
      "avg_processing_per_client": 0.0,
      "server_aggregation_time": 0.0,
      "internal_aggregation_time": 0.0,
      "evaluation_time": 0.009302377700805664,
      "clients_processed": 20
    },
    {
      "round": 25,
      "accuracy": 0.955,
      "f1_score": 0.9490373725934315,
      "precision": 0.9030172413793104,
      "recall": 1.0,
      "roc_auc": 0.9999299105730799,
      "pr_auc": 0.9999089953680316,
      "mae": 0.09148865833397986,
      "rmse": 0.18197393608483733,
      "ece": 0.0902857505426899,
      "mce": 0.7432873708352699,
      "round_time": 0.049072980880737305,
      "client_training_time": 0.03457021713256836,
      "edge_processing_wall_time": 0.0020766258239746094,
      "total_pure_processing_time": 0.0,
      "avg_processing_per_client": 0.0,
      "server_aggregation_time": 0.0,
      "internal_aggregation_time": 0.0,
      "evaluation_time": 0.012426137924194336,
      "clients_processed": 20
    },
    {
      "round": 26,
      "accuracy": 0.9515,
      "f1_score": 0.9452904681331077,
      "precision": 0.8962566844919786,
      "recall": 1.0,
      "roc_auc": 0.9999363290187685,
      "pr_auc": 0.9999173173210356,
      "mae": 0.0923280564715555,
      "rmse": 0.18342504846142846,
      "ece": 0.09154786631312765,
      "mce": 0.7349922916996272,
      "round_time": 0.05079984664916992,
      "client_training_time": 0.03748130798339844,
      "edge_processing_wall_time": 0.0010232925415039062,
      "total_pure_processing_time": 0.0,
      "avg_processing_per_client": 0.0,
      "server_aggregation_time": 0.0,
      "internal_aggregation_time": 0.0,
      "evaluation_time": 0.011193513870239258,
      "clients_processed": 20
    },
    {
      "round": 27,
      "accuracy": 0.952,
      "f1_score": 0.945823927765237,
      "precision": 0.8972162740899358,
      "recall": 1.0,
      "roc_auc": 0.9999373559700787,
      "pr_auc": 0.9999184086812016,
      "mae": 0.0922936460935792,
      "rmse": 0.18474451746424714,
      "ece": 0.09131706330647599,
      "mce": 0.7442934167064233,
      "round_time": 0.04861283302307129,
      "client_training_time": 0.034110307693481445,
      "edge_processing_wall_time": 0.0022056102752685547,
      "total_pure_processing_time": 0.0,
      "avg_processing_per_client": 0.0,
      "server_aggregation_time": 0.0,
      "internal_aggregation_time": 0.0,
      "evaluation_time": 0.012296915054321289,
      "clients_processed": 20
    },
    {
      "round": 28,
      "accuracy": 0.95575,
      "f1_score": 0.9498157074000567,
      "precision": 0.9049162614802809,
      "recall": 0.9994033412887828,
      "roc_auc": 0.9998934538015684,
      "pr_auc": 0.9998630703156355,
      "mae": 0.09035417745484098,
      "rmse": 0.18070289284430316,
      "ece": 0.08905895999525594,
      "mce": 0.7466680354018375,
      "round_time": 0.04583287239074707,
      "client_training_time": 0.0340418815612793,
      "edge_processing_wall_time": 0.0021088123321533203,
      "total_pure_processing_time": 0.0,
      "avg_processing_per_client": 0.0,
      "server_aggregation_time": 0.0,
      "internal_aggregation_time": 0.0,
      "evaluation_time": 0.008668184280395508,
      "clients_processed": 20
    },
    {
      "round": 29,
      "accuracy": 0.95775,
      "f1_score": 0.951974992895709,
      "precision": 0.9088442756375474,
      "recall": 0.9994033412887828,
      "roc_auc": 0.9999165602060475,
      "pr_auc": 0.9998928315275747,
      "mae": 0.08949226833420641,
      "rmse": 0.17894157111091233,
      "ece": 0.08865391438280018,
      "mce": 0.7336091146073798,
      "round_time": 0.053557395935058594,
      "client_training_time": 0.03972959518432617,
      "edge_processing_wall_time": 0.0010292530059814453,
      "total_pure_processing_time": 0.0,
      "avg_processing_per_client": 0.0,
      "server_aggregation_time": 0.0010027885437011719,
      "internal_aggregation_time": 0.0,
      "evaluation_time": 0.010763883590698242,
      "clients_processed": 20
    },
    {
      "round": 30,
      "accuracy": 0.9525,
      "f1_score": 0.9463579898362507,
      "precision": 0.8981779206859593,
      "recall": 1.0,
      "roc_auc": 0.9999424907266297,
      "pr_auc": 0.9999248327015033,
      "mae": 0.09064326776888802,
      "rmse": 0.1821354682190995,
      "ece": 0.08986807608434151,
      "mce": 0.7393336500987553,
      "round_time": 0.04575085639953613,
      "client_training_time": 0.03407573699951172,
      "edge_processing_wall_time": 0.0031900405883789062,
      "total_pure_processing_time": 0.0,
      "avg_processing_per_client": 0.0,
      "server_aggregation_time": 0.0,
      "internal_aggregation_time": 0.0,
      "evaluation_time": 0.008485078811645508,
      "clients_processed": 20
    },
    {
      "round": 31,
      "accuracy": 0.958,
      "f1_score": 0.9522455940875497,
      "precision": 0.9093376764386536,
      "recall": 0.9994033412887828,
      "roc_auc": 0.9999214382247709,
      "pr_auc": 0.999899630896921,
      "mae": 0.09103297982173106,
      "rmse": 0.1798817519804842,
      "ece": 0.09019839391664167,
      "mce": 0.7302942774183414,
      "round_time": 0.0472409725189209,
      "client_training_time": 0.032614946365356445,
      "edge_processing_wall_time": 0.0021626949310302734,
      "total_pure_processing_time": 0.0,
      "avg_processing_per_client": 0.0,
      "server_aggregation_time": 0.0,
      "internal_aggregation_time": 0.0,
      "evaluation_time": 0.010409832000732422,
      "clients_processed": 20
    },
    {
      "round": 32,
      "accuracy": 0.957,
      "f1_score": 0.9511918274687855,
      "precision": 0.9069264069264069,
      "recall": 1.0,
      "roc_auc": 0.9999409502996643,
      "pr_auc": 0.9999219724273406,
      "mae": 0.09043873985207534,
      "rmse": 0.17968937913424243,
      "ece": 0.08963345491479241,
      "mce": 0.73808290396846,
      "round_time": 0.0473780632019043,
      "client_training_time": 0.03442096710205078,
      "edge_processing_wall_time": 0.0024156570434570312,
      "total_pure_processing_time": 0.0,
      "avg_processing_per_client": 0.0,
      "server_aggregation_time": 0.0,
      "internal_aggregation_time": 0.0,
      "evaluation_time": 0.010541439056396484,
      "clients_processed": 20
    },
    {
      "round": 33,
      "accuracy": 0.9595,
      "f1_score": 0.9538986909504837,
      "precision": 0.911860718171926,
      "recall": 1.0,
      "roc_auc": 0.9999306807865626,
      "pr_auc": 0.9999091063783621,
      "mae": 0.08971388883884104,
      "rmse": 0.1778634621423391,
      "ece": 0.08888263613637067,
      "mce": 0.7336885365045539,
      "round_time": 0.04781365394592285,
      "client_training_time": 0.03386425971984863,
      "edge_processing_wall_time": 0.0010190010070800781,
      "total_pure_processing_time": 0.0,
      "avg_processing_per_client": 0.0,
      "server_aggregation_time": 0.0010018348693847656,
      "internal_aggregation_time": 0.0,
      "evaluation_time": 0.011928558349609375,
      "clients_processed": 20
    },
    {
      "round": 34,
      "accuracy": 0.96,
      "f1_score": 0.9544419134396356,
      "precision": 0.9128540305010894,
      "recall": 1.0,
      "roc_auc": 0.9999453148427326,
      "pr_auc": 0.9999273459430552,
      "mae": 0.08972006387891937,
      "rmse": 0.17835622940174642,
      "ece": 0.08893206484648714,
      "mce": 0.7363074871460333,
      "round_time": 0.04616880416870117,
      "client_training_time": 0.033614158630371094,
      "edge_processing_wall_time": 0.0010600090026855469,
      "total_pure_processing_time": 0.0,
      "avg_processing_per_client": 0.0,
      "server_aggregation_time": 0.0,
      "internal_aggregation_time": 0.0,
      "evaluation_time": 0.010365486145019531,
      "clients_processed": 20
    },
    {
      "round": 35,
      "accuracy": 0.95525,
      "f1_score": 0.9492774156984981,
      "precision": 0.9039395574743659,
      "recall": 0.9994033412887828,
      "roc_auc": 0.999919641059978,
      "pr_auc": 0.9998966545202009,
      "mae": 0.09164897301521728,
      "rmse": 0.18223262729505038,
      "ece": 0.0904221459810556,
      "mce": 0.7312505255319381,
      "round_time": 0.0475771427154541,
      "client_training_time": 0.03480863571166992,
      "edge_processing_wall_time": 0.0013759136199951172,
      "total_pure_processing_time": 0.0,
      "avg_processing_per_client": 0.0,
      "server_aggregation_time": 0.0,
      "internal_aggregation_time": 0.0,
      "evaluation_time": 0.010339498519897461,
      "clients_processed": 20
    },
    {
      "round": 36,
      "accuracy": 0.9575,
      "f1_score": 0.9517319704713231,
      "precision": 0.9079089924160346,
      "recall": 1.0,
      "roc_auc": 0.9999465985318704,
      "pr_auc": 0.999928970857507,
      "mae": 0.09069162909579259,
      "rmse": 0.17978678204568255,
      "ece": 0.089101952170272,
      "mce": 0.7413962937837855,
      "round_time": 0.04716968536376953,
      "client_training_time": 0.0365445613861084,
      "edge_processing_wall_time": 0.0010356903076171875,
      "total_pure_processing_time": 0.0,
      "avg_processing_per_client": 0.0,
      "server_aggregation_time": 0.0,
      "internal_aggregation_time": 0.0,
      "evaluation_time": 0.009589433670043945,
      "clients_processed": 20
    },
    {
      "round": 37,
      "accuracy": 0.95675,
      "f1_score": 0.9508941243258586,
      "precision": 0.9068760151597185,
      "recall": 0.9994033412887828,
      "roc_auc": 0.9999170736817026,
      "pr_auc": 0.9998936560408805,
      "mae": 0.09036824791623353,
      "rmse": 0.1804661344282086,
      "ece": 0.08953635514923622,
      "mce": 0.7351882479649471,
      "round_time": 0.05510759353637695,
      "client_training_time": 0.04127955436706543,
      "edge_processing_wall_time": 0.001018524169921875,
      "total_pure_processing_time": 0.0,
      "avg_processing_per_client": 0.0,
      "server_aggregation_time": 0.0,
      "internal_aggregation_time": 0.0,
      "evaluation_time": 0.012809514999389648,
      "clients_processed": 20
    },
    {
      "round": 38,
      "accuracy": 0.95,
      "f1_score": 0.9436619718309859,
      "precision": 0.8938100320170758,
      "recall": 0.9994033412887828,
      "roc_auc": 0.9999044935281528,
      "pr_auc": 0.9998787264705652,
      "mae": 0.09393975610752867,
      "rmse": 0.18582653432839788,
      "ece": 0.09270358843996254,
      "mce": 0.7252102926651068,
      "round_time": 0.045313358306884766,
      "client_training_time": 0.03416252136230469,
      "edge_processing_wall_time": 0.0011606216430664062,
      "total_pure_processing_time": 0.0,
      "avg_processing_per_client": 0.0,
      "server_aggregation_time": 0.0,
      "internal_aggregation_time": 0.0,
      "evaluation_time": 0.009990215301513672,
      "clients_processed": 20
    },
    {
      "round": 39,
      "accuracy": 0.95425,
      "f1_score": 0.9482319660537483,
      "precision": 0.9015599784830554,
      "recall": 1.0,
      "roc_auc": 0.9999584084719375,
      "pr_auc": 0.9999442654706626,
      "mae": 0.09098939380288001,
      "rmse": 0.1816088300393186,
      "ece": 0.09023871745806798,
      "mce": 0.7498625376817594,
      "round_time": 0.04528498649597168,
      "client_training_time": 0.03444361686706543,
      "edge_processing_wall_time": 0.0020482540130615234,
      "total_pure_processing_time": 0.0,
      "avg_processing_per_client": 0.0,
      "server_aggregation_time": 0.0,
      "internal_aggregation_time": 0.0,
      "evaluation_time": 0.008793115615844727,
      "clients_processed": 20
    },
    {
      "round": 40,
      "accuracy": 0.9605,
      "f1_score": 0.954985754985755,
      "precision": 0.9138495092693566,
      "recall": 1.0,
      "roc_auc": 0.9999432609401123,
      "pr_auc": 0.9999254384483437,
      "mae": 0.08916593679440003,
      "rmse": 0.17836159323409947,
      "ece": 0.08837186416739608,
      "mce": 0.728951072035538,
      "round_time": 0.0485537052154541,
      "client_training_time": 0.03296637535095215,
      "edge_processing_wall_time": 0.0022110939025878906,
      "total_pure_processing_time": 0.0,
      "avg_processing_per_client": 0.0,
      "server_aggregation_time": 0.0010669231414794922,
      "internal_aggregation_time": 0.0,
      "evaluation_time": 0.01230931282043457,
      "clients_processed": 20
    },
    {
      "round": 41,
      "accuracy": 0.95575,
      "f1_score": 0.9498441484839898,
      "precision": 0.9044792228818133,
      "recall": 1.0,
      "roc_auc": 0.9999458283183879,
      "pr_auc": 0.9999276059057869,
      "mae": 0.09145031009150902,
      "rmse": 0.18198120744037696,
      "ece": 0.09066151993752636,
      "mce": 0.7315904328660289,
      "round_time": 0.04994082450866699,
      "client_training_time": 0.0346677303314209,
      "edge_processing_wall_time": 0.0010890960693359375,
      "total_pure_processing_time": 0.0,
      "avg_processing_per_client": 0.0,
      "server_aggregation_time": 0.0010502338409423828,
      "internal_aggregation_time": 0.0,
      "evaluation_time": 0.013133764266967773,
      "clients_processed": 20
    },
    {
      "round": 42,
      "accuracy": 0.95775,
      "f1_score": 0.951974992895709,
      "precision": 0.9088442756375474,
      "recall": 0.9994033412887828,
      "roc_auc": 0.9999299105730799,
      "pr_auc": 0.9999093882372745,
      "mae": 0.09032677541743217,
      "rmse": 0.179394641949455,
      "ece": 0.08950536714192098,
      "mce": 0.7425550215051178,
      "round_time": 0.055359840393066406,
      "client_training_time": 0.04236793518066406,
      "edge_processing_wall_time": 0.0010063648223876953,
      "total_pure_processing_time": 0.0,
      "avg_processing_per_client": 0.0,
      "server_aggregation_time": 0.0,
      "internal_aggregation_time": 0.0,
      "evaluation_time": 0.011985540390014648,
      "clients_processed": 20
    },
    {
      "round": 43,
      "accuracy": 0.95675,
      "f1_score": 0.9508941243258586,
      "precision": 0.9068760151597185,
      "recall": 0.9994033412887828,
      "roc_auc": 0.9999016694120498,
      "pr_auc": 0.9998728675372363,
      "mae": 0.08934706233203735,
      "rmse": 0.17792725343553667,
      "ece": 0.0876432813508886,
      "mce": 0.7287301824494968,
      "round_time": 0.04810357093811035,
      "client_training_time": 0.03512835502624512,
      "edge_processing_wall_time": 0.0012619495391845703,
      "total_pure_processing_time": 0.0,
      "avg_processing_per_client": 0.0,
      "server_aggregation_time": 0.0,
      "internal_aggregation_time": 0.0,
      "evaluation_time": 0.011713266372680664,
      "clients_processed": 20
    },
    {
      "round": 44,
      "accuracy": 0.9565,
      "f1_score": 0.9506522972206466,
      "precision": 0.9059459459459459,
      "recall": 1.0,
      "roc_auc": 0.999944031153595,
      "pr_auc": 0.9999268178445868,
      "mae": 0.08939751313944165,
      "rmse": 0.17934563810978285,
      "ece": 0.08862411987595484,
      "mce": 0.7389785353400341,
      "round_time": 0.053301334381103516,
      "client_training_time": 0.038939714431762695,
      "edge_processing_wall_time": 0.001033782958984375,
      "total_pure_processing_time": 0.0,
      "avg_processing_per_client": 0.0,
      "server_aggregation_time": 0.0,
      "internal_aggregation_time": 0.0,
      "evaluation_time": 0.012292861938476562,
      "clients_processed": 20
    },
    {
      "round": 45,
      "accuracy": 0.954,
      "f1_score": 0.9479638009049773,
      "precision": 0.9010752688172043,
      "recall": 1.0,
      "roc_auc": 0.9999558410936621,
      "pr_auc": 0.999940991655502,
      "mae": 0.09232764718635937,
      "rmse": 0.18391200130114338,
      "ece": 0.09118471135450756,
      "mce": 0.7272678120101211,
      "round_time": 0.0495762825012207,
      "client_training_time": 0.0364222526550293,
      "edge_processing_wall_time": 0.0013234615325927734,
      "total_pure_processing_time": 0.0,
      "avg_processing_per_client": 0.0,
      "server_aggregation_time": 0.0,
      "internal_aggregation_time": 0.0,
      "evaluation_time": 0.011830568313598633,
      "clients_processed": 20
    },
    {
      "round": 46,
      "accuracy": 0.957,
      "f1_score": 0.9511641113003975,
      "precision": 0.9073672806067172,
      "recall": 0.9994033412887828,
      "roc_auc": 0.9999224651760811,
      "pr_auc": 0.9998998996191508,
      "mae": 0.08978804714989201,
      "rmse": 0.17980763363892235,
      "ece": 0.08854660226159203,
      "mce": 0.7423659886784975,
      "round_time": 0.050119876861572266,
      "client_training_time": 0.03576374053955078,
      "edge_processing_wall_time": 0.0020067691802978516,
      "total_pure_processing_time": 0.0,
      "avg_processing_per_client": 0.0,
      "server_aggregation_time": 0.0,
      "internal_aggregation_time": 0.0,
      "evaluation_time": 0.012349367141723633,
      "clients_processed": 20
    },
    {
      "round": 47,
      "accuracy": 0.9585,
      "f1_score": 0.9528140989198408,
      "precision": 0.9098805646036916,
      "recall": 1.0,
      "roc_auc": 0.999941207037492,
      "pr_auc": 0.9999223679031664,
      "mae": 0.0916159083992473,
      "rmse": 0.18053655879219302,
      "ece": 0.09080958251153273,
      "mce": 0.7248288378042346,
      "round_time": 0.04774332046508789,
      "client_training_time": 0.03463339805603027,
      "edge_processing_wall_time": 0.0010242462158203125,
      "total_pure_processing_time": 0.0,
      "avg_processing_per_client": 0.0,
      "server_aggregation_time": 0.0,
      "internal_aggregation_time": 0.0,
      "evaluation_time": 0.012085676193237305,
      "clients_processed": 20
    },
    {
      "round": 48,
      "accuracy": 0.958,
      "f1_score": 0.9522727272727273,
      "precision": 0.9088937093275488,
      "recall": 1.0,
      "roc_auc": 0.9999424907266297,
      "pr_auc": 0.9999243411319294,
      "mae": 0.08889715689933772,
      "rmse": 0.17884439979465713,
      "ece": 0.08810889985677152,
      "mce": 0.7425193985971819,
      "round_time": 0.04468584060668945,
      "client_training_time": 0.033411264419555664,
      "edge_processing_wall_time": 0.0010182857513427734,
      "total_pure_processing_time": 0.0,
      "avg_processing_per_client": 0.0,
      "server_aggregation_time": 0.0010149478912353516,
      "internal_aggregation_time": 0.0,
      "evaluation_time": 0.009241342544555664,
      "clients_processed": 20
    },
    {
      "round": 49,
      "accuracy": 0.9545,
      "f1_score": 0.948471121177803,
      "precision": 0.9024784482758621,
      "recall": 0.9994033412887828,
      "roc_auc": 0.999930424048735,
      "pr_auc": 0.9999105676099722,
      "mae": 0.08974967864576044,
      "rmse": 0.1799209693110983,
      "ece": 0.08895786642287147,
      "mce": 0.7437201300883549,
      "round_time": 0.049030303955078125,
      "client_training_time": 0.034079551696777344,
      "edge_processing_wall_time": 0.0020453929901123047,
      "total_pure_processing_time": 0.0,
      "avg_processing_per_client": 0.0,
      "server_aggregation_time": 0.0010325908660888672,
      "internal_aggregation_time": 0.0,
      "evaluation_time": 0.01187276840209961,
      "clients_processed": 20
    },
    {
      "round": 50,
      "accuracy": 0.95725,
      "f1_score": 0.9514618223105308,
      "precision": 0.9074174336762317,
      "recall": 1.0,
      "roc_auc": 0.9999150197790821,
      "pr_auc": 0.9998894307593614,
      "mae": 0.09001570340070952,
      "rmse": 0.17975745573825305,
      "ece": 0.08877120745474695,
      "mce": 0.7401876814052758,
      "round_time": 0.0972132682800293,
      "client_training_time": 0.0706474781036377,
      "edge_processing_wall_time": 0.006144285202026367,
      "total_pure_processing_time": 0.0,
      "avg_processing_per_client": 0.0,
      "server_aggregation_time": 0.0010104179382324219,
      "internal_aggregation_time": 0.0,
      "evaluation_time": 0.019411087036132812,
      "clients_processed": 20
    }
  ],
  "final_statistics": {
    "final_accuracy": 0.95725,
    "best_accuracy": 0.9605,
    "total_time": 2.4998819828033447,
    "avg_round_time": 0.04965171337127686,
    "avg_client_training_time": 0.036330065727233886,
    "avg_edge_processing_wall_time": 0.0017394781112670898,
    "avg_pure_processing_time": 0.0,
    "avg_processing_per_client": 0.0,
    "avg_server_aggregation_time": 0.0002750539779663086,
    "avg_internal_aggregation_time": 0.0,
    "avg_evaluation_time": 0.010979557037353515
  },
  "timing_statistics": {
    "total_client_training_time": 1.8165032863616943,
    "total_edge_processing_wall_time": 0.08697390556335449,
    "total_pure_processing_time": 0.0,
    "total_server_aggregation_time": 0.01375269889831543,
    "total_internal_aggregation_time": 0.0,
    "total_evaluation_time": 0.5489778518676758,
    "total_time": 2.4998819828033447,
    "avg_round_time": 0.04965171337127686,
    "avg_client_training_time": 0.036330065727233886,
    "avg_edge_processing_wall_time": 0.0017394781112670898,
    "avg_pure_processing_time": 0.0,
    "avg_processing_per_client": 0.0,
    "avg_server_aggregation_time": 0.0002750539779663086,
    "avg_internal_aggregation_time": 0.0,
    "avg_evaluation_time": 0.010979557037353515
  },
  "architecture": {
    "clients": 20,
    "edge_devices": 20,
    "cloud_servers": 1,
    "data_flow": "Client \u2192 Edge \u2192 Cloud \u2192 Edge \u2192 Client"
  }
}