{
  "pipeline_type": "plaintext_edge_device_fl",
  "configuration": {
    "rounds": 50,
    "clients": 30,
    "patience": 999
  },
  "results": [
    {
      "round": 1,
      "accuracy": 0.9645,
      "f1_score": 0.9616147053523157,
      "precision": 0.9286460146188653,
      "recall": 0.9970104633781763,
      "roc_auc": 0.9996287812152054,
      "pr_auc": 0.9995784573139691,
      "mae": 0.09658910002619343,
      "rmse": 0.17894159286512684,
      "ece": 0.0934386481588402,
      "mce": 0.5770951309992762,
      "round_time": 0.07697534561157227,
      "client_training_time": 0.06058859825134277,
      "edge_processing_wall_time": 0.0031664371490478516,
      "total_pure_processing_time": 0.0,
      "avg_processing_per_client": 0.0,
      "server_aggregation_time": 0.0010058879852294922,
      "internal_aggregation_time": 0.0,
      "evaluation_time": 0.012214422225952148,
      "clients_processed": 30
    },
    {
      "round": 2,
      "accuracy": 0.9668333333333333,
      "f1_score": 0.9640859050712868,
      "precision": 0.9322862129144852,
      "recall": 0.9981315396113603,
      "roc_auc": 0.9997372688370486,
      "pr_auc": 0.9996977653081429,
      "mae": 0.09753857708886005,
      "rmse": 0.1793622164863163,
      "ece": 0.09467934103904513,
      "mce": 0.5550788566416117,
      "round_time": 0.08288240432739258,
      "client_training_time": 0.063934326171875,
      "edge_processing_wall_time": 0.004240989685058594,
      "total_pure_processing_time": 0.0,
      "avg_processing_per_client": 0.0,
      "server_aggregation_time": 0.0,
      "internal_aggregation_time": 0.0,
      "evaluation_time": 0.013711690902709961,
      "clients_processed": 30
    },
    {
      "round": 3,
      "accuracy": 0.9641666666666666,
      "f1_score": 0.96131005938456,
      "precision": 0.9271086428323498,
      "recall": 0.9981315396113603,
      "roc_auc": 0.9996111308974546,
      "pr_auc": 0.999555328954891,
      "mae": 0.09655960407329714,
      "rmse": 0.18066443669670304,
      "ece": 0.09327144437583539,
      "mce": 0.596758243457908,
      "round_time": 0.07001781463623047,
      "client_training_time": 0.05237579345703125,
      "edge_processing_wall_time": 0.000993967056274414,
      "total_pure_processing_time": 0.0,
      "avg_processing_per_client": 0.0,
      "server_aggregation_time": 0.0013229846954345703,
      "internal_aggregation_time": 0.0,
      "evaluation_time": 0.014326095581054688,
      "clients_processed": 30
    },
    {
      "round": 4,
      "accuracy": 0.9646666666666667,
      "f1_score": 0.9618155619596542,
      "precision": 0.9283727399165508,
      "recall": 0.9977578475336323,
      "roc_auc": 0.9997098377699711,
      "pr_auc": 0.9996681730678904,
      "mae": 0.09655394382421537,
      "rmse": 0.17876965591982277,
      "ece": 0.09366945680371581,
      "mce": 0.5811106017176149,
      "round_time": 0.07448720932006836,
      "client_training_time": 0.05758213996887207,
      "edge_processing_wall_time": 0.0031862258911132812,
      "total_pure_processing_time": 0.0,
      "avg_processing_per_client": 0.0,
      "server_aggregation_time": 0.0010366439819335938,
      "internal_aggregation_time": 0.0,
      "evaluation_time": 0.012682199478149414,
      "clients_processed": 30
    },
    {
      "round": 5,
      "accuracy": 0.9663333333333334,
      "f1_score": 0.9635379061371842,
      "precision": 0.931913407821229,
      "recall": 0.9973841554559043,
      "roc_auc": 0.999680945211615,
      "pr_auc": 0.9996331458209987,
      "mae": 0.09538530181459191,
      "rmse": 0.1776456476637488,
      "ece": 0.09223447326794167,
      "mce": 0.5685308071270909,
      "round_time": 0.07188224792480469,
      "client_training_time": 0.05612444877624512,
      "edge_processing_wall_time": 0.0032536983489990234,
      "total_pure_processing_time": 0.0,
      "avg_processing_per_client": 0.0,
      "server_aggregation_time": 0.0,
      "internal_aggregation_time": 0.0,
      "evaluation_time": 0.012504100799560547,
      "clients_processed": 30
    },
    {
      "round": 6,
      "accuracy": 0.964,
      "f1_score": 0.9611231101511879,
      "precision": 0.9270833333333334,
      "recall": 0.9977578475336323,
      "roc_auc": 0.9996801582547725,
      "pr_auc": 0.9996324701282552,
      "mae": 0.0974304936054215,
      "rmse": 0.18030139737946183,
      "ece": 0.09431572697100635,
      "mce": 0.5676879319612131,
      "round_time": 0.06864452362060547,
      "client_training_time": 0.05327963829040527,
      "edge_processing_wall_time": 0.002091646194458008,
      "total_pure_processing_time": 0.0,
      "avg_processing_per_client": 0.0,
      "server_aggregation_time": 0.0010111331939697266,
      "internal_aggregation_time": 0.0,
      "evaluation_time": 0.012262105941772461,
      "clients_processed": 30
    },
    {
      "round": 7,
      "accuracy": 0.9638333333333333,
      "f1_score": 0.9609079445145019,
      "precision": 0.9276521739130434,
      "recall": 0.9966367713004485,
      "roc_auc": 0.9996266451894902,
      "pr_auc": 0.9995742842834006,
      "mae": 0.09663502181100667,
      "rmse": 0.17869181083431976,
      "ece": 0.09339687986600878,
      "mce": 0.5746308635744992,
      "round_time": 0.07672762870788574,
      "client_training_time": 0.058008670806884766,
      "edge_processing_wall_time": 0.004291534423828125,
      "total_pure_processing_time": 0.0,
      "avg_processing_per_client": 0.0,
      "server_aggregation_time": 0.0011172294616699219,
      "internal_aggregation_time": 0.0,
      "evaluation_time": 0.012306928634643555,
      "clients_processed": 30
    },
    {
      "round": 8,
      "accuracy": 0.9653333333333334,
      "f1_score": 0.9625090122566691,
      "precision": 0.9296657381615598,
      "recall": 0.9977578475336323,
      "roc_auc": 0.9996604843337129,
      "pr_auc": 0.9996146418370834,
      "mae": 0.09695112574348079,
      "rmse": 0.17891788119809035,
      "ece": 0.09373087070481104,
      "mce": 0.5410183668834957,
      "round_time": 0.06959915161132812,
      "client_training_time": 0.0541226863861084,
      "edge_processing_wall_time": 0.0023860931396484375,
      "total_pure_processing_time": 0.0,
      "avg_processing_per_client": 0.0,
      "server_aggregation_time": 0.0,
      "internal_aggregation_time": 0.0,
      "evaluation_time": 0.013090372085571289,
      "clients_processed": 30
    },
    {
      "round": 9,
      "accuracy": 0.9641666666666666,
      "f1_score": 0.9613239791329375,
      "precision": 0.9268123482483525,
      "recall": 0.9985052316890882,
      "roc_auc": 0.9996473309122045,
      "pr_auc": 0.9995968627336942,
      "mae": 0.09899828337558532,
      "rmse": 0.1827763691935574,
      "ece": 0.09566247175955364,
      "mce": 0.573450445024105,
      "round_time": 0.06782674789428711,
      "client_training_time": 0.052274227142333984,
      "edge_processing_wall_time": 0.001047372817993164,
      "total_pure_processing_time": 0.0,
      "avg_processing_per_client": 0.0,
      "server_aggregation_time": 0.001157999038696289,
      "internal_aggregation_time": 0.0,
      "evaluation_time": 0.012337446212768555,
      "clients_processed": 30
    },
    {
      "round": 10,
      "accuracy": 0.9673333333333334,
      "f1_score": 0.9645953757225434,
      "precision": 0.9335664335664335,
      "recall": 0.9977578475336323,
      "roc_auc": 0.9996591352648402,
      "pr_auc": 0.999612291795678,
      "mae": 0.09532502457940217,
      "rmse": 0.17634681148128567,
      "ece": 0.09208259665391859,
      "mce": 0.5413023536500062,
      "round_time": 0.07407617568969727,
      "client_training_time": 0.056284189224243164,
      "edge_processing_wall_time": 0.003493070602416992,
      "total_pure_processing_time": 0.0,
      "avg_processing_per_client": 0.0,
      "server_aggregation_time": 0.0,
      "internal_aggregation_time": 0.0,
      "evaluation_time": 0.013275623321533203,
      "clients_processed": 30
    },
    {
      "round": 11,
      "accuracy": 0.9671666666666666,
      "f1_score": 0.9644340133598123,
      "precision": 0.932937478169752,
      "recall": 0.9981315396113603,
      "roc_auc": 0.9996966843484627,
      "pr_auc": 0.999653331679834,
      "mae": 0.09796222019154091,
      "rmse": 0.17899897730447314,
      "ece": 0.09491936152132284,
      "mce": 0.5460060698802413,
      "round_time": 0.07785558700561523,
      "client_training_time": 0.059697628021240234,
      "edge_processing_wall_time": 0.002404451370239258,
      "total_pure_processing_time": 0.0,
      "avg_processing_per_client": 0.0,
      "server_aggregation_time": 0.0,
      "internal_aggregation_time": 0.0,
      "evaluation_time": 0.015753507614135742,
      "clients_processed": 30
    },
    {
      "round": 12,
      "accuracy": 0.9623333333333334,
      "f1_score": 0.9594109195402298,
      "precision": 0.923582295988935,
      "recall": 0.9981315396113603,
      "roc_auc": 0.9997008439774867,
      "pr_auc": 0.999658426387137,
      "mae": 0.09792177533628936,
      "rmse": 0.18196185257818548,
      "ece": 0.09503909675236694,
      "mce": 0.5749244647067896,
      "round_time": 0.08026742935180664,
      "client_training_time": 0.0650777816772461,
      "edge_processing_wall_time": 0.002486705780029297,
      "total_pure_processing_time": 0.0,
      "avg_processing_per_client": 0.0,
      "server_aggregation_time": 0.0,
      "internal_aggregation_time": 0.0,
      "evaluation_time": 0.01270294189453125,
      "clients_processed": 30
    },
    {
      "round": 13,
      "accuracy": 0.9623333333333334,
      "f1_score": 0.959396334890406,
      "precision": 0.9238754325259516,
      "recall": 0.9977578475336323,
      "roc_auc": 0.999725689329225,
      "pr_auc": 0.9996873844257588,
      "mae": 0.09814323031591035,
      "rmse": 0.18129905933546223,
      "ece": 0.09537807649997321,
      "mce": 0.6173317940182902,
      "round_time": 0.07187199592590332,
      "client_training_time": 0.055895090103149414,
      "edge_processing_wall_time": 0.003395557403564453,
      "total_pure_processing_time": 0.0,
      "avg_processing_per_client": 0.0,
      "server_aggregation_time": 0.0,
      "internal_aggregation_time": 0.0,
      "evaluation_time": 0.012581348419189453,
      "clients_processed": 30
    },
    {
      "round": 14,
      "accuracy": 0.9606666666666667,
      "f1_score": 0.9576605669178327,
      "precision": 0.9209799861973775,
      "recall": 0.9973841554559043,
      "roc_auc": 0.9995914569763948,
      "pr_auc": 0.9995321448627879,
      "mae": 0.09814407819212648,
      "rmse": 0.18438817287491205,
      "ece": 0.09470696893218669,
      "mce": 0.5998622389745332,
      "round_time": 0.06928873062133789,
      "client_training_time": 0.05389666557312012,
      "edge_processing_wall_time": 0.0032193660736083984,
      "total_pure_processing_time": 0.0,
      "avg_processing_per_client": 0.0,
      "server_aggregation_time": 0.0,
      "internal_aggregation_time": 0.0,
      "evaluation_time": 0.012172698974609375,
      "clients_processed": 30
    },
    {
      "round": 15,
      "accuracy": 0.9651666666666666,
      "f1_score": 0.9623355559560282,
      "precision": 0.9293421510616081,
      "recall": 0.9977578475336323,
      "roc_auc": 0.999685217263045,
      "pr_auc": 0.9996391473815693,
      "mae": 0.09528835313060266,
      "rmse": 0.1773013335186564,
      "ece": 0.09214391243695538,
      "mce": 0.5706086558575574,
      "round_time": 0.06714963912963867,
      "client_training_time": 0.053301334381103516,
      "edge_processing_wall_time": 0.0033178329467773438,
      "total_pure_processing_time": 0.0,
      "avg_processing_per_client": 0.0,
      "server_aggregation_time": 0.0011897087097167969,
      "internal_aggregation_time": 0.0,
      "evaluation_time": 0.009340763092041016,
      "clients_processed": 30
    },
    {
      "round": 16,
      "accuracy": 0.964,
      "f1_score": 0.9611091105509543,
      "precision": 0.9273801250868658,
      "recall": 0.9973841554559043,
      "roc_auc": 0.9996547507910041,
      "pr_auc": 0.9996059659524792,
      "mae": 0.09737364423036164,
      "rmse": 0.18015980238479562,
      "ece": 0.09423040815431068,
      "mce": 0.5620846480674317,
      "round_time": 0.07157444953918457,
      "client_training_time": 0.05386233329772949,
      "edge_processing_wall_time": 0.002071857452392578,
      "total_pure_processing_time": 0.0,
      "avg_processing_per_client": 0.0,
      "server_aggregation_time": 0.0,
      "internal_aggregation_time": 0.0,
      "evaluation_time": 0.014616727828979492,
      "clients_processed": 30
    },
    {
      "round": 17,
      "accuracy": 0.9661666666666666,
      "f1_score": 0.9633904418394951,
      "precision": 0.9309864064133845,
      "recall": 0.9981315396113603,
      "roc_auc": 0.9996957849692143,
      "pr_auc": 0.9996499561379076,
      "mae": 0.09765615203291732,
      "rmse": 0.17932748907511356,
      "ece": 0.0945541505521047,
      "mce": 0.5428816702522636,
      "round_time": 0.06963229179382324,
      "client_training_time": 0.05199694633483887,
      "edge_processing_wall_time": 0.002505779266357422,
      "total_pure_processing_time": 0.0,
      "avg_processing_per_client": 0.0,
      "server_aggregation_time": 0.0012760162353515625,
      "internal_aggregation_time": 0.0,
      "evaluation_time": 0.01385354995727539,
      "clients_processed": 30
    },
    {
      "round": 18,
      "accuracy": 0.9646666666666667,
      "f1_score": 0.9618018018018017,
      "precision": 0.9286708420320111,
      "recall": 0.9973841554559043,
      "roc_auc": 0.999676785582591,
      "pr_auc": 0.9996329628907147,
      "mae": 0.0978404274789998,
      "rmse": 0.18050446461563177,
      "ece": 0.09488476435100639,
      "mce": 0.5529276851680933,
      "round_time": 0.06756591796875,
      "client_training_time": 0.05141448974609375,
      "edge_processing_wall_time": 0.001512765884399414,
      "total_pure_processing_time": 0.0,
      "avg_processing_per_client": 0.0,
      "server_aggregation_time": 0.0015103816986083984,
      "internal_aggregation_time": 0.0,
      "evaluation_time": 0.013128280639648438,
      "clients_processed": 30
    },
    {
      "round": 19,
      "accuracy": 0.9646666666666667,
      "f1_score": 0.9618155619596542,
      "precision": 0.9283727399165508,
      "recall": 0.9977578475336323,
      "roc_auc": 0.999681170056427,
      "pr_auc": 0.9996368525600078,
      "mae": 0.0987809001999216,
      "rmse": 0.18169752563042815,
      "ece": 0.09578095854599732,
      "mce": 0.5708423413087939,
      "round_time": 0.06681084632873535,
      "client_training_time": 0.05204272270202637,
      "edge_processing_wall_time": 0.002048969268798828,
      "total_pure_processing_time": 0.0,
      "avg_processing_per_client": 0.0,
      "server_aggregation_time": 0.0,
      "internal_aggregation_time": 0.0,
      "evaluation_time": 0.012719154357910156,
      "clients_processed": 30
    },
    {
      "round": 20,
      "accuracy": 0.9661666666666666,
      "f1_score": 0.963377232545553,
      "precision": 0.9312870596442274,
      "recall": 0.9977578475336323,
      "roc_auc": 0.999703542115232,
      "pr_auc": 0.9996622108424643,
      "mae": 0.09505402109612467,
      "rmse": 0.17727989488021234,
      "ece": 0.09200060230249565,
      "mce": 0.5528298904961266,
      "round_time": 0.06889986991882324,
      "client_training_time": 0.0528562068939209,
      "edge_processing_wall_time": 0.003567218780517578,
      "total_pure_processing_time": 0.0,
      "avg_processing_per_client": 0.0,
      "server_aggregation_time": 0.0,
      "internal_aggregation_time": 0.0,
      "evaluation_time": 0.011461973190307617,
      "clients_processed": 30
    },
    {
      "round": 21,
      "accuracy": 0.9623333333333334,
      "f1_score": 0.959396334890406,
      "precision": 0.9238754325259516,
      "recall": 0.9977578475336323,
      "roc_auc": 0.9996860042198874,
      "pr_auc": 0.9996392701714386,
      "mae": 0.0975461734956218,
      "rmse": 0.18121085697655848,
      "ece": 0.09446001003119624,
      "mce": 0.5658769268805854,
      "round_time": 0.0718529224395752,
      "client_training_time": 0.05349421501159668,
      "edge_processing_wall_time": 0.00292205810546875,
      "total_pure_processing_time": 0.0,
      "avg_processing_per_client": 0.0,
      "server_aggregation_time": 0.0012331008911132812,
      "internal_aggregation_time": 0.0,
      "evaluation_time": 0.013186931610107422,
      "clients_processed": 30
    },
    {
      "round": 22,
      "accuracy": 0.9645,
      "f1_score": 0.9616285353990272,
      "precision": 0.9283478260869565,
      "recall": 0.9973841554559043,
      "roc_auc": 0.9996702650830397,
      "pr_auc": 0.9996227835404572,
      "mae": 0.09606605144368856,
      "rmse": 0.17862499006811708,
      "ece": 0.09304436223745553,
      "mce": 0.5671601287773403,
      "round_time": 0.06701040267944336,
      "client_training_time": 0.05205392837524414,
      "edge_processing_wall_time": 0.002630472183227539,
      "total_pure_processing_time": 0.0,
      "avg_processing_per_client": 0.0,
      "server_aggregation_time": 0.001299142837524414,
      "internal_aggregation_time": 0.0,
      "evaluation_time": 0.009744882583618164,
      "clients_processed": 30
    },
    {
      "round": 23,
      "accuracy": 0.9643333333333334,
      "f1_score": 0.9614969413458079,
      "precision": 0.9271339347675226,
      "recall": 0.9985052316890882,
      "roc_auc": 0.9997224290794493,
      "pr_auc": 0.9996793916734076,
      "mae": 0.09673235985607281,
      "rmse": 0.18030127371387056,
      "ece": 0.09375746558214462,
      "mce": 0.5444875591884077,
      "round_time": 0.06879997253417969,
      "client_training_time": 0.05165576934814453,
      "edge_processing_wall_time": 0.003174304962158203,
      "total_pure_processing_time": 0.0,
      "avg_processing_per_client": 0.0,
      "server_aggregation_time": 0.0,
      "internal_aggregation_time": 0.0,
      "evaluation_time": 0.012691259384155273,
      "clients_processed": 30
    },
    {
      "round": 24,
      "accuracy": 0.9665,
      "f1_score": 0.9637118613468135,
      "precision": 0.9322389102340203,
      "recall": 0.9973841554559043,
      "roc_auc": 0.9997071396322259,
      "pr_auc": 0.9996630197499677,
      "mae": 0.09669904300604802,
      "rmse": 0.17918757547605288,
      "ece": 0.09364906285591736,
      "mce": 0.5411144013482648,
      "round_time": 0.07178783416748047,
      "client_training_time": 0.05595707893371582,
      "edge_processing_wall_time": 0.0027244091033935547,
      "total_pure_processing_time": 0.0,
      "avg_processing_per_client": 0.0,
      "server_aggregation_time": 0.0,
      "internal_aggregation_time": 0.0,
      "evaluation_time": 0.013106346130371094,
      "clients_processed": 30
    },
    {
      "round": 25,
      "accuracy": 0.9665,
      "f1_score": 0.9637249593936112,
      "precision": 0.9319371727748691,
      "recall": 0.9977578475336323,
      "roc_auc": 0.9997403042420122,
      "pr_auc": 0.999705309681254,
      "mae": 0.09461100729700236,
      "rmse": 0.17603658243803103,
      "ece": 0.09201260294679868,
      "mce": 0.612087559289985,
      "round_time": 0.07649683952331543,
      "client_training_time": 0.05552315711975098,
      "edge_processing_wall_time": 0.006815910339355469,
      "total_pure_processing_time": 0.0,
      "avg_processing_per_client": 0.0,
      "server_aggregation_time": 0.0,
      "internal_aggregation_time": 0.0,
      "evaluation_time": 0.014157772064208984,
      "clients_processed": 30
    },
    {
      "round": 26,
      "accuracy": 0.967,
      "f1_score": 0.9642470205850487,
      "precision": 0.9329140461215933,
      "recall": 0.9977578475336323,
      "roc_auc": 0.9996848799958269,
      "pr_auc": 0.9996375381214652,
      "mae": 0.09397863157190739,
      "rmse": 0.1761767891749146,
      "ece": 0.09090561993560549,
      "mce": 0.5562141738373704,
      "round_time": 0.0711209774017334,
      "client_training_time": 0.05617022514343262,
      "edge_processing_wall_time": 0.0010111331939697266,
      "total_pure_processing_time": 0.0,
      "avg_processing_per_client": 0.0,
      "server_aggregation_time": 0.0,
      "internal_aggregation_time": 0.0,
      "evaluation_time": 0.012933015823364258,
      "clients_processed": 30
    },
    {
      "round": 27,
      "accuracy": 0.967,
      "f1_score": 0.9642341040462428,
      "precision": 0.9332167832167833,
      "recall": 0.9973841554559043,
      "roc_auc": 0.9996975837277111,
      "pr_auc": 0.9996571991626124,
      "mae": 0.09487210263297102,
      "rmse": 0.17638892864382127,
      "ece": 0.09190725021902872,
      "mce": 0.5648650117987473,
      "round_time": 0.07266116142272949,
      "client_training_time": 0.0554964542388916,
      "edge_processing_wall_time": 0.0014190673828125,
      "total_pure_processing_time": 0.0,
      "avg_processing_per_client": 0.0,
      "server_aggregation_time": 0.001046895980834961,
      "internal_aggregation_time": 0.0,
      "evaluation_time": 0.01469874382019043,
      "clients_processed": 30
    },
    {
      "round": 28,
      "accuracy": 0.9646666666666667,
      "f1_score": 0.9618155619596542,
      "precision": 0.9283727399165508,
      "recall": 0.9977578475336323,
      "roc_auc": 0.9996649812299551,
      "pr_auc": 0.9996179677780571,
      "mae": 0.09731477862877258,
      "rmse": 0.17945285836310512,
      "ece": 0.09426968030924807,
      "mce": 0.5596613828905411,
      "round_time": 0.07051301002502441,
      "client_training_time": 0.05314350128173828,
      "edge_processing_wall_time": 0.0023488998413085938,
      "total_pure_processing_time": 0.0,
      "avg_processing_per_client": 0.0,
      "server_aggregation_time": 0.001132965087890625,
      "internal_aggregation_time": 0.0,
      "evaluation_time": 0.012828350067138672,
      "clients_processed": 30
    },
    {
      "round": 29,
      "accuracy": 0.9651666666666666,
      "f1_score": 0.9623219758427979,
      "precision": 0.9296412399860676,
      "recall": 0.9973841554559043,
      "roc_auc": 0.9996602594889008,
      "pr_auc": 0.999614992101146,
      "mae": 0.09909090184240354,
      "rmse": 0.18044723076100957,
      "ece": 0.09592488259054154,
      "mce": 0.5285756316119494,
      "round_time": 0.07201766967773438,
      "client_training_time": 0.05602312088012695,
      "edge_processing_wall_time": 0.003487825393676758,
      "total_pure_processing_time": 0.0,
      "avg_processing_per_client": 0.0,
      "server_aggregation_time": 0.0,
      "internal_aggregation_time": 0.0,
      "evaluation_time": 0.012506723403930664,
      "clients_processed": 30
    },
    {
      "round": 30,
      "accuracy": 0.965,
      "f1_score": 0.9621757925072046,
      "precision": 0.9287204450625869,
      "recall": 0.9981315396113603,
      "roc_auc": 0.9996938737883113,
      "pr_auc": 0.9996499155716453,
      "mae": 0.09622137624729707,
      "rmse": 0.1790222686596511,
      "ece": 0.09326729518074348,
      "mce": 0.5814800827381217,
      "round_time": 0.0680232048034668,
      "client_training_time": 0.05269050598144531,
      "edge_processing_wall_time": 0.0016825199127197266,
      "total_pure_processing_time": 0.0,
      "avg_processing_per_client": 0.0,
      "server_aggregation_time": 0.0,
      "internal_aggregation_time": 0.0,
      "evaluation_time": 0.013650178909301758,
      "clients_processed": 30
    },
    {
      "round": 31,
      "accuracy": 0.9685,
      "f1_score": 0.9658166033640803,
      "precision": 0.935856992639327,
      "recall": 0.9977578475336323,
      "roc_auc": 0.999672850798379,
      "pr_auc": 0.9996277583197193,
      "mae": 0.09590246030034795,
      "rmse": 0.17638570225967695,
      "ece": 0.09279309037183422,
      "mce": 0.5405894458378365,
      "round_time": 0.0667262077331543,
      "client_training_time": 0.05256509780883789,
      "edge_processing_wall_time": 0.0012862682342529297,
      "total_pure_processing_time": 0.0,
      "avg_processing_per_client": 0.0,
      "server_aggregation_time": 0.0,
      "internal_aggregation_time": 0.0,
      "evaluation_time": 0.011856555938720703,
      "clients_processed": 30
    },
    {
      "round": 32,
      "accuracy": 0.9655,
      "f1_score": 0.9626959812578844,
      "precision": 0.9296902192829795,
      "recall": 0.9981315396113603,
      "roc_auc": 0.9996990452189898,
      "pr_auc": 0.9996558154950455,
      "mae": 0.0966845903959274,
      "rmse": 0.17923226346537832,
      "ece": 0.09369822367212313,
      "mce": 0.5361829788052352,
      "round_time": 0.06920909881591797,
      "client_training_time": 0.05258893966674805,
      "edge_processing_wall_time": 0.0020351409912109375,
      "total_pure_processing_time": 0.0,
      "avg_processing_per_client": 0.0,
      "server_aggregation_time": 0.0,
      "internal_aggregation_time": 0.0,
      "evaluation_time": 0.014585018157958984,
      "clients_processed": 30
    },
    {
      "round": 33,
      "accuracy": 0.9641666666666666,
      "f1_score": 0.9612961296129613,
      "precision": 0.9274053490795415,
      "recall": 0.9977578475336323,
      "roc_auc": 0.9997464874743452,
      "pr_auc": 0.9997078253869207,
      "mae": 0.09761765333421014,
      "rmse": 0.1800097711428529,
      "ece": 0.09470852127698035,
      "mce": 0.5751387655074167,
      "round_time": 0.07471537590026855,
      "client_training_time": 0.05760025978088379,
      "edge_processing_wall_time": 0.0032095909118652344,
      "total_pure_processing_time": 0.0,
      "avg_processing_per_client": 0.0,
      "server_aggregation_time": 0.0010058879852294922,
      "internal_aggregation_time": 0.0,
      "evaluation_time": 0.01176905632019043,
      "clients_processed": 30
    },
    {
      "round": 34,
      "accuracy": 0.9681666666666666,
      "f1_score": 0.9654673657566444,
      "precision": 0.9352014010507881,
      "recall": 0.9977578475336323,
      "roc_auc": 0.9997204054761404,
      "pr_auc": 0.9996794441109523,
      "mae": 0.09549947853765983,
      "rmse": 0.17712955702356362,
      "ece": 0.09258099468894794,
      "mce": 0.572470872416449,
      "round_time": 0.06564688682556152,
      "client_training_time": 0.05136919021606445,
      "edge_processing_wall_time": 0.002081632614135742,
      "total_pure_processing_time": 0.0,
      "avg_processing_per_client": 0.0,
      "server_aggregation_time": 0.0011477470397949219,
      "internal_aggregation_time": 0.0,
      "evaluation_time": 0.011048316955566406,
      "clients_processed": 30
    },
    {
      "round": 35,
      "accuracy": 0.9628333333333333,
      "f1_score": 0.9599137156210678,
      "precision": 0.9248354693453412,
      "recall": 0.9977578475336323,
      "roc_auc": 0.9995595290130752,
      "pr_auc": 0.9995017939670902,
      "mae": 0.09829008685306324,
      "rmse": 0.18207411830470463,
      "ece": 0.09486248997537025,
      "mce": 0.5961480253639595,
      "round_time": 0.07059645652770996,
      "client_training_time": 0.05676007270812988,
      "edge_processing_wall_time": 0.002221822738647461,
      "total_pure_processing_time": 0.0,
      "avg_processing_per_client": 0.0,
      "server_aggregation_time": 0.0,
      "internal_aggregation_time": 0.0,
      "evaluation_time": 0.011614561080932617,
      "clients_processed": 30
    },
    {
      "round": 36,
      "accuracy": 0.966,
      "f1_score": 0.9632034632034632,
      "precision": 0.9309623430962343,
      "recall": 0.9977578475336323,
      "roc_auc": 0.9997179321832071,
      "pr_auc": 0.9996788890497391,
      "mae": 0.0980355054327974,
      "rmse": 0.17938025052659898,
      "ece": 0.09517087792921777,
      "mce": 0.5719492884119292,
      "round_time": 0.0763239860534668,
      "client_training_time": 0.05832505226135254,
      "edge_processing_wall_time": 0.0032193660736083984,
      "total_pure_processing_time": 0.0,
      "avg_processing_per_client": 0.0,
      "server_aggregation_time": 0.0,
      "internal_aggregation_time": 0.0,
      "evaluation_time": 0.013740777969360352,
      "clients_processed": 30
    },
    {
      "round": 37,
      "accuracy": 0.9626666666666667,
      "f1_score": 0.9597411933860532,
      "precision": 0.9245152354570637,
      "recall": 0.9977578475336323,
      "roc_auc": 0.9996123675439211,
      "pr_auc": 0.9995567652298509,
      "mae": 0.09670207980523499,
      "rmse": 0.18067904959485515,
      "ece": 0.09323794526698659,
      "mce": 0.5861167481116474,
      "round_time": 0.06792855262756348,
      "client_training_time": 0.05165457725524902,
      "edge_processing_wall_time": 0.0042836666107177734,
      "total_pure_processing_time": 0.0,
      "avg_processing_per_client": 0.0,
      "server_aggregation_time": 0.0,
      "internal_aggregation_time": 0.0,
      "evaluation_time": 0.01199030876159668,
      "clients_processed": 30
    },
    {
      "round": 38,
      "accuracy": 0.9655,
      "f1_score": 0.9626690712353472,
      "precision": 0.9302892994074591,
      "recall": 0.9973841554559043,
      "roc_auc": 0.9996339526458838,
      "pr_auc": 0.9995802802378081,
      "mae": 0.09478082412244282,
      "rmse": 0.17831763612412896,
      "ece": 0.09156788070929507,
      "mce": 0.6173982947239812,
      "round_time": 0.06954264640808105,
      "client_training_time": 0.05648660659790039,
      "edge_processing_wall_time": 0.0020236968994140625,
      "total_pure_processing_time": 0.0,
      "avg_processing_per_client": 0.0,
      "server_aggregation_time": 0.0,
      "internal_aggregation_time": 0.0,
      "evaluation_time": 0.011032342910766602,
      "clients_processed": 30
    },
    {
      "round": 39,
      "accuracy": 0.9631666666666666,
      "f1_score": 0.9602732338666188,
      "precision": 0.9251818496709386,
      "recall": 0.9981315396113603,
      "roc_auc": 0.9997139973989952,
      "pr_auc": 0.9996705710030481,
      "mae": 0.09904053104848896,
      "rmse": 0.1816815384691479,
      "ece": 0.09605335269343959,
      "mce": 0.5499954097532318,
      "round_time": 0.06854987144470215,
      "client_training_time": 0.05457735061645508,
      "edge_processing_wall_time": 0.002062082290649414,
      "total_pure_processing_time": 0.0,
      "avg_processing_per_client": 0.0,
      "server_aggregation_time": 0.0,
      "internal_aggregation_time": 0.0,
      "evaluation_time": 0.011910438537597656,
      "clients_processed": 30
    },
    {
      "round": 40,
      "accuracy": 0.9603333333333334,
      "f1_score": 0.9573476702508961,
      "precision": 0.9197658402203857,
      "recall": 0.9981315396113603,
      "roc_auc": 0.9995820134942862,
      "pr_auc": 0.9995220373744348,
      "mae": 0.09920935788824269,
      "rmse": 0.18333699810535065,
      "ece": 0.09575800614918127,
      "mce": 0.5974023136493111,
      "round_time": 0.06941890716552734,
      "client_training_time": 0.05388998985290527,
      "edge_processing_wall_time": 0.0010085105895996094,
      "total_pure_processing_time": 0.0,
      "avg_processing_per_client": 0.0,
      "server_aggregation_time": 0.0,
      "internal_aggregation_time": 0.0,
      "evaluation_time": 0.012506961822509766,
      "clients_processed": 30
    },
    {
      "round": 41,
      "accuracy": 0.9658333333333333,
      "f1_score": 0.963016417102652,
      "precision": 0.9309382629926752,
      "recall": 0.9973841554559043,
      "roc_auc": 0.9996731880655971,
      "pr_auc": 0.9996269851566687,
      "mae": 0.09486613669314638,
      "rmse": 0.17826967239339347,
      "ece": 0.09194228674275973,
      "mce": 0.5866421348602268,
      "round_time": 0.07129144668579102,
      "client_training_time": 0.053534507751464844,
      "edge_processing_wall_time": 0.0035130977630615234,
      "total_pure_processing_time": 0.0,
      "avg_processing_per_client": 0.0,
      "server_aggregation_time": 0.0014774799346923828,
      "internal_aggregation_time": 0.0,
      "evaluation_time": 0.011755943298339844,
      "clients_processed": 30
    },
    {
      "round": 42,
      "accuracy": 0.9633333333333334,
      "f1_score": 0.960431654676259,
      "precision": 0.9257975034674064,
      "recall": 0.9977578475336323,
      "roc_auc": 0.999638449542126,
      "pr_auc": 0.9995872846413776,
      "mae": 0.09706372854476028,
      "rmse": 0.1804568127093797,
      "ece": 0.09372788794133415,
      "mce": 0.5749804518144498,
      "round_time": 0.06770849227905273,
      "client_training_time": 0.05124163627624512,
      "edge_processing_wall_time": 0.0022115707397460938,
      "total_pure_processing_time": 0.0,
      "avg_processing_per_client": 0.0,
      "server_aggregation_time": 0.0,
      "internal_aggregation_time": 0.0,
      "evaluation_time": 0.013168573379516602,
      "clients_processed": 30
    },
    {
      "round": 43,
      "accuracy": 0.9656666666666667,
      "f1_score": 0.9628293035005413,
      "precision": 0.9309141660851361,
      "recall": 0.9970104633781763,
      "roc_auc": 0.9996127048111394,
      "pr_auc": 0.999555363492813,
      "mae": 0.0975788998305285,
      "rmse": 0.18042200051431345,
      "ece": 0.09407670819821276,
      "mce": 0.6034480387305174,
      "round_time": 0.0737161636352539,
      "client_training_time": 0.05276226997375488,
      "edge_processing_wall_time": 0.0021560192108154297,
      "total_pure_processing_time": 0.0,
      "avg_processing_per_client": 0.0,
      "server_aggregation_time": 0.001157522201538086,
      "internal_aggregation_time": 0.0,
      "evaluation_time": 0.017640352249145508,
      "clients_processed": 30
    },
    {
      "round": 44,
      "accuracy": 0.9661666666666666,
      "f1_score": 0.9633904418394951,
      "precision": 0.9309864064133845,
      "recall": 0.9981315396113603,
      "roc_auc": 0.9997174824935829,
      "pr_auc": 0.9996736469736099,
      "mae": 0.09659580470603395,
      "rmse": 0.17846775998220965,
      "ece": 0.09365280963864858,
      "mce": 0.5420890847444194,
      "round_time": 0.06927919387817383,
      "client_training_time": 0.05375504493713379,
      "edge_processing_wall_time": 0.0021588802337646484,
      "total_pure_processing_time": 0.0,
      "avg_processing_per_client": 0.0,
      "server_aggregation_time": 0.0,
      "internal_aggregation_time": 0.0,
      "evaluation_time": 0.01336526870727539,
      "clients_processed": 30
    },
    {
      "round": 45,
      "accuracy": 0.9633333333333334,
      "f1_score": 0.9604174163368118,
      "precision": 0.9260929909784872,
      "recall": 0.9973841554559043,
      "roc_auc": 0.9996364259388171,
      "pr_auc": 0.9995905748062438,
      "mae": 0.09782488475266742,
      "rmse": 0.18073916459364642,
      "ece": 0.09472667604312571,
      "mce": 0.5465949985754603,
      "round_time": 0.06697344779968262,
      "client_training_time": 0.05324220657348633,
      "edge_processing_wall_time": 0.0010106563568115234,
      "total_pure_processing_time": 0.0,
      "avg_processing_per_client": 0.0,
      "server_aggregation_time": 0.0,
      "internal_aggregation_time": 0.0,
      "evaluation_time": 0.012720584869384766,
      "clients_processed": 30
    },
    {
      "round": 46,
      "accuracy": 0.9661666666666666,
      "f1_score": 0.963377232545553,
      "precision": 0.9312870596442274,
      "recall": 0.9977578475336323,
      "roc_auc": 0.9997323222511822,
      "pr_auc": 0.9996920273750856,
      "mae": 0.09788056235412274,
      "rmse": 0.17986646280916282,
      "ece": 0.09498534467593642,
      "mce": 0.5458871277054689,
      "round_time": 0.07343506813049316,
      "client_training_time": 0.05539989471435547,
      "edge_processing_wall_time": 0.004727840423583984,
      "total_pure_processing_time": 0.0,
      "avg_processing_per_client": 0.0,
      "server_aggregation_time": 0.0,
      "internal_aggregation_time": 0.0,
      "evaluation_time": 0.013307332992553711,
      "clients_processed": 30
    },
    {
      "round": 47,
      "accuracy": 0.9638333333333333,
      "f1_score": 0.9609501529602303,
      "precision": 0.9267615411315515,
      "recall": 0.9977578475336323,
      "roc_auc": 0.9996279942583628,
      "pr_auc": 0.9995763803406502,
      "mae": 0.09670092585091383,
      "rmse": 0.180169342657434,
      "ece": 0.09355569265444491,
      "mce": 0.5778615378995966,
      "round_time": 0.07270336151123047,
      "client_training_time": 0.05423998832702637,
      "edge_processing_wall_time": 0.0033121109008789062,
      "total_pure_processing_time": 0.0,
      "avg_processing_per_client": 0.0,
      "server_aggregation_time": 0.0010237693786621094,
      "internal_aggregation_time": 0.0,
      "evaluation_time": 0.014127492904663086,
      "clients_processed": 30
    },
    {
      "round": 48,
      "accuracy": 0.9633333333333334,
      "f1_score": 0.960431654676259,
      "precision": 0.9257975034674064,
      "recall": 0.9977578475336323,
      "roc_auc": 0.9996603719113069,
      "pr_auc": 0.9996164528168909,
      "mae": 0.09745619672478589,
      "rmse": 0.17996958972596588,
      "ece": 0.09440874575667724,
      "mce": 0.570605221177602,
      "round_time": 0.06884121894836426,
      "client_training_time": 0.05443549156188965,
      "edge_processing_wall_time": 0.002287626266479492,
      "total_pure_processing_time": 0.0,
      "avg_processing_per_client": 0.0,
      "server_aggregation_time": 0.0,
      "internal_aggregation_time": 0.0,
      "evaluation_time": 0.012118101119995117,
      "clients_processed": 30
    },
    {
      "round": 49,
      "accuracy": 0.9665,
      "f1_score": 0.9637249593936112,
      "precision": 0.9319371727748691,
      "recall": 0.9977578475336323,
      "roc_auc": 0.9996021371049701,
      "pr_auc": 0.9995471669015373,
      "mae": 0.09777108655708451,
      "rmse": 0.1798666847947788,
      "ece": 0.0943535601894908,
      "mce": 0.5811403206415504,
      "round_time": 0.06684088706970215,
      "client_training_time": 0.05195045471191406,
      "edge_processing_wall_time": 0.0020313262939453125,
      "total_pure_processing_time": 0.0,
      "avg_processing_per_client": 0.0,
      "server_aggregation_time": 0.0,
      "internal_aggregation_time": 0.0,
      "evaluation_time": 0.012859106063842773,
      "clients_processed": 30
    },
    {
      "round": 50,
      "accuracy": 0.9646666666666667,
      "f1_score": 0.9618293122074181,
      "precision": 0.9280750521195275,
      "recall": 0.9981315396113603,
      "roc_auc": 0.9997210800105767,
      "pr_auc": 0.999685860834685,
      "mae": 0.09506220125610379,
      "rmse": 0.17786406098035518,
      "ece": 0.09235024879254122,
      "mce": 0.6013621120951,
      "round_time": 0.07005429267883301,
      "client_training_time": 0.05316567420959473,
      "edge_processing_wall_time": 0.0030565261840820312,
      "total_pure_processing_time": 0.0,
      "avg_processing_per_client": 0.0,
      "server_aggregation_time": 0.0,
      "internal_aggregation_time": 0.0,
      "evaluation_time": 0.012803792953491211,
      "clients_processed": 30
    }
  ],
  "final_statistics": {
    "final_accuracy": 0.9646666666666667,
    "best_accuracy": 0.9685,
    "total_time": 3.569206476211548,
    "avg_round_time": 0.07107643127441406,
    "avg_client_training_time": 0.054727363586425784,
    "avg_edge_processing_wall_time": 0.002655911445617676,
    "avg_pure_processing_time": 0.0,
    "avg_processing_per_client": 0.0,
    "avg_server_aggregation_time": 0.0004230499267578125,
    "avg_internal_aggregation_time": 0.0,
    "avg_evaluation_time": 0.012849340438842774
  },
  "timing_statistics": {
    "total_client_training_time": 2.736368179321289,
    "total_edge_processing_wall_time": 0.1327955722808838,
    "total_pure_processing_time": 0.0,
    "total_server_aggregation_time": 0.021152496337890625,
    "total_internal_aggregation_time": 0.0,
    "total_evaluation_time": 0.6424670219421387,
    "total_time": 3.569206476211548,
    "avg_round_time": 0.07107643127441406,
    "avg_client_training_time": 0.054727363586425784,
    "avg_edge_processing_wall_time": 0.002655911445617676,
    "avg_pure_processing_time": 0.0,
    "avg_processing_per_client": 0.0,
    "avg_server_aggregation_time": 0.0004230499267578125,
    "avg_internal_aggregation_time": 0.0,
    "avg_evaluation_time": 0.012849340438842774
  },
  "architecture": {
    "clients": 30,
    "edge_devices": 30,
    "cloud_servers": 1,
    "data_flow": "Client \u2192 Edge \u2192 Cloud \u2192 Edge \u2192 Client"
  }
}