{
  "pipeline_type": "plaintext_edge_device_fl",
  "configuration": {
    "rounds": 30,
    "clients": 30,
    "patience": 999
  },
  "results": [
    {
      "round": 1,
      "accuracy": 0.9645,
      "f1_score": 0.9616147053523157,
      "precision": 0.9286460146188653,
      "recall": 0.9970104633781763,
      "roc_auc": 0.9996287812152054,
      "pr_auc": 0.9995784573139691,
      "mae": 0.09658910002619343,
      "rmse": 0.17894159286512684,
      "ece": 0.0934386481588402,
      "mce": 0.5770951309992762,
      "round_time": 0.18313121795654297,
      "client_training_time": 0.1572582721710205,
      "edge_processing_wall_time": 0.004082202911376953,
      "total_pure_processing_time": 0.0,
      "avg_processing_per_client": 0.0,
      "server_aggregation_time": 0.0,
      "internal_aggregation_time": 0.0,
      "evaluation_time": 0.01964116096496582,
      "clients_processed": 30
    },
    {
      "round": 2,
      "accuracy": 0.9668333333333333,
      "f1_score": 0.9640859050712868,
      "precision": 0.9322862129144852,
      "recall": 0.9981315396113603,
      "roc_auc": 0.9997372688370486,
      "pr_auc": 0.9996977653081429,
      "mae": 0.09753857708886005,
      "rmse": 0.1793622164863163,
      "ece": 0.09467934103904513,
      "mce": 0.5550788566416117,
      "round_time": 0.14088916778564453,
      "client_training_time": 0.10805487632751465,
      "edge_processing_wall_time": 0.0029909610748291016,
      "total_pure_processing_time": 0.0,
      "avg_processing_per_client": 0.0,
      "server_aggregation_time": 0.0012373924255371094,
      "internal_aggregation_time": 0.0,
      "evaluation_time": 0.028605937957763672,
      "clients_processed": 30
    },
    {
      "round": 3,
      "accuracy": 0.9641666666666666,
      "f1_score": 0.96131005938456,
      "precision": 0.9271086428323498,
      "recall": 0.9981315396113603,
      "roc_auc": 0.9996111308974546,
      "pr_auc": 0.999555328954891,
      "mae": 0.09655960407329714,
      "rmse": 0.18066443669670304,
      "ece": 0.09327144437583539,
      "mce": 0.596758243457908,
      "round_time": 0.12346696853637695,
      "client_training_time": 0.10094690322875977,
      "edge_processing_wall_time": 0.0053386688232421875,
      "total_pure_processing_time": 0.0,
      "avg_processing_per_client": 0.0,
      "server_aggregation_time": 0.0013773441314697266,
      "internal_aggregation_time": 0.0,
      "evaluation_time": 0.015804052352905273,
      "clients_processed": 30
    },
    {
      "round": 4,
      "accuracy": 0.9646666666666667,
      "f1_score": 0.9618155619596542,
      "precision": 0.9283727399165508,
      "recall": 0.9977578475336323,
      "roc_auc": 0.9997098377699711,
      "pr_auc": 0.9996681730678904,
      "mae": 0.09655394382421537,
      "rmse": 0.17876965591982277,
      "ece": 0.09366945680371581,
      "mce": 0.5811106017176149,
      "round_time": 0.07310032844543457,
      "client_training_time": 0.05791068077087402,
      "edge_processing_wall_time": 0.0027923583984375,
      "total_pure_processing_time": 0.0,
      "avg_processing_per_client": 0.0,
      "server_aggregation_time": 0.0,
      "internal_aggregation_time": 0.0,
      "evaluation_time": 0.012397289276123047,
      "clients_processed": 30
    },
    {
      "round": 5,
      "accuracy": 0.9663333333333334,
      "f1_score": 0.9635379061371842,
      "precision": 0.931913407821229,
      "recall": 0.9973841554559043,
      "roc_auc": 0.999680945211615,
      "pr_auc": 0.9996331458209987,
      "mae": 0.09538530181459191,
      "rmse": 0.1776456476637488,
      "ece": 0.09223447326794167,
      "mce": 0.5685308071270909,
      "round_time": 0.11658215522766113,
      "client_training_time": 0.050457000732421875,
      "edge_processing_wall_time": 0.002394437789916992,
      "total_pure_processing_time": 0.0,
      "avg_processing_per_client": 0.0,
      "server_aggregation_time": 0.0,
      "internal_aggregation_time": 0.0,
      "evaluation_time": 0.06272244453430176,
      "clients_processed": 30
    },
    {
      "round": 6,
      "accuracy": 0.964,
      "f1_score": 0.9611231101511879,
      "precision": 0.9270833333333334,
      "recall": 0.9977578475336323,
      "roc_auc": 0.9996801582547725,
      "pr_auc": 0.9996324701282552,
      "mae": 0.0974304936054215,
      "rmse": 0.18030139737946183,
      "ece": 0.09431572697100635,
      "mce": 0.5676879319612131,
      "round_time": 0.06174421310424805,
      "client_training_time": 0.0483708381652832,
      "edge_processing_wall_time": 0.0020864009857177734,
      "total_pure_processing_time": 0.0,
      "avg_processing_per_client": 0.0,
      "server_aggregation_time": 0.0,
      "internal_aggregation_time": 0.0,
      "evaluation_time": 0.01002955436706543,
      "clients_processed": 30
    },
    {
      "round": 7,
      "accuracy": 0.9638333333333333,
      "f1_score": 0.9609079445145019,
      "precision": 0.9276521739130434,
      "recall": 0.9966367713004485,
      "roc_auc": 0.9996266451894902,
      "pr_auc": 0.9995742842834006,
      "mae": 0.09663502181100667,
      "rmse": 0.17869181083431976,
      "ece": 0.09339687986600878,
      "mce": 0.5746308635744992,
      "round_time": 0.0710148811340332,
      "client_training_time": 0.05664801597595215,
      "edge_processing_wall_time": 0.002282381057739258,
      "total_pure_processing_time": 0.0,
      "avg_processing_per_client": 0.0,
      "server_aggregation_time": 0.0,
      "internal_aggregation_time": 0.0,
      "evaluation_time": 0.012084484100341797,
      "clients_processed": 30
    },
    {
      "round": 8,
      "accuracy": 0.9653333333333334,
      "f1_score": 0.9625090122566691,
      "precision": 0.9296657381615598,
      "recall": 0.9977578475336323,
      "roc_auc": 0.9996604843337129,
      "pr_auc": 0.9996146418370834,
      "mae": 0.09695112574348079,
      "rmse": 0.17891788119809035,
      "ece": 0.09373087070481104,
      "mce": 0.5410183668834957,
      "round_time": 0.06816577911376953,
      "client_training_time": 0.05230259895324707,
      "edge_processing_wall_time": 0.0020117759704589844,
      "total_pure_processing_time": 0.0,
      "avg_processing_per_client": 0.0,
      "server_aggregation_time": 0.0,
      "internal_aggregation_time": 0.0,
      "evaluation_time": 0.013851404190063477,
      "clients_processed": 30
    },
    {
      "round": 9,
      "accuracy": 0.9641666666666666,
      "f1_score": 0.9613239791329375,
      "precision": 0.9268123482483525,
      "recall": 0.9985052316890882,
      "roc_auc": 0.9996473309122045,
      "pr_auc": 0.9995968627336942,
      "mae": 0.09899828337558532,
      "rmse": 0.1827763691935574,
      "ece": 0.09566247175955364,
      "mce": 0.573450445024105,
      "round_time": 0.07268071174621582,
      "client_training_time": 0.053580522537231445,
      "edge_processing_wall_time": 0.004988908767700195,
      "total_pure_processing_time": 0.0,
      "avg_processing_per_client": 0.0,
      "server_aggregation_time": 0.0010209083557128906,
      "internal_aggregation_time": 0.0,
      "evaluation_time": 0.013090372085571289,
      "clients_processed": 30
    },
    {
      "round": 10,
      "accuracy": 0.9673333333333334,
      "f1_score": 0.9645953757225434,
      "precision": 0.9335664335664335,
      "recall": 0.9977578475336323,
      "roc_auc": 0.9996591352648402,
      "pr_auc": 0.999612291795678,
      "mae": 0.09532502457940217,
      "rmse": 0.17634681148128567,
      "ece": 0.09208259665391859,
      "mce": 0.5413023536500062,
      "round_time": 0.07407808303833008,
      "client_training_time": 0.05904531478881836,
      "edge_processing_wall_time": 0.0015461444854736328,
      "total_pure_processing_time": 0.0,
      "avg_processing_per_client": 0.0,
      "server_aggregation_time": 0.0,
      "internal_aggregation_time": 0.0,
      "evaluation_time": 0.01248931884765625,
      "clients_processed": 30
    },
    {
      "round": 11,
      "accuracy": 0.9671666666666666,
      "f1_score": 0.9644340133598123,
      "precision": 0.932937478169752,
      "recall": 0.9981315396113603,
      "roc_auc": 0.9996966843484627,
      "pr_auc": 0.999653331679834,
      "mae": 0.09796222019154091,
      "rmse": 0.17899897730447314,
      "ece": 0.09491936152132284,
      "mce": 0.5460060698802413,
      "round_time": 0.06927037239074707,
      "client_training_time": 0.052756547927856445,
      "edge_processing_wall_time": 0.002037525177001953,
      "total_pure_processing_time": 0.0,
      "avg_processing_per_client": 0.0,
      "server_aggregation_time": 0.0,
      "internal_aggregation_time": 0.0,
      "evaluation_time": 0.014476299285888672,
      "clients_processed": 30
    },
    {
      "round": 12,
      "accuracy": 0.9623333333333334,
      "f1_score": 0.9594109195402298,
      "precision": 0.923582295988935,
      "recall": 0.9981315396113603,
      "roc_auc": 0.9997008439774867,
      "pr_auc": 0.999658426387137,
      "mae": 0.09792177533628936,
      "rmse": 0.18196185257818548,
      "ece": 0.09503909675236694,
      "mce": 0.5749244647067896,
      "round_time": 0.07217669486999512,
      "client_training_time": 0.05549049377441406,
      "edge_processing_wall_time": 0.0032477378845214844,
      "total_pure_processing_time": 0.0,
      "avg_processing_per_client": 0.0,
      "server_aggregation_time": 0.0011873245239257812,
      "internal_aggregation_time": 0.0,
      "evaluation_time": 0.012251138687133789,
      "clients_processed": 30
    },
    {
      "round": 13,
      "accuracy": 0.9623333333333334,
      "f1_score": 0.959396334890406,
      "precision": 0.9238754325259516,
      "recall": 0.9977578475336323,
      "roc_auc": 0.999725689329225,
      "pr_auc": 0.9996873844257588,
      "mae": 0.09814323031591035,
      "rmse": 0.18129905933546223,
      "ece": 0.09537807649997321,
      "mce": 0.6173317940182902,
      "round_time": 0.07546210289001465,
      "client_training_time": 0.05896496772766113,
      "edge_processing_wall_time": 0.0020301342010498047,
      "total_pure_processing_time": 0.0,
      "avg_processing_per_client": 0.0,
      "server_aggregation_time": 0.0,
      "internal_aggregation_time": 0.0,
      "evaluation_time": 0.014467000961303711,
      "clients_processed": 30
    },
    {
      "round": 14,
      "accuracy": 0.9606666666666667,
      "f1_score": 0.9576605669178327,
      "precision": 0.9209799861973775,
      "recall": 0.9973841554559043,
      "roc_auc": 0.9995914569763948,
      "pr_auc": 0.9995321448627879,
      "mae": 0.09814407819212648,
      "rmse": 0.18438817287491205,
      "ece": 0.09470696893218669,
      "mce": 0.5998622389745332,
      "round_time": 0.06919527053833008,
      "client_training_time": 0.05213570594787598,
      "edge_processing_wall_time": 0.003533601760864258,
      "total_pure_processing_time": 0.0,
      "avg_processing_per_client": 0.0,
      "server_aggregation_time": 0.0,
      "internal_aggregation_time": 0.0,
      "evaluation_time": 0.013525962829589844,
      "clients_processed": 30
    },
    {
      "round": 15,
      "accuracy": 0.9651666666666666,
      "f1_score": 0.9623355559560282,
      "precision": 0.9293421510616081,
      "recall": 0.9977578475336323,
      "roc_auc": 0.999685217263045,
      "pr_auc": 0.9996391473815693,
      "mae": 0.09528835313060266,
      "rmse": 0.1773013335186564,
      "ece": 0.09214391243695538,
      "mce": 0.5706086558575574,
      "round_time": 0.07370233535766602,
      "client_training_time": 0.05361461639404297,
      "edge_processing_wall_time": 0.0041351318359375,
      "total_pure_processing_time": 0.0,
      "avg_processing_per_client": 0.0,
      "server_aggregation_time": 0.0010306835174560547,
      "internal_aggregation_time": 0.0,
      "evaluation_time": 0.014921903610229492,
      "clients_processed": 30
    },
    {
      "round": 16,
      "accuracy": 0.964,
      "f1_score": 0.9611091105509543,
      "precision": 0.9273801250868658,
      "recall": 0.9973841554559043,
      "roc_auc": 0.9996547507910041,
      "pr_auc": 0.9996059659524792,
      "mae": 0.09737364423036164,
      "rmse": 0.18015980238479562,
      "ece": 0.09423040815431068,
      "mce": 0.5620846480674317,
      "round_time": 0.06962871551513672,
      "client_training_time": 0.05413484573364258,
      "edge_processing_wall_time": 0.0020132064819335938,
      "total_pure_processing_time": 0.0,
      "avg_processing_per_client": 0.0,
      "server_aggregation_time": 0.0,
      "internal_aggregation_time": 0.0,
      "evaluation_time": 0.012422800064086914,
      "clients_processed": 30
    },
    {
      "round": 17,
      "accuracy": 0.9661666666666666,
      "f1_score": 0.9633904418394951,
      "precision": 0.9309864064133845,
      "recall": 0.9981315396113603,
      "roc_auc": 0.9996957849692143,
      "pr_auc": 0.9996499561379076,
      "mae": 0.09765615203291732,
      "rmse": 0.17932748907511356,
      "ece": 0.0945541505521047,
      "mce": 0.5428816702522636,
      "round_time": 0.06905364990234375,
      "client_training_time": 0.05241823196411133,
      "edge_processing_wall_time": 0.0025017261505126953,
      "total_pure_processing_time": 0.0,
      "avg_processing_per_client": 0.0,
      "server_aggregation_time": 0.0,
      "internal_aggregation_time": 0.0,
      "evaluation_time": 0.014133691787719727,
      "clients_processed": 30
    },
    {
      "round": 18,
      "accuracy": 0.9646666666666667,
      "f1_score": 0.9618018018018017,
      "precision": 0.9286708420320111,
      "recall": 0.9973841554559043,
      "roc_auc": 0.999676785582591,
      "pr_auc": 0.9996329628907147,
      "mae": 0.0978404274789998,
      "rmse": 0.18050446461563177,
      "ece": 0.09488476435100639,
      "mce": 0.5529276851680933,
      "round_time": 0.06603097915649414,
      "client_training_time": 0.05215120315551758,
      "edge_processing_wall_time": 0.0010073184967041016,
      "total_pure_processing_time": 0.0,
      "avg_processing_per_client": 0.0,
      "server_aggregation_time": 0.0,
      "internal_aggregation_time": 0.0,
      "evaluation_time": 0.012872457504272461,
      "clients_processed": 30
    },
    {
      "round": 19,
      "accuracy": 0.9646666666666667,
      "f1_score": 0.9618155619596542,
      "precision": 0.9283727399165508,
      "recall": 0.9977578475336323,
      "roc_auc": 0.999681170056427,
      "pr_auc": 0.9996368525600078,
      "mae": 0.0987809001999216,
      "rmse": 0.18169752563042815,
      "ece": 0.09578095854599732,
      "mce": 0.5708423413087939,
      "round_time": 0.07078123092651367,
      "client_training_time": 0.05431652069091797,
      "edge_processing_wall_time": 0.0020804405212402344,
      "total_pure_processing_time": 0.0,
      "avg_processing_per_client": 0.0,
      "server_aggregation_time": 0.0,
      "internal_aggregation_time": 0.0,
      "evaluation_time": 0.013371467590332031,
      "clients_processed": 30
    },
    {
      "round": 20,
      "accuracy": 0.9661666666666666,
      "f1_score": 0.963377232545553,
      "precision": 0.9312870596442274,
      "recall": 0.9977578475336323,
      "roc_auc": 0.999703542115232,
      "pr_auc": 0.9996622108424643,
      "mae": 0.09505402109612467,
      "rmse": 0.17727989488021234,
      "ece": 0.09200060230249565,
      "mce": 0.5528298904961266,
      "round_time": 0.07045149803161621,
      "client_training_time": 0.05424237251281738,
      "edge_processing_wall_time": 0.0031223297119140625,
      "total_pure_processing_time": 0.0,
      "avg_processing_per_client": 0.0,
      "server_aggregation_time": 0.0010256767272949219,
      "internal_aggregation_time": 0.0,
      "evaluation_time": 0.012061119079589844,
      "clients_processed": 30
    },
    {
      "round": 21,
      "accuracy": 0.9623333333333334,
      "f1_score": 0.959396334890406,
      "precision": 0.9238754325259516,
      "recall": 0.9977578475336323,
      "roc_auc": 0.9996860042198874,
      "pr_auc": 0.9996392701714386,
      "mae": 0.0975461734956218,
      "rmse": 0.18121085697655848,
      "ece": 0.09446001003119624,
      "mce": 0.5658769268805854,
      "round_time": 0.0685124397277832,
      "client_training_time": 0.05158209800720215,
      "edge_processing_wall_time": 0.0037412643432617188,
      "total_pure_processing_time": 0.0,
      "avg_processing_per_client": 0.0,
      "server_aggregation_time": 0.0,
      "internal_aggregation_time": 0.0,
      "evaluation_time": 0.013189077377319336,
      "clients_processed": 30
    },
    {
      "round": 22,
      "accuracy": 0.9645,
      "f1_score": 0.9616285353990272,
      "precision": 0.9283478260869565,
      "recall": 0.9973841554559043,
      "roc_auc": 0.9996702650830397,
      "pr_auc": 0.9996227835404572,
      "mae": 0.09606605144368856,
      "rmse": 0.17862499006811708,
      "ece": 0.09304436223745553,
      "mce": 0.5671601287773403,
      "round_time": 0.0671234130859375,
      "client_training_time": 0.054764509201049805,
      "edge_processing_wall_time": 0.0010073184967041016,
      "total_pure_processing_time": 0.0,
      "avg_processing_per_client": 0.0,
      "server_aggregation_time": 0.0010292530059814453,
      "internal_aggregation_time": 0.0,
      "evaluation_time": 0.010322332382202148,
      "clients_processed": 30
    },
    {
      "round": 23,
      "accuracy": 0.9643333333333334,
      "f1_score": 0.9614969413458079,
      "precision": 0.9271339347675226,
      "recall": 0.9985052316890882,
      "roc_auc": 0.9997224290794493,
      "pr_auc": 0.9996793916734076,
      "mae": 0.09673235985607281,
      "rmse": 0.18030127371387056,
      "ece": 0.09375746558214462,
      "mce": 0.5444875591884077,
      "round_time": 0.07108139991760254,
      "client_training_time": 0.056093692779541016,
      "edge_processing_wall_time": 0.0020704269409179688,
      "total_pure_processing_time": 0.0,
      "avg_processing_per_client": 0.0,
      "server_aggregation_time": 0.0,
      "internal_aggregation_time": 0.0,
      "evaluation_time": 0.012917280197143555,
      "clients_processed": 30
    },
    {
      "round": 24,
      "accuracy": 0.9665,
      "f1_score": 0.9637118613468135,
      "precision": 0.9322389102340203,
      "recall": 0.9973841554559043,
      "roc_auc": 0.9997071396322259,
      "pr_auc": 0.9996630197499677,
      "mae": 0.09669904300604802,
      "rmse": 0.17918757547605288,
      "ece": 0.09364906285591736,
      "mce": 0.5411144013482648,
      "round_time": 0.06916046142578125,
      "client_training_time": 0.05285215377807617,
      "edge_processing_wall_time": 0.002059459686279297,
      "total_pure_processing_time": 0.0,
      "avg_processing_per_client": 0.0,
      "server_aggregation_time": 0.0010495185852050781,
      "internal_aggregation_time": 0.0,
      "evaluation_time": 0.013199329376220703,
      "clients_processed": 30
    },
    {
      "round": 25,
      "accuracy": 0.9665,
      "f1_score": 0.9637249593936112,
      "precision": 0.9319371727748691,
      "recall": 0.9977578475336323,
      "roc_auc": 0.9997403042420122,
      "pr_auc": 0.999705309681254,
      "mae": 0.09461100729700236,
      "rmse": 0.17603658243803103,
      "ece": 0.09201260294679868,
      "mce": 0.612087559289985,
      "round_time": 0.0686790943145752,
      "client_training_time": 0.05284261703491211,
      "edge_processing_wall_time": 0.0021486282348632812,
      "total_pure_processing_time": 0.0,
      "avg_processing_per_client": 0.0,
      "server_aggregation_time": 0.0010478496551513672,
      "internal_aggregation_time": 0.0,
      "evaluation_time": 0.012639999389648438,
      "clients_processed": 30
    },
    {
      "round": 26,
      "accuracy": 0.967,
      "f1_score": 0.9642470205850487,
      "precision": 0.9329140461215933,
      "recall": 0.9977578475336323,
      "roc_auc": 0.9996848799958269,
      "pr_auc": 0.9996375381214652,
      "mae": 0.09397863157190739,
      "rmse": 0.1761767891749146,
      "ece": 0.09090561993560549,
      "mce": 0.5562141738373704,
      "round_time": 0.06855583190917969,
      "client_training_time": 0.050327301025390625,
      "edge_processing_wall_time": 0.004430055618286133,
      "total_pure_processing_time": 0.0,
      "avg_processing_per_client": 0.0,
      "server_aggregation_time": 0.0,
      "internal_aggregation_time": 0.0,
      "evaluation_time": 0.012792348861694336,
      "clients_processed": 30
    },
    {
      "round": 27,
      "accuracy": 0.967,
      "f1_score": 0.9642341040462428,
      "precision": 0.9332167832167833,
      "recall": 0.9973841554559043,
      "roc_auc": 0.9996975837277111,
      "pr_auc": 0.9996571991626124,
      "mae": 0.09487210263297102,
      "rmse": 0.17638892864382127,
      "ece": 0.09190725021902872,
      "mce": 0.5648650117987473,
      "round_time": 0.0763084888458252,
      "client_training_time": 0.06025123596191406,
      "edge_processing_wall_time": 0.002038717269897461,
      "total_pure_processing_time": 0.0,
      "avg_processing_per_client": 0.0,
      "server_aggregation_time": 0.0,
      "internal_aggregation_time": 0.0,
      "evaluation_time": 0.014018535614013672,
      "clients_processed": 30
    },
    {
      "round": 28,
      "accuracy": 0.9646666666666667,
      "f1_score": 0.9618155619596542,
      "precision": 0.9283727399165508,
      "recall": 0.9977578475336323,
      "roc_auc": 0.9996649812299551,
      "pr_auc": 0.9996179677780571,
      "mae": 0.09731477862877258,
      "rmse": 0.17945285836310512,
      "ece": 0.09426968030924807,
      "mce": 0.5596613828905411,
      "round_time": 0.06945347785949707,
      "client_training_time": 0.05181002616882324,
      "edge_processing_wall_time": 0.002065420150756836,
      "total_pure_processing_time": 0.0,
      "avg_processing_per_client": 0.0,
      "server_aggregation_time": 0.0,
      "internal_aggregation_time": 0.0,
      "evaluation_time": 0.01326298713684082,
      "clients_processed": 30
    },
    {
      "round": 29,
      "accuracy": 0.9651666666666666,
      "f1_score": 0.9623219758427979,
      "precision": 0.9296412399860676,
      "recall": 0.9973841554559043,
      "roc_auc": 0.9996602594889008,
      "pr_auc": 0.999614992101146,
      "mae": 0.09909090184240354,
      "rmse": 0.18044723076100957,
      "ece": 0.09592488259054154,
      "mce": 0.5285756316119494,
      "round_time": 0.07099366188049316,
      "client_training_time": 0.05694723129272461,
      "edge_processing_wall_time": 0.003067493438720703,
      "total_pure_processing_time": 0.0,
      "avg_processing_per_client": 0.0,
      "server_aggregation_time": 0.0,
      "internal_aggregation_time": 0.0,
      "evaluation_time": 0.009965658187866211,
      "clients_processed": 30
    },
    {
      "round": 30,
      "accuracy": 0.965,
      "f1_score": 0.9621757925072046,
      "precision": 0.9287204450625869,
      "recall": 0.9981315396113603,
      "roc_auc": 0.9996938737883113,
      "pr_auc": 0.9996499155716453,
      "mae": 0.09622137624729707,
      "rmse": 0.1790222686596511,
      "ece": 0.09326729518074348,
      "mce": 0.5814800827381217,
      "round_time": 0.07498645782470703,
      "client_training_time": 0.059554100036621094,
      "edge_processing_wall_time": 0.0012760162353515625,
      "total_pure_processing_time": 0.0,
      "avg_processing_per_client": 0.0,
      "server_aggregation_time": 0.0010006427764892578,
      "internal_aggregation_time": 0.0,
      "evaluation_time": 0.013155698776245117,
      "clients_processed": 30
    }
  ],
  "final_statistics": {
    "final_accuracy": 0.965,
    "best_accuracy": 0.9673333333333334,
    "total_time": 2.4078259468078613,
    "avg_round_time": 0.07984870274861654,
    "avg_client_training_time": 0.06106084982554118,
    "avg_edge_processing_wall_time": 0.0026709397633870443,
    "avg_pure_processing_time": 0.0,
    "avg_processing_per_client": 0.0,
    "avg_server_aggregation_time": 0.0003668864568074544,
    "avg_internal_aggregation_time": 0.0,
    "avg_evaluation_time": 0.015356103579203287
  },
  "timing_statistics": {
    "total_client_training_time": 1.8318254947662354,
    "total_edge_processing_wall_time": 0.08012819290161133,
    "total_pure_processing_time": 0.0,
    "total_server_aggregation_time": 0.011006593704223633,
    "total_internal_aggregation_time": 0.0,
    "total_evaluation_time": 0.46068310737609863,
    "total_time": 2.4078259468078613,
    "avg_round_time": 0.07984870274861654,
    "avg_client_training_time": 0.06106084982554118,
    "avg_edge_processing_wall_time": 0.0026709397633870443,
    "avg_pure_processing_time": 0.0,
    "avg_processing_per_client": 0.0,
    "avg_server_aggregation_time": 0.0003668864568074544,
    "avg_internal_aggregation_time": 0.0,
    "avg_evaluation_time": 0.015356103579203287
  },
  "architecture": {
    "clients": 30,
    "edge_devices": 30,
    "cloud_servers": 1,
    "data_flow": "Client \u2192 Edge \u2192 Cloud \u2192 Edge \u2192 Client"
  }
}