{
  "pipeline_type": "plaintext_edge_device_fl",
  "configuration": {
    "rounds": 60,
    "clients": 20,
    "patience": 999
  },
  "results": [
    {
      "round": 1,
      "accuracy": 0.96025,
      "f1_score": 0.9547137567644546,
      "precision": 0.9133514986376022,
      "recall": 1.0,
      "roc_auc": 0.9999232353895637,
      "pr_auc": 0.9999000939613651,
      "mae": 0.08998546377631368,
      "rmse": 0.1782165536967563,
      "ece": 0.08915862286114207,
      "mce": 0.7228231346644776,
      "round_time": 0.04598116874694824,
      "client_training_time": 0.03330516815185547,
      "edge_processing_wall_time": 0.0010197162628173828,
      "total_pure_processing_time": 0.0,
      "avg_processing_per_client": 0.0,
      "server_aggregation_time": 0.0,
      "internal_aggregation_time": 0.0,
      "evaluation_time": 0.009539365768432617,
      "clients_processed": 20
    },
    {
      "round": 2,
      "accuracy": 0.96025,
      "f1_score": 0.9547137567644546,
      "precision": 0.9133514986376022,
      "recall": 1.0,
      "roc_auc": 0.9999381261835614,
      "pr_auc": 0.9999183781754325,
      "mae": 0.08811058085707736,
      "rmse": 0.17669510080356698,
      "ece": 0.0868905777083921,
      "mce": 0.7371104942130361,
      "round_time": 0.048038482666015625,
      "client_training_time": 0.03350210189819336,
      "edge_processing_wall_time": 0.002089977264404297,
      "total_pure_processing_time": 0.0,
      "avg_processing_per_client": 0.0,
      "server_aggregation_time": 0.0,
      "internal_aggregation_time": 0.0,
      "evaluation_time": 0.012446403503417969,
      "clients_processed": 20
    },
    {
      "round": 3,
      "accuracy": 0.9555,
      "f1_score": 0.949546485260771,
      "precision": 0.9044276457883369,
      "recall": 0.9994033412887828,
      "roc_auc": 0.9999193843221506,
      "pr_auc": 0.9998962157965915,
      "mae": 0.09197367168208469,
      "rmse": 0.18166240441587045,
      "ece": 0.09074650569839562,
      "mce": 0.7360571441101428,
      "round_time": 0.04865217208862305,
      "client_training_time": 0.03395438194274902,
      "edge_processing_wall_time": 0.003074169158935547,
      "total_pure_processing_time": 0.0,
      "avg_processing_per_client": 0.0,
      "server_aggregation_time": 0.0,
      "internal_aggregation_time": 0.0,
      "evaluation_time": 0.010488033294677734,
      "clients_processed": 20
    },
    {
      "round": 4,
      "accuracy": 0.9595,
      "f1_score": 0.9538986909504837,
      "precision": 0.911860718171926,
      "recall": 1.0,
      "roc_auc": 0.9999127091386343,
      "pr_auc": 0.9998863199137966,
      "mae": 0.08953030486166227,
      "rmse": 0.1772375291565781,
      "ece": 0.08867425162743989,
      "mce": 0.7377243018326601,
      "round_time": 0.0484919548034668,
      "client_training_time": 0.03379559516906738,
      "edge_processing_wall_time": 0.0020303726196289062,
      "total_pure_processing_time": 0.0,
      "avg_processing_per_client": 0.0,
      "server_aggregation_time": 0.0,
      "internal_aggregation_time": 0.0,
      "evaluation_time": 0.011515140533447266,
      "clients_processed": 20
    },
    {
      "round": 5,
      "accuracy": 0.956,
      "f1_score": 0.9501133786848073,
      "precision": 0.9049676025917927,
      "recall": 1.0,
      "roc_auc": 0.9999481389588356,
      "pr_auc": 0.9999305083461167,
      "mae": 0.09019029363406239,
      "rmse": 0.18055501751955064,
      "ece": 0.08899190140291445,
      "mce": 0.739512246137727,
      "round_time": 0.046923160552978516,
      "client_training_time": 0.03462624549865723,
      "edge_processing_wall_time": 0.0010216236114501953,
      "total_pure_processing_time": 0.0,
      "avg_processing_per_client": 0.0,
      "server_aggregation_time": 0.001039743423461914,
      "internal_aggregation_time": 0.0,
      "evaluation_time": 0.01023554801940918,
      "clients_processed": 20
    },
    {
      "round": 6,
      "accuracy": 0.9565,
      "f1_score": 0.9506522972206466,
      "precision": 0.9059459459459459,
      "recall": 1.0,
      "roc_auc": 0.9999630297528334,
      "pr_auc": 0.9999500628480101,
      "mae": 0.09032256997324938,
      "rmse": 0.17985567317198975,
      "ece": 0.08953853341569458,
      "mce": 0.740050664212312,
      "round_time": 0.049329519271850586,
      "client_training_time": 0.034913063049316406,
      "edge_processing_wall_time": 0.0034987926483154297,
      "total_pure_processing_time": 0.0,
      "avg_processing_per_client": 0.0,
      "server_aggregation_time": 0.0006067752838134766,
      "internal_aggregation_time": 0.0,
      "evaluation_time": 0.010310888290405273,
      "clients_processed": 20
    },
    {
      "round": 7,
      "accuracy": 0.9555,
      "f1_score": 0.9495750708215297,
      "precision": 0.9039913700107874,
      "recall": 1.0,
      "roc_auc": 0.9999496793858009,
      "pr_auc": 0.9999327296982823,
      "mae": 0.09061978015130162,
      "rmse": 0.1809613134664865,
      "ece": 0.08983815915289246,
      "mce": 0.7264193666909871,
      "round_time": 0.04107975959777832,
      "client_training_time": 0.026516437530517578,
      "edge_processing_wall_time": 0.0010371208190917969,
      "total_pure_processing_time": 0.0,
      "avg_processing_per_client": 0.0,
      "server_aggregation_time": 0.0,
      "internal_aggregation_time": 0.0,
      "evaluation_time": 0.013526201248168945,
      "clients_processed": 20
    },
    {
      "round": 8,
      "accuracy": 0.95525,
      "f1_score": 0.9493061455678278,
      "precision": 0.9035040431266846,
      "recall": 1.0,
      "roc_auc": 0.9999347885918033,
      "pr_auc": 0.9999147789375427,
      "mae": 0.09058913247308548,
      "rmse": 0.18169750457243816,
      "ece": 0.08869948500454365,
      "mce": 0.7520448084309732,
      "round_time": 0.0491328239440918,
      "client_training_time": 0.03642535209655762,
      "edge_processing_wall_time": 0.00203704833984375,
      "total_pure_processing_time": 0.0,
      "avg_processing_per_client": 0.0,
      "server_aggregation_time": 0.0,
      "internal_aggregation_time": 0.0,
      "evaluation_time": 0.01067042350769043,
      "clients_processed": 20
    },
    {
      "round": 9,
      "accuracy": 0.959,
      "f1_score": 0.9533295389869095,
      "precision": 0.911316648531012,
      "recall": 0.9994033412887828,
      "roc_auc": 0.9999181006330128,
      "pr_auc": 0.9998949451824428,
      "mae": 0.08943514200167514,
      "rmse": 0.17890808491491214,
      "ece": 0.088192267087306,
      "mce": 0.7386920866111882,
      "round_time": 0.04682493209838867,
      "client_training_time": 0.035172224044799805,
      "edge_processing_wall_time": 0.0020203590393066406,
      "total_pure_processing_time": 0.0,
      "avg_processing_per_client": 0.0,
      "server_aggregation_time": 0.0010390281677246094,
      "internal_aggregation_time": 0.0,
      "evaluation_time": 0.008593320846557617,
      "clients_processed": 20
    },
    {
      "round": 10,
      "accuracy": 0.95425,
      "f1_score": 0.9482026606283611,
      "precision": 0.9019924609585352,
      "recall": 0.9994033412887828,
      "roc_auc": 0.9999111687116691,
      "pr_auc": 0.999886744314425,
      "mae": 0.09050628056357365,
      "rmse": 0.18114119138786552,
      "ece": 0.08925184494226357,
      "mce": 0.7344109543817721,
      "round_time": 0.05750703811645508,
      "client_training_time": 0.036501169204711914,
      "edge_processing_wall_time": 0.002992868423461914,
      "total_pure_processing_time": 0.0,
      "avg_processing_per_client": 0.0,
      "server_aggregation_time": 0.0009980201721191406,
      "internal_aggregation_time": 0.0,
      "evaluation_time": 0.016020774841308594,
      "clients_processed": 20
    },
    {
      "round": 11,
      "accuracy": 0.9545,
      "f1_score": 0.9485002829654782,
      "precision": 0.9020452099031216,
      "recall": 1.0,
      "roc_auc": 0.999930424048735,
      "pr_auc": 0.9999085675672371,
      "mae": 0.09104022254407355,
      "rmse": 0.18138061784857124,
      "ece": 0.09022710930129234,
      "mce": 0.7294740070630917,
      "round_time": 0.05461430549621582,
      "client_training_time": 0.039385080337524414,
      "edge_processing_wall_time": 0.0024957656860351562,
      "total_pure_processing_time": 0.0,
      "avg_processing_per_client": 0.0,
      "server_aggregation_time": 0.0,
      "internal_aggregation_time": 0.0,
      "evaluation_time": 0.011676311492919922,
      "clients_processed": 20
    },
    {
      "round": 12,
      "accuracy": 0.95925,
      "f1_score": 0.9536009109023627,
      "precision": 0.9118127381600436,
      "recall": 0.9994033412887828,
      "roc_auc": 0.9999178438951852,
      "pr_auc": 0.9998943283914004,
      "mae": 0.08951864789344749,
      "rmse": 0.17770550863454168,
      "ece": 0.08827459205014118,
      "mce": 0.7425085013449709,
      "round_time": 0.05244112014770508,
      "client_training_time": 0.03946709632873535,
      "edge_processing_wall_time": 0.001013040542602539,
      "total_pure_processing_time": 0.0,
      "avg_processing_per_client": 0.0,
      "server_aggregation_time": 0.0010592937469482422,
      "internal_aggregation_time": 0.0,
      "evaluation_time": 0.008596420288085938,
      "clients_processed": 20
    },
    {
      "round": 13,
      "accuracy": 0.95925,
      "f1_score": 0.9536273115220484,
      "precision": 0.9113648722131593,
      "recall": 1.0,
      "roc_auc": 0.9999196410599781,
      "pr_auc": 0.9998947266730503,
      "mae": 0.0885720945929263,
      "rmse": 0.177046855294843,
      "ece": 0.08732178480244607,
      "mce": 0.7338680769040324,
      "round_time": 0.047884464263916016,
      "client_training_time": 0.0341031551361084,
      "edge_processing_wall_time": 0.002226591110229492,
      "total_pure_processing_time": 0.0,
      "avg_processing_per_client": 0.0,
      "server_aggregation_time": 0.0010669231414794922,
      "internal_aggregation_time": 0.0,
      "evaluation_time": 0.010487794876098633,
      "clients_processed": 20
    },
    {
      "round": 14,
      "accuracy": 0.9545,
      "f1_score": 0.948471121177803,
      "precision": 0.9024784482758621,
      "recall": 0.9994033412887828,
      "roc_auc": 0.9999114254494966,
      "pr_auc": 0.999888085546772,
      "mae": 0.09042503423782546,
      "rmse": 0.18114965923812187,
      "ece": 0.08920741321198039,
      "mce": 0.7371447964487003,
      "round_time": 0.049588680267333984,
      "client_training_time": 0.0358273983001709,
      "edge_processing_wall_time": 0.0022172927856445312,
      "total_pure_processing_time": 0.0,
      "avg_processing_per_client": 0.0,
      "server_aggregation_time": 0.0,
      "internal_aggregation_time": 0.0,
      "evaluation_time": 0.011543989181518555,
      "clients_processed": 20
    },
    {
      "round": 15,
      "accuracy": 0.95625,
      "f1_score": 0.950354609929078,
      "precision": 0.905895078420768,
      "recall": 0.9994033412887828,
      "roc_auc": 0.9999317077378727,
      "pr_auc": 0.9999118278207473,
      "mae": 0.09013412789353262,
      "rmse": 0.18027053971907173,
      "ece": 0.08933218305387437,
      "mce": 0.736161168049728,
      "round_time": 0.08206486701965332,
      "client_training_time": 0.037050724029541016,
      "edge_processing_wall_time": 0.0021941661834716797,
      "total_pure_processing_time": 0.0,
      "avg_processing_per_client": 0.0,
      "server_aggregation_time": 0.0014452934265136719,
      "internal_aggregation_time": 0.0,
      "evaluation_time": 0.03936481475830078,
      "clients_processed": 20
    },
    {
      "round": 16,
      "accuracy": 0.9575,
      "f1_score": 0.9517319704713231,
      "precision": 0.9079089924160346,
      "recall": 1.0,
      "roc_auc": 0.9999342751161482,
      "pr_auc": 0.9999133687996112,
      "mae": 0.0910691483507887,
      "rmse": 0.18068125238615507,
      "ece": 0.09024814835112004,
      "mce": 0.7326893283442772,
      "round_time": 0.051721811294555664,
      "client_training_time": 0.036688804626464844,
      "edge_processing_wall_time": 0.0021448135375976562,
      "total_pure_processing_time": 0.0,
      "avg_processing_per_client": 0.0,
      "server_aggregation_time": 0.0010306835174560547,
      "internal_aggregation_time": 0.0,
      "evaluation_time": 0.01185750961303711,
      "clients_processed": 20
    },
    {
      "round": 17,
      "accuracy": 0.953,
      "f1_score": 0.9468626342566422,
      "precision": 0.8995703544575725,
      "recall": 0.9994033412887828,
      "roc_auc": 0.9999088580712211,
      "pr_auc": 0.9998839662265593,
      "mae": 0.09250964221017988,
      "rmse": 0.1831821681600103,
      "ece": 0.09166157590510411,
      "mce": 0.7399783931825793,
      "round_time": 0.04824423789978027,
      "client_training_time": 0.032866716384887695,
      "edge_processing_wall_time": 0.002557992935180664,
      "total_pure_processing_time": 0.0,
      "avg_processing_per_client": 0.0,
      "server_aggregation_time": 0.001003265380859375,
      "internal_aggregation_time": 0.0,
      "evaluation_time": 0.011816263198852539,
      "clients_processed": 20
    },
    {
      "round": 18,
      "accuracy": 0.95825,
      "f1_score": 0.952516349161217,
      "precision": 0.9098316132536665,
      "recall": 0.9994033412887828,
      "roc_auc": 0.9999091148090486,
      "pr_auc": 0.9998823582036558,
      "mae": 0.09095211382595994,
      "rmse": 0.1802763339674222,
      "ece": 0.08928563178787463,
      "mce": 0.7330471924268261,
      "round_time": 0.04677605628967285,
      "client_training_time": 0.032694101333618164,
      "edge_processing_wall_time": 0.001047372817993164,
      "total_pure_processing_time": 0.0,
      "avg_processing_per_client": 0.0,
      "server_aggregation_time": 0.0,
      "internal_aggregation_time": 0.0,
      "evaluation_time": 0.011950969696044922,
      "clients_processed": 20
    },
    {
      "round": 19,
      "accuracy": 0.96025,
      "f1_score": 0.9547137567644546,
      "precision": 0.9133514986376022,
      "recall": 1.0,
      "roc_auc": 0.9999519900262488,
      "pr_auc": 0.9999355620424627,
      "mae": 0.08933908571345495,
      "rmse": 0.17702335840298203,
      "ece": 0.0885360460401326,
      "mce": 0.7403282680149617,
      "round_time": 0.046422719955444336,
      "client_training_time": 0.033472537994384766,
      "edge_processing_wall_time": 0.002093076705932617,
      "total_pure_processing_time": 0.0,
      "avg_processing_per_client": 0.0,
      "server_aggregation_time": 0.0,
      "internal_aggregation_time": 0.0,
      "evaluation_time": 0.010857105255126953,
      "clients_processed": 20
    },
    {
      "round": 20,
      "accuracy": 0.9595,
      "f1_score": 0.9538986909504837,
      "precision": 0.911860718171926,
      "recall": 1.0,
      "roc_auc": 0.9999560978314895,
      "pr_auc": 0.9999409115283548,
      "mae": 0.0908321302405686,
      "rmse": 0.17981962836830773,
      "ece": 0.08965114182635354,
      "mce": 0.7406938187822864,
      "round_time": 0.04357576370239258,
      "client_training_time": 0.03264045715332031,
      "edge_processing_wall_time": 0.002416849136352539,
      "total_pure_processing_time": 0.0,
      "avg_processing_per_client": 0.0,
      "server_aggregation_time": 0.0,
      "internal_aggregation_time": 0.0,
      "evaluation_time": 0.008518457412719727,
      "clients_processed": 20
    },
    {
      "round": 21,
      "accuracy": 0.95425,
      "f1_score": 0.9482319660537483,
      "precision": 0.9015599784830554,
      "recall": 1.0,
      "roc_auc": 0.9999519900262489,
      "pr_auc": 0.9999358386387319,
      "mae": 0.09301741453328483,
      "rmse": 0.1832892238773127,
      "ece": 0.09225693360428752,
      "mce": 0.7286774897268689,
      "round_time": 0.04754042625427246,
      "client_training_time": 0.03463029861450195,
      "edge_processing_wall_time": 0.0032024383544921875,
      "total_pure_processing_time": 0.0,
      "avg_processing_per_client": 0.0,
      "server_aggregation_time": 0.0010573863983154297,
      "internal_aggregation_time": 0.0,
      "evaluation_time": 0.00865030288696289,
      "clients_processed": 20
    },
    {
      "round": 22,
      "accuracy": 0.96,
      "f1_score": 0.9544159544159544,
      "precision": 0.9133042529989095,
      "recall": 0.9994033412887828,
      "roc_auc": 0.9999255460300116,
      "pr_auc": 0.9999030580631173,
      "mae": 0.0909049452570343,
      "rmse": 0.17829709658168535,
      "ece": 0.0900484232806272,
      "mce": 0.7218852501579847,
      "round_time": 0.04693889617919922,
      "client_training_time": 0.03409981727600098,
      "edge_processing_wall_time": 0.0010383129119873047,
      "total_pure_processing_time": 0.0,
      "avg_processing_per_client": 0.0,
      "server_aggregation_time": 0.0,
      "internal_aggregation_time": 0.0,
      "evaluation_time": 0.010754823684692383,
      "clients_processed": 20
    },
    {
      "round": 23,
      "accuracy": 0.954,
      "f1_score": 0.9479638009049773,
      "precision": 0.9010752688172043,
      "recall": 1.0,
      "roc_auc": 0.9999273431948045,
      "pr_auc": 0.999905972880886,
      "mae": 0.09181952162248543,
      "rmse": 0.18399905375482606,
      "ece": 0.09071460573059759,
      "mce": 0.7395722173946273,
      "round_time": 0.047054290771484375,
      "client_training_time": 0.03325390815734863,
      "edge_processing_wall_time": 0.0010581016540527344,
      "total_pure_processing_time": 0.0,
      "avg_processing_per_client": 0.0,
      "server_aggregation_time": 0.0,
      "internal_aggregation_time": 0.0,
      "evaluation_time": 0.011698722839355469,
      "clients_processed": 20
    },
    {
      "round": 24,
      "accuracy": 0.95575,
      "f1_score": 0.9498441484839898,
      "precision": 0.9044792228818133,
      "recall": 1.0,
      "roc_auc": 0.9999445446292501,
      "pr_auc": 0.9999263010492081,
      "mae": 0.08912512329910845,
      "rmse": 0.17930119212911025,
      "ece": 0.08832454513610986,
      "mce": 0.738283692530568,
      "round_time": 0.049187660217285156,
      "client_training_time": 0.03525185585021973,
      "edge_processing_wall_time": 0.0021212100982666016,
      "total_pure_processing_time": 0.0,
      "avg_processing_per_client": 0.0,
      "server_aggregation_time": 0.0010402202606201172,
      "internal_aggregation_time": 0.0,
      "evaluation_time": 0.010774374008178711,
      "clients_processed": 20
    },
    {
      "round": 25,
      "accuracy": 0.955,
      "f1_score": 0.9490373725934315,
      "precision": 0.9030172413793104,
      "recall": 1.0,
      "roc_auc": 0.9999299105730799,
      "pr_auc": 0.9999089953680316,
      "mae": 0.09148865833397986,
      "rmse": 0.18197393608483733,
      "ece": 0.0902857505426899,
      "mce": 0.7432873708352699,
      "round_time": 0.05833888053894043,
      "client_training_time": 0.04085206985473633,
      "edge_processing_wall_time": 0.0045299530029296875,
      "total_pure_processing_time": 0.0,
      "avg_processing_per_client": 0.0,
      "server_aggregation_time": 0.0,
      "internal_aggregation_time": 0.0,
      "evaluation_time": 0.011913299560546875,
      "clients_processed": 20
    },
    {
      "round": 26,
      "accuracy": 0.9515,
      "f1_score": 0.9452904681331077,
      "precision": 0.8962566844919786,
      "recall": 1.0,
      "roc_auc": 0.9999363290187685,
      "pr_auc": 0.9999173173210356,
      "mae": 0.0923280564715555,
      "rmse": 0.18342504846142846,
      "ece": 0.09154786631312765,
      "mce": 0.7349922916996272,
      "round_time": 0.04760479927062988,
      "client_training_time": 0.03355884552001953,
      "edge_processing_wall_time": 0.0021016597747802734,
      "total_pure_processing_time": 0.0,
      "avg_processing_per_client": 0.0,
      "server_aggregation_time": 0.001058816909790039,
      "internal_aggregation_time": 0.0,
      "evaluation_time": 0.00984501838684082,
      "clients_processed": 20
    },
    {
      "round": 27,
      "accuracy": 0.952,
      "f1_score": 0.945823927765237,
      "precision": 0.8972162740899358,
      "recall": 1.0,
      "roc_auc": 0.9999373559700787,
      "pr_auc": 0.9999184086812016,
      "mae": 0.0922936460935792,
      "rmse": 0.18474451746424714,
      "ece": 0.09131706330647599,
      "mce": 0.7442934167064233,
      "round_time": 0.06365466117858887,
      "client_training_time": 0.04404902458190918,
      "edge_processing_wall_time": 0.002138376235961914,
      "total_pure_processing_time": 0.0,
      "avg_processing_per_client": 0.0,
      "server_aggregation_time": 0.0010411739349365234,
      "internal_aggregation_time": 0.0,
      "evaluation_time": 0.01642608642578125,
      "clients_processed": 20
    },
    {
      "round": 28,
      "accuracy": 0.95575,
      "f1_score": 0.9498157074000567,
      "precision": 0.9049162614802809,
      "recall": 0.9994033412887828,
      "roc_auc": 0.9998934538015684,
      "pr_auc": 0.9998630703156355,
      "mae": 0.09035417745484098,
      "rmse": 0.18070289284430316,
      "ece": 0.08905895999525594,
      "mce": 0.7466680354018375,
      "round_time": 0.06552553176879883,
      "client_training_time": 0.04923391342163086,
      "edge_processing_wall_time": 0.0022361278533935547,
      "total_pure_processing_time": 0.0,
      "avg_processing_per_client": 0.0,
      "server_aggregation_time": 0.0,
      "internal_aggregation_time": 0.0,
      "evaluation_time": 0.014055490493774414,
      "clients_processed": 20
    },
    {
      "round": 29,
      "accuracy": 0.95775,
      "f1_score": 0.951974992895709,
      "precision": 0.9088442756375474,
      "recall": 0.9994033412887828,
      "roc_auc": 0.9999165602060475,
      "pr_auc": 0.9998928315275747,
      "mae": 0.08949226833420641,
      "rmse": 0.17894157111091233,
      "ece": 0.08865391438280018,
      "mce": 0.7336091146073798,
      "round_time": 0.057149648666381836,
      "client_training_time": 0.04037046432495117,
      "edge_processing_wall_time": 0.0021033287048339844,
      "total_pure_processing_time": 0.0,
      "avg_processing_per_client": 0.0,
      "server_aggregation_time": 0.0,
      "internal_aggregation_time": 0.0,
      "evaluation_time": 0.01467585563659668,
      "clients_processed": 20
    },
    {
      "round": 30,
      "accuracy": 0.9525,
      "f1_score": 0.9463579898362507,
      "precision": 0.8981779206859593,
      "recall": 1.0,
      "roc_auc": 0.9999424907266297,
      "pr_auc": 0.9999248327015033,
      "mae": 0.09064326776888802,
      "rmse": 0.1821354682190995,
      "ece": 0.08986807608434151,
      "mce": 0.7393336500987553,
      "round_time": 0.07761573791503906,
      "client_training_time": 0.05356121063232422,
      "edge_processing_wall_time": 0.0028388500213623047,
      "total_pure_processing_time": 0.0,
      "avg_processing_per_client": 0.0,
      "server_aggregation_time": 0.001129150390625,
      "internal_aggregation_time": 0.0,
      "evaluation_time": 0.019069910049438477,
      "clients_processed": 20
    },
    {
      "round": 31,
      "accuracy": 0.958,
      "f1_score": 0.9522455940875497,
      "precision": 0.9093376764386536,
      "recall": 0.9994033412887828,
      "roc_auc": 0.9999214382247709,
      "pr_auc": 0.999899630896921,
      "mae": 0.09103297982173106,
      "rmse": 0.1798817519804842,
      "ece": 0.09019839391664167,
      "mce": 0.7302942774183414,
      "round_time": 0.06660580635070801,
      "client_training_time": 0.04610419273376465,
      "edge_processing_wall_time": 0.003530263900756836,
      "total_pure_processing_time": 0.0,
      "avg_processing_per_client": 0.0,
      "server_aggregation_time": 0.0,
      "internal_aggregation_time": 0.0,
      "evaluation_time": 0.016971349716186523,
      "clients_processed": 20
    },
    {
      "round": 32,
      "accuracy": 0.957,
      "f1_score": 0.9511918274687855,
      "precision": 0.9069264069264069,
      "recall": 1.0,
      "roc_auc": 0.9999409502996643,
      "pr_auc": 0.9999219724273406,
      "mae": 0.09043873985207534,
      "rmse": 0.17968937913424243,
      "ece": 0.08963345491479241,
      "mce": 0.73808290396846,
      "round_time": 0.06491565704345703,
      "client_training_time": 0.046259164810180664,
      "edge_processing_wall_time": 0.003136157989501953,
      "total_pure_processing_time": 0.0,
      "avg_processing_per_client": 0.0,
      "server_aggregation_time": 0.0,
      "internal_aggregation_time": 0.0,
      "evaluation_time": 0.015520334243774414,
      "clients_processed": 20
    },
    {
      "round": 33,
      "accuracy": 0.9595,
      "f1_score": 0.9538986909504837,
      "precision": 0.911860718171926,
      "recall": 1.0,
      "roc_auc": 0.9999306807865626,
      "pr_auc": 0.9999091063783621,
      "mae": 0.08971388883884104,
      "rmse": 0.1778634621423391,
      "ece": 0.08888263613637067,
      "mce": 0.7336885365045539,
      "round_time": 0.07480287551879883,
      "client_training_time": 0.055330753326416016,
      "edge_processing_wall_time": 0.0010480880737304688,
      "total_pure_processing_time": 0.0,
      "avg_processing_per_client": 0.0,
      "server_aggregation_time": 0.001046895980834961,
      "internal_aggregation_time": 0.0,
      "evaluation_time": 0.017377138137817383,
      "clients_processed": 20
    },
    {
      "round": 34,
      "accuracy": 0.96,
      "f1_score": 0.9544419134396356,
      "precision": 0.9128540305010894,
      "recall": 1.0,
      "roc_auc": 0.9999453148427326,
      "pr_auc": 0.9999273459430552,
      "mae": 0.08972006387891937,
      "rmse": 0.17835622940174642,
      "ece": 0.08893206484648714,
      "mce": 0.7363074871460333,
      "round_time": 0.09038734436035156,
      "client_training_time": 0.06555366516113281,
      "edge_processing_wall_time": 0.004252433776855469,
      "total_pure_processing_time": 0.0,
      "avg_processing_per_client": 0.0,
      "server_aggregation_time": 0.0010383129119873047,
      "internal_aggregation_time": 0.0,
      "evaluation_time": 0.019542932510375977,
      "clients_processed": 20
    },
    {
      "round": 35,
      "accuracy": 0.95525,
      "f1_score": 0.9492774156984981,
      "precision": 0.9039395574743659,
      "recall": 0.9994033412887828,
      "roc_auc": 0.999919641059978,
      "pr_auc": 0.9998966545202009,
      "mae": 0.09164897301521728,
      "rmse": 0.18223262729505038,
      "ece": 0.0904221459810556,
      "mce": 0.7312505255319381,
      "round_time": 0.08002233505249023,
      "client_training_time": 0.057160139083862305,
      "edge_processing_wall_time": 0.003047943115234375,
      "total_pure_processing_time": 0.0,
      "avg_processing_per_client": 0.0,
      "server_aggregation_time": 0.0015628337860107422,
      "internal_aggregation_time": 0.0,
      "evaluation_time": 0.016673564910888672,
      "clients_processed": 20
    },
    {
      "round": 36,
      "accuracy": 0.9575,
      "f1_score": 0.9517319704713231,
      "precision": 0.9079089924160346,
      "recall": 1.0,
      "roc_auc": 0.9999465985318704,
      "pr_auc": 0.999928970857507,
      "mae": 0.09069162909579259,
      "rmse": 0.17978678204568255,
      "ece": 0.089101952170272,
      "mce": 0.7413962937837855,
      "round_time": 0.06149101257324219,
      "client_training_time": 0.04220271110534668,
      "edge_processing_wall_time": 0.0032618045806884766,
      "total_pure_processing_time": 0.0,
      "avg_processing_per_client": 0.0,
      "server_aggregation_time": 0.0,
      "internal_aggregation_time": 0.0,
      "evaluation_time": 0.01602649688720703,
      "clients_processed": 20
    },
    {
      "round": 37,
      "accuracy": 0.95675,
      "f1_score": 0.9508941243258586,
      "precision": 0.9068760151597185,
      "recall": 0.9994033412887828,
      "roc_auc": 0.9999170736817026,
      "pr_auc": 0.9998936560408805,
      "mae": 0.09036824791623353,
      "rmse": 0.1804661344282086,
      "ece": 0.08953635514923622,
      "mce": 0.7351882479649471,
      "round_time": 0.06952285766601562,
      "client_training_time": 0.051163673400878906,
      "edge_processing_wall_time": 0.00432586669921875,
      "total_pure_processing_time": 0.0,
      "avg_processing_per_client": 0.0,
      "server_aggregation_time": 0.0,
      "internal_aggregation_time": 0.0,
      "evaluation_time": 0.014033317565917969,
      "clients_processed": 20
    },
    {
      "round": 38,
      "accuracy": 0.95,
      "f1_score": 0.9436619718309859,
      "precision": 0.8938100320170758,
      "recall": 0.9994033412887828,
      "roc_auc": 0.9999044935281528,
      "pr_auc": 0.9998787264705652,
      "mae": 0.09393975610752867,
      "rmse": 0.18582653432839788,
      "ece": 0.09270358843996254,
      "mce": 0.7252102926651068,
      "round_time": 0.07171893119812012,
      "client_training_time": 0.05172586441040039,
      "edge_processing_wall_time": 0.003229379653930664,
      "total_pure_processing_time": 0.0,
      "avg_processing_per_client": 0.0,
      "server_aggregation_time": 0.0010576248168945312,
      "internal_aggregation_time": 0.0,
      "evaluation_time": 0.01570606231689453,
      "clients_processed": 20
    },
    {
      "round": 39,
      "accuracy": 0.95425,
      "f1_score": 0.9482319660537483,
      "precision": 0.9015599784830554,
      "recall": 1.0,
      "roc_auc": 0.9999584084719375,
      "pr_auc": 0.9999442654706626,
      "mae": 0.09098939380288001,
      "rmse": 0.1816088300393186,
      "ece": 0.09023871745806798,
      "mce": 0.7498625376817594,
      "round_time": 0.06226158142089844,
      "client_training_time": 0.04674267768859863,
      "edge_processing_wall_time": 0.0020995140075683594,
      "total_pure_processing_time": 0.0,
      "avg_processing_per_client": 0.0,
      "server_aggregation_time": 0.0,
      "internal_aggregation_time": 0.0,
      "evaluation_time": 0.013419389724731445,
      "clients_processed": 20
    },
    {
      "round": 40,
      "accuracy": 0.9605,
      "f1_score": 0.954985754985755,
      "precision": 0.9138495092693566,
      "recall": 1.0,
      "roc_auc": 0.9999432609401123,
      "pr_auc": 0.9999254384483437,
      "mae": 0.08916593679440003,
      "rmse": 0.17836159323409947,
      "ece": 0.08837186416739608,
      "mce": 0.728951072035538,
      "round_time": 0.06595396995544434,
      "client_training_time": 0.05026745796203613,
      "edge_processing_wall_time": 0.002092599868774414,
      "total_pure_processing_time": 0.0,
      "avg_processing_per_client": 0.0,
      "server_aggregation_time": 0.0010461807250976562,
      "internal_aggregation_time": 0.0,
      "evaluation_time": 0.012547731399536133,
      "clients_processed": 20
    },
    {
      "round": 41,
      "accuracy": 0.95575,
      "f1_score": 0.9498441484839898,
      "precision": 0.9044792228818133,
      "recall": 1.0,
      "roc_auc": 0.9999458283183879,
      "pr_auc": 0.9999276059057869,
      "mae": 0.09145031009150902,
      "rmse": 0.18198120744037696,
      "ece": 0.09066151993752636,
      "mce": 0.7315904328660289,
      "round_time": 0.06829428672790527,
      "client_training_time": 0.04249262809753418,
      "edge_processing_wall_time": 0.004294395446777344,
      "total_pure_processing_time": 0.0,
      "avg_processing_per_client": 0.0,
      "server_aggregation_time": 0.0006697177886962891,
      "internal_aggregation_time": 0.0,
      "evaluation_time": 0.01976752281188965,
      "clients_processed": 20
    },
    {
      "round": 42,
      "accuracy": 0.95775,
      "f1_score": 0.951974992895709,
      "precision": 0.9088442756375474,
      "recall": 0.9994033412887828,
      "roc_auc": 0.9999299105730799,
      "pr_auc": 0.9999093882372745,
      "mae": 0.09032677541743217,
      "rmse": 0.179394641949455,
      "ece": 0.08950536714192098,
      "mce": 0.7425550215051178,
      "round_time": 0.07736396789550781,
      "client_training_time": 0.055104732513427734,
      "edge_processing_wall_time": 0.00350189208984375,
      "total_pure_processing_time": 0.0,
      "avg_processing_per_client": 0.0,
      "server_aggregation_time": 0.0,
      "internal_aggregation_time": 0.0,
      "evaluation_time": 0.017700910568237305,
      "clients_processed": 20
    },
    {
      "round": 43,
      "accuracy": 0.95675,
      "f1_score": 0.9508941243258586,
      "precision": 0.9068760151597185,
      "recall": 0.9994033412887828,
      "roc_auc": 0.9999016694120498,
      "pr_auc": 0.9998728675372363,
      "mae": 0.08934706233203735,
      "rmse": 0.17792725343553667,
      "ece": 0.0876432813508886,
      "mce": 0.7287301824494968,
      "round_time": 0.09446239471435547,
      "client_training_time": 0.060662031173706055,
      "edge_processing_wall_time": 0.004240989685058594,
      "total_pure_processing_time": 0.0,
      "avg_processing_per_client": 0.0,
      "server_aggregation_time": 0.0010561943054199219,
      "internal_aggregation_time": 0.0,
      "evaluation_time": 0.0285031795501709,
      "clients_processed": 20
    },
    {
      "round": 44,
      "accuracy": 0.9565,
      "f1_score": 0.9506522972206466,
      "precision": 0.9059459459459459,
      "recall": 1.0,
      "roc_auc": 0.999944031153595,
      "pr_auc": 0.9999268178445868,
      "mae": 0.08939751313944165,
      "rmse": 0.17934563810978285,
      "ece": 0.08862411987595484,
      "mce": 0.7389785353400341,
      "round_time": 0.09762048721313477,
      "client_training_time": 0.0691385269165039,
      "edge_processing_wall_time": 0.005535125732421875,
      "total_pure_processing_time": 0.0,
      "avg_processing_per_client": 0.0,
      "server_aggregation_time": 0.0010638236999511719,
      "internal_aggregation_time": 0.0,
      "evaluation_time": 0.021134138107299805,
      "clients_processed": 20
    },
    {
      "round": 45,
      "accuracy": 0.954,
      "f1_score": 0.9479638009049773,
      "precision": 0.9010752688172043,
      "recall": 1.0,
      "roc_auc": 0.9999558410936621,
      "pr_auc": 0.999940991655502,
      "mae": 0.09232764718635937,
      "rmse": 0.18391200130114338,
      "ece": 0.09118471135450756,
      "mce": 0.7272678120101211,
      "round_time": 0.0651555061340332,
      "client_training_time": 0.047977447509765625,
      "edge_processing_wall_time": 0.0014567375183105469,
      "total_pure_processing_time": 0.0,
      "avg_processing_per_client": 0.0,
      "server_aggregation_time": 0.0,
      "internal_aggregation_time": 0.0,
      "evaluation_time": 0.01572132110595703,
      "clients_processed": 20
    },
    {
      "round": 46,
      "accuracy": 0.957,
      "f1_score": 0.9511641113003975,
      "precision": 0.9073672806067172,
      "recall": 0.9994033412887828,
      "roc_auc": 0.9999224651760811,
      "pr_auc": 0.9998998996191508,
      "mae": 0.08978804714989201,
      "rmse": 0.17980763363892235,
      "ece": 0.08854660226159203,
      "mce": 0.7423659886784975,
      "round_time": 0.06312894821166992,
      "client_training_time": 0.04611825942993164,
      "edge_processing_wall_time": 0.0023043155670166016,
      "total_pure_processing_time": 0.0,
      "avg_processing_per_client": 0.0,
      "server_aggregation_time": 0.0011053085327148438,
      "internal_aggregation_time": 0.0,
      "evaluation_time": 0.013601064682006836,
      "clients_processed": 20
    },
    {
      "round": 47,
      "accuracy": 0.9585,
      "f1_score": 0.9528140989198408,
      "precision": 0.9098805646036916,
      "recall": 1.0,
      "roc_auc": 0.999941207037492,
      "pr_auc": 0.9999223679031664,
      "mae": 0.0916159083992473,
      "rmse": 0.18053655879219302,
      "ece": 0.09080958251153273,
      "mce": 0.7248288378042346,
      "round_time": 0.07093310356140137,
      "client_training_time": 0.044821739196777344,
      "edge_processing_wall_time": 0.003250598907470703,
      "total_pure_processing_time": 0.0,
      "avg_processing_per_client": 0.0,
      "server_aggregation_time": 0.0015118122100830078,
      "internal_aggregation_time": 0.0,
      "evaluation_time": 0.021348953247070312,
      "clients_processed": 20
    },
    {
      "round": 48,
      "accuracy": 0.958,
      "f1_score": 0.9522727272727273,
      "precision": 0.9088937093275488,
      "recall": 1.0,
      "roc_auc": 0.9999424907266297,
      "pr_auc": 0.9999243411319294,
      "mae": 0.08889715689933772,
      "rmse": 0.17884439979465713,
      "ece": 0.08810889985677152,
      "mce": 0.7425193985971819,
      "round_time": 0.08045578002929688,
      "client_training_time": 0.05537247657775879,
      "edge_processing_wall_time": 0.0022644996643066406,
      "total_pure_processing_time": 0.0,
      "avg_processing_per_client": 0.0,
      "server_aggregation_time": 0.0,
      "internal_aggregation_time": 0.0,
      "evaluation_time": 0.02144312858581543,
      "clients_processed": 20
    },
    {
      "round": 49,
      "accuracy": 0.9545,
      "f1_score": 0.948471121177803,
      "precision": 0.9024784482758621,
      "recall": 0.9994033412887828,
      "roc_auc": 0.999930424048735,
      "pr_auc": 0.9999105676099722,
      "mae": 0.08974967864576044,
      "rmse": 0.1799209693110983,
      "ece": 0.08895786642287147,
      "mce": 0.7437201300883549,
      "round_time": 0.07216906547546387,
      "client_training_time": 0.05284476280212402,
      "edge_processing_wall_time": 0.003160715103149414,
      "total_pure_processing_time": 0.0,
      "avg_processing_per_client": 0.0,
      "server_aggregation_time": 0.0,
      "internal_aggregation_time": 0.0,
      "evaluation_time": 0.01616358757019043,
      "clients_processed": 20
    },
    {
      "round": 50,
      "accuracy": 0.95725,
      "f1_score": 0.9514618223105308,
      "precision": 0.9074174336762317,
      "recall": 1.0,
      "roc_auc": 0.9999150197790821,
      "pr_auc": 0.9998894307593614,
      "mae": 0.09001570340070952,
      "rmse": 0.17975745573825305,
      "ece": 0.08877120745474695,
      "mce": 0.7401876814052758,
      "round_time": 0.07674312591552734,
      "client_training_time": 0.05500078201293945,
      "edge_processing_wall_time": 0.0036072731018066406,
      "total_pure_processing_time": 0.0,
      "avg_processing_per_client": 0.0,
      "server_aggregation_time": 0.0,
      "internal_aggregation_time": 0.0,
      "evaluation_time": 0.01813507080078125,
      "clients_processed": 20
    },
    {
      "round": 51,
      "accuracy": 0.95725,
      "f1_score": 0.9514342516330588,
      "precision": 0.907859078590786,
      "recall": 0.9994033412887828,
      "roc_auc": 0.9999240056030464,
      "pr_auc": 0.9999020988064808,
      "mae": 0.08852913928624079,
      "rmse": 0.17828458780139037,
      "ece": 0.08729207263313885,
      "mce": 0.7331771052846212,
      "round_time": 0.07667398452758789,
      "client_training_time": 0.050191402435302734,
      "edge_processing_wall_time": 0.003378629684448242,
      "total_pure_processing_time": 0.0,
      "avg_processing_per_client": 0.0,
      "server_aggregation_time": 0.0011050701141357422,
      "internal_aggregation_time": 0.0,
      "evaluation_time": 0.020987987518310547,
      "clients_processed": 20
    },
    {
      "round": 52,
      "accuracy": 0.95925,
      "f1_score": 0.9536273115220484,
      "precision": 0.9113648722131593,
      "recall": 1.0,
      "roc_auc": 0.999921951700426,
      "pr_auc": 0.999897732684774,
      "mae": 0.08977474088533183,
      "rmse": 0.17853649303491967,
      "ece": 0.08892707753767783,
      "mce": 0.7347043774655974,
      "round_time": 0.08798599243164062,
      "client_training_time": 0.06855607032775879,
      "edge_processing_wall_time": 0.0028934478759765625,
      "total_pure_processing_time": 0.0,
      "avg_processing_per_client": 0.0,
      "server_aggregation_time": 0.0010335445404052734,
      "internal_aggregation_time": 0.0,
      "evaluation_time": 0.015140533447265625,
      "clients_processed": 20
    },
    {
      "round": 53,
      "accuracy": 0.9585,
      "f1_score": 0.9528140989198408,
      "precision": 0.9098805646036916,
      "recall": 1.0,
      "roc_auc": 0.9999363290187685,
      "pr_auc": 0.9999157117013107,
      "mae": 0.0905178391491196,
      "rmse": 0.18010941238005032,
      "ece": 0.08971743366232662,
      "mce": 0.7220498123112276,
      "round_time": 0.06187582015991211,
      "client_training_time": 0.04921412467956543,
      "edge_processing_wall_time": 0.0020241737365722656,
      "total_pure_processing_time": 0.0,
      "avg_processing_per_client": 0.0,
      "server_aggregation_time": 0.0,
      "internal_aggregation_time": 0.0,
      "evaluation_time": 0.010637521743774414,
      "clients_processed": 20
    },
    {
      "round": 54,
      "accuracy": 0.95875,
      "f1_score": 0.9530850156383281,
      "precision": 0.9103747963063552,
      "recall": 1.0,
      "roc_auc": 0.9999455715805602,
      "pr_auc": 0.9999275085504302,
      "mae": 0.0893700130823532,
      "rmse": 0.17821482135382602,
      "ece": 0.0885561784309029,
      "mce": 0.7266833030213306,
      "round_time": 0.07332515716552734,
      "client_training_time": 0.05525016784667969,
      "edge_processing_wall_time": 0.0020966529846191406,
      "total_pure_processing_time": 0.0,
      "avg_processing_per_client": 0.0,
      "server_aggregation_time": 0.0010111331939697266,
      "internal_aggregation_time": 0.0,
      "evaluation_time": 0.014967203140258789,
      "clients_processed": 20
    },
    {
      "round": 55,
      "accuracy": 0.9585,
      "f1_score": 0.9528140989198408,
      "precision": 0.9098805646036916,
      "recall": 1.0,
      "roc_auc": 0.9999255460300116,
      "pr_auc": 0.9999026345989299,
      "mae": 0.09175487862640062,
      "rmse": 0.18037348461131192,
      "ece": 0.0909404370415035,
      "mce": 0.738643262887668,
      "round_time": 0.07336235046386719,
      "client_training_time": 0.05501675605773926,
      "edge_processing_wall_time": 0.0043182373046875,
      "total_pure_processing_time": 0.0,
      "avg_processing_per_client": 0.0,
      "server_aggregation_time": 0.001039266586303711,
      "internal_aggregation_time": 0.0,
      "evaluation_time": 0.012988090515136719,
      "clients_processed": 20
    },
    {
      "round": 56,
      "accuracy": 0.95925,
      "f1_score": 0.9536273115220484,
      "precision": 0.9113648722131593,
      "recall": 1.0,
      "roc_auc": 0.9999540439288693,
      "pr_auc": 0.9999380140151912,
      "mae": 0.09014812418174094,
      "rmse": 0.17936524161208345,
      "ece": 0.08935399728646085,
      "mce": 0.743122249185512,
      "round_time": 0.06373810768127441,
      "client_training_time": 0.04113650321960449,
      "edge_processing_wall_time": 0.003308534622192383,
      "total_pure_processing_time": 0.0,
      "avg_processing_per_client": 0.0,
      "server_aggregation_time": 0.0,
      "internal_aggregation_time": 0.0,
      "evaluation_time": 0.016933441162109375,
      "clients_processed": 20
    },
    {
      "round": 57,
      "accuracy": 0.95725,
      "f1_score": 0.9514618223105308,
      "precision": 0.9074174336762317,
      "recall": 1.0,
      "roc_auc": 0.9999288836217697,
      "pr_auc": 0.9999073462904096,
      "mae": 0.09315494591146666,
      "rmse": 0.1819339204704654,
      "ece": 0.09233643940766875,
      "mce": 0.7307762113257311,
      "round_time": 0.07761096954345703,
      "client_training_time": 0.05754661560058594,
      "edge_processing_wall_time": 0.003068208694458008,
      "total_pure_processing_time": 0.0,
      "avg_processing_per_client": 0.0,
      "server_aggregation_time": 0.0,
      "internal_aggregation_time": 0.0,
      "evaluation_time": 0.015958786010742188,
      "clients_processed": 20
    },
    {
      "round": 58,
      "accuracy": 0.956,
      "f1_score": 0.9501133786848073,
      "precision": 0.9049676025917927,
      "recall": 1.0,
      "roc_auc": 0.9999648269176261,
      "pr_auc": 0.9999523897193452,
      "mae": 0.09149954979931908,
      "rmse": 0.18097739119954634,
      "ece": 0.09072594959356828,
      "mce": 0.7272613753283363,
      "round_time": 0.10710024833679199,
      "client_training_time": 0.08571004867553711,
      "edge_processing_wall_time": 0.003870248794555664,
      "total_pure_processing_time": 0.0,
      "avg_processing_per_client": 0.0,
      "server_aggregation_time": 0.0,
      "internal_aggregation_time": 0.0,
      "evaluation_time": 0.01751995086669922,
      "clients_processed": 20
    },
    {
      "round": 59,
      "accuracy": 0.954,
      "f1_score": 0.9479343520090548,
      "precision": 0.9015069967707212,
      "recall": 0.9994033412887828,
      "roc_auc": 0.9999229786517362,
      "pr_auc": 0.999901458213841,
      "mae": 0.09045514936051735,
      "rmse": 0.1818877779003941,
      "ece": 0.0888822247913994,
      "mce": 0.7596019895284252,
      "round_time": 0.07401323318481445,
      "client_training_time": 0.05026745796203613,
      "edge_processing_wall_time": 0.0048792362213134766,
      "total_pure_processing_time": 0.0,
      "avg_processing_per_client": 0.0,
      "server_aggregation_time": 0.0010807514190673828,
      "internal_aggregation_time": 0.0,
      "evaluation_time": 0.01778578758239746,
      "clients_processed": 20
    },
    {
      "round": 60,
      "accuracy": 0.96025,
      "f1_score": 0.9547137567644546,
      "precision": 0.9133514986376022,
      "recall": 1.0,
      "roc_auc": 0.9999504495992836,
      "pr_auc": 0.9999336266610253,
      "mae": 0.08983857119135126,
      "rmse": 0.1781452096256824,
      "ece": 0.08863140644958513,
      "mce": 0.7373228197042764,
      "round_time": 0.06197762489318848,
      "client_training_time": 0.04660201072692871,
      "edge_processing_wall_time": 0.0021812915802001953,
      "total_pure_processing_time": 0.0,
      "avg_processing_per_client": 0.0,
      "server_aggregation_time": 0.0,
      "internal_aggregation_time": 0.0,
      "evaluation_time": 0.012035131454467773,
      "clients_processed": 20
    }
  ],
  "final_statistics": {
    "final_accuracy": 0.96025,
    "best_accuracy": 0.9605,
    "total_time": 3.8211421966552734,
    "avg_round_time": 0.06329296827316284,
    "avg_client_training_time": 0.04488840103149414,
    "avg_edge_processing_wall_time": 0.0026709437370300293,
    "avg_pure_processing_time": 0.0,
    "avg_processing_per_client": 0.0,
    "avg_server_aggregation_time": 0.0005174040794372559,
    "avg_internal_aggregation_time": 0.0,
    "avg_evaluation_time": 0.01473618745803833
  },
  "timing_statistics": {
    "total_client_training_time": 2.6933040618896484,
    "total_edge_processing_wall_time": 0.16025662422180176,
    "total_pure_processing_time": 0.0,
    "total_server_aggregation_time": 0.03104424476623535,
    "total_internal_aggregation_time": 0.0,
    "total_evaluation_time": 0.8841712474822998,
    "total_time": 3.8211421966552734,
    "avg_round_time": 0.06329296827316284,
    "avg_client_training_time": 0.04488840103149414,
    "avg_edge_processing_wall_time": 0.0026709437370300293,
    "avg_pure_processing_time": 0.0,
    "avg_processing_per_client": 0.0,
    "avg_server_aggregation_time": 0.0005174040794372559,
    "avg_internal_aggregation_time": 0.0,
    "avg_evaluation_time": 0.01473618745803833
  },
  "architecture": {
    "clients": 20,
    "edge_devices": 20,
    "cloud_servers": 1,
    "data_flow": "Client \u2192 Edge \u2192 Cloud \u2192 Edge \u2192 Client"
  }
}