{
  "pipeline_type": "plaintext_edge_device_fl",
  "configuration": {
    "rounds": 40,
    "clients": 50,
    "patience": 999
  },
  "results": [
    {
      "round": 1,
      "accuracy": 0.9503,
      "f1_score": 0.945510360706063,
      "precision": 0.8973985431841831,
      "recall": 0.9990732159406858,
      "roc_auc": 0.9996659484796763,
      "pr_auc": 0.9995956686796956,
      "mae": 0.10913474760478308,
      "rmse": 0.20055434947287754,
      "ece": 0.10491299068893994,
      "mce": 0.5505099721325782,
      "round_time": 0.15859341621398926,
      "client_training_time": 0.12969732284545898,
      "edge_processing_wall_time": 0.004123687744140625,
      "total_pure_processing_time": 0.0,
      "avg_processing_per_client": 0.0,
      "server_aggregation_time": 0.001161336898803711,
      "internal_aggregation_time": 0.0,
      "evaluation_time": 0.022179841995239258,
      "clients_processed": 50
    },
    {
      "round": 2,
      "accuracy": 0.9516,
      "f1_score": 0.9468715697036224,
      "precision": 0.8996662494785148,
      "recall": 0.9993049119555144,
      "roc_auc": 0.9996822943807928,
      "pr_auc": 0.9996117594802542,
      "mae": 0.10881736195907929,
      "rmse": 0.20014498244905896,
      "ece": 0.1044344920800141,
      "mce": 0.5391035905950542,
      "round_time": 0.12243175506591797,
      "client_training_time": 0.09653186798095703,
      "edge_processing_wall_time": 0.005226612091064453,
      "total_pure_processing_time": 0.0,
      "avg_processing_per_client": 0.0,
      "server_aggregation_time": 0.0,
      "internal_aggregation_time": 0.0,
      "evaluation_time": 0.019648313522338867,
      "clients_processed": 50
    },
    {
      "round": 3,
      "accuracy": 0.951,
      "f1_score": 0.9462483545414656,
      "precision": 0.8985416666666667,
      "recall": 0.9993049119555144,
      "roc_auc": 0.9997383840564444,
      "pr_auc": 0.9996808945070804,
      "mae": 0.10941180976496648,
      "rmse": 0.2001442314639675,
      "ece": 0.10542346809951816,
      "mce": 0.5671108182800355,
      "round_time": 0.12989115715026855,
      "client_training_time": 0.10080981254577637,
      "edge_processing_wall_time": 0.005433082580566406,
      "total_pure_processing_time": 0.0,
      "avg_processing_per_client": 0.0,
      "server_aggregation_time": 0.0020780563354492188,
      "internal_aggregation_time": 0.0,
      "evaluation_time": 0.020246505737304688,
      "clients_processed": 50
    },
    {
      "round": 4,
      "accuracy": 0.9483,
      "f1_score": 0.9434292592187329,
      "precision": 0.8938420070495542,
      "recall": 0.9988415199258572,
      "roc_auc": 0.9996251448711535,
      "pr_auc": 0.9995478441541068,
      "mae": 0.10947208314394623,
      "rmse": 0.20173683084867225,
      "ece": 0.1048746027251586,
      "mce": 0.5433155172361863,
      "round_time": 0.14380240440368652,
      "client_training_time": 0.11559271812438965,
      "edge_processing_wall_time": 0.004077434539794922,
      "total_pure_processing_time": 0.0,
      "avg_processing_per_client": 0.0,
      "server_aggregation_time": 0.0,
      "internal_aggregation_time": 0.0,
      "evaluation_time": 0.021647214889526367,
      "clients_processed": 50
    },
    {
      "round": 5,
      "accuracy": 0.9513,
      "f1_score": 0.9465715852989578,
      "precision": 0.8989372785997083,
      "recall": 0.9995366079703429,
      "roc_auc": 0.9997225273094761,
      "pr_auc": 0.9996583642243242,
      "mae": 0.10944624823026686,
      "rmse": 0.200232570639103,
      "ece": 0.10481583639633094,
      "mce": 0.502521971755319,
      "round_time": 0.13843274116516113,
      "client_training_time": 0.10153508186340332,
      "edge_processing_wall_time": 0.009526491165161133,
      "total_pure_processing_time": 0.0,
      "avg_processing_per_client": 0.0,
      "server_aggregation_time": 0.0010237693786621094,
      "internal_aggregation_time": 0.0,
      "evaluation_time": 0.02634739875793457,
      "clients_processed": 50
    },
    {
      "round": 6,
      "accuracy": 0.9506,
      "f1_score": 0.9458570802279702,
      "precision": 0.8974625623960066,
      "recall": 0.9997683039851715,
      "roc_auc": 0.9996946047601872,
      "pr_auc": 0.9996276608612397,
      "mae": 0.10908409992901268,
      "rmse": 0.2001792371556396,
      "ece": 0.10487954186077629,
      "mce": 0.5546041670799207,
      "round_time": 0.17219257354736328,
      "client_training_time": 0.1387481689453125,
      "edge_processing_wall_time": 0.01037740707397461,
      "total_pure_processing_time": 0.0,
      "avg_processing_per_client": 0.0,
      "server_aggregation_time": 0.0,
      "internal_aggregation_time": 0.0,
      "evaluation_time": 0.021723508834838867,
      "clients_processed": 50
    },
    {
      "round": 7,
      "accuracy": 0.9478,
      "f1_score": 0.9429757483067511,
      "precision": 0.892104175279041,
      "recall": 1.0,
      "roc_auc": 0.9997574203053756,
      "pr_auc": 0.9997030805431646,
      "mae": 0.11216691518083985,
      "rmse": 0.2033940899667193,
      "ece": 0.10814933130751199,
      "mce": 0.5584100514340359,
      "round_time": 0.12969541549682617,
      "client_training_time": 0.10167407989501953,
      "edge_processing_wall_time": 0.008593559265136719,
      "total_pure_processing_time": 0.0,
      "avg_processing_per_client": 0.0,
      "server_aggregation_time": 0.0009951591491699219,
      "internal_aggregation_time": 0.0,
      "evaluation_time": 0.0184326171875,
      "clients_processed": 50
    },
    {
      "round": 8,
      "accuracy": 0.9534,
      "f1_score": 0.9487235915492958,
      "precision": 0.9033948030176027,
      "recall": 0.9988415199258572,
      "roc_auc": 0.9997289270762474,
      "pr_auc": 0.9996718103146888,
      "mae": 0.10767267109925278,
      "rmse": 0.19749231514998314,
      "ece": 0.10397628559360494,
      "mce": 0.5898254156939081,
      "round_time": 0.15059518814086914,
      "client_training_time": 0.12475895881652832,
      "edge_processing_wall_time": 0.007092475891113281,
      "total_pure_processing_time": 0.0,
      "avg_processing_per_client": 0.0,
      "server_aggregation_time": 0.0,
      "internal_aggregation_time": 0.0,
      "evaluation_time": 0.01874375343322754,
      "clients_processed": 50
    },
    {
      "round": 9,
      "accuracy": 0.9473,
      "f1_score": 0.9424106655010381,
      "precision": 0.8918304033092037,
      "recall": 0.9990732159406858,
      "roc_auc": 0.9995911078950132,
      "pr_auc": 0.9995004136083727,
      "mae": 0.11107707773415625,
      "rmse": 0.20452193400239865,
      "ece": 0.10608920791211021,
      "mce": 0.5086982639694497,
      "round_time": 0.23034238815307617,
      "client_training_time": 0.12970972061157227,
      "edge_processing_wall_time": 0.022749662399291992,
      "total_pure_processing_time": 0.0,
      "avg_processing_per_client": 0.0,
      "server_aggregation_time": 0.003553152084350586,
      "internal_aggregation_time": 0.0,
      "evaluation_time": 0.07331728935241699,
      "clients_processed": 50
    },
    {
      "round": 10,
      "accuracy": 0.95,
      "f1_score": 0.9452234881682734,
      "precision": 0.8965087281795511,
      "recall": 0.9995366079703429,
      "roc_auc": 0.9997110729498409,
      "pr_auc": 0.9996496304360376,
      "mae": 0.11001686116066203,
      "rmse": 0.20077991985537147,
      "ece": 0.10597717438434723,
      "mce": 0.5614679738382755,
      "round_time": 0.23504638671875,
      "client_training_time": 0.1780083179473877,
      "edge_processing_wall_time": 0.022236347198486328,
      "total_pure_processing_time": 0.0,
      "avg_processing_per_client": 0.0,
      "server_aggregation_time": 0.004250526428222656,
      "internal_aggregation_time": 0.0,
      "evaluation_time": 0.028044939041137695,
      "clients_processed": 50
    },
    {
      "round": 11,
      "accuracy": 0.9492,
      "f1_score": 0.9443470639789658,
      "precision": 0.8956774729842062,
      "recall": 0.9986098239110287,
      "roc_auc": 0.9996686388274909,
      "pr_auc": 0.9995981875730889,
      "mae": 0.11056816728683662,
      "rmse": 0.2018803777585213,
      "ece": 0.10616803940894226,
      "mce": 0.5484433404461991,
      "round_time": 0.12187957763671875,
      "client_training_time": 0.10195612907409668,
      "edge_processing_wall_time": 0.009865760803222656,
      "total_pure_processing_time": 0.0,
      "avg_processing_per_client": 0.0,
      "server_aggregation_time": 0.0021097660064697266,
      "internal_aggregation_time": 0.0,
      "evaluation_time": 0.007947921752929688,
      "clients_processed": 50
    },
    {
      "round": 12,
      "accuracy": 0.9474,
      "f1_score": 0.9425262237762237,
      "precision": 0.8918527708850289,
      "recall": 0.9993049119555144,
      "roc_auc": 0.999709034807557,
      "pr_auc": 0.999651867723627,
      "mae": 0.1100755744517488,
      "rmse": 0.20204649391718826,
      "ece": 0.10681376174471353,
      "mce": 0.6378857478422539,
      "round_time": 0.1503458023071289,
      "client_training_time": 0.12672209739685059,
      "edge_processing_wall_time": 0.006605863571166992,
      "total_pure_processing_time": 0.0,
      "avg_processing_per_client": 0.0,
      "server_aggregation_time": 0.0009453296661376953,
      "internal_aggregation_time": 0.0,
      "evaluation_time": 0.015522003173828125,
      "clients_processed": 50
    },
    {
      "round": 13,
      "accuracy": 0.9516,
      "f1_score": 0.9468482319349879,
      "precision": 0.9,
      "recall": 0.9988415199258572,
      "roc_auc": 0.9996602009184358,
      "pr_auc": 0.9995869872325738,
      "mae": 0.10877176608046159,
      "rmse": 0.19978271245804613,
      "ece": 0.10417814960359485,
      "mce": 0.5170667196894216,
      "round_time": 0.16672968864440918,
      "client_training_time": 0.12514424324035645,
      "edge_processing_wall_time": 0.006640911102294922,
      "total_pure_processing_time": 0.0,
      "avg_processing_per_client": 0.0,
      "server_aggregation_time": 0.0010387897491455078,
      "internal_aggregation_time": 0.0,
      "evaluation_time": 0.022482633590698242,
      "clients_processed": 50
    },
    {
      "round": 14,
      "accuracy": 0.9495,
      "f1_score": 0.9446817833278562,
      "precision": 0.895906918761687,
      "recall": 0.9990732159406858,
      "roc_auc": 0.9997115213411433,
      "pr_auc": 0.9996501148386876,
      "mae": 0.11055622490673309,
      "rmse": 0.20169119783939055,
      "ece": 0.106510471015587,
      "mce": 0.5721675578876122,
      "round_time": 0.18212199211120605,
      "client_training_time": 0.1488969326019287,
      "edge_processing_wall_time": 0.01068258285522461,
      "total_pure_processing_time": 0.0,
      "avg_processing_per_client": 0.0,
      "server_aggregation_time": 0.0008387565612792969,
      "internal_aggregation_time": 0.0,
      "evaluation_time": 0.021703720092773438,
      "clients_processed": 50
    },
    {
      "round": 15,
      "accuracy": 0.9516,
      "f1_score": 0.9468599033816425,
      "precision": 0.8998330550918197,
      "recall": 0.9990732159406858,
      "roc_auc": 0.9996935856890454,
      "pr_auc": 0.9996323704260258,
      "mae": 0.10891787578554847,
      "rmse": 0.19895283444559775,
      "ece": 0.10507628588194945,
      "mce": 0.5902513265032728,
      "round_time": 0.23831748962402344,
      "client_training_time": 0.18730664253234863,
      "edge_processing_wall_time": 0.010399341583251953,
      "total_pure_processing_time": 0.0,
      "avg_processing_per_client": 0.0,
      "server_aggregation_time": 0.0010061264038085938,
      "internal_aggregation_time": 0.0,
      "evaluation_time": 0.03758835792541504,
      "clients_processed": 50
    },
    {
      "round": 16,
      "accuracy": 0.9511,
      "f1_score": 0.9463521667580911,
      "precision": 0.898728901854553,
      "recall": 0.9993049119555144,
      "roc_auc": 0.9997061406455139,
      "pr_auc": 0.9996456698911773,
      "mae": 0.10840379146940722,
      "rmse": 0.19968708705080107,
      "ece": 0.10481641716291012,
      "mce": 0.6183012577048345,
      "round_time": 0.47835588455200195,
      "client_training_time": 0.3019118309020996,
      "edge_processing_wall_time": 0.0644071102142334,
      "total_pure_processing_time": 0.0,
      "avg_processing_per_client": 0.0,
      "server_aggregation_time": 0.0035851001739501953,
      "internal_aggregation_time": 0.0,
      "evaluation_time": 0.10449886322021484,
      "clients_processed": 50
    },
    {
      "round": 17,
      "accuracy": 0.9508,
      "f1_score": 0.9460407984207063,
      "precision": 0.8981674302374011,
      "recall": 0.9993049119555144,
      "roc_auc": 0.9997179618707602,
      "pr_auc": 0.9996582615363828,
      "mae": 0.10872124995598201,
      "rmse": 0.1998649592151666,
      "ece": 0.1046450697903302,
      "mce": 0.5670690779796406,
      "round_time": 0.44120073318481445,
      "client_training_time": 0.38161396980285645,
      "edge_processing_wall_time": 0.00837397575378418,
      "total_pure_processing_time": 0.0,
      "avg_processing_per_client": 0.0,
      "server_aggregation_time": 0.002532482147216797,
      "internal_aggregation_time": 0.0,
      "evaluation_time": 0.04868030548095703,
      "clients_processed": 50
    },
    {
      "round": 18,
      "accuracy": 0.9492,
      "f1_score": 0.9443836216334575,
      "precision": 0.8951847239518472,
      "recall": 0.9993049119555144,
      "roc_auc": 0.999718124922143,
      "pr_auc": 0.9996594664045194,
      "mae": 0.10967184768779875,
      "rmse": 0.2003351106832815,
      "ece": 0.10576474158152684,
      "mce": 0.5822582668970722,
      "round_time": 0.10630416870117188,
      "client_training_time": 0.08731412887573242,
      "edge_processing_wall_time": 0.0020797252655029297,
      "total_pure_processing_time": 0.0,
      "avg_processing_per_client": 0.0,
      "server_aggregation_time": 0.0010156631469726562,
      "internal_aggregation_time": 0.0,
      "evaluation_time": 0.014762163162231445,
      "clients_processed": 50
    },
    {
      "round": 19,
      "accuracy": 0.9516,
      "f1_score": 0.946883230904302,
      "precision": 0.8994995829858216,
      "recall": 0.9995366079703429,
      "roc_auc": 0.9997320658153646,
      "pr_auc": 0.9996764003828538,
      "mae": 0.10887084036528567,
      "rmse": 0.19858441546652117,
      "ece": 0.10551468419742627,
      "mce": 0.6127425557321233,
      "round_time": 0.1351304054260254,
      "client_training_time": 0.11340641975402832,
      "edge_processing_wall_time": 0.002940654754638672,
      "total_pure_processing_time": 0.0,
      "avg_processing_per_client": 0.0,
      "server_aggregation_time": 0.0009305477142333984,
      "internal_aggregation_time": 0.0,
      "evaluation_time": 0.017852783203125,
      "clients_processed": 50
    },
    {
      "round": 20,
      "accuracy": 0.9508,
      "f1_score": 0.9460407984207063,
      "precision": 0.8981674302374011,
      "recall": 0.9993049119555144,
      "roc_auc": 0.9997314543726794,
      "pr_auc": 0.9996774158616338,
      "mae": 0.10786080599436709,
      "rmse": 0.19840008734648448,
      "ece": 0.10434258186625162,
      "mce": 0.6047195377781074,
      "round_time": 0.10287070274353027,
      "client_training_time": 0.07750940322875977,
      "edge_processing_wall_time": 0.003154754638671875,
      "total_pure_processing_time": 0.0,
      "avg_processing_per_client": 0.0,
      "server_aggregation_time": 0.0,
      "internal_aggregation_time": 0.0,
      "evaluation_time": 0.022206544876098633,
      "clients_processed": 50
    },
    {
      "round": 21,
      "accuracy": 0.9501,
      "f1_score": 0.9453150684931507,
      "precision": 0.8968600540652942,
      "recall": 0.9993049119555144,
      "roc_auc": 0.9997132333806618,
      "pr_auc": 0.9996528483344946,
      "mae": 0.11013165389374376,
      "rmse": 0.20082507925827583,
      "ece": 0.1063800672355782,
      "mce": 0.5940935751015933,
      "round_time": 0.12978482246398926,
      "client_training_time": 0.10685157775878906,
      "edge_processing_wall_time": 0.0045337677001953125,
      "total_pure_processing_time": 0.0,
      "avg_processing_per_client": 0.0,
      "server_aggregation_time": 0.0,
      "internal_aggregation_time": 0.0,
      "evaluation_time": 0.018399477005004883,
      "clients_processed": 50
    },
    {
      "round": 22,
      "accuracy": 0.9515,
      "f1_score": 0.94675595564826,
      "precision": 0.8996453160859587,
      "recall": 0.9990732159406858,
      "roc_auc": 0.9997137225348098,
      "pr_auc": 0.999658482541444,
      "mae": 0.10857030585136945,
      "rmse": 0.19853038287324667,
      "ece": 0.10529478302955611,
      "mce": 0.617274227523147,
      "round_time": 0.12346100807189941,
      "client_training_time": 0.10324668884277344,
      "edge_processing_wall_time": 0.0036835670471191406,
      "total_pure_processing_time": 0.0,
      "avg_processing_per_client": 0.0,
      "server_aggregation_time": 0.0,
      "internal_aggregation_time": 0.0,
      "evaluation_time": 0.016530752182006836,
      "clients_processed": 50
    },
    {
      "round": 23,
      "accuracy": 0.9498,
      "f1_score": 0.9449802718106094,
      "precision": 0.896630615640599,
      "recall": 0.9988415199258572,
      "roc_auc": 0.9997136410091185,
      "pr_auc": 0.9996559541591374,
      "mae": 0.10963956296681518,
      "rmse": 0.2005723776652919,
      "ece": 0.10615862271485474,
      "mce": 0.6282899822651611,
      "round_time": 0.1912248134613037,
      "client_training_time": 0.15537810325622559,
      "edge_processing_wall_time": 0.0066356658935546875,
      "total_pure_processing_time": 0.0,
      "avg_processing_per_client": 0.0,
      "server_aggregation_time": 0.0018084049224853516,
      "internal_aggregation_time": 0.0,
      "evaluation_time": 0.025806188583374023,
      "clients_processed": 50
    },
    {
      "round": 24,
      "accuracy": 0.9501,
      "f1_score": 0.9453270516051276,
      "precision": 0.896695073789233,
      "recall": 0.9995366079703429,
      "roc_auc": 0.9997134371948901,
      "pr_auc": 0.9996485165609594,
      "mae": 0.11026458192095165,
      "rmse": 0.20169059832883635,
      "ece": 0.10577415053309852,
      "mce": 0.5325356902043274,
      "round_time": 0.3517494201660156,
      "client_training_time": 0.28185272216796875,
      "edge_processing_wall_time": 0.02301621437072754,
      "total_pure_processing_time": 0.0,
      "avg_processing_per_client": 0.0,
      "server_aggregation_time": 0.002135038375854492,
      "internal_aggregation_time": 0.0,
      "evaluation_time": 0.04265475273132324,
      "clients_processed": 50
    },
    {
      "round": 25,
      "accuracy": 0.9483,
      "f1_score": 0.9434787361976604,
      "precision": 0.8931898157731318,
      "recall": 0.9997683039851715,
      "roc_auc": 0.9996887349104099,
      "pr_auc": 0.999621136803651,
      "mae": 0.11104494432257793,
      "rmse": 0.20263916567384094,
      "ece": 0.10662644282662592,
      "mce": 0.5464415069835261,
      "round_time": 0.5253429412841797,
      "client_training_time": 0.43268728256225586,
      "edge_processing_wall_time": 0.02708292007446289,
      "total_pure_processing_time": 0.0,
      "avg_processing_per_client": 0.0,
      "server_aggregation_time": 0.0011763572692871094,
      "internal_aggregation_time": 0.0,
      "evaluation_time": 0.062174320220947266,
      "clients_processed": 50
    },
    {
      "round": 26,
      "accuracy": 0.9541,
      "f1_score": 0.9494660354508422,
      "precision": 0.9045521292217328,
      "recall": 0.9990732159406858,
      "roc_auc": 0.9997163313569333,
      "pr_auc": 0.999656650662856,
      "mae": 0.10795099714227074,
      "rmse": 0.19844735208465725,
      "ece": 0.10406645917404635,
      "mce": 0.5738441845713405,
      "round_time": 0.5361909866333008,
      "client_training_time": 0.4524881839752197,
      "edge_processing_wall_time": 0.01470327377319336,
      "total_pure_processing_time": 0.0,
      "avg_processing_per_client": 0.0,
      "server_aggregation_time": 0.001018524169921875,
      "internal_aggregation_time": 0.0,
      "evaluation_time": 0.0665740966796875,
      "clients_processed": 50
    },
    {
      "round": 27,
      "accuracy": 0.952,
      "f1_score": 0.9472643375082399,
      "precision": 0.9007521938988717,
      "recall": 0.9988415199258572,
      "roc_auc": 0.9997087087047916,
      "pr_auc": 0.999648060050089,
      "mae": 0.10716436660662905,
      "rmse": 0.19709059539145302,
      "ece": 0.10339035967330897,
      "mce": 0.5902508065263246,
      "round_time": 0.547147274017334,
      "client_training_time": 0.4690377712249756,
      "edge_processing_wall_time": 0.028516054153442383,
      "total_pure_processing_time": 0.0,
      "avg_processing_per_client": 0.0,
      "server_aggregation_time": 0.0010221004486083984,
      "internal_aggregation_time": 0.0,
      "evaluation_time": 0.04739189147949219,
      "clients_processed": 50
    },
    {
      "round": 28,
      "accuracy": 0.9496,
      "f1_score": 0.9448094612352168,
      "precision": 0.895764119601329,
      "recall": 0.9995366079703429,
      "roc_auc": 0.9997385471078272,
      "pr_auc": 0.9996817099363308,
      "mae": 0.10954176457624533,
      "rmse": 0.20098829041591781,
      "ece": 0.10603582853196196,
      "mce": 0.605553201508767,
      "round_time": 0.46176648139953613,
      "client_training_time": 0.3853757381439209,
      "edge_processing_wall_time": 0.020958423614501953,
      "total_pure_processing_time": 0.0,
      "avg_processing_per_client": 0.0,
      "server_aggregation_time": 0.004791975021362305,
      "internal_aggregation_time": 0.0,
      "evaluation_time": 0.04915738105773926,
      "clients_processed": 50
    },
    {
      "round": 29,
      "accuracy": 0.9507,
      "f1_score": 0.9459133296763577,
      "precision": 0.8983121483642426,
      "recall": 0.9988415199258572,
      "roc_auc": 0.9996898762700888,
      "pr_auc": 0.9996280069210774,
      "mae": 0.10913622631468342,
      "rmse": 0.20018055840830448,
      "ece": 0.10554861050982862,
      "mce": 0.6204827272370628,
      "round_time": 0.22071242332458496,
      "client_training_time": 0.18385028839111328,
      "edge_processing_wall_time": 0.010968685150146484,
      "total_pure_processing_time": 0.0,
      "avg_processing_per_client": 0.0,
      "server_aggregation_time": 0.0009443759918212891,
      "internal_aggregation_time": 0.0,
      "evaluation_time": 0.024949073791503906,
      "clients_processed": 50
    },
    {
      "round": 30,
      "accuracy": 0.9517,
      "f1_score": 0.9469755187177517,
      "precision": 0.8998539536824536,
      "recall": 0.9993049119555144,
      "roc_auc": 0.9997053253886004,
      "pr_auc": 0.9996409490061116,
      "mae": 0.10916335100391703,
      "rmse": 0.1995647329712739,
      "ece": 0.10476495936526788,
      "mce": 0.5209477477286029,
      "round_time": 0.35596513748168945,
      "client_training_time": 0.26963043212890625,
      "edge_processing_wall_time": 0.029436349868774414,
      "total_pure_processing_time": 0.0,
      "avg_processing_per_client": 0.0,
      "server_aggregation_time": 0.0023603439331054688,
      "internal_aggregation_time": 0.0,
      "evaluation_time": 0.05348539352416992,
      "clients_processed": 50
    },
    {
      "round": 31,
      "accuracy": 0.9498,
      "f1_score": 0.9449802718106094,
      "precision": 0.896630615640599,
      "recall": 0.9988415199258572,
      "roc_auc": 0.9996491134244117,
      "pr_auc": 0.9995772449521109,
      "mae": 0.10817228138700068,
      "rmse": 0.1997048057635686,
      "ece": 0.10410603434638813,
      "mce": 0.554074018679215,
      "round_time": 0.321058988571167,
      "client_training_time": 0.263416051864624,
      "edge_processing_wall_time": 0.01795506477355957,
      "total_pure_processing_time": 0.0,
      "avg_processing_per_client": 0.0,
      "server_aggregation_time": 0.004359245300292969,
      "internal_aggregation_time": 0.0,
      "evaluation_time": 0.034238338470458984,
      "clients_processed": 50
    },
    {
      "round": 32,
      "accuracy": 0.9523,
      "f1_score": 0.9475996924090959,
      "precision": 0.9009818257781491,
      "recall": 0.9993049119555144,
      "roc_auc": 0.9997085864162545,
      "pr_auc": 0.9996443629119918,
      "mae": 0.1100449077126518,
      "rmse": 0.200238970260222,
      "ece": 0.10578538519933262,
      "mce": 0.5357962435481318,
      "round_time": 0.28252458572387695,
      "client_training_time": 0.15274453163146973,
      "edge_processing_wall_time": 0.03781008720397949,
      "total_pure_processing_time": 0.0,
      "avg_processing_per_client": 0.0,
      "server_aggregation_time": 0.0026531219482421875,
      "internal_aggregation_time": 0.0,
      "evaluation_time": 0.08846473693847656,
      "clients_processed": 50
    },
    {
      "round": 33,
      "accuracy": 0.9505,
      "f1_score": 0.9457534246575342,
      "precision": 0.8972759409440633,
      "recall": 0.9997683039851715,
      "roc_auc": 0.9997257068114389,
      "pr_auc": 0.9996660898440968,
      "mae": 0.10975910494569946,
      "rmse": 0.20092358727162363,
      "ece": 0.10591160434574166,
      "mce": 0.596390759378041,
      "round_time": 0.5697827339172363,
      "client_training_time": 0.4539518356323242,
      "edge_processing_wall_time": 0.023476123809814453,
      "total_pure_processing_time": 0.0,
      "avg_processing_per_client": 0.0,
      "server_aggregation_time": 0.0036225318908691406,
      "internal_aggregation_time": 0.0,
      "evaluation_time": 0.08766579627990723,
      "clients_processed": 50
    },
    {
      "round": 34,
      "accuracy": 0.9516,
      "f1_score": 0.9468599033816425,
      "precision": 0.8998330550918197,
      "recall": 0.9990732159406858,
      "roc_auc": 0.9996604454955098,
      "pr_auc": 0.9995878510294074,
      "mae": 0.1091642203832427,
      "rmse": 0.19975964371560395,
      "ece": 0.10477929176463381,
      "mce": 0.5410612104708189,
      "round_time": 0.25920867919921875,
      "client_training_time": 0.226637601852417,
      "edge_processing_wall_time": 0.0067861080169677734,
      "total_pure_processing_time": 0.0,
      "avg_processing_per_client": 0.0,
      "server_aggregation_time": 0.0,
      "internal_aggregation_time": 0.0,
      "evaluation_time": 0.025784969329833984,
      "clients_processed": 50
    },
    {
      "round": 35,
      "accuracy": 0.9499,
      "f1_score": 0.9451319680210273,
      "precision": 0.8961578400830738,
      "recall": 0.9997683039851715,
      "roc_auc": 0.9997541185148757,
      "pr_auc": 0.9997005008290644,
      "mae": 0.10979506422967111,
      "rmse": 0.20065383021171204,
      "ece": 0.10638995670530858,
      "mce": 0.6182363497738457,
      "round_time": 0.16742253303527832,
      "client_training_time": 0.13651633262634277,
      "edge_processing_wall_time": 0.009099245071411133,
      "total_pure_processing_time": 0.0,
      "avg_processing_per_client": 0.0,
      "server_aggregation_time": 0.0,
      "internal_aggregation_time": 0.0,
      "evaluation_time": 0.020768404006958008,
      "clients_processed": 50
    },
    {
      "round": 36,
      "accuracy": 0.9512,
      "f1_score": 0.9464442493415277,
      "precision": 0.8990825688073395,
      "recall": 0.9990732159406858,
      "roc_auc": 0.9996489911358747,
      "pr_auc": 0.9995685030990682,
      "mae": 0.10928334666399674,
      "rmse": 0.20082326206366263,
      "ece": 0.10443000167355378,
      "mce": 0.5071227162967615,
      "round_time": 0.15385127067565918,
      "client_training_time": 0.1130361557006836,
      "edge_processing_wall_time": 0.004574298858642578,
      "total_pure_processing_time": 0.0,
      "avg_processing_per_client": 0.0,
      "server_aggregation_time": 0.0012388229370117188,
      "internal_aggregation_time": 0.0,
      "evaluation_time": 0.03500199317932129,
      "clients_processed": 50
    },
    {
      "round": 37,
      "accuracy": 0.95,
      "f1_score": 0.9451994739149496,
      "precision": 0.8968386023294509,
      "recall": 0.9990732159406858,
      "roc_auc": 0.9996532304718251,
      "pr_auc": 0.9995785863511207,
      "mae": 0.10986242116728816,
      "rmse": 0.20216084993561587,
      "ece": 0.10535634996716181,
      "mce": 0.5542524189045843,
      "round_time": 0.30158257484436035,
      "client_training_time": 0.2649850845336914,
      "edge_processing_wall_time": 0.007559061050415039,
      "total_pure_processing_time": 0.0,
      "avg_processing_per_client": 0.0,
      "server_aggregation_time": 0.0,
      "internal_aggregation_time": 0.0,
      "evaluation_time": 0.026946067810058594,
      "clients_processed": 50
    },
    {
      "round": 38,
      "accuracy": 0.9513,
      "f1_score": 0.9465598595413146,
      "precision": 0.8991036064206795,
      "recall": 0.9993049119555144,
      "roc_auc": 0.999688327281953,
      "pr_auc": 0.9996234637903753,
      "mae": 0.1099278857832228,
      "rmse": 0.20059190765740686,
      "ece": 0.10598623323776499,
      "mce": 0.5964568779470545,
      "round_time": 0.6997194290161133,
      "client_training_time": 0.5650432109832764,
      "edge_processing_wall_time": 0.036902666091918945,
      "total_pure_processing_time": 0.0,
      "avg_processing_per_client": 0.0,
      "server_aggregation_time": 0.007921695709228516,
      "internal_aggregation_time": 0.0,
      "evaluation_time": 0.08768987655639648,
      "clients_processed": 50
    },
    {
      "round": 39,
      "accuracy": 0.9511,
      "f1_score": 0.9463403928453857,
      "precision": 0.8988951427975819,
      "recall": 0.9990732159406858,
      "roc_auc": 0.9997118066810631,
      "pr_auc": 0.9996510442887122,
      "mae": 0.10894007796873698,
      "rmse": 0.19986989765566987,
      "ece": 0.10488899570935559,
      "mce": 0.5530123110422066,
      "round_time": 0.5071287155151367,
      "client_training_time": 0.4079108238220215,
      "edge_processing_wall_time": 0.04004669189453125,
      "total_pure_processing_time": 0.0,
      "avg_processing_per_client": 0.0,
      "server_aggregation_time": 0.008310079574584961,
      "internal_aggregation_time": 0.0,
      "evaluation_time": 0.047493934631347656,
      "clients_processed": 50
    },
    {
      "round": 40,
      "accuracy": 0.9511,
      "f1_score": 0.9463403928453857,
      "precision": 0.8988951427975819,
      "recall": 0.9990732159406858,
      "roc_auc": 0.9996891833017122,
      "pr_auc": 0.9996241360690578,
      "mae": 0.10846985551807288,
      "rmse": 0.19960729767558563,
      "ece": 0.1043024559295988,
      "mce": 0.5573627079234381,
      "round_time": 0.20840239524841309,
      "client_training_time": 0.1727125644683838,
      "edge_processing_wall_time": 0.0069408416748046875,
      "total_pure_processing_time": 0.0,
      "avg_processing_per_client": 0.0,
      "server_aggregation_time": 0.0,
      "internal_aggregation_time": 0.0,
      "evaluation_time": 0.026662826538085938,
      "clients_processed": 50
    }
  ],
  "final_statistics": {
    "final_accuracy": 0.9511,
    "best_accuracy": 0.9541,
    "total_time": 10.680841445922852,
    "avg_round_time": 0.2662076771259308,
    "avg_client_training_time": 0.21165502071380615,
    "avg_edge_processing_wall_time": 0.014631813764572144,
    "avg_pure_processing_time": 0.0,
    "avg_processing_per_client": 0.0,
    "avg_server_aggregation_time": 0.0017606794834136962,
    "avg_internal_aggregation_time": 0.0,
    "avg_evaluation_time": 0.03678542375564575
  },
  "timing_statistics": {
    "total_client_training_time": 8.466200828552246,
    "total_edge_processing_wall_time": 0.5852725505828857,
    "total_pure_processing_time": 0.0,
    "total_server_aggregation_time": 0.07042717933654785,
    "total_internal_aggregation_time": 0.0,
    "total_evaluation_time": 1.47141695022583,
    "total_time": 10.680841445922852,
    "avg_round_time": 0.2662076771259308,
    "avg_client_training_time": 0.21165502071380615,
    "avg_edge_processing_wall_time": 0.014631813764572144,
    "avg_pure_processing_time": 0.0,
    "avg_processing_per_client": 0.0,
    "avg_server_aggregation_time": 0.0017606794834136962,
    "avg_internal_aggregation_time": 0.0,
    "avg_evaluation_time": 0.03678542375564575
  },
  "architecture": {
    "clients": 50,
    "edge_devices": 50,
    "cloud_servers": 1,
    "data_flow": "Client \u2192 Edge \u2192 Cloud \u2192 Edge \u2192 Client"
  }
}