{
  "pipeline_type": "plaintext_edge_device_fl",
  "configuration": {
    "rounds": 30,
    "clients": 40,
    "patience": 999
  },
  "results": [
    {
      "round": 1,
      "accuracy": 0.955625,
      "f1_score": 0.9515226000273113,
      "precision": 0.9089486042264545,
      "recall": 0.9982808022922636,
      "roc_auc": 0.9996060330751784,
      "pr_auc": 0.9995337051841211,
      "mae": 0.10638239704155569,
      "rmse": 0.19450410708775923,
      "ece": 0.10234207486975502,
      "mce": 0.5636308486107421,
      "round_time": 0.08857941627502441,
      "client_training_time": 0.06916308403015137,
      "edge_processing_wall_time": 0.0035545825958251953,
      "total_pure_processing_time": 0.0,
      "avg_processing_per_client": 0.0,
      "server_aggregation_time": 0.0,
      "internal_aggregation_time": 0.0,
      "evaluation_time": 0.01586174964904785,
      "clients_processed": 40
    },
    {
      "round": 2,
      "accuracy": 0.957125,
      "f1_score": 0.9530715556163634,
      "precision": 0.9120188531029065,
      "recall": 0.9979942693409742,
      "roc_auc": 0.9996194384970679,
      "pr_auc": 0.999549761885743,
      "mae": 0.106150063093773,
      "rmse": 0.1941022501697198,
      "ece": 0.10195791678963743,
      "mce": 0.5639796602610414,
      "round_time": 0.09394526481628418,
      "client_training_time": 0.06878924369812012,
      "edge_processing_wall_time": 0.006775856018066406,
      "total_pure_processing_time": 0.0,
      "avg_processing_per_client": 0.0,
      "server_aggregation_time": 0.0,
      "internal_aggregation_time": 0.0,
      "evaluation_time": 0.018380165100097656,
      "clients_processed": 40
    },
    {
      "round": 3,
      "accuracy": 0.957875,
      "f1_score": 0.9538798412481182,
      "precision": 0.9130206968823683,
      "recall": 0.998567335243553,
      "roc_auc": 0.9996443433566922,
      "pr_auc": 0.9995732429547404,
      "mae": 0.1052364785874104,
      "rmse": 0.19226090082014025,
      "ece": 0.10109717350102856,
      "mce": 0.5437112369455916,
      "round_time": 0.08881044387817383,
      "client_training_time": 0.07015824317932129,
      "edge_processing_wall_time": 0.003130197525024414,
      "total_pure_processing_time": 0.0,
      "avg_processing_per_client": 0.0,
      "server_aggregation_time": 0.0,
      "internal_aggregation_time": 0.0,
      "evaluation_time": 0.015522003173828125,
      "clients_processed": 40
    },
    {
      "round": 4,
      "accuracy": 0.958375,
      "f1_score": 0.9544147843942505,
      "precision": 0.9137614678899083,
      "recall": 0.9988538681948425,
      "roc_auc": 0.9996416749788755,
      "pr_auc": 0.9995748452993783,
      "mae": 0.10649248305925078,
      "rmse": 0.19375546389896184,
      "ece": 0.10214195688105143,
      "mce": 0.5515123509292478,
      "round_time": 0.08593273162841797,
      "client_training_time": 0.06740903854370117,
      "edge_processing_wall_time": 0.004325151443481445,
      "total_pure_processing_time": 0.0,
      "avg_processing_per_client": 0.0,
      "server_aggregation_time": 0.0011701583862304688,
      "internal_aggregation_time": 0.0,
      "evaluation_time": 0.013028383255004883,
      "clients_processed": 40
    },
    {
      "round": 5,
      "accuracy": 0.95575,
      "f1_score": 0.9516789516789517,
      "precision": 0.9087591240875912,
      "recall": 0.9988538681948425,
      "roc_auc": 0.9996252835151431,
      "pr_auc": 0.9995499489364409,
      "mae": 0.10737868593550971,
      "rmse": 0.19571868243344287,
      "ece": 0.10307886791770017,
      "mce": 0.535997804805763,
      "round_time": 0.0933690071105957,
      "client_training_time": 0.07601428031921387,
      "edge_processing_wall_time": 0.003416776657104492,
      "total_pure_processing_time": 0.0,
      "avg_processing_per_client": 0.0,
      "server_aggregation_time": 0.0,
      "internal_aggregation_time": 0.0,
      "evaluation_time": 0.013937950134277344,
      "clients_processed": 40
    },
    {
      "round": 6,
      "accuracy": 0.954625,
      "f1_score": 0.9505247376311844,
      "precision": 0.9064205874707564,
      "recall": 0.9991404011461318,
      "roc_auc": 0.9996231869325726,
      "pr_auc": 0.9995517732841018,
      "mae": 0.10868857993076712,
      "rmse": 0.19775939297979617,
      "ece": 0.10455383517206492,
      "mce": 0.5656345436733249,
      "round_time": 0.14528656005859375,
      "client_training_time": 0.08142447471618652,
      "edge_processing_wall_time": 0.026999950408935547,
      "total_pure_processing_time": 0.0,
      "avg_processing_per_client": 0.0,
      "server_aggregation_time": 0.002990245819091797,
      "internal_aggregation_time": 0.0,
      "evaluation_time": 0.03287553787231445,
      "clients_processed": 40
    },
    {
      "round": 7,
      "accuracy": 0.95625,
      "f1_score": 0.9521727247881935,
      "precision": 0.910135841170324,
      "recall": 0.9982808022922636,
      "roc_auc": 0.999617087783277,
      "pr_auc": 0.9995444002170197,
      "mae": 0.10667733134938072,
      "rmse": 0.19472077491072148,
      "ece": 0.10263353287154364,
      "mce": 0.5726935280641804,
      "round_time": 0.16279339790344238,
      "client_training_time": 0.13645100593566895,
      "edge_processing_wall_time": 0.003242015838623047,
      "total_pure_processing_time": 0.0,
      "avg_processing_per_client": 0.0,
      "server_aggregation_time": 0.0,
      "internal_aggregation_time": 0.0,
      "evaluation_time": 0.021082401275634766,
      "clients_processed": 40
    },
    {
      "round": 8,
      "accuracy": 0.9585,
      "f1_score": 0.9545578976183958,
      "precision": 0.9137840670859538,
      "recall": 0.9991404011461318,
      "roc_auc": 0.9996188031690163,
      "pr_auc": 0.9995419289993496,
      "mae": 0.10711279824465048,
      "rmse": 0.19426890748082556,
      "ece": 0.10261280111306358,
      "mce": 0.5268415693728794,
      "round_time": 0.10056114196777344,
      "client_training_time": 0.0758504867553711,
      "edge_processing_wall_time": 0.008429765701293945,
      "total_pure_processing_time": 0.0,
      "avg_processing_per_client": 0.0,
      "server_aggregation_time": 0.0,
      "internal_aggregation_time": 0.0,
      "evaluation_time": 0.0162808895111084,
      "clients_processed": 40
    },
    {
      "round": 9,
      "accuracy": 0.9615,
      "f1_score": 0.9577039274924471,
      "precision": 0.9195675105485233,
      "recall": 0.9991404011461318,
      "roc_auc": 0.9997123234582177,
      "pr_auc": 0.9996545223600122,
      "mae": 0.10692851951566994,
      "rmse": 0.1921942239394893,
      "ece": 0.10298582687303823,
      "mce": 0.5381887578849989,
      "round_time": 0.09478354454040527,
      "client_training_time": 0.07304739952087402,
      "edge_processing_wall_time": 0.002121448516845703,
      "total_pure_processing_time": 0.0,
      "avg_processing_per_client": 0.0,
      "server_aggregation_time": 0.0010030269622802734,
      "internal_aggregation_time": 0.0,
      "evaluation_time": 0.018611669540405273,
      "clients_processed": 40
    },
    {
      "round": 10,
      "accuracy": 0.957125,
      "f1_score": 0.9530843933798386,
      "precision": 0.9118031928814446,
      "recall": 0.9982808022922636,
      "roc_auc": 0.9996183584393802,
      "pr_auc": 0.9995492806387405,
      "mae": 0.10605613870051414,
      "rmse": 0.19316099897545214,
      "ece": 0.10195191559025803,
      "mce": 0.5629008666120628,
      "round_time": 0.08406305313110352,
      "client_training_time": 0.06664156913757324,
      "edge_processing_wall_time": 0.004709959030151367,
      "total_pure_processing_time": 0.0,
      "avg_processing_per_client": 0.0,
      "server_aggregation_time": 0.0011205673217773438,
      "internal_aggregation_time": 0.0,
      "evaluation_time": 0.011590957641601562,
      "clients_processed": 40
    },
    {
      "round": 11,
      "accuracy": 0.954875,
      "f1_score": 0.9507570590642477,
      "precision": 0.9073158031762562,
      "recall": 0.998567335243553,
      "roc_auc": 0.999548154689674,
      "pr_auc": 0.9994612888279153,
      "mae": 0.10845285685474947,
      "rmse": 0.1969858874643668,
      "ece": 0.10395036796334209,
      "mce": 0.550739564936677,
      "round_time": 0.09189701080322266,
      "client_training_time": 0.0738973617553711,
      "edge_processing_wall_time": 0.003060579299926758,
      "total_pure_processing_time": 0.0,
      "avg_processing_per_client": 0.0,
      "server_aggregation_time": 0.0010046958923339844,
      "internal_aggregation_time": 0.0,
      "evaluation_time": 0.01393437385559082,
      "clients_processed": 40
    },
    {
      "round": 12,
      "accuracy": 0.956125,
      "f1_score": 0.9520164046479836,
      "precision": 0.910326797385621,
      "recall": 0.9977077363896848,
      "roc_auc": 0.9995233768956601,
      "pr_auc": 0.9994354440933361,
      "mae": 0.10666643693863191,
      "rmse": 0.19417332311404012,
      "ece": 0.10193209890408245,
      "mce": 0.5105169035483734,
      "round_time": 0.09209823608398438,
      "client_training_time": 0.0701894760131836,
      "edge_processing_wall_time": 0.004096031188964844,
      "total_pure_processing_time": 0.0,
      "avg_processing_per_client": 0.0,
      "server_aggregation_time": 0.0010416507720947266,
      "internal_aggregation_time": 0.0,
      "evaluation_time": 0.015729665756225586,
      "clients_processed": 40
    },
    {
      "round": 13,
      "accuracy": 0.95725,
      "f1_score": 0.9532147742818058,
      "precision": 0.912041884816754,
      "recall": 0.9982808022922636,
      "roc_auc": 0.9996293496146735,
      "pr_auc": 0.9995591805362637,
      "mae": 0.10628574742119837,
      "rmse": 0.19354406964289475,
      "ece": 0.10218713351054419,
      "mce": 0.538560026067723,
      "round_time": 0.08661866188049316,
      "client_training_time": 0.06385374069213867,
      "edge_processing_wall_time": 0.0033240318298339844,
      "total_pure_processing_time": 0.0,
      "avg_processing_per_client": 0.0,
      "server_aggregation_time": 0.0012865066528320312,
      "internal_aggregation_time": 0.0,
      "evaluation_time": 0.01689910888671875,
      "clients_processed": 40
    },
    {
      "round": 14,
      "accuracy": 0.9555,
      "f1_score": 0.951392681594757,
      "precision": 0.9087115284298383,
      "recall": 0.9982808022922636,
      "roc_auc": 0.9995545715029955,
      "pr_auc": 0.9994721643870763,
      "mae": 0.10759675004917205,
      "rmse": 0.19594577553394205,
      "ece": 0.10303183884797676,
      "mce": 0.5352767572236974,
      "round_time": 0.08443784713745117,
      "client_training_time": 0.06699872016906738,
      "edge_processing_wall_time": 0.003080606460571289,
      "total_pure_processing_time": 0.0,
      "avg_processing_per_client": 0.0,
      "server_aggregation_time": 0.0,
      "internal_aggregation_time": 0.0,
      "evaluation_time": 0.0143585205078125,
      "clients_processed": 40
    },
    {
      "round": 15,
      "accuracy": 0.957,
      "f1_score": 0.9529669127700301,
      "precision": 0.9113493723849372,
      "recall": 0.998567335243553,
      "roc_auc": 0.9996358299608002,
      "pr_auc": 0.9995646160773404,
      "mae": 0.10666235132768036,
      "rmse": 0.19481165881132192,
      "ece": 0.10262929455916311,
      "mce": 0.5704148152818027,
      "round_time": 0.08486342430114746,
      "client_training_time": 0.06901001930236816,
      "edge_processing_wall_time": 0.0020759105682373047,
      "total_pure_processing_time": 0.0,
      "avg_processing_per_client": 0.0,
      "server_aggregation_time": 0.001054525375366211,
      "internal_aggregation_time": 0.0,
      "evaluation_time": 0.012722969055175781,
      "clients_processed": 40
    },
    {
      "round": 16,
      "accuracy": 0.956,
      "f1_score": 0.9518862766539092,
      "precision": 0.9100888656560376,
      "recall": 0.9977077363896848,
      "roc_auc": 0.9996433903646148,
      "pr_auc": 0.9995753179419274,
      "mae": 0.10720104889596369,
      "rmse": 0.19446869547914403,
      "ece": 0.10311742678190781,
      "mce": 0.5707576694178572,
      "round_time": 0.08931875228881836,
      "client_training_time": 0.0703122615814209,
      "edge_processing_wall_time": 0.003708362579345703,
      "total_pure_processing_time": 0.0,
      "avg_processing_per_client": 0.0,
      "server_aggregation_time": 0.0010614395141601562,
      "internal_aggregation_time": 0.0,
      "evaluation_time": 0.014236688613891602,
      "clients_processed": 40
    },
    {
      "round": 17,
      "accuracy": 0.955875,
      "f1_score": 0.9518088737201366,
      "precision": 0.9089960886571056,
      "recall": 0.9988538681948425,
      "roc_auc": 0.9996539368102719,
      "pr_auc": 0.999584604521844,
      "mae": 0.10676436944480468,
      "rmse": 0.1949434518137268,
      "ece": 0.10235151246472773,
      "mce": 0.5364628626204859,
      "round_time": 0.09437751770019531,
      "client_training_time": 0.07358360290527344,
      "edge_processing_wall_time": 0.0021445751190185547,
      "total_pure_processing_time": 0.0,
      "avg_processing_per_client": 0.0,
      "server_aggregation_time": 0.0,
      "internal_aggregation_time": 0.0,
      "evaluation_time": 0.01864933967590332,
      "clients_processed": 40
    },
    {
      "round": 18,
      "accuracy": 0.956375,
      "f1_score": 0.9523289168146428,
      "precision": 0.9099451840250588,
      "recall": 0.9988538681948425,
      "roc_auc": 0.9996862750081004,
      "pr_auc": 0.9996281738802624,
      "mae": 0.10637068094677511,
      "rmse": 0.19410925692322883,
      "ece": 0.10280231763098849,
      "mce": 0.5901873060644295,
      "round_time": 0.08605170249938965,
      "client_training_time": 0.06783437728881836,
      "edge_processing_wall_time": 0.003208160400390625,
      "total_pure_processing_time": 0.0,
      "avg_processing_per_client": 0.0,
      "server_aggregation_time": 0.0,
      "internal_aggregation_time": 0.0,
      "evaluation_time": 0.013707399368286133,
      "clients_processed": 40
    },
    {
      "round": 19,
      "accuracy": 0.956125,
      "f1_score": 0.9520557300915176,
      "precision": 0.9096841555729575,
      "recall": 0.998567335243553,
      "roc_auc": 0.9996038094269976,
      "pr_auc": 0.999527089209799,
      "mae": 0.10775713998509238,
      "rmse": 0.195975633303468,
      "ece": 0.10335285367446904,
      "mce": 0.5418700685939482,
      "round_time": 0.0850362777709961,
      "client_training_time": 0.06814455986022949,
      "edge_processing_wall_time": 0.004285097122192383,
      "total_pure_processing_time": 0.0,
      "avg_processing_per_client": 0.0,
      "server_aggregation_time": 0.0,
      "internal_aggregation_time": 0.0,
      "evaluation_time": 0.012606620788574219,
      "clients_processed": 40
    },
    {
      "round": 20,
      "accuracy": 0.955875,
      "f1_score": 0.9518088737201366,
      "precision": 0.9089960886571056,
      "recall": 0.9988538681948425,
      "roc_auc": 0.9996350675671383,
      "pr_auc": 0.9995698879607148,
      "mae": 0.10580617910871216,
      "rmse": 0.1942604720135724,
      "ece": 0.10188977829627408,
      "mce": 0.5966651425519075,
      "round_time": 0.0895388126373291,
      "client_training_time": 0.07011127471923828,
      "edge_processing_wall_time": 0.002713441848754883,
      "total_pure_processing_time": 0.0,
      "avg_processing_per_client": 0.0,
      "server_aggregation_time": 0.0010554790496826172,
      "internal_aggregation_time": 0.0,
      "evaluation_time": 0.014628887176513672,
      "clients_processed": 40
    },
    {
      "round": 21,
      "accuracy": 0.95825,
      "f1_score": 0.9542591070939469,
      "precision": 0.9139559286463799,
      "recall": 0.9982808022922636,
      "roc_auc": 0.9996183584393801,
      "pr_auc": 0.9995485314982567,
      "mae": 0.10456335883499232,
      "rmse": 0.19202391140741917,
      "ece": 0.10053298441112579,
      "mce": 0.5830960402677073,
      "round_time": 0.08286070823669434,
      "client_training_time": 0.0660395622253418,
      "edge_processing_wall_time": 0.0032379627227783203,
      "total_pure_processing_time": 0.0,
      "avg_processing_per_client": 0.0,
      "server_aggregation_time": 0.0,
      "internal_aggregation_time": 0.0,
      "evaluation_time": 0.013583183288574219,
      "clients_processed": 40
    },
    {
      "round": 22,
      "accuracy": 0.9585,
      "f1_score": 0.9545578976183958,
      "precision": 0.9137840670859538,
      "recall": 0.9991404011461318,
      "roc_auc": 0.9996143558726549,
      "pr_auc": 0.9995357300865346,
      "mae": 0.10585449964858328,
      "rmse": 0.19365705565284497,
      "ece": 0.10128620479001314,
      "mce": 0.5140451388240551,
      "round_time": 0.09867739677429199,
      "client_training_time": 0.07213735580444336,
      "edge_processing_wall_time": 0.005616903305053711,
      "total_pure_processing_time": 0.0,
      "avg_processing_per_client": 0.0,
      "server_aggregation_time": 0.0039520263671875,
      "internal_aggregation_time": 0.0,
      "evaluation_time": 0.014749765396118164,
      "clients_processed": 40
    },
    {
      "round": 23,
      "accuracy": 0.96175,
      "f1_score": 0.9579554822753503,
      "precision": 0.9202745512143612,
      "recall": 0.9988538681948425,
      "roc_auc": 0.9996932636166684,
      "pr_auc": 0.9996327213742555,
      "mae": 0.10562990160593866,
      "rmse": 0.1912237076663315,
      "ece": 0.10132200278217453,
      "mce": 0.505295509553713,
      "round_time": 0.0848388671875,
      "client_training_time": 0.06845259666442871,
      "edge_processing_wall_time": 0.003037691116333008,
      "total_pure_processing_time": 0.0,
      "avg_processing_per_client": 0.0,
      "server_aggregation_time": 0.0010025501251220703,
      "internal_aggregation_time": 0.0,
      "evaluation_time": 0.012346029281616211,
      "clients_processed": 40
    },
    {
      "round": 24,
      "accuracy": 0.957875,
      "f1_score": 0.9538924613490217,
      "precision": 0.9128043990573449,
      "recall": 0.9988538681948425,
      "roc_auc": 0.9996928824198374,
      "pr_auc": 0.9996365377877282,
      "mae": 0.10549148047686213,
      "rmse": 0.1920183737414852,
      "ece": 0.10224527724001611,
      "mce": 0.60753861227099,
      "round_time": 0.08289670944213867,
      "client_training_time": 0.06644296646118164,
      "edge_processing_wall_time": 0.002530336380004883,
      "total_pure_processing_time": 0.0,
      "avg_processing_per_client": 0.0,
      "server_aggregation_time": 0.0010578632354736328,
      "internal_aggregation_time": 0.0,
      "evaluation_time": 0.012865543365478516,
      "clients_processed": 40
    },
    {
      "round": 25,
      "accuracy": 0.96025,
      "f1_score": 0.9563426688632619,
      "precision": 0.9180284659989457,
      "recall": 0.9979942693409742,
      "roc_auc": 0.9996831619006473,
      "pr_auc": 0.9996222333860361,
      "mae": 0.10443497918489619,
      "rmse": 0.18941019438028966,
      "ece": 0.1005084594707092,
      "mce": 0.5686232324995713,
      "round_time": 0.08187556266784668,
      "client_training_time": 0.06579804420471191,
      "edge_processing_wall_time": 0.0020732879638671875,
      "total_pure_processing_time": 0.0,
      "avg_processing_per_client": 0.0,
      "server_aggregation_time": 0.0010128021240234375,
      "internal_aggregation_time": 0.0,
      "evaluation_time": 0.01299142837524414,
      "clients_processed": 40
    },
    {
      "round": 26,
      "accuracy": 0.956875,
      "f1_score": 0.9528108329913828,
      "precision": 0.911541481287621,
      "recall": 0.9979942693409742,
      "roc_auc": 0.9996325262549317,
      "pr_auc": 0.9995670318541807,
      "mae": 0.1047078837493803,
      "rmse": 0.19172166969038285,
      "ece": 0.10077178383328535,
      "mce": 0.5941765631922531,
      "round_time": 0.08603358268737793,
      "client_training_time": 0.0674128532409668,
      "edge_processing_wall_time": 0.003536701202392578,
      "total_pure_processing_time": 0.0,
      "avg_processing_per_client": 0.0,
      "server_aggregation_time": 0.0,
      "internal_aggregation_time": 0.0,
      "evaluation_time": 0.015084028244018555,
      "clients_processed": 40
    },
    {
      "round": 27,
      "accuracy": 0.956625,
      "f1_score": 0.9525761924285909,
      "precision": 0.9106349621113143,
      "recall": 0.998567335243553,
      "roc_auc": 0.9996351946327486,
      "pr_auc": 0.9995703646062366,
      "mae": 0.1069627210061091,
      "rmse": 0.1944373834367688,
      "ece": 0.10318017107361356,
      "mce": 0.590728178909265,
      "round_time": 0.08521032333374023,
      "client_training_time": 0.06777191162109375,
      "edge_processing_wall_time": 0.0020482540130615234,
      "total_pure_processing_time": 0.0,
      "avg_processing_per_client": 0.0,
      "server_aggregation_time": 0.0010421276092529297,
      "internal_aggregation_time": 0.0,
      "evaluation_time": 0.014348030090332031,
      "clients_processed": 40
    },
    {
      "round": 28,
      "accuracy": 0.956375,
      "f1_score": 0.9523158901489275,
      "precision": 0.9101593105249413,
      "recall": 0.998567335243553,
      "roc_auc": 0.9996218527436642,
      "pr_auc": 0.999550079836688,
      "mae": 0.1072960256390714,
      "rmse": 0.19499962289460349,
      "ece": 0.10314002047780291,
      "mce": 0.5784402885304648,
      "round_time": 0.08408784866333008,
      "client_training_time": 0.06654500961303711,
      "edge_processing_wall_time": 0.0021560192108154297,
      "total_pure_processing_time": 0.0,
      "avg_processing_per_client": 0.0,
      "server_aggregation_time": 0.0,
      "internal_aggregation_time": 0.0,
      "evaluation_time": 0.015386819839477539,
      "clients_processed": 40
    },
    {
      "round": 29,
      "accuracy": 0.957375,
      "f1_score": 0.9533579537682944,
      "precision": 0.9120649044752682,
      "recall": 0.998567335243553,
      "roc_auc": 0.9996947884039924,
      "pr_auc": 0.9996384611516522,
      "mae": 0.10664805642818473,
      "rmse": 0.19340417735587195,
      "ece": 0.10319638425034518,
      "mce": 0.5949480160750551,
      "round_time": 0.09127020835876465,
      "client_training_time": 0.07152032852172852,
      "edge_processing_wall_time": 0.004197359085083008,
      "total_pure_processing_time": 0.0,
      "avg_processing_per_client": 0.0,
      "server_aggregation_time": 0.0010418891906738281,
      "internal_aggregation_time": 0.0,
      "evaluation_time": 0.014510631561279297,
      "clients_processed": 40
    },
    {
      "round": 30,
      "accuracy": 0.957,
      "f1_score": 0.9529797703663204,
      "precision": 0.9111343439623628,
      "recall": 0.9988538681948425,
      "roc_auc": 0.9997036829967154,
      "pr_auc": 0.999645486018528,
      "mae": 0.1065700225860732,
      "rmse": 0.1938044018775545,
      "ece": 0.1029033268635339,
      "mce": 0.5702228644306868,
      "round_time": 0.08637261390686035,
      "client_training_time": 0.06926846504211426,
      "edge_processing_wall_time": 0.002062082290649414,
      "total_pure_processing_time": 0.0,
      "avg_processing_per_client": 0.0,
      "server_aggregation_time": 0.0010671615600585938,
      "internal_aggregation_time": 0.0,
      "evaluation_time": 0.013974905014038086,
      "clients_processed": 40
    }
  ],
  "final_statistics": {
    "final_accuracy": 0.957,
    "best_accuracy": 0.96175,
    "total_time": 2.8012895584106445,
    "avg_round_time": 0.09288288752237955,
    "avg_client_training_time": 0.07200911045074462,
    "avg_edge_processing_wall_time": 0.004296636581420899,
    "avg_pure_processing_time": 0.0,
    "avg_processing_per_client": 0.0,
    "avg_server_aggregation_time": 0.0007654905319213867,
    "avg_internal_aggregation_time": 0.0,
    "avg_evaluation_time": 0.015482854843139649
  },
  "timing_statistics": {
    "total_client_training_time": 2.160273313522339,
    "total_edge_processing_wall_time": 0.12889909744262695,
    "total_pure_processing_time": 0.0,
    "total_server_aggregation_time": 0.0229647159576416,
    "total_internal_aggregation_time": 0.0,
    "total_evaluation_time": 0.46448564529418945,
    "total_time": 2.8012895584106445,
    "avg_round_time": 0.09288288752237955,
    "avg_client_training_time": 0.07200911045074462,
    "avg_edge_processing_wall_time": 0.004296636581420899,
    "avg_pure_processing_time": 0.0,
    "avg_processing_per_client": 0.0,
    "avg_server_aggregation_time": 0.0007654905319213867,
    "avg_internal_aggregation_time": 0.0,
    "avg_evaluation_time": 0.015482854843139649
  },
  "architecture": {
    "clients": 40,
    "edge_devices": 40,
    "cloud_servers": 1,
    "data_flow": "Client \u2192 Edge \u2192 Cloud \u2192 Edge \u2192 Client"
  }
}