{
  "pipeline_type": "plaintext_edge_device_fl",
  "configuration": {
    "rounds": 50,
    "clients": 10,
    "patience": 999
  },
  "results": [
    {
      "round": 1,
      "accuracy": 0.938,
      "f1_score": 0.923739237392374,
      "precision": 0.8582857142857143,
      "recall": 1.0,
      "roc_auc": 0.9999978678015649,
      "pr_auc": 0.9999964562647712,
      "mae": 0.09865890468695558,
      "rmse": 0.1987485470509953,
      "ece": 0.09826465394574525,
      "mce": 0.7297880132327298,
      "round_time": 0.03050994873046875,
      "client_training_time": 0.021001100540161133,
      "edge_processing_wall_time": 0.002149820327758789,
      "total_pure_processing_time": 0.0,
      "avg_processing_per_client": 0.0,
      "server_aggregation_time": 0.0,
      "internal_aggregation_time": 0.0,
      "evaluation_time": 0.007359027862548828,
      "clients_processed": 10
    },
    {
      "round": 2,
      "accuracy": 0.9395,
      "f1_score": 0.9254467036352434,
      "precision": 0.8612385321100917,
      "recall": 1.0,
      "roc_auc": 0.9999989339007824,
      "pr_auc": 0.9999982293112729,
      "mae": 0.09760396921476053,
      "rmse": 0.19724232110097112,
      "ece": 0.09718122294775869,
      "mce": 0.6441956809285655,
      "round_time": 0.031340837478637695,
      "client_training_time": 0.017823219299316406,
      "edge_processing_wall_time": 0.002057313919067383,
      "total_pure_processing_time": 0.0,
      "avg_processing_per_client": 0.0,
      "server_aggregation_time": 0.0,
      "internal_aggregation_time": 0.0,
      "evaluation_time": 0.011460304260253906,
      "clients_processed": 10
    },
    {
      "round": 3,
      "accuracy": 0.942,
      "f1_score": 0.9283065512978986,
      "precision": 0.8662053056516724,
      "recall": 1.0,
      "roc_auc": 0.9999957356031296,
      "pr_auc": 0.9999929453884886,
      "mae": 0.0968938957473139,
      "rmse": 0.1962234018944093,
      "ece": 0.09641113128792984,
      "mce": 0.641726580476313,
      "round_time": 0.026864051818847656,
      "client_training_time": 0.01649641990661621,
      "edge_processing_wall_time": 0.0,
      "total_pure_processing_time": 0.0,
      "avg_processing_per_client": 0.0,
      "server_aggregation_time": 0.0,
      "internal_aggregation_time": 0.0,
      "evaluation_time": 0.009326934814453125,
      "clients_processed": 10
    },
    {
      "round": 4,
      "accuracy": 0.9385,
      "f1_score": 0.9243076923076923,
      "precision": 0.8592677345537757,
      "recall": 1.0,
      "roc_auc": 1.0,
      "pr_auc": 1.0,
      "mae": 0.09756111299474464,
      "rmse": 0.19673388496726404,
      "ece": 0.0971474681320799,
      "mce": 0.6535361242929612,
      "round_time": 0.026363849639892578,
      "client_training_time": 0.01676154136657715,
      "edge_processing_wall_time": 0.0010190010070800781,
      "total_pure_processing_time": 0.0,
      "avg_processing_per_client": 0.0,
      "server_aggregation_time": 0.0,
      "internal_aggregation_time": 0.0,
      "evaluation_time": 0.008583307266235352,
      "clients_processed": 10
    },
    {
      "round": 5,
      "accuracy": 0.94,
      "f1_score": 0.9260172626387176,
      "precision": 0.8622273249138921,
      "recall": 1.0,
      "roc_auc": 0.9999989339007824,
      "pr_auc": 0.9999982293112729,
      "mae": 0.09550724493022573,
      "rmse": 0.19433457846064542,
      "ece": 0.09505886562029146,
      "mce": 0.6406474264925652,
      "round_time": 0.02884984016418457,
      "client_training_time": 0.019567012786865234,
      "edge_processing_wall_time": 0.001031637191772461,
      "total_pure_processing_time": 0.0,
      "avg_processing_per_client": 0.0,
      "server_aggregation_time": 0.0,
      "internal_aggregation_time": 0.0,
      "evaluation_time": 0.007231235504150391,
      "clients_processed": 10
    },
    {
      "round": 6,
      "accuracy": 0.938,
      "f1_score": 0.923739237392374,
      "precision": 0.8582857142857143,
      "recall": 1.0,
      "roc_auc": 1.0,
      "pr_auc": 1.0,
      "mae": 0.09727955062792312,
      "rmse": 0.1978074669044884,
      "ece": 0.09704590120135424,
      "mce": 0.674082493164964,
      "round_time": 0.02657628059387207,
      "client_training_time": 0.01711106300354004,
      "edge_processing_wall_time": 0.0,
      "total_pure_processing_time": 0.0,
      "avg_processing_per_client": 0.0,
      "server_aggregation_time": 0.0010342597961425781,
      "internal_aggregation_time": 0.0,
      "evaluation_time": 0.008430957794189453,
      "clients_processed": 10
    },
    {
      "round": 7,
      "accuracy": 0.938,
      "f1_score": 0.923739237392374,
      "precision": 0.8582857142857143,
      "recall": 1.0,
      "roc_auc": 0.9999978678015649,
      "pr_auc": 0.9999964562647712,
      "mae": 0.09899194087905075,
      "rmse": 0.19952270321418994,
      "ece": 0.09855418420109617,
      "mce": 0.6567349057343259,
      "round_time": 0.025765180587768555,
      "client_training_time": 0.014669418334960938,
      "edge_processing_wall_time": 0.0010573863983154297,
      "total_pure_processing_time": 0.0,
      "avg_processing_per_client": 0.0,
      "server_aggregation_time": 0.0010390281677246094,
      "internal_aggregation_time": 0.0,
      "evaluation_time": 0.007898807525634766,
      "clients_processed": 10
    },
    {
      "round": 8,
      "accuracy": 0.9425,
      "f1_score": 0.9288806431663574,
      "precision": 0.8672055427251733,
      "recall": 1.0,
      "roc_auc": 1.0,
      "pr_auc": 1.0,
      "mae": 0.09480903275257316,
      "rmse": 0.19454680542497477,
      "ece": 0.09437592944832557,
      "mce": 0.6449114723974404,
      "round_time": 0.02901911735534668,
      "client_training_time": 0.015491724014282227,
      "edge_processing_wall_time": 0.0010273456573486328,
      "total_pure_processing_time": 0.0,
      "avg_processing_per_client": 0.0,
      "server_aggregation_time": 0.001234292984008789,
      "internal_aggregation_time": 0.0,
      "evaluation_time": 0.011265754699707031,
      "clients_processed": 10
    },
    {
      "round": 9,
      "accuracy": 0.938,
      "f1_score": 0.923739237392374,
      "precision": 0.8582857142857143,
      "recall": 1.0,
      "roc_auc": 0.999994669503912,
      "pr_auc": 0.9999911933999817,
      "mae": 0.09784281052748815,
      "rmse": 0.19833368211861652,
      "ece": 0.0975880254978971,
      "mce": 0.6800073268828224,
      "round_time": 0.03238058090209961,
      "client_training_time": 0.02051091194152832,
      "edge_processing_wall_time": 0.0020973682403564453,
      "total_pure_processing_time": 0.0,
      "avg_processing_per_client": 0.0,
      "server_aggregation_time": 0.0,
      "internal_aggregation_time": 0.0,
      "evaluation_time": 0.009772300720214844,
      "clients_processed": 10
    },
    {
      "round": 10,
      "accuracy": 0.9365,
      "f1_score": 0.9220380601596071,
      "precision": 0.8553530751708428,
      "recall": 1.0,
      "roc_auc": 0.9999968017023473,
      "pr_auc": 0.9999946902790686,
      "mae": 0.09837311090968631,
      "rmse": 0.19946483898983136,
      "ece": 0.0978930693559666,
      "mce": 0.6386053528163477,
      "round_time": 0.024870872497558594,
      "client_training_time": 0.01591777801513672,
      "edge_processing_wall_time": 0.0010607242584228516,
      "total_pure_processing_time": 0.0,
      "avg_processing_per_client": 0.0,
      "server_aggregation_time": 0.0,
      "internal_aggregation_time": 0.0,
      "evaluation_time": 0.007892370223999023,
      "clients_processed": 10
    },
    {
      "round": 11,
      "accuracy": 0.9395,
      "f1_score": 0.9254467036352434,
      "precision": 0.8612385321100917,
      "recall": 1.0,
      "roc_auc": 0.9999978678015649,
      "pr_auc": 0.9999964633255704,
      "mae": 0.09661824870458978,
      "rmse": 0.1960770188186502,
      "ece": 0.09613425210097544,
      "mce": 0.645085854534342,
      "round_time": 0.029158830642700195,
      "client_training_time": 0.014755010604858398,
      "edge_processing_wall_time": 0.0010533332824707031,
      "total_pure_processing_time": 0.0,
      "avg_processing_per_client": 0.0,
      "server_aggregation_time": 0.0,
      "internal_aggregation_time": 0.0,
      "evaluation_time": 0.011879682540893555,
      "clients_processed": 10
    },
    {
      "round": 12,
      "accuracy": 0.9385,
      "f1_score": 0.9243076923076923,
      "precision": 0.8592677345537757,
      "recall": 1.0,
      "roc_auc": 0.9999978678015649,
      "pr_auc": 0.9999964633255704,
      "mae": 0.09771286490263409,
      "rmse": 0.19787411135863006,
      "ece": 0.09724073279259873,
      "mce": 0.6493520862764989,
      "round_time": 0.045562744140625,
      "client_training_time": 0.02806258201599121,
      "edge_processing_wall_time": 0.0010418891906738281,
      "total_pure_processing_time": 0.0,
      "avg_processing_per_client": 0.0,
      "server_aggregation_time": 0.0,
      "internal_aggregation_time": 0.0,
      "evaluation_time": 0.01645827293395996,
      "clients_processed": 10
    },
    {
      "round": 13,
      "accuracy": 0.9395,
      "f1_score": 0.9254467036352434,
      "precision": 0.8612385321100917,
      "recall": 1.0,
      "roc_auc": 0.9999978678015649,
      "pr_auc": 0.9999964562647712,
      "mae": 0.09653645408305021,
      "rmse": 0.1959548248149031,
      "ece": 0.09607133514188534,
      "mce": 0.6434630961411534,
      "round_time": 0.06278157234191895,
      "client_training_time": 0.04953622817993164,
      "edge_processing_wall_time": 0.001241445541381836,
      "total_pure_processing_time": 0.0,
      "avg_processing_per_client": 0.0,
      "server_aggregation_time": 0.0,
      "internal_aggregation_time": 0.0,
      "evaluation_time": 0.010994195938110352,
      "clients_processed": 10
    },
    {
      "round": 14,
      "accuracy": 0.939,
      "f1_score": 0.9248768472906403,
      "precision": 0.8602520045819015,
      "recall": 1.0,
      "roc_auc": 1.0,
      "pr_auc": 1.0,
      "mae": 0.09614930201351819,
      "rmse": 0.1958340367893721,
      "ece": 0.09571420372510421,
      "mce": 0.6411254089450427,
      "round_time": 0.04005694389343262,
      "client_training_time": 0.02848982810974121,
      "edge_processing_wall_time": 0.0014948844909667969,
      "total_pure_processing_time": 0.0,
      "avg_processing_per_client": 0.0,
      "server_aggregation_time": 0.0,
      "internal_aggregation_time": 0.0,
      "evaluation_time": 0.008600950241088867,
      "clients_processed": 10
    },
    {
      "round": 15,
      "accuracy": 0.9385,
      "f1_score": 0.9243076923076923,
      "precision": 0.8592677345537757,
      "recall": 1.0,
      "roc_auc": 0.9999978678015649,
      "pr_auc": 0.9999964562647712,
      "mae": 0.09697124766632045,
      "rmse": 0.19730411837730244,
      "ece": 0.09648680390375045,
      "mce": 0.6392398708836514,
      "round_time": 0.044789791107177734,
      "client_training_time": 0.03001856803894043,
      "edge_processing_wall_time": 0.0015065670013427734,
      "total_pure_processing_time": 0.0,
      "avg_processing_per_client": 0.0,
      "server_aggregation_time": 0.0,
      "internal_aggregation_time": 0.0,
      "evaluation_time": 0.013264656066894531,
      "clients_processed": 10
    },
    {
      "round": 16,
      "accuracy": 0.9395,
      "f1_score": 0.9254467036352434,
      "precision": 0.8612385321100917,
      "recall": 1.0,
      "roc_auc": 1.0,
      "pr_auc": 1.0,
      "mae": 0.0974494659583113,
      "rmse": 0.19651774892643803,
      "ece": 0.0970075491552202,
      "mce": 0.6529397113209652,
      "round_time": 0.0519711971282959,
      "client_training_time": 0.034311771392822266,
      "edge_processing_wall_time": 0.0011212825775146484,
      "total_pure_processing_time": 0.0,
      "avg_processing_per_client": 0.0,
      "server_aggregation_time": 0.0,
      "internal_aggregation_time": 0.0,
      "evaluation_time": 0.016538143157958984,
      "clients_processed": 10
    },
    {
      "round": 17,
      "accuracy": 0.9375,
      "f1_score": 0.9231714812538414,
      "precision": 0.8573059360730594,
      "recall": 1.0,
      "roc_auc": 0.9999968017023473,
      "pr_auc": 0.99999470202418,
      "mae": 0.09750554100421498,
      "rmse": 0.19729884629320613,
      "ece": 0.0972438517501186,
      "mce": 0.6601055416833687,
      "round_time": 0.03486013412475586,
      "client_training_time": 0.02231287956237793,
      "edge_processing_wall_time": 0.004129886627197266,
      "total_pure_processing_time": 0.0,
      "avg_processing_per_client": 0.0,
      "server_aggregation_time": 0.0,
      "internal_aggregation_time": 0.0,
      "evaluation_time": 0.008054494857788086,
      "clients_processed": 10
    },
    {
      "round": 18,
      "accuracy": 0.9415,
      "f1_score": 0.9277331686226066,
      "precision": 0.8652073732718893,
      "recall": 1.0,
      "roc_auc": 0.9999978678015649,
      "pr_auc": 0.9999964633255704,
      "mae": 0.09583330894039949,
      "rmse": 0.19420982522083702,
      "ece": 0.09558205901739007,
      "mce": 0.6452324771579376,
      "round_time": 0.02933216094970703,
      "client_training_time": 0.017106294631958008,
      "edge_processing_wall_time": 0.002315044403076172,
      "total_pure_processing_time": 0.0,
      "avg_processing_per_client": 0.0,
      "server_aggregation_time": 0.0023276805877685547,
      "internal_aggregation_time": 0.0,
      "evaluation_time": 0.007583141326904297,
      "clients_processed": 10
    },
    {
      "round": 19,
      "accuracy": 0.9405,
      "f1_score": 0.9265885256014805,
      "precision": 0.8632183908045977,
      "recall": 1.0,
      "roc_auc": 1.0,
      "pr_auc": 1.0,
      "mae": 0.09795810147678558,
      "rmse": 0.19702534736053826,
      "ece": 0.0975098859275674,
      "mce": 0.6488533420498338,
      "round_time": 0.03387284278869629,
      "client_training_time": 0.017818927764892578,
      "edge_processing_wall_time": 0.0012106895446777344,
      "total_pure_processing_time": 0.0,
      "avg_processing_per_client": 0.0,
      "server_aggregation_time": 0.0010504722595214844,
      "internal_aggregation_time": 0.0,
      "evaluation_time": 0.012269020080566406,
      "clients_processed": 10
    },
    {
      "round": 20,
      "accuracy": 0.939,
      "f1_score": 0.9248768472906403,
      "precision": 0.8602520045819015,
      "recall": 1.0,
      "roc_auc": 0.9999989339007824,
      "pr_auc": 0.9999982293112729,
      "mae": 0.09693277024433715,
      "rmse": 0.1967879121980575,
      "ece": 0.09671176822873123,
      "mce": 0.646370216729144,
      "round_time": 0.03668713569641113,
      "client_training_time": 0.02783966064453125,
      "edge_processing_wall_time": 0.0011436939239501953,
      "total_pure_processing_time": 0.0,
      "avg_processing_per_client": 0.0,
      "server_aggregation_time": 0.0,
      "internal_aggregation_time": 0.0,
      "evaluation_time": 0.0077037811279296875,
      "clients_processed": 10
    },
    {
      "round": 21,
      "accuracy": 0.9395,
      "f1_score": 0.9254467036352434,
      "precision": 0.8612385321100917,
      "recall": 1.0,
      "roc_auc": 0.9999978678015649,
      "pr_auc": 0.9999964633255704,
      "mae": 0.09820070358181604,
      "rmse": 0.19847352888349087,
      "ece": 0.09777904097114712,
      "mce": 0.6632074829450474,
      "round_time": 0.02999091148376465,
      "client_training_time": 0.020939350128173828,
      "edge_processing_wall_time": 0.0015990734100341797,
      "total_pure_processing_time": 0.0,
      "avg_processing_per_client": 0.0,
      "server_aggregation_time": 0.0,
      "internal_aggregation_time": 0.0,
      "evaluation_time": 0.007452487945556641,
      "clients_processed": 10
    },
    {
      "round": 22,
      "accuracy": 0.9375,
      "f1_score": 0.9231714812538414,
      "precision": 0.8573059360730594,
      "recall": 1.0,
      "roc_auc": 0.9999968017023473,
      "pr_auc": 0.9999946902790686,
      "mae": 0.09917812551408718,
      "rmse": 0.2015602701100756,
      "ece": 0.09875599139069119,
      "mce": 0.6786168265598012,
      "round_time": 0.03170943260192871,
      "client_training_time": 0.019196748733520508,
      "edge_processing_wall_time": 0.005502462387084961,
      "total_pure_processing_time": 0.0,
      "avg_processing_per_client": 0.0,
      "server_aggregation_time": 0.0,
      "internal_aggregation_time": 0.0,
      "evaluation_time": 0.007010221481323242,
      "clients_processed": 10
    },
    {
      "round": 23,
      "accuracy": 0.9385,
      "f1_score": 0.9243076923076923,
      "precision": 0.8592677345537757,
      "recall": 1.0,
      "roc_auc": 0.9999989339007824,
      "pr_auc": 0.9999982293112729,
      "mae": 0.09709822257803498,
      "rmse": 0.19674193963199205,
      "ece": 0.09664655510327912,
      "mce": 0.6392573862516513,
      "round_time": 0.03128552436828613,
      "client_training_time": 0.018253564834594727,
      "edge_processing_wall_time": 0.0010058879852294922,
      "total_pure_processing_time": 0.0,
      "avg_processing_per_client": 0.0,
      "server_aggregation_time": 0.0,
      "internal_aggregation_time": 0.0,
      "evaluation_time": 0.010984420776367188,
      "clients_processed": 10
    },
    {
      "round": 24,
      "accuracy": 0.939,
      "f1_score": 0.9248768472906403,
      "precision": 0.8602520045819015,
      "recall": 1.0,
      "roc_auc": 0.9999936034046945,
      "pr_auc": 0.9999894460402423,
      "mae": 0.09480739707921738,
      "rmse": 0.19434059257119207,
      "ece": 0.09432282877086988,
      "mce": 0.6408234353303492,
      "round_time": 0.031218290328979492,
      "client_training_time": 0.018455028533935547,
      "edge_processing_wall_time": 0.0,
      "total_pure_processing_time": 0.0,
      "avg_processing_per_client": 0.0,
      "server_aggregation_time": 0.001489877700805664,
      "internal_aggregation_time": 0.0,
      "evaluation_time": 0.011273384094238281,
      "clients_processed": 10
    },
    {
      "round": 25,
      "accuracy": 0.9405,
      "f1_score": 0.9265885256014805,
      "precision": 0.8632183908045977,
      "recall": 1.0,
      "roc_auc": 0.9999978678015649,
      "pr_auc": 0.9999964633255704,
      "mae": 0.09893977076713753,
      "rmse": 0.19895970024019,
      "ece": 0.09849018757816518,
      "mce": 0.6470985085258749,
      "round_time": 0.030174970626831055,
      "client_training_time": 0.01806187629699707,
      "edge_processing_wall_time": 0.001012563705444336,
      "total_pure_processing_time": 0.0,
      "avg_processing_per_client": 0.0,
      "server_aggregation_time": 0.001035451889038086,
      "internal_aggregation_time": 0.0,
      "evaluation_time": 0.010065078735351562,
      "clients_processed": 10
    },
    {
      "round": 26,
      "accuracy": 0.938,
      "f1_score": 0.923739237392374,
      "precision": 0.8582857142857143,
      "recall": 1.0,
      "roc_auc": 1.0,
      "pr_auc": 1.0,
      "mae": 0.09824908309540586,
      "rmse": 0.19978204198906563,
      "ece": 0.09824908309540584,
      "mce": 0.7350238519110978,
      "round_time": 0.02729201316833496,
      "client_training_time": 0.018260478973388672,
      "edge_processing_wall_time": 0.0011057853698730469,
      "total_pure_processing_time": 0.0,
      "avg_processing_per_client": 0.0,
      "server_aggregation_time": 0.0,
      "internal_aggregation_time": 0.0,
      "evaluation_time": 0.006837129592895508,
      "clients_processed": 10
    },
    {
      "round": 27,
      "accuracy": 0.9375,
      "f1_score": 0.9231714812538414,
      "precision": 0.8573059360730594,
      "recall": 1.0,
      "roc_auc": 0.9999989339007824,
      "pr_auc": 0.9999982293112729,
      "mae": 0.09883372572008096,
      "rmse": 0.19900656427757232,
      "ece": 0.09838893181122878,
      "mce": 0.641206805619559,
      "round_time": 0.030630111694335938,
      "client_training_time": 0.022936344146728516,
      "edge_processing_wall_time": 0.0010094642639160156,
      "total_pure_processing_time": 0.0,
      "avg_processing_per_client": 0.0,
      "server_aggregation_time": 0.0,
      "internal_aggregation_time": 0.0,
      "evaluation_time": 0.006684303283691406,
      "clients_processed": 10
    },
    {
      "round": 28,
      "accuracy": 0.9365,
      "f1_score": 0.9220380601596071,
      "precision": 0.8553530751708428,
      "recall": 1.0,
      "roc_auc": 0.9999882729086065,
      "pr_auc": 0.9999807780352357,
      "mae": 0.09825089387375917,
      "rmse": 0.2004545217144925,
      "ece": 0.09780558872795439,
      "mce": 0.6900066039866912,
      "round_time": 0.03283500671386719,
      "client_training_time": 0.02529621124267578,
      "edge_processing_wall_time": 0.0010504722595214844,
      "total_pure_processing_time": 0.0,
      "avg_processing_per_client": 0.0,
      "server_aggregation_time": 0.0010306835174560547,
      "internal_aggregation_time": 0.0,
      "evaluation_time": 0.005457639694213867,
      "clients_processed": 10
    },
    {
      "round": 29,
      "accuracy": 0.9385,
      "f1_score": 0.9243076923076923,
      "precision": 0.8592677345537757,
      "recall": 1.0,
      "roc_auc": 0.9999957356031296,
      "pr_auc": 0.9999929453884886,
      "mae": 0.09729824359359131,
      "rmse": 0.19754301869810506,
      "ece": 0.09705016713807037,
      "mce": 0.6592787182942201,
      "round_time": 0.030500411987304688,
      "client_training_time": 0.0168607234954834,
      "edge_processing_wall_time": 0.0021889209747314453,
      "total_pure_processing_time": 0.0,
      "avg_processing_per_client": 0.0,
      "server_aggregation_time": 0.0013260841369628906,
      "internal_aggregation_time": 0.0,
      "evaluation_time": 0.009413003921508789,
      "clients_processed": 10
    },
    {
      "round": 30,
      "accuracy": 0.939,
      "f1_score": 0.9248768472906403,
      "precision": 0.8602520045819015,
      "recall": 1.0,
      "roc_auc": 0.9999989339007824,
      "pr_auc": 0.9999982293112729,
      "mae": 0.09614927408333816,
      "rmse": 0.19616395464623915,
      "ece": 0.0959036723196805,
      "mce": 0.6602353496057008,
      "round_time": 0.033481597900390625,
      "client_training_time": 0.01778554916381836,
      "edge_processing_wall_time": 0.00106048583984375,
      "total_pure_processing_time": 0.0,
      "avg_processing_per_client": 0.0,
      "server_aggregation_time": 0.0010077953338623047,
      "internal_aggregation_time": 0.0,
      "evaluation_time": 0.013627767562866211,
      "clients_processed": 10
    },
    {
      "round": 31,
      "accuracy": 0.9395,
      "f1_score": 0.9254467036352434,
      "precision": 0.8612385321100917,
      "recall": 1.0,
      "roc_auc": 0.999994669503912,
      "pr_auc": 0.999991172341987,
      "mae": 0.09836917793112382,
      "rmse": 0.19915210758138463,
      "ece": 0.09790491732638587,
      "mce": 0.6485456909582756,
      "round_time": 0.04299426078796387,
      "client_training_time": 0.024958133697509766,
      "edge_processing_wall_time": 0.0023310184478759766,
      "total_pure_processing_time": 0.0,
      "avg_processing_per_client": 0.0,
      "server_aggregation_time": 0.0,
      "internal_aggregation_time": 0.0,
      "evaluation_time": 0.015705108642578125,
      "clients_processed": 10
    },
    {
      "round": 32,
      "accuracy": 0.938,
      "f1_score": 0.923739237392374,
      "precision": 0.8582857142857143,
      "recall": 1.0,
      "roc_auc": 0.9999957356031296,
      "pr_auc": 0.9999929453884886,
      "mae": 0.09819133992943392,
      "rmse": 0.20006455267200743,
      "ece": 0.0977885008206493,
      "mce": 0.6894286322371147,
      "round_time": 0.037293434143066406,
      "client_training_time": 0.022411108016967773,
      "edge_processing_wall_time": 0.0010218620300292969,
      "total_pure_processing_time": 0.0,
      "avg_processing_per_client": 0.0,
      "server_aggregation_time": 0.001066446304321289,
      "internal_aggregation_time": 0.0,
      "evaluation_time": 0.012794017791748047,
      "clients_processed": 10
    },
    {
      "round": 33,
      "accuracy": 0.9415,
      "f1_score": 0.9277331686226066,
      "precision": 0.8652073732718893,
      "recall": 1.0,
      "roc_auc": 0.9999978678015649,
      "pr_auc": 0.9999964562647712,
      "mae": 0.09758613212320225,
      "rmse": 0.19723490523717493,
      "ece": 0.09715792093992516,
      "mce": 0.6671609831038569,
      "round_time": 0.03304004669189453,
      "client_training_time": 0.017705202102661133,
      "edge_processing_wall_time": 0.0013077259063720703,
      "total_pure_processing_time": 0.0,
      "avg_processing_per_client": 0.0,
      "server_aggregation_time": 0.0010285377502441406,
      "internal_aggregation_time": 0.0,
      "evaluation_time": 0.011992216110229492,
      "clients_processed": 10
    },
    {
      "round": 34,
      "accuracy": 0.938,
      "f1_score": 0.923739237392374,
      "precision": 0.8582857142857143,
      "recall": 1.0,
      "roc_auc": 1.0,
      "pr_auc": 1.0,
      "mae": 0.09585948583107202,
      "rmse": 0.1960031573202099,
      "ece": 0.0954160128588075,
      "mce": 0.64197864077493,
      "round_time": 0.034868478775024414,
      "client_training_time": 0.02494955062866211,
      "edge_processing_wall_time": 0.0010154247283935547,
      "total_pure_processing_time": 0.0,
      "avg_processing_per_client": 0.0,
      "server_aggregation_time": 0.0014023780822753906,
      "internal_aggregation_time": 0.0,
      "evaluation_time": 0.007501125335693359,
      "clients_processed": 10
    },
    {
      "round": 35,
      "accuracy": 0.9385,
      "f1_score": 0.9243076923076923,
      "precision": 0.8592677345537757,
      "recall": 1.0,
      "roc_auc": 1.0,
      "pr_auc": 1.0,
      "mae": 0.09905424102978765,
      "rmse": 0.19917121775170313,
      "ece": 0.09885181359373718,
      "mce": 0.6675906831353057,
      "round_time": 0.03018975257873535,
      "client_training_time": 0.016764163970947266,
      "edge_processing_wall_time": 0.001352071762084961,
      "total_pure_processing_time": 0.0,
      "avg_processing_per_client": 0.0,
      "server_aggregation_time": 0.0,
      "internal_aggregation_time": 0.0,
      "evaluation_time": 0.011068105697631836,
      "clients_processed": 10
    },
    {
      "round": 36,
      "accuracy": 0.937,
      "f1_score": 0.9226044226044227,
      "precision": 0.8563283922462942,
      "recall": 1.0,
      "roc_auc": 0.9999968017023473,
      "pr_auc": 0.9999946902790686,
      "mae": 0.09812873067534071,
      "rmse": 0.1999614599328671,
      "ece": 0.09763932769491745,
      "mce": 0.6451206999548359,
      "round_time": 0.03011298179626465,
      "client_training_time": 0.018431663513183594,
      "edge_processing_wall_time": 0.0013623237609863281,
      "total_pure_processing_time": 0.0,
      "avg_processing_per_client": 0.0,
      "server_aggregation_time": 0.0,
      "internal_aggregation_time": 0.0,
      "evaluation_time": 0.010318994522094727,
      "clients_processed": 10
    },
    {
      "round": 37,
      "accuracy": 0.9385,
      "f1_score": 0.9243076923076923,
      "precision": 0.8592677345537757,
      "recall": 1.0,
      "roc_auc": 0.9999978678015649,
      "pr_auc": 0.9999964562647712,
      "mae": 0.09801448389990335,
      "rmse": 0.19757228836989849,
      "ece": 0.09752452903133461,
      "mce": 0.6439850754844757,
      "round_time": 0.02392435073852539,
      "client_training_time": 0.01626276969909668,
      "edge_processing_wall_time": 0.0006299018859863281,
      "total_pure_processing_time": 0.0,
      "avg_processing_per_client": 0.0,
      "server_aggregation_time": 0.0,
      "internal_aggregation_time": 0.0,
      "evaluation_time": 0.007031679153442383,
      "clients_processed": 10
    },
    {
      "round": 38,
      "accuracy": 0.938,
      "f1_score": 0.923739237392374,
      "precision": 0.8582857142857143,
      "recall": 1.0,
      "roc_auc": 0.9999978678015649,
      "pr_auc": 0.9999964633255704,
      "mae": 0.09682241154667139,
      "rmse": 0.19907160582165706,
      "ece": 0.09659385041224884,
      "mce": 0.6916420680355421,
      "round_time": 0.03452134132385254,
      "client_training_time": 0.021068811416625977,
      "edge_processing_wall_time": 0.0010786056518554688,
      "total_pure_processing_time": 0.0,
      "avg_processing_per_client": 0.0,
      "server_aggregation_time": 0.0,
      "internal_aggregation_time": 0.0,
      "evaluation_time": 0.009616613388061523,
      "clients_processed": 10
    },
    {
      "round": 39,
      "accuracy": 0.942,
      "f1_score": 0.9283065512978986,
      "precision": 0.8662053056516724,
      "recall": 1.0,
      "roc_auc": 0.9999978678015649,
      "pr_auc": 0.9999964633255704,
      "mae": 0.09808072643923248,
      "rmse": 0.19867656416657847,
      "ece": 0.09784741511824915,
      "mce": 0.6799261448413686,
      "round_time": 0.027915000915527344,
      "client_training_time": 0.02051520347595215,
      "edge_processing_wall_time": 0.0011150836944580078,
      "total_pure_processing_time": 0.0,
      "avg_processing_per_client": 0.0,
      "server_aggregation_time": 0.00115203857421875,
      "internal_aggregation_time": 0.0,
      "evaluation_time": 0.0051326751708984375,
      "clients_processed": 10
    },
    {
      "round": 40,
      "accuracy": 0.9375,
      "f1_score": 0.9231714812538414,
      "precision": 0.8573059360730594,
      "recall": 1.0,
      "roc_auc": 0.9999978678015649,
      "pr_auc": 0.9999964633255704,
      "mae": 0.09836734512573242,
      "rmse": 0.1996283987959938,
      "ece": 0.09790670935620834,
      "mce": 0.6440992514843811,
      "round_time": 0.030072927474975586,
      "client_training_time": 0.017411470413208008,
      "edge_processing_wall_time": 0.0,
      "total_pure_processing_time": 0.0,
      "avg_processing_per_client": 0.0,
      "server_aggregation_time": 0.0010135173797607422,
      "internal_aggregation_time": 0.0,
      "evaluation_time": 0.011647939682006836,
      "clients_processed": 10
    },
    {
      "round": 41,
      "accuracy": 0.937,
      "f1_score": 0.9226044226044227,
      "precision": 0.8563283922462942,
      "recall": 1.0,
      "roc_auc": 0.9999968017023473,
      "pr_auc": 0.99999470202418,
      "mae": 0.09905529470675302,
      "rmse": 0.1996583323698123,
      "ece": 0.09859999003117784,
      "mce": 0.6419605251187254,
      "round_time": 0.033039093017578125,
      "client_training_time": 0.01832866668701172,
      "edge_processing_wall_time": 0.001008749008178711,
      "total_pure_processing_time": 0.0,
      "avg_processing_per_client": 0.0,
      "server_aggregation_time": 0.0,
      "internal_aggregation_time": 0.0,
      "evaluation_time": 0.013701677322387695,
      "clients_processed": 10
    },
    {
      "round": 42,
      "accuracy": 0.9385,
      "f1_score": 0.9243076923076923,
      "precision": 0.8592677345537757,
      "recall": 1.0,
      "roc_auc": 0.9999989339007824,
      "pr_auc": 0.9999982293112729,
      "mae": 0.09870830269639579,
      "rmse": 0.1995047925009911,
      "ece": 0.09848402457381779,
      "mce": 0.6828190487079638,
      "round_time": 0.034037113189697266,
      "client_training_time": 0.019307374954223633,
      "edge_processing_wall_time": 0.001003265380859375,
      "total_pure_processing_time": 0.0,
      "avg_processing_per_client": 0.0,
      "server_aggregation_time": 0.0,
      "internal_aggregation_time": 0.0,
      "evaluation_time": 0.01273036003112793,
      "clients_processed": 10
    },
    {
      "round": 43,
      "accuracy": 0.9405,
      "f1_score": 0.9265885256014805,
      "precision": 0.8632183908045977,
      "recall": 1.0,
      "roc_auc": 0.9999978678015649,
      "pr_auc": 0.9999964562647712,
      "mae": 0.09422268957065935,
      "rmse": 0.19227142150258644,
      "ece": 0.09374786425682827,
      "mce": 0.6417970097327903,
      "round_time": 0.0312349796295166,
      "client_training_time": 0.019922494888305664,
      "edge_processing_wall_time": 0.001039266586303711,
      "total_pure_processing_time": 0.0,
      "avg_processing_per_client": 0.0,
      "server_aggregation_time": 0.0,
      "internal_aggregation_time": 0.0,
      "evaluation_time": 0.010273218154907227,
      "clients_processed": 10
    },
    {
      "round": 44,
      "accuracy": 0.9455,
      "f1_score": 0.9323401613904407,
      "precision": 0.8732558139534884,
      "recall": 1.0,
      "roc_auc": 0.9999978678015649,
      "pr_auc": 0.9999964633255704,
      "mae": 0.09427930050698081,
      "rmse": 0.19238902474494848,
      "ece": 0.0938101970658089,
      "mce": 0.6409986324887486,
      "round_time": 0.029536008834838867,
      "client_training_time": 0.017882823944091797,
      "edge_processing_wall_time": 0.001008749008178711,
      "total_pure_processing_time": 0.0,
      "avg_processing_per_client": 0.0,
      "server_aggregation_time": 0.0010187625885009766,
      "internal_aggregation_time": 0.0,
      "evaluation_time": 0.009625673294067383,
      "clients_processed": 10
    },
    {
      "round": 45,
      "accuracy": 0.9405,
      "f1_score": 0.9265885256014805,
      "precision": 0.8632183908045977,
      "recall": 1.0,
      "roc_auc": 0.9999936034046945,
      "pr_auc": 0.9999894460402423,
      "mae": 0.09656330259237861,
      "rmse": 0.19579367273829928,
      "ece": 0.09629382954854039,
      "mce": 0.655965695180146,
      "round_time": 0.03272819519042969,
      "client_training_time": 0.01809406280517578,
      "edge_processing_wall_time": 0.001028299331665039,
      "total_pure_processing_time": 0.0,
      "avg_processing_per_client": 0.0,
      "server_aggregation_time": 0.0,
      "internal_aggregation_time": 0.0,
      "evaluation_time": 0.013605833053588867,
      "clients_processed": 10
    },
    {
      "round": 46,
      "accuracy": 0.941,
      "f1_score": 0.9271604938271605,
      "precision": 0.8642117376294591,
      "recall": 1.0,
      "roc_auc": 1.0,
      "pr_auc": 1.0,
      "mae": 0.09583215336673961,
      "rmse": 0.1960375072942192,
      "ece": 0.09560749203199163,
      "mce": 0.6680975667178745,
      "round_time": 0.02809929847717285,
      "client_training_time": 0.017539024353027344,
      "edge_processing_wall_time": 0.001010894775390625,
      "total_pure_processing_time": 0.0,
      "avg_processing_per_client": 0.0,
      "server_aggregation_time": 0.0,
      "internal_aggregation_time": 0.0,
      "evaluation_time": 0.007934808731079102,
      "clients_processed": 10
    },
    {
      "round": 47,
      "accuracy": 0.936,
      "f1_score": 0.9214723926380368,
      "precision": 0.8543799772468714,
      "recall": 1.0,
      "roc_auc": 1.0,
      "pr_auc": 1.0,
      "mae": 0.09771702605105802,
      "rmse": 0.1993001847858597,
      "ece": 0.09730254701722059,
      "mce": 0.6416119336554786,
      "round_time": 0.034891605377197266,
      "client_training_time": 0.02310633659362793,
      "edge_processing_wall_time": 0.0,
      "total_pure_processing_time": 0.0,
      "avg_processing_per_client": 0.0,
      "server_aggregation_time": 0.0010616779327392578,
      "internal_aggregation_time": 0.0,
      "evaluation_time": 0.009609460830688477,
      "clients_processed": 10
    },
    {
      "round": 48,
      "accuracy": 0.9405,
      "f1_score": 0.9265885256014805,
      "precision": 0.8632183908045977,
      "recall": 1.0,
      "roc_auc": 0.9999989339007824,
      "pr_auc": 0.9999982293112729,
      "mae": 0.09763600340688998,
      "rmse": 0.19717656279921722,
      "ece": 0.09739179422109806,
      "mce": 0.6464702843924989,
      "round_time": 0.03191637992858887,
      "client_training_time": 0.017640352249145508,
      "edge_processing_wall_time": 0.001051187515258789,
      "total_pure_processing_time": 0.0,
      "avg_processing_per_client": 0.0,
      "server_aggregation_time": 0.0,
      "internal_aggregation_time": 0.0,
      "evaluation_time": 0.01322484016418457,
      "clients_processed": 10
    },
    {
      "round": 49,
      "accuracy": 0.9385,
      "f1_score": 0.9243076923076923,
      "precision": 0.8592677345537757,
      "recall": 1.0,
      "roc_auc": 0.9999989339007824,
      "pr_auc": 0.9999982293112729,
      "mae": 0.09563306941248687,
      "rmse": 0.1944867936676838,
      "ece": 0.09517233368142006,
      "mce": 0.6395079685651144,
      "round_time": 0.027150869369506836,
      "client_training_time": 0.01697397232055664,
      "edge_processing_wall_time": 0.0005941390991210938,
      "total_pure_processing_time": 0.0,
      "avg_processing_per_client": 0.0,
      "server_aggregation_time": 0.0010571479797363281,
      "internal_aggregation_time": 0.0,
      "evaluation_time": 0.008525609970092773,
      "clients_processed": 10
    },
    {
      "round": 50,
      "accuracy": 0.9415,
      "f1_score": 0.9277331686226066,
      "precision": 0.8652073732718893,
      "recall": 1.0,
      "roc_auc": 0.9999989339007824,
      "pr_auc": 0.9999982293112729,
      "mae": 0.09608469585945884,
      "rmse": 0.19598667283225035,
      "ece": 0.09566439168880828,
      "mce": 0.6439764030619999,
      "round_time": 0.02859330177307129,
      "client_training_time": 0.018947839736938477,
      "edge_processing_wall_time": 0.001016378402709961,
      "total_pure_processing_time": 0.0,
      "avg_processing_per_client": 0.0,
      "server_aggregation_time": 0.0010344982147216797,
      "internal_aggregation_time": 0.0,
      "evaluation_time": 0.006192684173583984,
      "clients_processed": 10
    }
  ],
  "final_statistics": {
    "final_accuracy": 0.9415,
    "best_accuracy": 0.9455,
    "total_time": 1.6628363132476807,
    "avg_round_time": 0.032737832069396976,
    "avg_client_training_time": 0.020597376823425294,
    "avg_edge_processing_wall_time": 0.0012653875350952149,
    "avg_pure_processing_time": 0.0,
    "avg_processing_per_client": 0.0,
    "avg_server_aggregation_time": 0.0004482126235961914,
    "avg_internal_aggregation_time": 0.0,
    "avg_evaluation_time": 0.009992108345031739
  },
  "timing_statistics": {
    "total_client_training_time": 1.0298688411712646,
    "total_edge_processing_wall_time": 0.06326937675476074,
    "total_pure_processing_time": 0.0,
    "total_server_aggregation_time": 0.02241063117980957,
    "total_internal_aggregation_time": 0.0,
    "total_evaluation_time": 0.4996054172515869,
    "total_time": 1.6628363132476807,
    "avg_round_time": 0.032737832069396976,
    "avg_client_training_time": 0.020597376823425294,
    "avg_edge_processing_wall_time": 0.0012653875350952149,
    "avg_pure_processing_time": 0.0,
    "avg_processing_per_client": 0.0,
    "avg_server_aggregation_time": 0.0004482126235961914,
    "avg_internal_aggregation_time": 0.0,
    "avg_evaluation_time": 0.009992108345031739
  },
  "architecture": {
    "clients": 10,
    "edge_devices": 10,
    "cloud_servers": 1,
    "data_flow": "Client \u2192 Edge \u2192 Cloud \u2192 Edge \u2192 Client"
  }
}