{
  "pipeline_type": "plaintext_edge_device_fl",
  "configuration": {
    "rounds": 30,
    "clients": 50,
    "patience": 999
  },
  "results": [
    {
      "round": 1,
      "accuracy": 0.9503,
      "f1_score": 0.945510360706063,
      "precision": 0.8973985431841831,
      "recall": 0.9990732159406858,
      "roc_auc": 0.9996659484796763,
      "pr_auc": 0.9995956686796956,
      "mae": 0.10913474760478308,
      "rmse": 0.20055434947287754,
      "ece": 0.10491299068893994,
      "mce": 0.5505099721325782,
      "round_time": 0.20830225944519043,
      "client_training_time": 0.16927790641784668,
      "edge_processing_wall_time": 0.01203298568725586,
      "total_pure_processing_time": 0.0,
      "avg_processing_per_client": 0.0,
      "server_aggregation_time": 0.0,
      "internal_aggregation_time": 0.0,
      "evaluation_time": 0.02362990379333496,
      "clients_processed": 50
    },
    {
      "round": 2,
      "accuracy": 0.9516,
      "f1_score": 0.9468715697036224,
      "precision": 0.8996662494785148,
      "recall": 0.9993049119555144,
      "roc_auc": 0.9996822943807928,
      "pr_auc": 0.9996117594802542,
      "mae": 0.10881736195907929,
      "rmse": 0.20014498244905896,
      "ece": 0.1044344920800141,
      "mce": 0.5391035905950542,
      "round_time": 0.14607906341552734,
      "client_training_time": 0.1184849739074707,
      "edge_processing_wall_time": 0.006455183029174805,
      "total_pure_processing_time": 0.0,
      "avg_processing_per_client": 0.0,
      "server_aggregation_time": 0.0010204315185546875,
      "internal_aggregation_time": 0.0,
      "evaluation_time": 0.01902151107788086,
      "clients_processed": 50
    },
    {
      "round": 3,
      "accuracy": 0.951,
      "f1_score": 0.9462483545414656,
      "precision": 0.8985416666666667,
      "recall": 0.9993049119555144,
      "roc_auc": 0.9997383840564444,
      "pr_auc": 0.9996808945070804,
      "mae": 0.10941180976496648,
      "rmse": 0.2001442314639675,
      "ece": 0.10542346809951816,
      "mce": 0.5671108182800355,
      "round_time": 0.1938948631286621,
      "client_training_time": 0.11377191543579102,
      "edge_processing_wall_time": 0.0065610408782958984,
      "total_pure_processing_time": 0.0,
      "avg_processing_per_client": 0.0,
      "server_aggregation_time": 0.004323005676269531,
      "internal_aggregation_time": 0.0,
      "evaluation_time": 0.06682705879211426,
      "clients_processed": 50
    },
    {
      "round": 4,
      "accuracy": 0.9483,
      "f1_score": 0.9434292592187329,
      "precision": 0.8938420070495542,
      "recall": 0.9988415199258572,
      "roc_auc": 0.9996251448711535,
      "pr_auc": 0.9995478441541068,
      "mae": 0.10947208314394623,
      "rmse": 0.20173683084867225,
      "ece": 0.1048746027251586,
      "mce": 0.5433155172361863,
      "round_time": 0.09368324279785156,
      "client_training_time": 0.07559704780578613,
      "edge_processing_wall_time": 0.004156589508056641,
      "total_pure_processing_time": 0.0,
      "avg_processing_per_client": 0.0,
      "server_aggregation_time": 0.0,
      "internal_aggregation_time": 0.0,
      "evaluation_time": 0.013929605484008789,
      "clients_processed": 50
    },
    {
      "round": 5,
      "accuracy": 0.9513,
      "f1_score": 0.9465715852989578,
      "precision": 0.8989372785997083,
      "recall": 0.9995366079703429,
      "roc_auc": 0.9997225273094761,
      "pr_auc": 0.9996583642243242,
      "mae": 0.10944624823026686,
      "rmse": 0.200232570639103,
      "ece": 0.10481583639633094,
      "mce": 0.502521971755319,
      "round_time": 0.09156990051269531,
      "client_training_time": 0.0742344856262207,
      "edge_processing_wall_time": 0.003138303756713867,
      "total_pure_processing_time": 0.0,
      "avg_processing_per_client": 0.0,
      "server_aggregation_time": 0.0010445117950439453,
      "internal_aggregation_time": 0.0,
      "evaluation_time": 0.013152599334716797,
      "clients_processed": 50
    },
    {
      "round": 6,
      "accuracy": 0.9506,
      "f1_score": 0.9458570802279702,
      "precision": 0.8974625623960066,
      "recall": 0.9997683039851715,
      "roc_auc": 0.9996946047601872,
      "pr_auc": 0.9996276608612397,
      "mae": 0.10908409992901268,
      "rmse": 0.2001792371556396,
      "ece": 0.10487954186077629,
      "mce": 0.5546041670799207,
      "round_time": 0.11768531799316406,
      "client_training_time": 0.08355283737182617,
      "edge_processing_wall_time": 0.0054285526275634766,
      "total_pure_processing_time": 0.0,
      "avg_processing_per_client": 0.0,
      "server_aggregation_time": 0.0010447502136230469,
      "internal_aggregation_time": 0.0,
      "evaluation_time": 0.025560379028320312,
      "clients_processed": 50
    },
    {
      "round": 7,
      "accuracy": 0.9478,
      "f1_score": 0.9429757483067511,
      "precision": 0.892104175279041,
      "recall": 1.0,
      "roc_auc": 0.9997574203053756,
      "pr_auc": 0.9997030805431646,
      "mae": 0.11216691518083985,
      "rmse": 0.2033940899667193,
      "ece": 0.10814933130751199,
      "mce": 0.5584100514340359,
      "round_time": 0.13037323951721191,
      "client_training_time": 0.10052990913391113,
      "edge_processing_wall_time": 0.006273508071899414,
      "total_pure_processing_time": 0.0,
      "avg_processing_per_client": 0.0,
      "server_aggregation_time": 0.0010402202606201172,
      "internal_aggregation_time": 0.0,
      "evaluation_time": 0.02252960205078125,
      "clients_processed": 50
    },
    {
      "round": 8,
      "accuracy": 0.9534,
      "f1_score": 0.9487235915492958,
      "precision": 0.9033948030176027,
      "recall": 0.9988415199258572,
      "roc_auc": 0.9997289270762474,
      "pr_auc": 0.9996718103146888,
      "mae": 0.10767267109925278,
      "rmse": 0.19749231514998314,
      "ece": 0.10397628559360494,
      "mce": 0.5898254156939081,
      "round_time": 0.11805200576782227,
      "client_training_time": 0.09513211250305176,
      "edge_processing_wall_time": 0.004480123519897461,
      "total_pure_processing_time": 0.0,
      "avg_processing_per_client": 0.0,
      "server_aggregation_time": 0.0010509490966796875,
      "internal_aggregation_time": 0.0,
      "evaluation_time": 0.01738882064819336,
      "clients_processed": 50
    },
    {
      "round": 9,
      "accuracy": 0.9473,
      "f1_score": 0.9424106655010381,
      "precision": 0.8918304033092037,
      "recall": 0.9990732159406858,
      "roc_auc": 0.9995911078950132,
      "pr_auc": 0.9995004136083727,
      "mae": 0.11107707773415625,
      "rmse": 0.20452193400239865,
      "ece": 0.10608920791211021,
      "mce": 0.5086982639694497,
      "round_time": 0.11719965934753418,
      "client_training_time": 0.09584665298461914,
      "edge_processing_wall_time": 0.004165172576904297,
      "total_pure_processing_time": 0.0,
      "avg_processing_per_client": 0.0,
      "server_aggregation_time": 0.0010311603546142578,
      "internal_aggregation_time": 0.0,
      "evaluation_time": 0.016156673431396484,
      "clients_processed": 50
    },
    {
      "round": 10,
      "accuracy": 0.95,
      "f1_score": 0.9452234881682734,
      "precision": 0.8965087281795511,
      "recall": 0.9995366079703429,
      "roc_auc": 0.9997110729498409,
      "pr_auc": 0.9996496304360376,
      "mae": 0.11001686116066203,
      "rmse": 0.20077991985537147,
      "ece": 0.10597717438434723,
      "mce": 0.5614679738382755,
      "round_time": 0.11744332313537598,
      "client_training_time": 0.0967557430267334,
      "edge_processing_wall_time": 0.0025327205657958984,
      "total_pure_processing_time": 0.0,
      "avg_processing_per_client": 0.0,
      "server_aggregation_time": 0.001443624496459961,
      "internal_aggregation_time": 0.0,
      "evaluation_time": 0.01671123504638672,
      "clients_processed": 50
    },
    {
      "round": 11,
      "accuracy": 0.9492,
      "f1_score": 0.9443470639789658,
      "precision": 0.8956774729842062,
      "recall": 0.9986098239110287,
      "roc_auc": 0.9996686388274909,
      "pr_auc": 0.9995981875730889,
      "mae": 0.11056816728683662,
      "rmse": 0.2018803777585213,
      "ece": 0.10616803940894226,
      "mce": 0.5484433404461991,
      "round_time": 0.1113591194152832,
      "client_training_time": 0.09096240997314453,
      "edge_processing_wall_time": 0.003170490264892578,
      "total_pure_processing_time": 0.0,
      "avg_processing_per_client": 0.0,
      "server_aggregation_time": 0.001035451889038086,
      "internal_aggregation_time": 0.0,
      "evaluation_time": 0.016190767288208008,
      "clients_processed": 50
    },
    {
      "round": 12,
      "accuracy": 0.9474,
      "f1_score": 0.9425262237762237,
      "precision": 0.8918527708850289,
      "recall": 0.9993049119555144,
      "roc_auc": 0.999709034807557,
      "pr_auc": 0.999651867723627,
      "mae": 0.1100755744517488,
      "rmse": 0.20204649391718826,
      "ece": 0.10681376174471353,
      "mce": 0.6378857478422539,
      "round_time": 0.11450886726379395,
      "client_training_time": 0.0900111198425293,
      "edge_processing_wall_time": 0.00628972053527832,
      "total_pure_processing_time": 0.0,
      "avg_processing_per_client": 0.0,
      "server_aggregation_time": 0.0010449886322021484,
      "internal_aggregation_time": 0.0,
      "evaluation_time": 0.016127586364746094,
      "clients_processed": 50
    },
    {
      "round": 13,
      "accuracy": 0.9516,
      "f1_score": 0.9468482319349879,
      "precision": 0.9,
      "recall": 0.9988415199258572,
      "roc_auc": 0.9996602009184358,
      "pr_auc": 0.9995869872325738,
      "mae": 0.10877176608046159,
      "rmse": 0.19978271245804613,
      "ece": 0.10417814960359485,
      "mce": 0.5170667196894216,
      "round_time": 0.10585260391235352,
      "client_training_time": 0.08691668510437012,
      "edge_processing_wall_time": 0.003149271011352539,
      "total_pure_processing_time": 0.0,
      "avg_processing_per_client": 0.0,
      "server_aggregation_time": 0.0010480880737304688,
      "internal_aggregation_time": 0.0,
      "evaluation_time": 0.01473855972290039,
      "clients_processed": 50
    },
    {
      "round": 14,
      "accuracy": 0.9495,
      "f1_score": 0.9446817833278562,
      "precision": 0.895906918761687,
      "recall": 0.9990732159406858,
      "roc_auc": 0.9997115213411433,
      "pr_auc": 0.9996501148386876,
      "mae": 0.11055622490673309,
      "rmse": 0.20169119783939055,
      "ece": 0.106510471015587,
      "mce": 0.5721675578876122,
      "round_time": 0.11403942108154297,
      "client_training_time": 0.09288454055786133,
      "edge_processing_wall_time": 0.004246234893798828,
      "total_pure_processing_time": 0.0,
      "avg_processing_per_client": 0.0,
      "server_aggregation_time": 0.0,
      "internal_aggregation_time": 0.0,
      "evaluation_time": 0.016908645629882812,
      "clients_processed": 50
    },
    {
      "round": 15,
      "accuracy": 0.9516,
      "f1_score": 0.9468599033816425,
      "precision": 0.8998330550918197,
      "recall": 0.9990732159406858,
      "roc_auc": 0.9996935856890454,
      "pr_auc": 0.9996323704260258,
      "mae": 0.10891787578554847,
      "rmse": 0.19895283444559775,
      "ece": 0.10507628588194945,
      "mce": 0.5902513265032728,
      "round_time": 0.12225747108459473,
      "client_training_time": 0.09948992729187012,
      "edge_processing_wall_time": 0.0042231082916259766,
      "total_pure_processing_time": 0.0,
      "avg_processing_per_client": 0.0,
      "server_aggregation_time": 0.001051187515258789,
      "internal_aggregation_time": 0.0,
      "evaluation_time": 0.017493247985839844,
      "clients_processed": 50
    },
    {
      "round": 16,
      "accuracy": 0.9511,
      "f1_score": 0.9463521667580911,
      "precision": 0.898728901854553,
      "recall": 0.9993049119555144,
      "roc_auc": 0.9997061406455139,
      "pr_auc": 0.9996456698911773,
      "mae": 0.10840379146940722,
      "rmse": 0.19968708705080107,
      "ece": 0.10481641716291012,
      "mce": 0.6183012577048345,
      "round_time": 0.12988519668579102,
      "client_training_time": 0.09741067886352539,
      "edge_processing_wall_time": 0.004150867462158203,
      "total_pure_processing_time": 0.0,
      "avg_processing_per_client": 0.0,
      "server_aggregation_time": 0.0,
      "internal_aggregation_time": 0.0,
      "evaluation_time": 0.027266740798950195,
      "clients_processed": 50
    },
    {
      "round": 17,
      "accuracy": 0.9508,
      "f1_score": 0.9460407984207063,
      "precision": 0.8981674302374011,
      "recall": 0.9993049119555144,
      "roc_auc": 0.9997179618707602,
      "pr_auc": 0.9996582615363828,
      "mae": 0.10872124995598201,
      "rmse": 0.1998649592151666,
      "ece": 0.1046450697903302,
      "mce": 0.5670690779796406,
      "round_time": 0.18404626846313477,
      "client_training_time": 0.14907574653625488,
      "edge_processing_wall_time": 0.011157035827636719,
      "total_pure_processing_time": 0.0,
      "avg_processing_per_client": 0.0,
      "server_aggregation_time": 0.002161264419555664,
      "internal_aggregation_time": 0.0,
      "evaluation_time": 0.020605802536010742,
      "clients_processed": 50
    },
    {
      "round": 18,
      "accuracy": 0.9492,
      "f1_score": 0.9443836216334575,
      "precision": 0.8951847239518472,
      "recall": 0.9993049119555144,
      "roc_auc": 0.999718124922143,
      "pr_auc": 0.9996594664045194,
      "mae": 0.10967184768779875,
      "rmse": 0.2003351106832815,
      "ece": 0.10576474158152684,
      "mce": 0.5822582668970722,
      "round_time": 0.14347362518310547,
      "client_training_time": 0.11458420753479004,
      "edge_processing_wall_time": 0.007458925247192383,
      "total_pure_processing_time": 0.0,
      "avg_processing_per_client": 0.0,
      "server_aggregation_time": 0.0010356903076171875,
      "internal_aggregation_time": 0.0,
      "evaluation_time": 0.02039480209350586,
      "clients_processed": 50
    },
    {
      "round": 19,
      "accuracy": 0.9516,
      "f1_score": 0.946883230904302,
      "precision": 0.8994995829858216,
      "recall": 0.9995366079703429,
      "roc_auc": 0.9997320658153646,
      "pr_auc": 0.9996764003828538,
      "mae": 0.10887084036528567,
      "rmse": 0.19858441546652117,
      "ece": 0.10551468419742627,
      "mce": 0.6127425557321233,
      "round_time": 0.1331486701965332,
      "client_training_time": 0.10426044464111328,
      "edge_processing_wall_time": 0.006243467330932617,
      "total_pure_processing_time": 0.0,
      "avg_processing_per_client": 0.0,
      "server_aggregation_time": 0.001043558120727539,
      "internal_aggregation_time": 0.0,
      "evaluation_time": 0.021601200103759766,
      "clients_processed": 50
    },
    {
      "round": 20,
      "accuracy": 0.9508,
      "f1_score": 0.9460407984207063,
      "precision": 0.8981674302374011,
      "recall": 0.9993049119555144,
      "roc_auc": 0.9997314543726794,
      "pr_auc": 0.9996774158616338,
      "mae": 0.10786080599436709,
      "rmse": 0.19840008734648448,
      "ece": 0.10434258186625162,
      "mce": 0.6047195377781074,
      "round_time": 0.12535810470581055,
      "client_training_time": 0.10384321212768555,
      "edge_processing_wall_time": 0.004227399826049805,
      "total_pure_processing_time": 0.0,
      "avg_processing_per_client": 0.0,
      "server_aggregation_time": 0.0,
      "internal_aggregation_time": 0.0,
      "evaluation_time": 0.016230344772338867,
      "clients_processed": 50
    },
    {
      "round": 21,
      "accuracy": 0.9501,
      "f1_score": 0.9453150684931507,
      "precision": 0.8968600540652942,
      "recall": 0.9993049119555144,
      "roc_auc": 0.9997132333806618,
      "pr_auc": 0.9996528483344946,
      "mae": 0.11013165389374376,
      "rmse": 0.20082507925827583,
      "ece": 0.1063800672355782,
      "mce": 0.5940935751015933,
      "round_time": 0.16701793670654297,
      "client_training_time": 0.12895727157592773,
      "edge_processing_wall_time": 0.013872385025024414,
      "total_pure_processing_time": 0.0,
      "avg_processing_per_client": 0.0,
      "server_aggregation_time": 0.0015041828155517578,
      "internal_aggregation_time": 0.0,
      "evaluation_time": 0.022684097290039062,
      "clients_processed": 50
    },
    {
      "round": 22,
      "accuracy": 0.9515,
      "f1_score": 0.94675595564826,
      "precision": 0.8996453160859587,
      "recall": 0.9990732159406858,
      "roc_auc": 0.9997137225348098,
      "pr_auc": 0.999658482541444,
      "mae": 0.10857030585136945,
      "rmse": 0.19853038287324667,
      "ece": 0.10529478302955611,
      "mce": 0.617274227523147,
      "round_time": 0.14772582054138184,
      "client_training_time": 0.1255040168762207,
      "edge_processing_wall_time": 0.0031478404998779297,
      "total_pure_processing_time": 0.0,
      "avg_processing_per_client": 0.0,
      "server_aggregation_time": 0.0010640621185302734,
      "internal_aggregation_time": 0.0,
      "evaluation_time": 0.016920804977416992,
      "clients_processed": 50
    },
    {
      "round": 23,
      "accuracy": 0.9498,
      "f1_score": 0.9449802718106094,
      "precision": 0.896630615640599,
      "recall": 0.9988415199258572,
      "roc_auc": 0.9997136410091185,
      "pr_auc": 0.9996559541591374,
      "mae": 0.10963956296681518,
      "rmse": 0.2005723776652919,
      "ece": 0.10615862271485474,
      "mce": 0.6282899822651611,
      "round_time": 0.11703944206237793,
      "client_training_time": 0.0943601131439209,
      "edge_processing_wall_time": 0.0042591094970703125,
      "total_pure_processing_time": 0.0,
      "avg_processing_per_client": 0.0,
      "server_aggregation_time": 0.0010921955108642578,
      "internal_aggregation_time": 0.0,
      "evaluation_time": 0.01732802391052246,
      "clients_processed": 50
    },
    {
      "round": 24,
      "accuracy": 0.9501,
      "f1_score": 0.9453270516051276,
      "precision": 0.896695073789233,
      "recall": 0.9995366079703429,
      "roc_auc": 0.9997134371948901,
      "pr_auc": 0.9996485165609594,
      "mae": 0.11026458192095165,
      "rmse": 0.20169059832883635,
      "ece": 0.10577415053309852,
      "mce": 0.5325356902043274,
      "round_time": 0.13303756713867188,
      "client_training_time": 0.11297249794006348,
      "edge_processing_wall_time": 0.0031402111053466797,
      "total_pure_processing_time": 0.0,
      "avg_processing_per_client": 0.0,
      "server_aggregation_time": 0.0012962818145751953,
      "internal_aggregation_time": 0.0,
      "evaluation_time": 0.015628576278686523,
      "clients_processed": 50
    },
    {
      "round": 25,
      "accuracy": 0.9483,
      "f1_score": 0.9434787361976604,
      "precision": 0.8931898157731318,
      "recall": 0.9997683039851715,
      "roc_auc": 0.9996887349104099,
      "pr_auc": 0.999621136803651,
      "mae": 0.11104494432257793,
      "rmse": 0.20263916567384094,
      "ece": 0.10662644282662592,
      "mce": 0.5464415069835261,
      "round_time": 0.1020047664642334,
      "client_training_time": 0.0764925479888916,
      "edge_processing_wall_time": 0.005234956741333008,
      "total_pure_processing_time": 0.0,
      "avg_processing_per_client": 0.0,
      "server_aggregation_time": 0.0,
      "internal_aggregation_time": 0.0,
      "evaluation_time": 0.02027726173400879,
      "clients_processed": 50
    },
    {
      "round": 26,
      "accuracy": 0.9541,
      "f1_score": 0.9494660354508422,
      "precision": 0.9045521292217328,
      "recall": 0.9990732159406858,
      "roc_auc": 0.9997163313569333,
      "pr_auc": 0.999656650662856,
      "mae": 0.10795099714227074,
      "rmse": 0.19844735208465725,
      "ece": 0.10406645917404635,
      "mce": 0.5738441845713405,
      "round_time": 0.10581374168395996,
      "client_training_time": 0.08547639846801758,
      "edge_processing_wall_time": 0.0031342506408691406,
      "total_pure_processing_time": 0.0,
      "avg_processing_per_client": 0.0,
      "server_aggregation_time": 0.0,
      "internal_aggregation_time": 0.0,
      "evaluation_time": 0.01616382598876953,
      "clients_processed": 50
    },
    {
      "round": 27,
      "accuracy": 0.952,
      "f1_score": 0.9472643375082399,
      "precision": 0.9007521938988717,
      "recall": 0.9988415199258572,
      "roc_auc": 0.9997087087047916,
      "pr_auc": 0.999648060050089,
      "mae": 0.10716436660662905,
      "rmse": 0.19709059539145302,
      "ece": 0.10339035967330897,
      "mce": 0.5902508065263246,
      "round_time": 0.14953184127807617,
      "client_training_time": 0.12233972549438477,
      "edge_processing_wall_time": 0.006285905838012695,
      "total_pure_processing_time": 0.0,
      "avg_processing_per_client": 0.0,
      "server_aggregation_time": 0.0010504722595214844,
      "internal_aggregation_time": 0.0,
      "evaluation_time": 0.019855737686157227,
      "clients_processed": 50
    },
    {
      "round": 28,
      "accuracy": 0.9496,
      "f1_score": 0.9448094612352168,
      "precision": 0.895764119601329,
      "recall": 0.9995366079703429,
      "roc_auc": 0.9997385471078272,
      "pr_auc": 0.9996817099363308,
      "mae": 0.10954176457624533,
      "rmse": 0.20098829041591781,
      "ece": 0.10603582853196196,
      "mce": 0.605553201508767,
      "round_time": 0.15100455284118652,
      "client_training_time": 0.12052154541015625,
      "edge_processing_wall_time": 0.0073089599609375,
      "total_pure_processing_time": 0.0,
      "avg_processing_per_client": 0.0,
      "server_aggregation_time": 0.0,
      "internal_aggregation_time": 0.0,
      "evaluation_time": 0.022129058837890625,
      "clients_processed": 50
    },
    {
      "round": 29,
      "accuracy": 0.9507,
      "f1_score": 0.9459133296763577,
      "precision": 0.8983121483642426,
      "recall": 0.9988415199258572,
      "roc_auc": 0.9996898762700888,
      "pr_auc": 0.9996280069210774,
      "mae": 0.10913622631468342,
      "rmse": 0.20018055840830448,
      "ece": 0.10554861050982862,
      "mce": 0.6204827272370628,
      "round_time": 0.15421104431152344,
      "client_training_time": 0.1227729320526123,
      "edge_processing_wall_time": 0.009432315826416016,
      "total_pure_processing_time": 0.0,
      "avg_processing_per_client": 0.0,
      "server_aggregation_time": 0.0010478496551513672,
      "internal_aggregation_time": 0.0,
      "evaluation_time": 0.02095794677734375,
      "clients_processed": 50
    },
    {
      "round": 30,
      "accuracy": 0.9517,
      "f1_score": 0.9469755187177517,
      "precision": 0.8998539536824536,
      "recall": 0.9993049119555144,
      "roc_auc": 0.9997053253886004,
      "pr_auc": 0.9996409490061116,
      "mae": 0.10916335100391703,
      "rmse": 0.1995647329712739,
      "ece": 0.10476495936526788,
      "mce": 0.5209477477286029,
      "round_time": 0.2025127410888672,
      "client_training_time": 0.15877437591552734,
      "edge_processing_wall_time": 0.018275737762451172,
      "total_pure_processing_time": 0.0,
      "avg_processing_per_client": 0.0,
      "server_aggregation_time": 0.0021140575408935547,
      "internal_aggregation_time": 0.0,
      "evaluation_time": 0.02228999137878418,
      "clients_processed": 50
    }
  ],
  "final_statistics": {
    "final_accuracy": 0.9517,
    "best_accuracy": 0.9541,
    "total_time": 4.065625190734863,
    "avg_round_time": 0.13493705590566,
    "avg_client_training_time": 0.10669313271840414,
    "avg_edge_processing_wall_time": 0.006121079126993815,
    "avg_pure_processing_time": 0.0,
    "avg_processing_per_client": 0.0,
    "avg_server_aggregation_time": 0.0009862661361694336,
    "avg_internal_aggregation_time": 0.0,
    "avg_evaluation_time": 0.02055668036142985
  },
  "timing_statistics": {
    "total_client_training_time": 3.200793981552124,
    "total_edge_processing_wall_time": 0.18363237380981445,
    "total_pure_processing_time": 0.0,
    "total_server_aggregation_time": 0.029587984085083008,
    "total_internal_aggregation_time": 0.0,
    "total_evaluation_time": 0.6167004108428955,
    "total_time": 4.065625190734863,
    "avg_round_time": 0.13493705590566,
    "avg_client_training_time": 0.10669313271840414,
    "avg_edge_processing_wall_time": 0.006121079126993815,
    "avg_pure_processing_time": 0.0,
    "avg_processing_per_client": 0.0,
    "avg_server_aggregation_time": 0.0009862661361694336,
    "avg_internal_aggregation_time": 0.0,
    "avg_evaluation_time": 0.02055668036142985
  },
  "architecture": {
    "clients": 50,
    "edge_devices": 50,
    "cloud_servers": 1,
    "data_flow": "Client \u2192 Edge \u2192 Cloud \u2192 Edge \u2192 Client"
  }
}