{
  "pipeline_type": "plaintext_edge_device_fl",
  "configuration": {
    "rounds": 60,
    "clients": 30,
    "patience": 999
  },
  "results": [
    {
      "round": 1,
      "accuracy": 0.9645,
      "f1_score": 0.9616147053523157,
      "precision": 0.9286460146188653,
      "recall": 0.9970104633781763,
      "roc_auc": 0.9996287812152054,
      "pr_auc": 0.9995784573139691,
      "mae": 0.09658910002619343,
      "rmse": 0.17894159286512684,
      "ece": 0.0934386481588402,
      "mce": 0.5770951309992762,
      "round_time": 0.10317397117614746,
      "client_training_time": 0.07764887809753418,
      "edge_processing_wall_time": 0.0042743682861328125,
      "total_pure_processing_time": 0.0,
      "avg_processing_per_client": 0.0,
      "server_aggregation_time": 0.0010256767272949219,
      "internal_aggregation_time": 0.0,
      "evaluation_time": 0.018192529678344727,
      "clients_processed": 30
    },
    {
      "round": 2,
      "accuracy": 0.9668333333333333,
      "f1_score": 0.9640859050712868,
      "precision": 0.9322862129144852,
      "recall": 0.9981315396113603,
      "roc_auc": 0.9997372688370486,
      "pr_auc": 0.9996977653081429,
      "mae": 0.09753857708886005,
      "rmse": 0.1793622164863163,
      "ece": 0.09467934103904513,
      "mce": 0.5550788566416117,
      "round_time": 0.1067354679107666,
      "client_training_time": 0.08267974853515625,
      "edge_processing_wall_time": 0.0032346248626708984,
      "total_pure_processing_time": 0.0,
      "avg_processing_per_client": 0.0,
      "server_aggregation_time": 0.0009949207305908203,
      "internal_aggregation_time": 0.0,
      "evaluation_time": 0.018807172775268555,
      "clients_processed": 30
    },
    {
      "round": 3,
      "accuracy": 0.9641666666666666,
      "f1_score": 0.96131005938456,
      "precision": 0.9271086428323498,
      "recall": 0.9981315396113603,
      "roc_auc": 0.9996111308974546,
      "pr_auc": 0.999555328954891,
      "mae": 0.09655960407329714,
      "rmse": 0.18066443669670304,
      "ece": 0.09327144437583539,
      "mce": 0.596758243457908,
      "round_time": 0.10569286346435547,
      "client_training_time": 0.07867598533630371,
      "edge_processing_wall_time": 0.005360841751098633,
      "total_pure_processing_time": 0.0,
      "avg_processing_per_client": 0.0,
      "server_aggregation_time": 0.0,
      "internal_aggregation_time": 0.0,
      "evaluation_time": 0.02064228057861328,
      "clients_processed": 30
    },
    {
      "round": 4,
      "accuracy": 0.9646666666666667,
      "f1_score": 0.9618155619596542,
      "precision": 0.9283727399165508,
      "recall": 0.9977578475336323,
      "roc_auc": 0.9997098377699711,
      "pr_auc": 0.9996681730678904,
      "mae": 0.09655394382421537,
      "rmse": 0.17876965591982277,
      "ece": 0.09366945680371581,
      "mce": 0.5811106017176149,
      "round_time": 0.12527203559875488,
      "client_training_time": 0.09055972099304199,
      "edge_processing_wall_time": 0.006878376007080078,
      "total_pure_processing_time": 0.0,
      "avg_processing_per_client": 0.0,
      "server_aggregation_time": 0.0011868476867675781,
      "internal_aggregation_time": 0.0,
      "evaluation_time": 0.026647090911865234,
      "clients_processed": 30
    },
    {
      "round": 5,
      "accuracy": 0.9663333333333334,
      "f1_score": 0.9635379061371842,
      "precision": 0.931913407821229,
      "recall": 0.9973841554559043,
      "roc_auc": 0.999680945211615,
      "pr_auc": 0.9996331458209987,
      "mae": 0.09538530181459191,
      "rmse": 0.1776456476637488,
      "ece": 0.09223447326794167,
      "mce": 0.5685308071270909,
      "round_time": 0.10770130157470703,
      "client_training_time": 0.08563780784606934,
      "edge_processing_wall_time": 0.00603938102722168,
      "total_pure_processing_time": 0.0,
      "avg_processing_per_client": 0.0,
      "server_aggregation_time": 0.0,
      "internal_aggregation_time": 0.0,
      "evaluation_time": 0.014715194702148438,
      "clients_processed": 30
    },
    {
      "round": 6,
      "accuracy": 0.964,
      "f1_score": 0.9611231101511879,
      "precision": 0.9270833333333334,
      "recall": 0.9977578475336323,
      "roc_auc": 0.9996801582547725,
      "pr_auc": 0.9996324701282552,
      "mae": 0.0974304936054215,
      "rmse": 0.18030139737946183,
      "ece": 0.09431572697100635,
      "mce": 0.5676879319612131,
      "round_time": 0.07368016242980957,
      "client_training_time": 0.05432415008544922,
      "edge_processing_wall_time": 0.003026247024536133,
      "total_pure_processing_time": 0.0,
      "avg_processing_per_client": 0.0,
      "server_aggregation_time": 0.0,
      "internal_aggregation_time": 0.0,
      "evaluation_time": 0.01632976531982422,
      "clients_processed": 30
    },
    {
      "round": 7,
      "accuracy": 0.9638333333333333,
      "f1_score": 0.9609079445145019,
      "precision": 0.9276521739130434,
      "recall": 0.9966367713004485,
      "roc_auc": 0.9996266451894902,
      "pr_auc": 0.9995742842834006,
      "mae": 0.09663502181100667,
      "rmse": 0.17869181083431976,
      "ece": 0.09339687986600878,
      "mce": 0.5746308635744992,
      "round_time": 0.1120765209197998,
      "client_training_time": 0.08437085151672363,
      "edge_processing_wall_time": 0.008038759231567383,
      "total_pure_processing_time": 0.0,
      "avg_processing_per_client": 0.0,
      "server_aggregation_time": 0.0010294914245605469,
      "internal_aggregation_time": 0.0,
      "evaluation_time": 0.018637418746948242,
      "clients_processed": 30
    },
    {
      "round": 8,
      "accuracy": 0.9653333333333334,
      "f1_score": 0.9625090122566691,
      "precision": 0.9296657381615598,
      "recall": 0.9977578475336323,
      "roc_auc": 0.9996604843337129,
      "pr_auc": 0.9996146418370834,
      "mae": 0.09695112574348079,
      "rmse": 0.17891788119809035,
      "ece": 0.09373087070481104,
      "mce": 0.5410183668834957,
      "round_time": 0.12986350059509277,
      "client_training_time": 0.09957718849182129,
      "edge_processing_wall_time": 0.00311279296875,
      "total_pure_processing_time": 0.0,
      "avg_processing_per_client": 0.0,
      "server_aggregation_time": 0.0010526180267333984,
      "internal_aggregation_time": 0.0,
      "evaluation_time": 0.026120901107788086,
      "clients_processed": 30
    },
    {
      "round": 9,
      "accuracy": 0.9641666666666666,
      "f1_score": 0.9613239791329375,
      "precision": 0.9268123482483525,
      "recall": 0.9985052316890882,
      "roc_auc": 0.9996473309122045,
      "pr_auc": 0.9995968627336942,
      "mae": 0.09899828337558532,
      "rmse": 0.1827763691935574,
      "ece": 0.09566247175955364,
      "mce": 0.573450445024105,
      "round_time": 0.09155583381652832,
      "client_training_time": 0.06908202171325684,
      "edge_processing_wall_time": 0.0034432411193847656,
      "total_pure_processing_time": 0.0,
      "avg_processing_per_client": 0.0,
      "server_aggregation_time": 0.0010304450988769531,
      "internal_aggregation_time": 0.0,
      "evaluation_time": 0.016996383666992188,
      "clients_processed": 30
    },
    {
      "round": 10,
      "accuracy": 0.9673333333333334,
      "f1_score": 0.9645953757225434,
      "precision": 0.9335664335664335,
      "recall": 0.9977578475336323,
      "roc_auc": 0.9996591352648402,
      "pr_auc": 0.999612291795678,
      "mae": 0.09532502457940217,
      "rmse": 0.17634681148128567,
      "ece": 0.09208259665391859,
      "mce": 0.5413023536500062,
      "round_time": 0.06648445129394531,
      "client_training_time": 0.04986882209777832,
      "edge_processing_wall_time": 0.00323486328125,
      "total_pure_processing_time": 0.0,
      "avg_processing_per_client": 0.0,
      "server_aggregation_time": 0.001237630844116211,
      "internal_aggregation_time": 0.0,
      "evaluation_time": 0.012143135070800781,
      "clients_processed": 30
    },
    {
      "round": 11,
      "accuracy": 0.9671666666666666,
      "f1_score": 0.9644340133598123,
      "precision": 0.932937478169752,
      "recall": 0.9981315396113603,
      "roc_auc": 0.9996966843484627,
      "pr_auc": 0.999653331679834,
      "mae": 0.09796222019154091,
      "rmse": 0.17899897730447314,
      "ece": 0.09491936152132284,
      "mce": 0.5460060698802413,
      "round_time": 0.0707395076751709,
      "client_training_time": 0.05549025535583496,
      "edge_processing_wall_time": 0.0026061534881591797,
      "total_pure_processing_time": 0.0,
      "avg_processing_per_client": 0.0,
      "server_aggregation_time": 0.0,
      "internal_aggregation_time": 0.0,
      "evaluation_time": 0.011620521545410156,
      "clients_processed": 30
    },
    {
      "round": 12,
      "accuracy": 0.9623333333333334,
      "f1_score": 0.9594109195402298,
      "precision": 0.923582295988935,
      "recall": 0.9981315396113603,
      "roc_auc": 0.9997008439774867,
      "pr_auc": 0.999658426387137,
      "mae": 0.09792177533628936,
      "rmse": 0.18196185257818548,
      "ece": 0.09503909675236694,
      "mce": 0.5749244647067896,
      "round_time": 0.07398390769958496,
      "client_training_time": 0.05388188362121582,
      "edge_processing_wall_time": 0.0020265579223632812,
      "total_pure_processing_time": 0.0,
      "avg_processing_per_client": 0.0,
      "server_aggregation_time": 0.0,
      "internal_aggregation_time": 0.0,
      "evaluation_time": 0.01807546615600586,
      "clients_processed": 30
    },
    {
      "round": 13,
      "accuracy": 0.9623333333333334,
      "f1_score": 0.959396334890406,
      "precision": 0.9238754325259516,
      "recall": 0.9977578475336323,
      "roc_auc": 0.999725689329225,
      "pr_auc": 0.9996873844257588,
      "mae": 0.09814323031591035,
      "rmse": 0.18129905933546223,
      "ece": 0.09537807649997321,
      "mce": 0.6173317940182902,
      "round_time": 0.06355404853820801,
      "client_training_time": 0.05008077621459961,
      "edge_processing_wall_time": 0.001375436782836914,
      "total_pure_processing_time": 0.0,
      "avg_processing_per_client": 0.0,
      "server_aggregation_time": 0.0,
      "internal_aggregation_time": 0.0,
      "evaluation_time": 0.011053800582885742,
      "clients_processed": 30
    },
    {
      "round": 14,
      "accuracy": 0.9606666666666667,
      "f1_score": 0.9576605669178327,
      "precision": 0.9209799861973775,
      "recall": 0.9973841554559043,
      "roc_auc": 0.9995914569763948,
      "pr_auc": 0.9995321448627879,
      "mae": 0.09814407819212648,
      "rmse": 0.18438817287491205,
      "ece": 0.09470696893218669,
      "mce": 0.5998622389745332,
      "round_time": 0.06287646293640137,
      "client_training_time": 0.04999494552612305,
      "edge_processing_wall_time": 0.0020170211791992188,
      "total_pure_processing_time": 0.0,
      "avg_processing_per_client": 0.0,
      "server_aggregation_time": 0.0,
      "internal_aggregation_time": 0.0,
      "evaluation_time": 0.010864496231079102,
      "clients_processed": 30
    },
    {
      "round": 15,
      "accuracy": 0.9651666666666666,
      "f1_score": 0.9623355559560282,
      "precision": 0.9293421510616081,
      "recall": 0.9977578475336323,
      "roc_auc": 0.999685217263045,
      "pr_auc": 0.9996391473815693,
      "mae": 0.09528835313060266,
      "rmse": 0.1773013335186564,
      "ece": 0.09214391243695538,
      "mce": 0.5706086558575574,
      "round_time": 0.06786608695983887,
      "client_training_time": 0.05189657211303711,
      "edge_processing_wall_time": 0.002020597457885742,
      "total_pure_processing_time": 0.0,
      "avg_processing_per_client": 0.0,
      "server_aggregation_time": 0.0,
      "internal_aggregation_time": 0.0,
      "evaluation_time": 0.01275491714477539,
      "clients_processed": 30
    },
    {
      "round": 16,
      "accuracy": 0.964,
      "f1_score": 0.9611091105509543,
      "precision": 0.9273801250868658,
      "recall": 0.9973841554559043,
      "roc_auc": 0.9996547507910041,
      "pr_auc": 0.9996059659524792,
      "mae": 0.09737364423036164,
      "rmse": 0.18015980238479562,
      "ece": 0.09423040815431068,
      "mce": 0.5620846480674317,
      "round_time": 0.0664663314819336,
      "client_training_time": 0.050786495208740234,
      "edge_processing_wall_time": 0.002590656280517578,
      "total_pure_processing_time": 0.0,
      "avg_processing_per_client": 0.0,
      "server_aggregation_time": 0.0,
      "internal_aggregation_time": 0.0,
      "evaluation_time": 0.013089179992675781,
      "clients_processed": 30
    },
    {
      "round": 17,
      "accuracy": 0.9661666666666666,
      "f1_score": 0.9633904418394951,
      "precision": 0.9309864064133845,
      "recall": 0.9981315396113603,
      "roc_auc": 0.9996957849692143,
      "pr_auc": 0.9996499561379076,
      "mae": 0.09765615203291732,
      "rmse": 0.17932748907511356,
      "ece": 0.0945541505521047,
      "mce": 0.5428816702522636,
      "round_time": 0.06631350517272949,
      "client_training_time": 0.05116629600524902,
      "edge_processing_wall_time": 0.0024607181549072266,
      "total_pure_processing_time": 0.0,
      "avg_processing_per_client": 0.0,
      "server_aggregation_time": 0.0,
      "internal_aggregation_time": 0.0,
      "evaluation_time": 0.011655569076538086,
      "clients_processed": 30
    },
    {
      "round": 18,
      "accuracy": 0.9646666666666667,
      "f1_score": 0.9618018018018017,
      "precision": 0.9286708420320111,
      "recall": 0.9973841554559043,
      "roc_auc": 0.999676785582591,
      "pr_auc": 0.9996329628907147,
      "mae": 0.0978404274789998,
      "rmse": 0.18050446461563177,
      "ece": 0.09488476435100639,
      "mce": 0.5529276851680933,
      "round_time": 0.06680822372436523,
      "client_training_time": 0.05133175849914551,
      "edge_processing_wall_time": 0.0021615028381347656,
      "total_pure_processing_time": 0.0,
      "avg_processing_per_client": 0.0,
      "server_aggregation_time": 0.0,
      "internal_aggregation_time": 0.0,
      "evaluation_time": 0.013314962387084961,
      "clients_processed": 30
    },
    {
      "round": 19,
      "accuracy": 0.9646666666666667,
      "f1_score": 0.9618155619596542,
      "precision": 0.9283727399165508,
      "recall": 0.9977578475336323,
      "roc_auc": 0.999681170056427,
      "pr_auc": 0.9996368525600078,
      "mae": 0.0987809001999216,
      "rmse": 0.18169752563042815,
      "ece": 0.09578095854599732,
      "mce": 0.5708423413087939,
      "round_time": 0.06634283065795898,
      "client_training_time": 0.049956321716308594,
      "edge_processing_wall_time": 0.0010149478912353516,
      "total_pure_processing_time": 0.0,
      "avg_processing_per_client": 0.0,
      "server_aggregation_time": 0.0,
      "internal_aggregation_time": 0.0,
      "evaluation_time": 0.013198137283325195,
      "clients_processed": 30
    },
    {
      "round": 20,
      "accuracy": 0.9661666666666666,
      "f1_score": 0.963377232545553,
      "precision": 0.9312870596442274,
      "recall": 0.9977578475336323,
      "roc_auc": 0.999703542115232,
      "pr_auc": 0.9996622108424643,
      "mae": 0.09505402109612467,
      "rmse": 0.17727989488021234,
      "ece": 0.09200060230249565,
      "mce": 0.5528298904961266,
      "round_time": 0.06712532043457031,
      "client_training_time": 0.05258321762084961,
      "edge_processing_wall_time": 0.0023398399353027344,
      "total_pure_processing_time": 0.0,
      "avg_processing_per_client": 0.0,
      "server_aggregation_time": 0.0,
      "internal_aggregation_time": 0.0,
      "evaluation_time": 0.012202262878417969,
      "clients_processed": 30
    },
    {
      "round": 21,
      "accuracy": 0.9623333333333334,
      "f1_score": 0.959396334890406,
      "precision": 0.9238754325259516,
      "recall": 0.9977578475336323,
      "roc_auc": 0.9996860042198874,
      "pr_auc": 0.9996392701714386,
      "mae": 0.0975461734956218,
      "rmse": 0.18121085697655848,
      "ece": 0.09446001003119624,
      "mce": 0.5658769268805854,
      "round_time": 0.06835579872131348,
      "client_training_time": 0.05134749412536621,
      "edge_processing_wall_time": 0.0014557838439941406,
      "total_pure_processing_time": 0.0,
      "avg_processing_per_client": 0.0,
      "server_aggregation_time": 0.0,
      "internal_aggregation_time": 0.0,
      "evaluation_time": 0.015552520751953125,
      "clients_processed": 30
    },
    {
      "round": 22,
      "accuracy": 0.9645,
      "f1_score": 0.9616285353990272,
      "precision": 0.9283478260869565,
      "recall": 0.9973841554559043,
      "roc_auc": 0.9996702650830397,
      "pr_auc": 0.9996227835404572,
      "mae": 0.09606605144368856,
      "rmse": 0.17862499006811708,
      "ece": 0.09304436223745553,
      "mce": 0.5671601287773403,
      "round_time": 0.07294774055480957,
      "client_training_time": 0.05701923370361328,
      "edge_processing_wall_time": 0.002487659454345703,
      "total_pure_processing_time": 0.0,
      "avg_processing_per_client": 0.0,
      "server_aggregation_time": 0.0,
      "internal_aggregation_time": 0.0,
      "evaluation_time": 0.01211690902709961,
      "clients_processed": 30
    },
    {
      "round": 23,
      "accuracy": 0.9643333333333334,
      "f1_score": 0.9614969413458079,
      "precision": 0.9271339347675226,
      "recall": 0.9985052316890882,
      "roc_auc": 0.9997224290794493,
      "pr_auc": 0.9996793916734076,
      "mae": 0.09673235985607281,
      "rmse": 0.18030127371387056,
      "ece": 0.09375746558214462,
      "mce": 0.5444875591884077,
      "round_time": 0.06785416603088379,
      "client_training_time": 0.04966402053833008,
      "edge_processing_wall_time": 0.002354860305786133,
      "total_pure_processing_time": 0.0,
      "avg_processing_per_client": 0.0,
      "server_aggregation_time": 0.0,
      "internal_aggregation_time": 0.0,
      "evaluation_time": 0.013769388198852539,
      "clients_processed": 30
    },
    {
      "round": 24,
      "accuracy": 0.9665,
      "f1_score": 0.9637118613468135,
      "precision": 0.9322389102340203,
      "recall": 0.9973841554559043,
      "roc_auc": 0.9997071396322259,
      "pr_auc": 0.9996630197499677,
      "mae": 0.09669904300604802,
      "rmse": 0.17918757547605288,
      "ece": 0.09364906285591736,
      "mce": 0.5411144013482648,
      "round_time": 0.07229161262512207,
      "client_training_time": 0.05513739585876465,
      "edge_processing_wall_time": 0.003918647766113281,
      "total_pure_processing_time": 0.0,
      "avg_processing_per_client": 0.0,
      "server_aggregation_time": 0.0,
      "internal_aggregation_time": 0.0,
      "evaluation_time": 0.012119531631469727,
      "clients_processed": 30
    },
    {
      "round": 25,
      "accuracy": 0.9665,
      "f1_score": 0.9637249593936112,
      "precision": 0.9319371727748691,
      "recall": 0.9977578475336323,
      "roc_auc": 0.9997403042420122,
      "pr_auc": 0.999705309681254,
      "mae": 0.09461100729700236,
      "rmse": 0.17603658243803103,
      "ece": 0.09201260294679868,
      "mce": 0.612087559289985,
      "round_time": 0.06760001182556152,
      "client_training_time": 0.05239582061767578,
      "edge_processing_wall_time": 0.0017633438110351562,
      "total_pure_processing_time": 0.0,
      "avg_processing_per_client": 0.0,
      "server_aggregation_time": 0.0010144710540771484,
      "internal_aggregation_time": 0.0,
      "evaluation_time": 0.012426376342773438,
      "clients_processed": 30
    },
    {
      "round": 26,
      "accuracy": 0.967,
      "f1_score": 0.9642470205850487,
      "precision": 0.9329140461215933,
      "recall": 0.9977578475336323,
      "roc_auc": 0.9996848799958269,
      "pr_auc": 0.9996375381214652,
      "mae": 0.09397863157190739,
      "rmse": 0.1761767891749146,
      "ece": 0.09090561993560549,
      "mce": 0.5562141738373704,
      "round_time": 0.0651862621307373,
      "client_training_time": 0.05100393295288086,
      "edge_processing_wall_time": 0.002022981643676758,
      "total_pure_processing_time": 0.0,
      "avg_processing_per_client": 0.0,
      "server_aggregation_time": 0.00102996826171875,
      "internal_aggregation_time": 0.0,
      "evaluation_time": 0.011129379272460938,
      "clients_processed": 30
    },
    {
      "round": 27,
      "accuracy": 0.967,
      "f1_score": 0.9642341040462428,
      "precision": 0.9332167832167833,
      "recall": 0.9973841554559043,
      "roc_auc": 0.9996975837277111,
      "pr_auc": 0.9996571991626124,
      "mae": 0.09487210263297102,
      "rmse": 0.17638892864382127,
      "ece": 0.09190725021902872,
      "mce": 0.5648650117987473,
      "round_time": 0.06279444694519043,
      "client_training_time": 0.04987478256225586,
      "edge_processing_wall_time": 0.0020291805267333984,
      "total_pure_processing_time": 0.0,
      "avg_processing_per_client": 0.0,
      "server_aggregation_time": 0.0,
      "internal_aggregation_time": 0.0,
      "evaluation_time": 0.010890483856201172,
      "clients_processed": 30
    },
    {
      "round": 28,
      "accuracy": 0.9646666666666667,
      "f1_score": 0.9618155619596542,
      "precision": 0.9283727399165508,
      "recall": 0.9977578475336323,
      "roc_auc": 0.9996649812299551,
      "pr_auc": 0.9996179677780571,
      "mae": 0.09731477862877258,
      "rmse": 0.17945285836310512,
      "ece": 0.09426968030924807,
      "mce": 0.5596613828905411,
      "round_time": 0.06886625289916992,
      "client_training_time": 0.05249953269958496,
      "edge_processing_wall_time": 0.003076314926147461,
      "total_pure_processing_time": 0.0,
      "avg_processing_per_client": 0.0,
      "server_aggregation_time": 0.0,
      "internal_aggregation_time": 0.0,
      "evaluation_time": 0.0132904052734375,
      "clients_processed": 30
    },
    {
      "round": 29,
      "accuracy": 0.9651666666666666,
      "f1_score": 0.9623219758427979,
      "precision": 0.9296412399860676,
      "recall": 0.9973841554559043,
      "roc_auc": 0.9996602594889008,
      "pr_auc": 0.999614992101146,
      "mae": 0.09909090184240354,
      "rmse": 0.18044723076100957,
      "ece": 0.09592488259054154,
      "mce": 0.5285756316119494,
      "round_time": 0.06778359413146973,
      "client_training_time": 0.05162334442138672,
      "edge_processing_wall_time": 0.0020720958709716797,
      "total_pure_processing_time": 0.0,
      "avg_processing_per_client": 0.0,
      "server_aggregation_time": 0.0,
      "internal_aggregation_time": 0.0,
      "evaluation_time": 0.014088153839111328,
      "clients_processed": 30
    },
    {
      "round": 30,
      "accuracy": 0.965,
      "f1_score": 0.9621757925072046,
      "precision": 0.9287204450625869,
      "recall": 0.9981315396113603,
      "roc_auc": 0.9996938737883113,
      "pr_auc": 0.9996499155716453,
      "mae": 0.09622137624729707,
      "rmse": 0.1790222686596511,
      "ece": 0.09326729518074348,
      "mce": 0.5814800827381217,
      "round_time": 0.0664370059967041,
      "client_training_time": 0.05112767219543457,
      "edge_processing_wall_time": 0.002038717269897461,
      "total_pure_processing_time": 0.0,
      "avg_processing_per_client": 0.0,
      "server_aggregation_time": 0.0010006427764892578,
      "internal_aggregation_time": 0.0,
      "evaluation_time": 0.012269973754882812,
      "clients_processed": 30
    },
    {
      "round": 31,
      "accuracy": 0.9685,
      "f1_score": 0.9658166033640803,
      "precision": 0.935856992639327,
      "recall": 0.9977578475336323,
      "roc_auc": 0.999672850798379,
      "pr_auc": 0.9996277583197193,
      "mae": 0.09590246030034795,
      "rmse": 0.17638570225967695,
      "ece": 0.09279309037183422,
      "mce": 0.5405894458378365,
      "round_time": 0.06679105758666992,
      "client_training_time": 0.05157351493835449,
      "edge_processing_wall_time": 0.0021719932556152344,
      "total_pure_processing_time": 0.0,
      "avg_processing_per_client": 0.0,
      "server_aggregation_time": 0.0,
      "internal_aggregation_time": 0.0,
      "evaluation_time": 0.012006282806396484,
      "clients_processed": 30
    },
    {
      "round": 32,
      "accuracy": 0.9655,
      "f1_score": 0.9626959812578844,
      "precision": 0.9296902192829795,
      "recall": 0.9981315396113603,
      "roc_auc": 0.9996990452189898,
      "pr_auc": 0.9996558154950455,
      "mae": 0.0966845903959274,
      "rmse": 0.17923226346537832,
      "ece": 0.09369822367212313,
      "mce": 0.5361829788052352,
      "round_time": 0.06843972206115723,
      "client_training_time": 0.053823232650756836,
      "edge_processing_wall_time": 0.0010111331939697266,
      "total_pure_processing_time": 0.0,
      "avg_processing_per_client": 0.0,
      "server_aggregation_time": 0.001007080078125,
      "internal_aggregation_time": 0.0,
      "evaluation_time": 0.012598276138305664,
      "clients_processed": 30
    },
    {
      "round": 33,
      "accuracy": 0.9641666666666666,
      "f1_score": 0.9612961296129613,
      "precision": 0.9274053490795415,
      "recall": 0.9977578475336323,
      "roc_auc": 0.9997464874743452,
      "pr_auc": 0.9997078253869207,
      "mae": 0.09761765333421014,
      "rmse": 0.1800097711428529,
      "ece": 0.09470852127698035,
      "mce": 0.5751387655074167,
      "round_time": 0.06535005569458008,
      "client_training_time": 0.049770355224609375,
      "edge_processing_wall_time": 0.0014200210571289062,
      "total_pure_processing_time": 0.0,
      "avg_processing_per_client": 0.0,
      "server_aggregation_time": 0.0010461807250976562,
      "internal_aggregation_time": 0.0,
      "evaluation_time": 0.011971712112426758,
      "clients_processed": 30
    },
    {
      "round": 34,
      "accuracy": 0.9681666666666666,
      "f1_score": 0.9654673657566444,
      "precision": 0.9352014010507881,
      "recall": 0.9977578475336323,
      "roc_auc": 0.9997204054761404,
      "pr_auc": 0.9996794441109523,
      "mae": 0.09549947853765983,
      "rmse": 0.17712955702356362,
      "ece": 0.09258099468894794,
      "mce": 0.572470872416449,
      "round_time": 0.067626953125,
      "client_training_time": 0.05067014694213867,
      "edge_processing_wall_time": 0.002327442169189453,
      "total_pure_processing_time": 0.0,
      "avg_processing_per_client": 0.0,
      "server_aggregation_time": 0.0,
      "internal_aggregation_time": 0.0,
      "evaluation_time": 0.014629364013671875,
      "clients_processed": 30
    },
    {
      "round": 35,
      "accuracy": 0.9628333333333333,
      "f1_score": 0.9599137156210678,
      "precision": 0.9248354693453412,
      "recall": 0.9977578475336323,
      "roc_auc": 0.9995595290130752,
      "pr_auc": 0.9995017939670902,
      "mae": 0.09829008685306324,
      "rmse": 0.18207411830470463,
      "ece": 0.09486248997537025,
      "mce": 0.5961480253639595,
      "round_time": 0.07133626937866211,
      "client_training_time": 0.05325722694396973,
      "edge_processing_wall_time": 0.0031278133392333984,
      "total_pure_processing_time": 0.0,
      "avg_processing_per_client": 0.0,
      "server_aggregation_time": 0.0,
      "internal_aggregation_time": 0.0,
      "evaluation_time": 0.013470649719238281,
      "clients_processed": 30
    },
    {
      "round": 36,
      "accuracy": 0.966,
      "f1_score": 0.9632034632034632,
      "precision": 0.9309623430962343,
      "recall": 0.9977578475336323,
      "roc_auc": 0.9997179321832071,
      "pr_auc": 0.9996788890497391,
      "mae": 0.0980355054327974,
      "rmse": 0.17938025052659898,
      "ece": 0.09517087792921777,
      "mce": 0.5719492884119292,
      "round_time": 0.06688761711120605,
      "client_training_time": 0.05254530906677246,
      "edge_processing_wall_time": 0.0036630630493164062,
      "total_pure_processing_time": 0.0,
      "avg_processing_per_client": 0.0,
      "server_aggregation_time": 0.0,
      "internal_aggregation_time": 0.0,
      "evaluation_time": 0.009561538696289062,
      "clients_processed": 30
    },
    {
      "round": 37,
      "accuracy": 0.9626666666666667,
      "f1_score": 0.9597411933860532,
      "precision": 0.9245152354570637,
      "recall": 0.9977578475336323,
      "roc_auc": 0.9996123675439211,
      "pr_auc": 0.9995567652298509,
      "mae": 0.09670207980523499,
      "rmse": 0.18067904959485515,
      "ece": 0.09323794526698659,
      "mce": 0.5861167481116474,
      "round_time": 0.06758546829223633,
      "client_training_time": 0.05081439018249512,
      "edge_processing_wall_time": 0.0032155513763427734,
      "total_pure_processing_time": 0.0,
      "avg_processing_per_client": 0.0,
      "server_aggregation_time": 0.0,
      "internal_aggregation_time": 0.0,
      "evaluation_time": 0.012459516525268555,
      "clients_processed": 30
    },
    {
      "round": 38,
      "accuracy": 0.9655,
      "f1_score": 0.9626690712353472,
      "precision": 0.9302892994074591,
      "recall": 0.9973841554559043,
      "roc_auc": 0.9996339526458838,
      "pr_auc": 0.9995802802378081,
      "mae": 0.09478082412244282,
      "rmse": 0.17831763612412896,
      "ece": 0.09156788070929507,
      "mce": 0.6173982947239812,
      "round_time": 0.06780838966369629,
      "client_training_time": 0.05034518241882324,
      "edge_processing_wall_time": 0.003346681594848633,
      "total_pure_processing_time": 0.0,
      "avg_processing_per_client": 0.0,
      "server_aggregation_time": 0.0010426044464111328,
      "internal_aggregation_time": 0.0,
      "evaluation_time": 0.013073921203613281,
      "clients_processed": 30
    },
    {
      "round": 39,
      "accuracy": 0.9631666666666666,
      "f1_score": 0.9602732338666188,
      "precision": 0.9251818496709386,
      "recall": 0.9981315396113603,
      "roc_auc": 0.9997139973989952,
      "pr_auc": 0.9996705710030481,
      "mae": 0.09904053104848896,
      "rmse": 0.1816815384691479,
      "ece": 0.09605335269343959,
      "mce": 0.5499954097532318,
      "round_time": 0.07486438751220703,
      "client_training_time": 0.05746626853942871,
      "edge_processing_wall_time": 0.003326416015625,
      "total_pure_processing_time": 0.0,
      "avg_processing_per_client": 0.0,
      "server_aggregation_time": 0.0,
      "internal_aggregation_time": 0.0,
      "evaluation_time": 0.01407170295715332,
      "clients_processed": 30
    },
    {
      "round": 40,
      "accuracy": 0.9603333333333334,
      "f1_score": 0.9573476702508961,
      "precision": 0.9197658402203857,
      "recall": 0.9981315396113603,
      "roc_auc": 0.9995820134942862,
      "pr_auc": 0.9995220373744348,
      "mae": 0.09920935788824269,
      "rmse": 0.18333699810535065,
      "ece": 0.09575800614918127,
      "mce": 0.5974023136493111,
      "round_time": 0.07280588150024414,
      "client_training_time": 0.056685447692871094,
      "edge_processing_wall_time": 0.0036344528198242188,
      "total_pure_processing_time": 0.0,
      "avg_processing_per_client": 0.0,
      "server_aggregation_time": 0.0,
      "internal_aggregation_time": 0.0,
      "evaluation_time": 0.012485980987548828,
      "clients_processed": 30
    },
    {
      "round": 41,
      "accuracy": 0.9658333333333333,
      "f1_score": 0.963016417102652,
      "precision": 0.9309382629926752,
      "recall": 0.9973841554559043,
      "roc_auc": 0.9996731880655971,
      "pr_auc": 0.9996269851566687,
      "mae": 0.09486613669314638,
      "rmse": 0.17826967239339347,
      "ece": 0.09194228674275973,
      "mce": 0.5866421348602268,
      "round_time": 0.0839691162109375,
      "client_training_time": 0.06269717216491699,
      "edge_processing_wall_time": 0.0034635066986083984,
      "total_pure_processing_time": 0.0,
      "avg_processing_per_client": 0.0,
      "server_aggregation_time": 0.0,
      "internal_aggregation_time": 0.0,
      "evaluation_time": 0.016555309295654297,
      "clients_processed": 30
    },
    {
      "round": 42,
      "accuracy": 0.9633333333333334,
      "f1_score": 0.960431654676259,
      "precision": 0.9257975034674064,
      "recall": 0.9977578475336323,
      "roc_auc": 0.999638449542126,
      "pr_auc": 0.9995872846413776,
      "mae": 0.09706372854476028,
      "rmse": 0.1804568127093797,
      "ece": 0.09372788794133415,
      "mce": 0.5749804518144498,
      "round_time": 0.09772491455078125,
      "client_training_time": 0.0758051872253418,
      "edge_processing_wall_time": 0.002039670944213867,
      "total_pure_processing_time": 0.0,
      "avg_processing_per_client": 0.0,
      "server_aggregation_time": 0.0,
      "internal_aggregation_time": 0.0,
      "evaluation_time": 0.01885986328125,
      "clients_processed": 30
    },
    {
      "round": 43,
      "accuracy": 0.9656666666666667,
      "f1_score": 0.9628293035005413,
      "precision": 0.9309141660851361,
      "recall": 0.9970104633781763,
      "roc_auc": 0.9996127048111394,
      "pr_auc": 0.999555363492813,
      "mae": 0.0975788998305285,
      "rmse": 0.18042200051431345,
      "ece": 0.09407670819821276,
      "mce": 0.6034480387305174,
      "round_time": 0.08264040946960449,
      "client_training_time": 0.0632789134979248,
      "edge_processing_wall_time": 0.0035479068756103516,
      "total_pure_processing_time": 0.0,
      "avg_processing_per_client": 0.0,
      "server_aggregation_time": 0.0,
      "internal_aggregation_time": 0.0,
      "evaluation_time": 0.015813589096069336,
      "clients_processed": 30
    },
    {
      "round": 44,
      "accuracy": 0.9661666666666666,
      "f1_score": 0.9633904418394951,
      "precision": 0.9309864064133845,
      "recall": 0.9981315396113603,
      "roc_auc": 0.9997174824935829,
      "pr_auc": 0.9996736469736099,
      "mae": 0.09659580470603395,
      "rmse": 0.17846775998220965,
      "ece": 0.09365280963864858,
      "mce": 0.5420890847444194,
      "round_time": 0.1079404354095459,
      "client_training_time": 0.0797889232635498,
      "edge_processing_wall_time": 0.0031709671020507812,
      "total_pure_processing_time": 0.0,
      "avg_processing_per_client": 0.0,
      "server_aggregation_time": 0.0010650157928466797,
      "internal_aggregation_time": 0.0,
      "evaluation_time": 0.023915529251098633,
      "clients_processed": 30
    },
    {
      "round": 45,
      "accuracy": 0.9633333333333334,
      "f1_score": 0.9604174163368118,
      "precision": 0.9260929909784872,
      "recall": 0.9973841554559043,
      "roc_auc": 0.9996364259388171,
      "pr_auc": 0.9995905748062438,
      "mae": 0.09782488475266742,
      "rmse": 0.18073916459364642,
      "ece": 0.09472667604312571,
      "mce": 0.5465949985754603,
      "round_time": 0.11853361129760742,
      "client_training_time": 0.09037971496582031,
      "edge_processing_wall_time": 0.004506111145019531,
      "total_pure_processing_time": 0.0,
      "avg_processing_per_client": 0.0,
      "server_aggregation_time": 0.0008096694946289062,
      "internal_aggregation_time": 0.0,
      "evaluation_time": 0.01827263832092285,
      "clients_processed": 30
    },
    {
      "round": 46,
      "accuracy": 0.9661666666666666,
      "f1_score": 0.963377232545553,
      "precision": 0.9312870596442274,
      "recall": 0.9977578475336323,
      "roc_auc": 0.9997323222511822,
      "pr_auc": 0.9996920273750856,
      "mae": 0.09788056235412274,
      "rmse": 0.17986646280916282,
      "ece": 0.09498534467593642,
      "mce": 0.5458871277054689,
      "round_time": 0.10685443878173828,
      "client_training_time": 0.08780050277709961,
      "edge_processing_wall_time": 0.0031905174255371094,
      "total_pure_processing_time": 0.0,
      "avg_processing_per_client": 0.0,
      "server_aggregation_time": 0.0,
      "internal_aggregation_time": 0.0,
      "evaluation_time": 0.014848709106445312,
      "clients_processed": 30
    },
    {
      "round": 47,
      "accuracy": 0.9638333333333333,
      "f1_score": 0.9609501529602303,
      "precision": 0.9267615411315515,
      "recall": 0.9977578475336323,
      "roc_auc": 0.9996279942583628,
      "pr_auc": 0.9995763803406502,
      "mae": 0.09670092585091383,
      "rmse": 0.180169342657434,
      "ece": 0.09355569265444491,
      "mce": 0.5778615378995966,
      "round_time": 0.09532546997070312,
      "client_training_time": 0.07073283195495605,
      "edge_processing_wall_time": 0.005576133728027344,
      "total_pure_processing_time": 0.0,
      "avg_processing_per_client": 0.0,
      "server_aggregation_time": 0.0,
      "internal_aggregation_time": 0.0,
      "evaluation_time": 0.01800680160522461,
      "clients_processed": 30
    },
    {
      "round": 48,
      "accuracy": 0.9633333333333334,
      "f1_score": 0.960431654676259,
      "precision": 0.9257975034674064,
      "recall": 0.9977578475336323,
      "roc_auc": 0.9996603719113069,
      "pr_auc": 0.9996164528168909,
      "mae": 0.09745619672478589,
      "rmse": 0.17996958972596588,
      "ece": 0.09440874575667724,
      "mce": 0.570605221177602,
      "round_time": 0.11296844482421875,
      "client_training_time": 0.08511781692504883,
      "edge_processing_wall_time": 0.006968975067138672,
      "total_pure_processing_time": 0.0,
      "avg_processing_per_client": 0.0,
      "server_aggregation_time": 0.0012035369873046875,
      "internal_aggregation_time": 0.0,
      "evaluation_time": 0.01858067512512207,
      "clients_processed": 30
    },
    {
      "round": 49,
      "accuracy": 0.9665,
      "f1_score": 0.9637249593936112,
      "precision": 0.9319371727748691,
      "recall": 0.9977578475336323,
      "roc_auc": 0.9996021371049701,
      "pr_auc": 0.9995471669015373,
      "mae": 0.09777108655708451,
      "rmse": 0.1798666847947788,
      "ece": 0.0943535601894908,
      "mce": 0.5811403206415504,
      "round_time": 0.23392271995544434,
      "client_training_time": 0.20936822891235352,
      "edge_processing_wall_time": 0.007639884948730469,
      "total_pure_processing_time": 0.0,
      "avg_processing_per_client": 0.0,
      "server_aggregation_time": 0.0010135173797607422,
      "internal_aggregation_time": 0.0,
      "evaluation_time": 0.01590108871459961,
      "clients_processed": 30
    },
    {
      "round": 50,
      "accuracy": 0.9646666666666667,
      "f1_score": 0.9618293122074181,
      "precision": 0.9280750521195275,
      "recall": 0.9981315396113603,
      "roc_auc": 0.9997210800105767,
      "pr_auc": 0.999685860834685,
      "mae": 0.09506220125610379,
      "rmse": 0.17786406098035518,
      "ece": 0.09235024879254122,
      "mce": 0.6013621120951,
      "round_time": 0.10421919822692871,
      "client_training_time": 0.08637666702270508,
      "edge_processing_wall_time": 0.0020911693572998047,
      "total_pure_processing_time": 0.0,
      "avg_processing_per_client": 0.0,
      "server_aggregation_time": 0.0010399818420410156,
      "internal_aggregation_time": 0.0,
      "evaluation_time": 0.014711380004882812,
      "clients_processed": 30
    },
    {
      "round": 51,
      "accuracy": 0.9641666666666666,
      "f1_score": 0.9612821898073114,
      "precision": 0.9277024678484532,
      "recall": 0.9973841554559043,
      "roc_auc": 0.999652727187695,
      "pr_auc": 0.9996033908873745,
      "mae": 0.0976357297267386,
      "rmse": 0.1802445241891454,
      "ece": 0.09449078725504767,
      "mce": 0.5684070575226776,
      "round_time": 0.07364797592163086,
      "client_training_time": 0.058825016021728516,
      "edge_processing_wall_time": 0.002105712890625,
      "total_pure_processing_time": 0.0,
      "avg_processing_per_client": 0.0,
      "server_aggregation_time": 0.0010380744934082031,
      "internal_aggregation_time": 0.0,
      "evaluation_time": 0.010462522506713867,
      "clients_processed": 30
    },
    {
      "round": 52,
      "accuracy": 0.9636666666666667,
      "f1_score": 0.9607631389488841,
      "precision": 0.9267361111111111,
      "recall": 0.9973841554559043,
      "roc_auc": 0.9996791464531181,
      "pr_auc": 0.9996350012335636,
      "mae": 0.09893272370027663,
      "rmse": 0.18178411470579955,
      "ece": 0.09595132445696342,
      "mce": 0.5517235866457892,
      "round_time": 0.09308195114135742,
      "client_training_time": 0.052620887756347656,
      "edge_processing_wall_time": 0.0035829544067382812,
      "total_pure_processing_time": 0.0,
      "avg_processing_per_client": 0.0,
      "server_aggregation_time": 0.0,
      "internal_aggregation_time": 0.0,
      "evaluation_time": 0.035832881927490234,
      "clients_processed": 30
    },
    {
      "round": 53,
      "accuracy": 0.9635,
      "f1_score": 0.9606185937780974,
      "precision": 0.9258232235701906,
      "recall": 0.9981315396113603,
      "roc_auc": 0.9996920750298144,
      "pr_auc": 0.9996451688492184,
      "mae": 0.09693814379839212,
      "rmse": 0.1801193030696043,
      "ece": 0.09389928736433982,
      "mce": 0.5564551629908342,
      "round_time": 0.19492244720458984,
      "client_training_time": 0.1640336513519287,
      "edge_processing_wall_time": 0.009393692016601562,
      "total_pure_processing_time": 0.0,
      "avg_processing_per_client": 0.0,
      "server_aggregation_time": 0.0,
      "internal_aggregation_time": 0.0,
      "evaluation_time": 0.020467519760131836,
      "clients_processed": 30
    },
    {
      "round": 54,
      "accuracy": 0.9653333333333334,
      "f1_score": 0.9624819624819625,
      "precision": 0.9302649930264993,
      "recall": 0.9970104633781763,
      "roc_auc": 0.9996604843337128,
      "pr_auc": 0.999613124909971,
      "mae": 0.0984426460926052,
      "rmse": 0.17883120734139213,
      "ece": 0.09517656269941555,
      "mce": 0.5601132494067642,
      "round_time": 0.09922647476196289,
      "client_training_time": 0.08402442932128906,
      "edge_processing_wall_time": 0.0010640621185302734,
      "total_pure_processing_time": 0.0,
      "avg_processing_per_client": 0.0,
      "server_aggregation_time": 0.0010466575622558594,
      "internal_aggregation_time": 0.0,
      "evaluation_time": 0.013091325759887695,
      "clients_processed": 30
    },
    {
      "round": 55,
      "accuracy": 0.967,
      "f1_score": 0.964259927797834,
      "precision": 0.9326117318435754,
      "recall": 0.9981315396113603,
      "roc_auc": 0.9997371564146427,
      "pr_auc": 0.9996989701059938,
      "mae": 0.09476872211836095,
      "rmse": 0.17597708238125603,
      "ece": 0.09211837420719052,
      "mce": 0.5845279015068502,
      "round_time": 0.06737065315246582,
      "client_training_time": 0.05302929878234863,
      "edge_processing_wall_time": 0.0020935535430908203,
      "total_pure_processing_time": 0.0,
      "avg_processing_per_client": 0.0,
      "server_aggregation_time": 0.0,
      "internal_aggregation_time": 0.0,
      "evaluation_time": 0.012247800827026367,
      "clients_processed": 30
    },
    {
      "round": 56,
      "accuracy": 0.9656666666666667,
      "f1_score": 0.9628695025234318,
      "precision": 0.9300139275766016,
      "recall": 0.9981315396113603,
      "roc_auc": 0.9997302986478732,
      "pr_auc": 0.9996926521635026,
      "mae": 0.09796903154676664,
      "rmse": 0.17909529884907427,
      "ece": 0.09532615711181079,
      "mce": 0.6133536003368691,
      "round_time": 0.06926989555358887,
      "client_training_time": 0.052655935287475586,
      "edge_processing_wall_time": 0.0020482540130615234,
      "total_pure_processing_time": 0.0,
      "avg_processing_per_client": 0.0,
      "server_aggregation_time": 0.0,
      "internal_aggregation_time": 0.0,
      "evaluation_time": 0.01354527473449707,
      "clients_processed": 30
    },
    {
      "round": 57,
      "accuracy": 0.9658333333333333,
      "f1_score": 0.963016417102652,
      "precision": 0.9309382629926752,
      "recall": 0.9973841554559043,
      "roc_auc": 0.9997201806313283,
      "pr_auc": 0.9996792641425091,
      "mae": 0.09631784085471874,
      "rmse": 0.1779246964852043,
      "ece": 0.0932933219441776,
      "mce": 0.5396454486073426,
      "round_time": 0.07030296325683594,
      "client_training_time": 0.05273556709289551,
      "edge_processing_wall_time": 0.005635499954223633,
      "total_pure_processing_time": 0.0,
      "avg_processing_per_client": 0.0,
      "server_aggregation_time": 0.000993490219116211,
      "internal_aggregation_time": 0.0,
      "evaluation_time": 0.010938405990600586,
      "clients_processed": 30
    },
    {
      "round": 58,
      "accuracy": 0.9646666666666667,
      "f1_score": 0.9618155619596542,
      "precision": 0.9283727399165508,
      "recall": 0.9977578475336323,
      "roc_auc": 0.9996757737809363,
      "pr_auc": 0.9996297802667417,
      "mae": 0.09580625004649733,
      "rmse": 0.17778395947735046,
      "ece": 0.09267393010867336,
      "mce": 0.5516632239064848,
      "round_time": 0.07787942886352539,
      "client_training_time": 0.06115865707397461,
      "edge_processing_wall_time": 0.003093719482421875,
      "total_pure_processing_time": 0.0,
      "avg_processing_per_client": 0.0,
      "server_aggregation_time": 0.0,
      "internal_aggregation_time": 0.0,
      "evaluation_time": 0.013627052307128906,
      "clients_processed": 30
    },
    {
      "round": 59,
      "accuracy": 0.9628333333333333,
      "f1_score": 0.9598992986872864,
      "precision": 0.9251299826689775,
      "recall": 0.9973841554559043,
      "roc_auc": 0.999557055720142,
      "pr_auc": 0.99949646008794,
      "mae": 0.09670017565422873,
      "rmse": 0.18060914943119755,
      "ece": 0.09320006795011211,
      "mce": 0.6045626298149087,
      "round_time": 0.07062363624572754,
      "client_training_time": 0.05324673652648926,
      "edge_processing_wall_time": 0.004765510559082031,
      "total_pure_processing_time": 0.0,
      "avg_processing_per_client": 0.0,
      "server_aggregation_time": 0.001009225845336914,
      "internal_aggregation_time": 0.0,
      "evaluation_time": 0.011602163314819336,
      "clients_processed": 30
    },
    {
      "round": 60,
      "accuracy": 0.9641666666666666,
      "f1_score": 0.9612961296129613,
      "precision": 0.9274053490795415,
      "recall": 0.9977578475336323,
      "roc_auc": 0.9995912321315827,
      "pr_auc": 0.9995401362771341,
      "mae": 0.09651924331564855,
      "rmse": 0.18021020066034335,
      "ece": 0.09342371529550866,
      "mce": 0.6633201403994492,
      "round_time": 0.07273125648498535,
      "client_training_time": 0.05594992637634277,
      "edge_processing_wall_time": 0.0024623870849609375,
      "total_pure_processing_time": 0.0,
      "avg_processing_per_client": 0.0,
      "server_aggregation_time": 0.0,
      "internal_aggregation_time": 0.0,
      "evaluation_time": 0.01223301887512207,
      "clients_processed": 30
    }
  ],
  "final_statistics": {
    "final_accuracy": 0.9641666666666666,
    "best_accuracy": 0.9685,
    "total_time": 5.119837999343872,
    "avg_round_time": 0.08495134115219116,
    "avg_client_training_time": 0.06563106775283814,
    "avg_edge_processing_wall_time": 0.003269354502360026,
    "avg_pure_processing_time": 0.0,
    "avg_processing_per_client": 0.0,
    "avg_server_aggregation_time": 0.0003819624582926432,
    "avg_internal_aggregation_time": 0.0,
    "avg_evaluation_time": 0.015009280045827229
  },
  "timing_statistics": {
    "total_client_training_time": 3.937864065170288,
    "total_edge_processing_wall_time": 0.19616127014160156,
    "total_pure_processing_time": 0.0,
    "total_server_aggregation_time": 0.022917747497558594,
    "total_internal_aggregation_time": 0.0,
    "total_evaluation_time": 0.9005568027496338,
    "total_time": 5.119837999343872,
    "avg_round_time": 0.08495134115219116,
    "avg_client_training_time": 0.06563106775283814,
    "avg_edge_processing_wall_time": 0.003269354502360026,
    "avg_pure_processing_time": 0.0,
    "avg_processing_per_client": 0.0,
    "avg_server_aggregation_time": 0.0003819624582926432,
    "avg_internal_aggregation_time": 0.0,
    "avg_evaluation_time": 0.015009280045827229
  },
  "architecture": {
    "clients": 30,
    "edge_devices": 30,
    "cloud_servers": 1,
    "data_flow": "Client \u2192 Edge \u2192 Cloud \u2192 Edge \u2192 Client"
  }
}