{
  "pipeline_type": "plaintext_edge_device_fl",
  "configuration": {
    "rounds": 20,
    "clients": 20,
    "patience": 999
  },
  "results": [
    {
      "round": 1,
      "accuracy": 0.96025,
      "f1_score": 0.9547137567644546,
      "precision": 0.9133514986376022,
      "recall": 1.0,
      "roc_auc": 0.9999232353895637,
      "pr_auc": 0.9999000939613651,
      "mae": 0.08998546377631368,
      "rmse": 0.1782165536967563,
      "ece": 0.08915862286114207,
      "mce": 0.7228231346644776,
      "round_time": 0.05772542953491211,
      "client_training_time": 0.038439035415649414,
      "edge_processing_wall_time": 0.003306150436401367,
      "total_pure_processing_time": 0.0,
      "avg_processing_per_client": 0.0,
      "server_aggregation_time": 0.0010218620300292969,
      "internal_aggregation_time": 0.0,
      "evaluation_time": 0.013735771179199219,
      "clients_processed": 20
    },
    {
      "round": 2,
      "accuracy": 0.96025,
      "f1_score": 0.9547137567644546,
      "precision": 0.9133514986376022,
      "recall": 1.0,
      "roc_auc": 0.9999381261835614,
      "pr_auc": 0.9999183781754325,
      "mae": 0.08811058085707736,
      "rmse": 0.17669510080356698,
      "ece": 0.0868905777083921,
      "mce": 0.7371104942130361,
      "round_time": 0.053612470626831055,
      "client_training_time": 0.04055619239807129,
      "edge_processing_wall_time": 0.001163482666015625,
      "total_pure_processing_time": 0.0,
      "avg_processing_per_client": 0.0,
      "server_aggregation_time": 0.0,
      "internal_aggregation_time": 0.0,
      "evaluation_time": 0.01189279556274414,
      "clients_processed": 20
    },
    {
      "round": 3,
      "accuracy": 0.9555,
      "f1_score": 0.949546485260771,
      "precision": 0.9044276457883369,
      "recall": 0.9994033412887828,
      "roc_auc": 0.9999193843221506,
      "pr_auc": 0.9998962157965915,
      "mae": 0.09197367168208469,
      "rmse": 0.18166240441587045,
      "ece": 0.09074650569839562,
      "mce": 0.7360571441101428,
      "round_time": 0.053809404373168945,
      "client_training_time": 0.039582252502441406,
      "edge_processing_wall_time": 0.0010099411010742188,
      "total_pure_processing_time": 0.0,
      "avg_processing_per_client": 0.0,
      "server_aggregation_time": 0.0,
      "internal_aggregation_time": 0.0,
      "evaluation_time": 0.01321721076965332,
      "clients_processed": 20
    },
    {
      "round": 4,
      "accuracy": 0.9595,
      "f1_score": 0.9538986909504837,
      "precision": 0.911860718171926,
      "recall": 1.0,
      "roc_auc": 0.9999127091386343,
      "pr_auc": 0.9998863199137966,
      "mae": 0.08953030486166227,
      "rmse": 0.1772375291565781,
      "ece": 0.08867425162743989,
      "mce": 0.7377243018326601,
      "round_time": 0.05206012725830078,
      "client_training_time": 0.037337541580200195,
      "edge_processing_wall_time": 0.002010822296142578,
      "total_pure_processing_time": 0.0,
      "avg_processing_per_client": 0.0,
      "server_aggregation_time": 0.0,
      "internal_aggregation_time": 0.0,
      "evaluation_time": 0.011693000793457031,
      "clients_processed": 20
    },
    {
      "round": 5,
      "accuracy": 0.956,
      "f1_score": 0.9501133786848073,
      "precision": 0.9049676025917927,
      "recall": 1.0,
      "roc_auc": 0.9999481389588356,
      "pr_auc": 0.9999305083461167,
      "mae": 0.09019029363406239,
      "rmse": 0.18055501751955064,
      "ece": 0.08899190140291445,
      "mce": 0.739512246137727,
      "round_time": 0.051934003829956055,
      "client_training_time": 0.042236328125,
      "edge_processing_wall_time": 0.0021240711212158203,
      "total_pure_processing_time": 0.0,
      "avg_processing_per_client": 0.0,
      "server_aggregation_time": 0.0,
      "internal_aggregation_time": 0.0,
      "evaluation_time": 0.007573604583740234,
      "clients_processed": 20
    },
    {
      "round": 6,
      "accuracy": 0.9565,
      "f1_score": 0.9506522972206466,
      "precision": 0.9059459459459459,
      "recall": 1.0,
      "roc_auc": 0.9999630297528334,
      "pr_auc": 0.9999500628480101,
      "mae": 0.09032256997324938,
      "rmse": 0.17985567317198975,
      "ece": 0.08953853341569458,
      "mce": 0.740050664212312,
      "round_time": 0.055089473724365234,
      "client_training_time": 0.038143157958984375,
      "edge_processing_wall_time": 0.004270315170288086,
      "total_pure_processing_time": 0.0,
      "avg_processing_per_client": 0.0,
      "server_aggregation_time": 0.001224517822265625,
      "internal_aggregation_time": 0.0,
      "evaluation_time": 0.010444879531860352,
      "clients_processed": 20
    },
    {
      "round": 7,
      "accuracy": 0.9555,
      "f1_score": 0.9495750708215297,
      "precision": 0.9039913700107874,
      "recall": 1.0,
      "roc_auc": 0.9999496793858009,
      "pr_auc": 0.9999327296982823,
      "mae": 0.09061978015130162,
      "rmse": 0.1809613134664865,
      "ece": 0.08983815915289246,
      "mce": 0.7264193666909871,
      "round_time": 0.05164074897766113,
      "client_training_time": 0.039150238037109375,
      "edge_processing_wall_time": 0.0010089874267578125,
      "total_pure_processing_time": 0.0,
      "avg_processing_per_client": 0.0,
      "server_aggregation_time": 0.0010344982147216797,
      "internal_aggregation_time": 0.0,
      "evaluation_time": 0.00938272476196289,
      "clients_processed": 20
    },
    {
      "round": 8,
      "accuracy": 0.95525,
      "f1_score": 0.9493061455678278,
      "precision": 0.9035040431266846,
      "recall": 1.0,
      "roc_auc": 0.9999347885918033,
      "pr_auc": 0.9999147789375427,
      "mae": 0.09058913247308548,
      "rmse": 0.18169750457243816,
      "ece": 0.08869948500454365,
      "mce": 0.7520448084309732,
      "round_time": 0.0570988655090332,
      "client_training_time": 0.04222559928894043,
      "edge_processing_wall_time": 0.002056598663330078,
      "total_pure_processing_time": 0.0,
      "avg_processing_per_client": 0.0,
      "server_aggregation_time": 0.0,
      "internal_aggregation_time": 0.0,
      "evaluation_time": 0.012816667556762695,
      "clients_processed": 20
    },
    {
      "round": 9,
      "accuracy": 0.959,
      "f1_score": 0.9533295389869095,
      "precision": 0.911316648531012,
      "recall": 0.9994033412887828,
      "roc_auc": 0.9999181006330128,
      "pr_auc": 0.9998949451824428,
      "mae": 0.08943514200167514,
      "rmse": 0.17890808491491214,
      "ece": 0.088192267087306,
      "mce": 0.7386920866111882,
      "round_time": 0.053836822509765625,
      "client_training_time": 0.03816413879394531,
      "edge_processing_wall_time": 0.002535104751586914,
      "total_pure_processing_time": 0.0,
      "avg_processing_per_client": 0.0,
      "server_aggregation_time": 0.0,
      "internal_aggregation_time": 0.0,
      "evaluation_time": 0.013137578964233398,
      "clients_processed": 20
    },
    {
      "round": 10,
      "accuracy": 0.95425,
      "f1_score": 0.9482026606283611,
      "precision": 0.9019924609585352,
      "recall": 0.9994033412887828,
      "roc_auc": 0.9999111687116691,
      "pr_auc": 0.999886744314425,
      "mae": 0.09050628056357365,
      "rmse": 0.18114119138786552,
      "ece": 0.08925184494226357,
      "mce": 0.7344109543817721,
      "round_time": 0.059961795806884766,
      "client_training_time": 0.047736167907714844,
      "edge_processing_wall_time": 0.002090930938720703,
      "total_pure_processing_time": 0.0,
      "avg_processing_per_client": 0.0,
      "server_aggregation_time": 0.0,
      "internal_aggregation_time": 0.0,
      "evaluation_time": 0.010134696960449219,
      "clients_processed": 20
    },
    {
      "round": 11,
      "accuracy": 0.9545,
      "f1_score": 0.9485002829654782,
      "precision": 0.9020452099031216,
      "recall": 1.0,
      "roc_auc": 0.999930424048735,
      "pr_auc": 0.9999085675672371,
      "mae": 0.09104022254407355,
      "rmse": 0.18138061784857124,
      "ece": 0.09022710930129234,
      "mce": 0.7294740070630917,
      "round_time": 0.05877399444580078,
      "client_training_time": 0.04289126396179199,
      "edge_processing_wall_time": 0.001020669937133789,
      "total_pure_processing_time": 0.0,
      "avg_processing_per_client": 0.0,
      "server_aggregation_time": 0.0010149478912353516,
      "internal_aggregation_time": 0.0,
      "evaluation_time": 0.012727975845336914,
      "clients_processed": 20
    },
    {
      "round": 12,
      "accuracy": 0.95925,
      "f1_score": 0.9536009109023627,
      "precision": 0.9118127381600436,
      "recall": 0.9994033412887828,
      "roc_auc": 0.9999178438951852,
      "pr_auc": 0.9998943283914004,
      "mae": 0.08951864789344749,
      "rmse": 0.17770550863454168,
      "ece": 0.08827459205014118,
      "mce": 0.7425085013449709,
      "round_time": 0.05673623085021973,
      "client_training_time": 0.04100680351257324,
      "edge_processing_wall_time": 0.0021545886993408203,
      "total_pure_processing_time": 0.0,
      "avg_processing_per_client": 0.0,
      "server_aggregation_time": 0.0,
      "internal_aggregation_time": 0.0,
      "evaluation_time": 0.012468099594116211,
      "clients_processed": 20
    },
    {
      "round": 13,
      "accuracy": 0.95925,
      "f1_score": 0.9536273115220484,
      "precision": 0.9113648722131593,
      "recall": 1.0,
      "roc_auc": 0.9999196410599781,
      "pr_auc": 0.9998947266730503,
      "mae": 0.0885720945929263,
      "rmse": 0.177046855294843,
      "ece": 0.08732178480244607,
      "mce": 0.7338680769040324,
      "round_time": 0.052939414978027344,
      "client_training_time": 0.03805088996887207,
      "edge_processing_wall_time": 0.0010902881622314453,
      "total_pure_processing_time": 0.0,
      "avg_processing_per_client": 0.0,
      "server_aggregation_time": 0.0010418891906738281,
      "internal_aggregation_time": 0.0,
      "evaluation_time": 0.01275634765625,
      "clients_processed": 20
    },
    {
      "round": 14,
      "accuracy": 0.9545,
      "f1_score": 0.948471121177803,
      "precision": 0.9024784482758621,
      "recall": 0.9994033412887828,
      "roc_auc": 0.9999114254494966,
      "pr_auc": 0.999888085546772,
      "mae": 0.09042503423782546,
      "rmse": 0.18114965923812187,
      "ece": 0.08920741321198039,
      "mce": 0.7371447964487003,
      "round_time": 0.049587249755859375,
      "client_training_time": 0.03584861755371094,
      "edge_processing_wall_time": 0.0020766258239746094,
      "total_pure_processing_time": 0.0,
      "avg_processing_per_client": 0.0,
      "server_aggregation_time": 0.0010619163513183594,
      "internal_aggregation_time": 0.0,
      "evaluation_time": 0.010600090026855469,
      "clients_processed": 20
    },
    {
      "round": 15,
      "accuracy": 0.95625,
      "f1_score": 0.950354609929078,
      "precision": 0.905895078420768,
      "recall": 0.9994033412887828,
      "roc_auc": 0.9999317077378727,
      "pr_auc": 0.9999118278207473,
      "mae": 0.09013412789353262,
      "rmse": 0.18027053971907173,
      "ece": 0.08933218305387437,
      "mce": 0.736161168049728,
      "round_time": 0.04966878890991211,
      "client_training_time": 0.03447437286376953,
      "edge_processing_wall_time": 0.0020623207092285156,
      "total_pure_processing_time": 0.0,
      "avg_processing_per_client": 0.0,
      "server_aggregation_time": 0.0,
      "internal_aggregation_time": 0.0,
      "evaluation_time": 0.013132095336914062,
      "clients_processed": 20
    },
    {
      "round": 16,
      "accuracy": 0.9575,
      "f1_score": 0.9517319704713231,
      "precision": 0.9079089924160346,
      "recall": 1.0,
      "roc_auc": 0.9999342751161482,
      "pr_auc": 0.9999133687996112,
      "mae": 0.0910691483507887,
      "rmse": 0.18068125238615507,
      "ece": 0.09024814835112004,
      "mce": 0.7326893283442772,
      "round_time": 0.048645734786987305,
      "client_training_time": 0.034752607345581055,
      "edge_processing_wall_time": 0.0010111331939697266,
      "total_pure_processing_time": 0.0,
      "avg_processing_per_client": 0.0,
      "server_aggregation_time": 0.0,
      "internal_aggregation_time": 0.0,
      "evaluation_time": 0.012881994247436523,
      "clients_processed": 20
    },
    {
      "round": 17,
      "accuracy": 0.953,
      "f1_score": 0.9468626342566422,
      "precision": 0.8995703544575725,
      "recall": 0.9994033412887828,
      "roc_auc": 0.9999088580712211,
      "pr_auc": 0.9998839662265593,
      "mae": 0.09250964221017988,
      "rmse": 0.1831821681600103,
      "ece": 0.09166157590510411,
      "mce": 0.7399783931825793,
      "round_time": 0.05100893974304199,
      "client_training_time": 0.03549313545227051,
      "edge_processing_wall_time": 0.0011932849884033203,
      "total_pure_processing_time": 0.0,
      "avg_processing_per_client": 0.0,
      "server_aggregation_time": 0.0011188983917236328,
      "internal_aggregation_time": 0.0,
      "evaluation_time": 0.013203620910644531,
      "clients_processed": 20
    },
    {
      "round": 18,
      "accuracy": 0.95825,
      "f1_score": 0.952516349161217,
      "precision": 0.9098316132536665,
      "recall": 0.9994033412887828,
      "roc_auc": 0.9999091148090486,
      "pr_auc": 0.9998823582036558,
      "mae": 0.09095211382595994,
      "rmse": 0.1802763339674222,
      "ece": 0.08928563178787463,
      "mce": 0.7330471924268261,
      "round_time": 0.048058509826660156,
      "client_training_time": 0.03486776351928711,
      "edge_processing_wall_time": 0.001857757568359375,
      "total_pure_processing_time": 0.0,
      "avg_processing_per_client": 0.0,
      "server_aggregation_time": 0.0,
      "internal_aggregation_time": 0.0,
      "evaluation_time": 0.011332988739013672,
      "clients_processed": 20
    },
    {
      "round": 19,
      "accuracy": 0.96025,
      "f1_score": 0.9547137567644546,
      "precision": 0.9133514986376022,
      "recall": 1.0,
      "roc_auc": 0.9999519900262488,
      "pr_auc": 0.9999355620424627,
      "mae": 0.08933908571345495,
      "rmse": 0.17702335840298203,
      "ece": 0.0885360460401326,
      "mce": 0.7403282680149617,
      "round_time": 0.04610729217529297,
      "client_training_time": 0.03414320945739746,
      "edge_processing_wall_time": 0.0010154247283935547,
      "total_pure_processing_time": 0.0,
      "avg_processing_per_client": 0.0,
      "server_aggregation_time": 0.0,
      "internal_aggregation_time": 0.0,
      "evaluation_time": 0.009895563125610352,
      "clients_processed": 20
    },
    {
      "round": 20,
      "accuracy": 0.9595,
      "f1_score": 0.9538986909504837,
      "precision": 0.911860718171926,
      "recall": 1.0,
      "roc_auc": 0.9999560978314895,
      "pr_auc": 0.9999409115283548,
      "mae": 0.0908321302405686,
      "rmse": 0.17981962836830773,
      "ece": 0.08965114182635354,
      "mce": 0.7406938187822864,
      "round_time": 0.04643726348876953,
      "client_training_time": 0.03506278991699219,
      "edge_processing_wall_time": 0.002068758010864258,
      "total_pure_processing_time": 0.0,
      "avg_processing_per_client": 0.0,
      "server_aggregation_time": 0.0,
      "internal_aggregation_time": 0.0,
      "evaluation_time": 0.009305715560913086,
      "clients_processed": 20
    }
  ],
  "final_statistics": {
    "final_accuracy": 0.9595,
    "best_accuracy": 0.96025,
    "total_time": 1.0606598854064941,
    "avg_round_time": 0.05273662805557251,
    "avg_client_training_time": 0.03850810527801514,
    "avg_edge_processing_wall_time": 0.0018563628196716308,
    "avg_pure_processing_time": 0.0,
    "avg_processing_per_client": 0.0,
    "avg_server_aggregation_time": 0.00037592649459838867,
    "avg_internal_aggregation_time": 0.0,
    "avg_evaluation_time": 0.011616671085357666
  },
  "timing_statistics": {
    "total_client_training_time": 0.7701621055603027,
    "total_edge_processing_wall_time": 0.03712725639343262,
    "total_pure_processing_time": 0.0,
    "total_server_aggregation_time": 0.0075185298919677734,
    "total_internal_aggregation_time": 0.0,
    "total_evaluation_time": 0.23233342170715332,
    "total_time": 1.0606598854064941,
    "avg_round_time": 0.05273662805557251,
    "avg_client_training_time": 0.03850810527801514,
    "avg_edge_processing_wall_time": 0.0018563628196716308,
    "avg_pure_processing_time": 0.0,
    "avg_processing_per_client": 0.0,
    "avg_server_aggregation_time": 0.00037592649459838867,
    "avg_internal_aggregation_time": 0.0,
    "avg_evaluation_time": 0.011616671085357666
  },
  "architecture": {
    "clients": 20,
    "edge_devices": 20,
    "cloud_servers": 1,
    "data_flow": "Client \u2192 Edge \u2192 Cloud \u2192 Edge \u2192 Client"
  }
}