{
  "pipeline_type": "plaintext_edge_device_fl",
  "configuration": {
    "rounds": 60,
    "clients": 10,
    "patience": 999
  },
  "results": [
    {
      "round": 1,
      "accuracy": 0.938,
      "f1_score": 0.923739237392374,
      "precision": 0.8582857142857143,
      "recall": 1.0,
      "roc_auc": 0.9999978678015649,
      "pr_auc": 0.9999964562647712,
      "mae": 0.09865890468695558,
      "rmse": 0.1987485470509953,
      "ece": 0.09826465394574525,
      "mce": 0.7297880132327298,
      "round_time": 0.028957605361938477,
      "client_training_time": 0.01650857925415039,
      "edge_processing_wall_time": 0.0,
      "total_pure_processing_time": 0.0,
      "avg_processing_per_client": 0.0,
      "server_aggregation_time": 0.0,
      "internal_aggregation_time": 0.0,
      "evaluation_time": 0.010039806365966797,
      "clients_processed": 10
    },
    {
      "round": 2,
      "accuracy": 0.9395,
      "f1_score": 0.9254467036352434,
      "precision": 0.8612385321100917,
      "recall": 1.0,
      "roc_auc": 0.9999989339007824,
      "pr_auc": 0.9999982293112729,
      "mae": 0.09760396921476053,
      "rmse": 0.19724232110097112,
      "ece": 0.09718122294775869,
      "mce": 0.6441956809285655,
      "round_time": 0.026755094528198242,
      "client_training_time": 0.017053842544555664,
      "edge_processing_wall_time": 0.0010123252868652344,
      "total_pure_processing_time": 0.0,
      "avg_processing_per_client": 0.0,
      "server_aggregation_time": 0.0,
      "internal_aggregation_time": 0.0,
      "evaluation_time": 0.007501363754272461,
      "clients_processed": 10
    },
    {
      "round": 3,
      "accuracy": 0.942,
      "f1_score": 0.9283065512978986,
      "precision": 0.8662053056516724,
      "recall": 1.0,
      "roc_auc": 0.9999957356031296,
      "pr_auc": 0.9999929453884886,
      "mae": 0.0968938957473139,
      "rmse": 0.1962234018944093,
      "ece": 0.09641113128792984,
      "mce": 0.641726580476313,
      "round_time": 0.02711009979248047,
      "client_training_time": 0.016432523727416992,
      "edge_processing_wall_time": 0.0011746883392333984,
      "total_pure_processing_time": 0.0,
      "avg_processing_per_client": 0.0,
      "server_aggregation_time": 0.0,
      "internal_aggregation_time": 0.0,
      "evaluation_time": 0.008488178253173828,
      "clients_processed": 10
    },
    {
      "round": 4,
      "accuracy": 0.9385,
      "f1_score": 0.9243076923076923,
      "precision": 0.8592677345537757,
      "recall": 1.0,
      "roc_auc": 1.0,
      "pr_auc": 1.0,
      "mae": 0.09756111299474464,
      "rmse": 0.19673388496726404,
      "ece": 0.0971474681320799,
      "mce": 0.6535361242929612,
      "round_time": 0.028683900833129883,
      "client_training_time": 0.017093420028686523,
      "edge_processing_wall_time": 0.001012563705444336,
      "total_pure_processing_time": 0.0,
      "avg_processing_per_client": 0.0,
      "server_aggregation_time": 0.0,
      "internal_aggregation_time": 0.0,
      "evaluation_time": 0.010577917098999023,
      "clients_processed": 10
    },
    {
      "round": 5,
      "accuracy": 0.94,
      "f1_score": 0.9260172626387176,
      "precision": 0.8622273249138921,
      "recall": 1.0,
      "roc_auc": 0.9999989339007824,
      "pr_auc": 0.9999982293112729,
      "mae": 0.09550724493022573,
      "rmse": 0.19433457846064542,
      "ece": 0.09505886562029146,
      "mce": 0.6406474264925652,
      "round_time": 0.029417037963867188,
      "client_training_time": 0.017626523971557617,
      "edge_processing_wall_time": 0.0,
      "total_pure_processing_time": 0.0,
      "avg_processing_per_client": 0.0,
      "server_aggregation_time": 0.0010247230529785156,
      "internal_aggregation_time": 0.0,
      "evaluation_time": 0.010765790939331055,
      "clients_processed": 10
    },
    {
      "round": 6,
      "accuracy": 0.938,
      "f1_score": 0.923739237392374,
      "precision": 0.8582857142857143,
      "recall": 1.0,
      "roc_auc": 1.0,
      "pr_auc": 1.0,
      "mae": 0.09727955062792312,
      "rmse": 0.1978074669044884,
      "ece": 0.09704590120135424,
      "mce": 0.674082493164964,
      "round_time": 0.02616715431213379,
      "client_training_time": 0.014733552932739258,
      "edge_processing_wall_time": 0.0010447502136230469,
      "total_pure_processing_time": 0.0,
      "avg_processing_per_client": 0.0,
      "server_aggregation_time": 0.0,
      "internal_aggregation_time": 0.0,
      "evaluation_time": 0.009324789047241211,
      "clients_processed": 10
    },
    {
      "round": 7,
      "accuracy": 0.938,
      "f1_score": 0.923739237392374,
      "precision": 0.8582857142857143,
      "recall": 1.0,
      "roc_auc": 0.9999978678015649,
      "pr_auc": 0.9999964562647712,
      "mae": 0.09899194087905075,
      "rmse": 0.19952270321418994,
      "ece": 0.09855418420109617,
      "mce": 0.6567349057343259,
      "round_time": 0.02778315544128418,
      "client_training_time": 0.016604900360107422,
      "edge_processing_wall_time": 0.0010116100311279297,
      "total_pure_processing_time": 0.0,
      "avg_processing_per_client": 0.0,
      "server_aggregation_time": 0.0,
      "internal_aggregation_time": 0.0,
      "evaluation_time": 0.010166645050048828,
      "clients_processed": 10
    },
    {
      "round": 8,
      "accuracy": 0.9425,
      "f1_score": 0.9288806431663574,
      "precision": 0.8672055427251733,
      "recall": 1.0,
      "roc_auc": 1.0,
      "pr_auc": 1.0,
      "mae": 0.09480903275257316,
      "rmse": 0.19454680542497477,
      "ece": 0.09437592944832557,
      "mce": 0.6449114723974404,
      "round_time": 0.030202627182006836,
      "client_training_time": 0.018442153930664062,
      "edge_processing_wall_time": 0.0010139942169189453,
      "total_pure_processing_time": 0.0,
      "avg_processing_per_client": 0.0,
      "server_aggregation_time": 0.0,
      "internal_aggregation_time": 0.0,
      "evaluation_time": 0.010746479034423828,
      "clients_processed": 10
    },
    {
      "round": 9,
      "accuracy": 0.938,
      "f1_score": 0.923739237392374,
      "precision": 0.8582857142857143,
      "recall": 1.0,
      "roc_auc": 0.999994669503912,
      "pr_auc": 0.9999911933999817,
      "mae": 0.09784281052748815,
      "rmse": 0.19833368211861652,
      "ece": 0.0975880254978971,
      "mce": 0.6800073268828224,
      "round_time": 0.028450727462768555,
      "client_training_time": 0.018120527267456055,
      "edge_processing_wall_time": 0.0010204315185546875,
      "total_pure_processing_time": 0.0,
      "avg_processing_per_client": 0.0,
      "server_aggregation_time": 0.0,
      "internal_aggregation_time": 0.0,
      "evaluation_time": 0.007766246795654297,
      "clients_processed": 10
    },
    {
      "round": 10,
      "accuracy": 0.9365,
      "f1_score": 0.9220380601596071,
      "precision": 0.8553530751708428,
      "recall": 1.0,
      "roc_auc": 0.9999968017023473,
      "pr_auc": 0.9999946902790686,
      "mae": 0.09837311090968631,
      "rmse": 0.19946483898983136,
      "ece": 0.0978930693559666,
      "mce": 0.6386053528163477,
      "round_time": 0.028209686279296875,
      "client_training_time": 0.015787601470947266,
      "edge_processing_wall_time": 0.0011379718780517578,
      "total_pure_processing_time": 0.0,
      "avg_processing_per_client": 0.0,
      "server_aggregation_time": 0.0,
      "internal_aggregation_time": 0.0,
      "evaluation_time": 0.008780956268310547,
      "clients_processed": 10
    },
    {
      "round": 11,
      "accuracy": 0.9395,
      "f1_score": 0.9254467036352434,
      "precision": 0.8612385321100917,
      "recall": 1.0,
      "roc_auc": 0.9999978678015649,
      "pr_auc": 0.9999964633255704,
      "mae": 0.09661824870458978,
      "rmse": 0.1960770188186502,
      "ece": 0.09613425210097544,
      "mce": 0.645085854534342,
      "round_time": 0.028996706008911133,
      "client_training_time": 0.01666092872619629,
      "edge_processing_wall_time": 0.0010030269622802734,
      "total_pure_processing_time": 0.0,
      "avg_processing_per_client": 0.0,
      "server_aggregation_time": 0.00103759765625,
      "internal_aggregation_time": 0.0,
      "evaluation_time": 0.01029515266418457,
      "clients_processed": 10
    },
    {
      "round": 12,
      "accuracy": 0.9385,
      "f1_score": 0.9243076923076923,
      "precision": 0.8592677345537757,
      "recall": 1.0,
      "roc_auc": 0.9999978678015649,
      "pr_auc": 0.9999964633255704,
      "mae": 0.09771286490263409,
      "rmse": 0.19787411135863006,
      "ece": 0.09724073279259873,
      "mce": 0.6493520862764989,
      "round_time": 0.024724245071411133,
      "client_training_time": 0.01636219024658203,
      "edge_processing_wall_time": 0.0014736652374267578,
      "total_pure_processing_time": 0.0,
      "avg_processing_per_client": 0.0,
      "server_aggregation_time": 0.0,
      "internal_aggregation_time": 0.0,
      "evaluation_time": 0.006888389587402344,
      "clients_processed": 10
    },
    {
      "round": 13,
      "accuracy": 0.9395,
      "f1_score": 0.9254467036352434,
      "precision": 0.8612385321100917,
      "recall": 1.0,
      "roc_auc": 0.9999978678015649,
      "pr_auc": 0.9999964562647712,
      "mae": 0.09653645408305021,
      "rmse": 0.1959548248149031,
      "ece": 0.09607133514188534,
      "mce": 0.6434630961411534,
      "round_time": 0.023663043975830078,
      "client_training_time": 0.017214298248291016,
      "edge_processing_wall_time": 0.0010085105895996094,
      "total_pure_processing_time": 0.0,
      "avg_processing_per_client": 0.0,
      "server_aggregation_time": 0.0,
      "internal_aggregation_time": 0.0,
      "evaluation_time": 0.005440235137939453,
      "clients_processed": 10
    },
    {
      "round": 14,
      "accuracy": 0.939,
      "f1_score": 0.9248768472906403,
      "precision": 0.8602520045819015,
      "recall": 1.0,
      "roc_auc": 1.0,
      "pr_auc": 1.0,
      "mae": 0.09614930201351819,
      "rmse": 0.1958340367893721,
      "ece": 0.09571420372510421,
      "mce": 0.6411254089450427,
      "round_time": 0.025677919387817383,
      "client_training_time": 0.013610363006591797,
      "edge_processing_wall_time": 0.0011806488037109375,
      "total_pure_processing_time": 0.0,
      "avg_processing_per_client": 0.0,
      "server_aggregation_time": 0.0,
      "internal_aggregation_time": 0.0,
      "evaluation_time": 0.009873628616333008,
      "clients_processed": 10
    },
    {
      "round": 15,
      "accuracy": 0.9385,
      "f1_score": 0.9243076923076923,
      "precision": 0.8592677345537757,
      "recall": 1.0,
      "roc_auc": 0.9999978678015649,
      "pr_auc": 0.9999964562647712,
      "mae": 0.09697124766632045,
      "rmse": 0.19730411837730244,
      "ece": 0.09648680390375045,
      "mce": 0.6392398708836514,
      "round_time": 0.027172565460205078,
      "client_training_time": 0.017861127853393555,
      "edge_processing_wall_time": 0.0010743141174316406,
      "total_pure_processing_time": 0.0,
      "avg_processing_per_client": 0.0,
      "server_aggregation_time": 0.0010058879852294922,
      "internal_aggregation_time": 0.0,
      "evaluation_time": 0.006216526031494141,
      "clients_processed": 10
    },
    {
      "round": 16,
      "accuracy": 0.9395,
      "f1_score": 0.9254467036352434,
      "precision": 0.8612385321100917,
      "recall": 1.0,
      "roc_auc": 1.0,
      "pr_auc": 1.0,
      "mae": 0.0974494659583113,
      "rmse": 0.19651774892643803,
      "ece": 0.0970075491552202,
      "mce": 0.6529397113209652,
      "round_time": 0.02843022346496582,
      "client_training_time": 0.01659226417541504,
      "edge_processing_wall_time": 0.001230478286743164,
      "total_pure_processing_time": 0.0,
      "avg_processing_per_client": 0.0,
      "server_aggregation_time": 0.0,
      "internal_aggregation_time": 0.0,
      "evaluation_time": 0.009590625762939453,
      "clients_processed": 10
    },
    {
      "round": 17,
      "accuracy": 0.9375,
      "f1_score": 0.9231714812538414,
      "precision": 0.8573059360730594,
      "recall": 1.0,
      "roc_auc": 0.9999968017023473,
      "pr_auc": 0.99999470202418,
      "mae": 0.09750554100421498,
      "rmse": 0.19729884629320613,
      "ece": 0.0972438517501186,
      "mce": 0.6601055416833687,
      "round_time": 0.027283430099487305,
      "client_training_time": 0.017507076263427734,
      "edge_processing_wall_time": 0.0,
      "total_pure_processing_time": 0.0,
      "avg_processing_per_client": 0.0,
      "server_aggregation_time": 0.0010254383087158203,
      "internal_aggregation_time": 0.0,
      "evaluation_time": 0.00875091552734375,
      "clients_processed": 10
    },
    {
      "round": 18,
      "accuracy": 0.9415,
      "f1_score": 0.9277331686226066,
      "precision": 0.8652073732718893,
      "recall": 1.0,
      "roc_auc": 0.9999978678015649,
      "pr_auc": 0.9999964633255704,
      "mae": 0.09583330894039949,
      "rmse": 0.19420982522083702,
      "ece": 0.09558205901739007,
      "mce": 0.6452324771579376,
      "round_time": 0.02817845344543457,
      "client_training_time": 0.018294334411621094,
      "edge_processing_wall_time": 0.0010256767272949219,
      "total_pure_processing_time": 0.0,
      "avg_processing_per_client": 0.0,
      "server_aggregation_time": 0.0,
      "internal_aggregation_time": 0.0,
      "evaluation_time": 0.008858442306518555,
      "clients_processed": 10
    },
    {
      "round": 19,
      "accuracy": 0.9405,
      "f1_score": 0.9265885256014805,
      "precision": 0.8632183908045977,
      "recall": 1.0,
      "roc_auc": 1.0,
      "pr_auc": 1.0,
      "mae": 0.09795810147678558,
      "rmse": 0.19702534736053826,
      "ece": 0.0975098859275674,
      "mce": 0.6488533420498338,
      "round_time": 0.027991771697998047,
      "client_training_time": 0.016705036163330078,
      "edge_processing_wall_time": 0.001009225845336914,
      "total_pure_processing_time": 0.0,
      "avg_processing_per_client": 0.0,
      "server_aggregation_time": 0.0,
      "internal_aggregation_time": 0.0,
      "evaluation_time": 0.010277509689331055,
      "clients_processed": 10
    },
    {
      "round": 20,
      "accuracy": 0.939,
      "f1_score": 0.9248768472906403,
      "precision": 0.8602520045819015,
      "recall": 1.0,
      "roc_auc": 0.9999989339007824,
      "pr_auc": 0.9999982293112729,
      "mae": 0.09693277024433715,
      "rmse": 0.1967879121980575,
      "ece": 0.09671176822873123,
      "mce": 0.646370216729144,
      "round_time": 0.02275705337524414,
      "client_training_time": 0.016425371170043945,
      "edge_processing_wall_time": 0.0010077953338623047,
      "total_pure_processing_time": 0.0,
      "avg_processing_per_client": 0.0,
      "server_aggregation_time": 0.0,
      "internal_aggregation_time": 0.0,
      "evaluation_time": 0.005323886871337891,
      "clients_processed": 10
    },
    {
      "round": 21,
      "accuracy": 0.9395,
      "f1_score": 0.9254467036352434,
      "precision": 0.8612385321100917,
      "recall": 1.0,
      "roc_auc": 0.9999978678015649,
      "pr_auc": 0.9999964633255704,
      "mae": 0.09820070358181604,
      "rmse": 0.19847352888349087,
      "ece": 0.09777904097114712,
      "mce": 0.6632074829450474,
      "round_time": 0.02934408187866211,
      "client_training_time": 0.01768660545349121,
      "edge_processing_wall_time": 0.0022077560424804688,
      "total_pure_processing_time": 0.0,
      "avg_processing_per_client": 0.0,
      "server_aggregation_time": 0.0,
      "internal_aggregation_time": 0.0,
      "evaluation_time": 0.00944972038269043,
      "clients_processed": 10
    },
    {
      "round": 22,
      "accuracy": 0.9375,
      "f1_score": 0.9231714812538414,
      "precision": 0.8573059360730594,
      "recall": 1.0,
      "roc_auc": 0.9999968017023473,
      "pr_auc": 0.9999946902790686,
      "mae": 0.09917812551408718,
      "rmse": 0.2015602701100756,
      "ece": 0.09875599139069119,
      "mce": 0.6786168265598012,
      "round_time": 0.030672311782836914,
      "client_training_time": 0.017669677734375,
      "edge_processing_wall_time": 0.0013637542724609375,
      "total_pure_processing_time": 0.0,
      "avg_processing_per_client": 0.0,
      "server_aggregation_time": 0.0,
      "internal_aggregation_time": 0.0,
      "evaluation_time": 0.011638879776000977,
      "clients_processed": 10
    },
    {
      "round": 23,
      "accuracy": 0.9385,
      "f1_score": 0.9243076923076923,
      "precision": 0.8592677345537757,
      "recall": 1.0,
      "roc_auc": 0.9999989339007824,
      "pr_auc": 0.9999982293112729,
      "mae": 0.09709822257803498,
      "rmse": 0.19674193963199205,
      "ece": 0.09664655510327912,
      "mce": 0.6392573862516513,
      "round_time": 0.025720596313476562,
      "client_training_time": 0.01632404327392578,
      "edge_processing_wall_time": 0.0010285377502441406,
      "total_pure_processing_time": 0.0,
      "avg_processing_per_client": 0.0,
      "server_aggregation_time": 0.0,
      "internal_aggregation_time": 0.0,
      "evaluation_time": 0.00836801528930664,
      "clients_processed": 10
    },
    {
      "round": 24,
      "accuracy": 0.939,
      "f1_score": 0.9248768472906403,
      "precision": 0.8602520045819015,
      "recall": 1.0,
      "roc_auc": 0.9999936034046945,
      "pr_auc": 0.9999894460402423,
      "mae": 0.09480739707921738,
      "rmse": 0.19434059257119207,
      "ece": 0.09432282877086988,
      "mce": 0.6408234353303492,
      "round_time": 0.027692794799804688,
      "client_training_time": 0.016361713409423828,
      "edge_processing_wall_time": 0.0010137557983398438,
      "total_pure_processing_time": 0.0,
      "avg_processing_per_client": 0.0,
      "server_aggregation_time": 0.0,
      "internal_aggregation_time": 0.0,
      "evaluation_time": 0.010317325592041016,
      "clients_processed": 10
    },
    {
      "round": 25,
      "accuracy": 0.9405,
      "f1_score": 0.9265885256014805,
      "precision": 0.8632183908045977,
      "recall": 1.0,
      "roc_auc": 0.9999978678015649,
      "pr_auc": 0.9999964633255704,
      "mae": 0.09893977076713753,
      "rmse": 0.19895970024019,
      "ece": 0.09849018757816518,
      "mce": 0.6470985085258749,
      "round_time": 0.027821063995361328,
      "client_training_time": 0.016008853912353516,
      "edge_processing_wall_time": 0.0,
      "total_pure_processing_time": 0.0,
      "avg_processing_per_client": 0.0,
      "server_aggregation_time": 0.0010731220245361328,
      "internal_aggregation_time": 0.0,
      "evaluation_time": 0.009726762771606445,
      "clients_processed": 10
    },
    {
      "round": 26,
      "accuracy": 0.938,
      "f1_score": 0.923739237392374,
      "precision": 0.8582857142857143,
      "recall": 1.0,
      "roc_auc": 1.0,
      "pr_auc": 1.0,
      "mae": 0.09824908309540586,
      "rmse": 0.19978204198906563,
      "ece": 0.09824908309540584,
      "mce": 0.7350238519110978,
      "round_time": 0.024225473403930664,
      "client_training_time": 0.016878843307495117,
      "edge_processing_wall_time": 0.0010254383087158203,
      "total_pure_processing_time": 0.0,
      "avg_processing_per_client": 0.0,
      "server_aggregation_time": 0.0010104179382324219,
      "internal_aggregation_time": 0.0,
      "evaluation_time": 0.005310773849487305,
      "clients_processed": 10
    },
    {
      "round": 27,
      "accuracy": 0.9375,
      "f1_score": 0.9231714812538414,
      "precision": 0.8573059360730594,
      "recall": 1.0,
      "roc_auc": 0.9999989339007824,
      "pr_auc": 0.9999982293112729,
      "mae": 0.09883372572008096,
      "rmse": 0.19900656427757232,
      "ece": 0.09838893181122878,
      "mce": 0.641206805619559,
      "round_time": 0.027368545532226562,
      "client_training_time": 0.0164947509765625,
      "edge_processing_wall_time": 0.0010552406311035156,
      "total_pure_processing_time": 0.0,
      "avg_processing_per_client": 0.0,
      "server_aggregation_time": 0.0,
      "internal_aggregation_time": 0.0,
      "evaluation_time": 0.008506298065185547,
      "clients_processed": 10
    },
    {
      "round": 28,
      "accuracy": 0.9365,
      "f1_score": 0.9220380601596071,
      "precision": 0.8553530751708428,
      "recall": 1.0,
      "roc_auc": 0.9999882729086065,
      "pr_auc": 0.9999807780352357,
      "mae": 0.09825089387375917,
      "rmse": 0.2004545217144925,
      "ece": 0.09780558872795439,
      "mce": 0.6900066039866912,
      "round_time": 0.025375843048095703,
      "client_training_time": 0.016490697860717773,
      "edge_processing_wall_time": 0.001010894775390625,
      "total_pure_processing_time": 0.0,
      "avg_processing_per_client": 0.0,
      "server_aggregation_time": 0.0,
      "internal_aggregation_time": 0.0,
      "evaluation_time": 0.007874250411987305,
      "clients_processed": 10
    },
    {
      "round": 29,
      "accuracy": 0.9385,
      "f1_score": 0.9243076923076923,
      "precision": 0.8592677345537757,
      "recall": 1.0,
      "roc_auc": 0.9999957356031296,
      "pr_auc": 0.9999929453884886,
      "mae": 0.09729824359359131,
      "rmse": 0.19754301869810506,
      "ece": 0.09705016713807037,
      "mce": 0.6592787182942201,
      "round_time": 0.026221513748168945,
      "client_training_time": 0.01609015464782715,
      "edge_processing_wall_time": 0.0010383129119873047,
      "total_pure_processing_time": 0.0,
      "avg_processing_per_client": 0.0,
      "server_aggregation_time": 0.0,
      "internal_aggregation_time": 0.0,
      "evaluation_time": 0.009093046188354492,
      "clients_processed": 10
    },
    {
      "round": 30,
      "accuracy": 0.939,
      "f1_score": 0.9248768472906403,
      "precision": 0.8602520045819015,
      "recall": 1.0,
      "roc_auc": 0.9999989339007824,
      "pr_auc": 0.9999982293112729,
      "mae": 0.09614927408333816,
      "rmse": 0.19616395464623915,
      "ece": 0.0959036723196805,
      "mce": 0.6602353496057008,
      "round_time": 0.024742603302001953,
      "client_training_time": 0.01736760139465332,
      "edge_processing_wall_time": 0.0,
      "total_pure_processing_time": 0.0,
      "avg_processing_per_client": 0.0,
      "server_aggregation_time": 0.0,
      "internal_aggregation_time": 0.0,
      "evaluation_time": 0.007375001907348633,
      "clients_processed": 10
    },
    {
      "round": 31,
      "accuracy": 0.9395,
      "f1_score": 0.9254467036352434,
      "precision": 0.8612385321100917,
      "recall": 1.0,
      "roc_auc": 0.999994669503912,
      "pr_auc": 0.999991172341987,
      "mae": 0.09836917793112382,
      "rmse": 0.19915210758138463,
      "ece": 0.09790491732638587,
      "mce": 0.6485456909582756,
      "round_time": 0.026683568954467773,
      "client_training_time": 0.017230510711669922,
      "edge_processing_wall_time": 0.0011012554168701172,
      "total_pure_processing_time": 0.0,
      "avg_processing_per_client": 0.0,
      "server_aggregation_time": 0.0010104179382324219,
      "internal_aggregation_time": 0.0,
      "evaluation_time": 0.0073413848876953125,
      "clients_processed": 10
    },
    {
      "round": 32,
      "accuracy": 0.938,
      "f1_score": 0.923739237392374,
      "precision": 0.8582857142857143,
      "recall": 1.0,
      "roc_auc": 0.9999957356031296,
      "pr_auc": 0.9999929453884886,
      "mae": 0.09819133992943392,
      "rmse": 0.20006455267200743,
      "ece": 0.0977885008206493,
      "mce": 0.6894286322371147,
      "round_time": 0.030214786529541016,
      "client_training_time": 0.017726659774780273,
      "edge_processing_wall_time": 0.0011761188507080078,
      "total_pure_processing_time": 0.0,
      "avg_processing_per_client": 0.0,
      "server_aggregation_time": 0.0,
      "internal_aggregation_time": 0.0,
      "evaluation_time": 0.011312007904052734,
      "clients_processed": 10
    },
    {
      "round": 33,
      "accuracy": 0.9415,
      "f1_score": 0.9277331686226066,
      "precision": 0.8652073732718893,
      "recall": 1.0,
      "roc_auc": 0.9999978678015649,
      "pr_auc": 0.9999964562647712,
      "mae": 0.09758613212320225,
      "rmse": 0.19723490523717493,
      "ece": 0.09715792093992516,
      "mce": 0.6671609831038569,
      "round_time": 0.027322053909301758,
      "client_training_time": 0.016581296920776367,
      "edge_processing_wall_time": 0.0010111331939697266,
      "total_pure_processing_time": 0.0,
      "avg_processing_per_client": 0.0,
      "server_aggregation_time": 0.0,
      "internal_aggregation_time": 0.0,
      "evaluation_time": 0.009729623794555664,
      "clients_processed": 10
    },
    {
      "round": 34,
      "accuracy": 0.938,
      "f1_score": 0.923739237392374,
      "precision": 0.8582857142857143,
      "recall": 1.0,
      "roc_auc": 1.0,
      "pr_auc": 1.0,
      "mae": 0.09585948583107202,
      "rmse": 0.1960031573202099,
      "ece": 0.0954160128588075,
      "mce": 0.64197864077493,
      "round_time": 0.025301218032836914,
      "client_training_time": 0.016024112701416016,
      "edge_processing_wall_time": 0.0020194053649902344,
      "total_pure_processing_time": 0.0,
      "avg_processing_per_client": 0.0,
      "server_aggregation_time": 0.0011205673217773438,
      "internal_aggregation_time": 0.0,
      "evaluation_time": 0.00613713264465332,
      "clients_processed": 10
    },
    {
      "round": 35,
      "accuracy": 0.9385,
      "f1_score": 0.9243076923076923,
      "precision": 0.8592677345537757,
      "recall": 1.0,
      "roc_auc": 1.0,
      "pr_auc": 1.0,
      "mae": 0.09905424102978765,
      "rmse": 0.19917121775170313,
      "ece": 0.09885181359373718,
      "mce": 0.6675906831353057,
      "round_time": 0.02888011932373047,
      "client_training_time": 0.016227006912231445,
      "edge_processing_wall_time": 0.0010280609130859375,
      "total_pure_processing_time": 0.0,
      "avg_processing_per_client": 0.0,
      "server_aggregation_time": 0.0,
      "internal_aggregation_time": 0.0,
      "evaluation_time": 0.010382652282714844,
      "clients_processed": 10
    },
    {
      "round": 36,
      "accuracy": 0.937,
      "f1_score": 0.9226044226044227,
      "precision": 0.8563283922462942,
      "recall": 1.0,
      "roc_auc": 0.9999968017023473,
      "pr_auc": 0.9999946902790686,
      "mae": 0.09812873067534071,
      "rmse": 0.1999614599328671,
      "ece": 0.09763932769491745,
      "mce": 0.6451206999548359,
      "round_time": 0.025513172149658203,
      "client_training_time": 0.01674342155456543,
      "edge_processing_wall_time": 0.0,
      "total_pure_processing_time": 0.0,
      "avg_processing_per_client": 0.0,
      "server_aggregation_time": 0.0,
      "internal_aggregation_time": 0.0,
      "evaluation_time": 0.0067517757415771484,
      "clients_processed": 10
    },
    {
      "round": 37,
      "accuracy": 0.9385,
      "f1_score": 0.9243076923076923,
      "precision": 0.8592677345537757,
      "recall": 1.0,
      "roc_auc": 0.9999978678015649,
      "pr_auc": 0.9999964562647712,
      "mae": 0.09801448389990335,
      "rmse": 0.19757228836989849,
      "ece": 0.09752452903133461,
      "mce": 0.6439850754844757,
      "round_time": 0.026102304458618164,
      "client_training_time": 0.015579938888549805,
      "edge_processing_wall_time": 0.0010042190551757812,
      "total_pure_processing_time": 0.0,
      "avg_processing_per_client": 0.0,
      "server_aggregation_time": 0.0,
      "internal_aggregation_time": 0.0,
      "evaluation_time": 0.009518146514892578,
      "clients_processed": 10
    },
    {
      "round": 38,
      "accuracy": 0.938,
      "f1_score": 0.923739237392374,
      "precision": 0.8582857142857143,
      "recall": 1.0,
      "roc_auc": 0.9999978678015649,
      "pr_auc": 0.9999964633255704,
      "mae": 0.09682241154667139,
      "rmse": 0.19907160582165706,
      "ece": 0.09659385041224884,
      "mce": 0.6916420680355421,
      "round_time": 0.02598094940185547,
      "client_training_time": 0.0163271427154541,
      "edge_processing_wall_time": 0.001402139663696289,
      "total_pure_processing_time": 0.0,
      "avg_processing_per_client": 0.0,
      "server_aggregation_time": 0.0,
      "internal_aggregation_time": 0.0,
      "evaluation_time": 0.008251667022705078,
      "clients_processed": 10
    },
    {
      "round": 39,
      "accuracy": 0.942,
      "f1_score": 0.9283065512978986,
      "precision": 0.8662053056516724,
      "recall": 1.0,
      "roc_auc": 0.9999978678015649,
      "pr_auc": 0.9999964633255704,
      "mae": 0.09808072643923248,
      "rmse": 0.19867656416657847,
      "ece": 0.09784741511824915,
      "mce": 0.6799261448413686,
      "round_time": 0.026102542877197266,
      "client_training_time": 0.01657724380493164,
      "edge_processing_wall_time": 0.0010175704956054688,
      "total_pure_processing_time": 0.0,
      "avg_processing_per_client": 0.0,
      "server_aggregation_time": 0.0,
      "internal_aggregation_time": 0.0,
      "evaluation_time": 0.008507728576660156,
      "clients_processed": 10
    },
    {
      "round": 40,
      "accuracy": 0.9375,
      "f1_score": 0.9231714812538414,
      "precision": 0.8573059360730594,
      "recall": 1.0,
      "roc_auc": 0.9999978678015649,
      "pr_auc": 0.9999964633255704,
      "mae": 0.09836734512573242,
      "rmse": 0.1996283987959938,
      "ece": 0.09790670935620834,
      "mce": 0.6440992514843811,
      "round_time": 0.026716947555541992,
      "client_training_time": 0.015448331832885742,
      "edge_processing_wall_time": 0.0010876655578613281,
      "total_pure_processing_time": 0.0,
      "avg_processing_per_client": 0.0,
      "server_aggregation_time": 0.0,
      "internal_aggregation_time": 0.0,
      "evaluation_time": 0.00914454460144043,
      "clients_processed": 10
    },
    {
      "round": 41,
      "accuracy": 0.937,
      "f1_score": 0.9226044226044227,
      "precision": 0.8563283922462942,
      "recall": 1.0,
      "roc_auc": 0.9999968017023473,
      "pr_auc": 0.99999470202418,
      "mae": 0.09905529470675302,
      "rmse": 0.1996583323698123,
      "ece": 0.09859999003117784,
      "mce": 0.6419605251187254,
      "round_time": 0.026029586791992188,
      "client_training_time": 0.014876127243041992,
      "edge_processing_wall_time": 0.001012563705444336,
      "total_pure_processing_time": 0.0,
      "avg_processing_per_client": 0.0,
      "server_aggregation_time": 0.0010101795196533203,
      "internal_aggregation_time": 0.0,
      "evaluation_time": 0.008095979690551758,
      "clients_processed": 10
    },
    {
      "round": 42,
      "accuracy": 0.9385,
      "f1_score": 0.9243076923076923,
      "precision": 0.8592677345537757,
      "recall": 1.0,
      "roc_auc": 0.9999989339007824,
      "pr_auc": 0.9999982293112729,
      "mae": 0.09870830269639579,
      "rmse": 0.1995047925009911,
      "ece": 0.09848402457381779,
      "mce": 0.6828190487079638,
      "round_time": 0.02659130096435547,
      "client_training_time": 0.016135215759277344,
      "edge_processing_wall_time": 0.0011467933654785156,
      "total_pure_processing_time": 0.0,
      "avg_processing_per_client": 0.0,
      "server_aggregation_time": 0.0,
      "internal_aggregation_time": 0.0,
      "evaluation_time": 0.00930929183959961,
      "clients_processed": 10
    },
    {
      "round": 43,
      "accuracy": 0.9405,
      "f1_score": 0.9265885256014805,
      "precision": 0.8632183908045977,
      "recall": 1.0,
      "roc_auc": 0.9999978678015649,
      "pr_auc": 0.9999964562647712,
      "mae": 0.09422268957065935,
      "rmse": 0.19227142150258644,
      "ece": 0.09374786425682827,
      "mce": 0.6417970097327903,
      "round_time": 0.0276339054107666,
      "client_training_time": 0.01773691177368164,
      "edge_processing_wall_time": 0.0013344287872314453,
      "total_pure_processing_time": 0.0,
      "avg_processing_per_client": 0.0,
      "server_aggregation_time": 0.0,
      "internal_aggregation_time": 0.0,
      "evaluation_time": 0.008562564849853516,
      "clients_processed": 10
    },
    {
      "round": 44,
      "accuracy": 0.9455,
      "f1_score": 0.9323401613904407,
      "precision": 0.8732558139534884,
      "recall": 1.0,
      "roc_auc": 0.9999978678015649,
      "pr_auc": 0.9999964633255704,
      "mae": 0.09427930050698081,
      "rmse": 0.19238902474494848,
      "ece": 0.0938101970658089,
      "mce": 0.6409986324887486,
      "round_time": 0.027533292770385742,
      "client_training_time": 0.016420841217041016,
      "edge_processing_wall_time": 0.0010173320770263672,
      "total_pure_processing_time": 0.0,
      "avg_processing_per_client": 0.0,
      "server_aggregation_time": 0.00101470947265625,
      "internal_aggregation_time": 0.0,
      "evaluation_time": 0.00908041000366211,
      "clients_processed": 10
    },
    {
      "round": 45,
      "accuracy": 0.9405,
      "f1_score": 0.9265885256014805,
      "precision": 0.8632183908045977,
      "recall": 1.0,
      "roc_auc": 0.9999936034046945,
      "pr_auc": 0.9999894460402423,
      "mae": 0.09656330259237861,
      "rmse": 0.19579367273829928,
      "ece": 0.09629382954854039,
      "mce": 0.655965695180146,
      "round_time": 0.03138470649719238,
      "client_training_time": 0.01849508285522461,
      "edge_processing_wall_time": 0.0038509368896484375,
      "total_pure_processing_time": 0.0,
      "avg_processing_per_client": 0.0,
      "server_aggregation_time": 0.0010204315185546875,
      "internal_aggregation_time": 0.0,
      "evaluation_time": 0.008018255233764648,
      "clients_processed": 10
    },
    {
      "round": 46,
      "accuracy": 0.941,
      "f1_score": 0.9271604938271605,
      "precision": 0.8642117376294591,
      "recall": 1.0,
      "roc_auc": 1.0,
      "pr_auc": 1.0,
      "mae": 0.09583215336673961,
      "rmse": 0.1960375072942192,
      "ece": 0.09560749203199163,
      "mce": 0.6680975667178745,
      "round_time": 0.030827999114990234,
      "client_training_time": 0.018965959548950195,
      "edge_processing_wall_time": 0.0010075569152832031,
      "total_pure_processing_time": 0.0,
      "avg_processing_per_client": 0.0,
      "server_aggregation_time": 0.0013582706451416016,
      "internal_aggregation_time": 0.0,
      "evaluation_time": 0.009496212005615234,
      "clients_processed": 10
    },
    {
      "round": 47,
      "accuracy": 0.936,
      "f1_score": 0.9214723926380368,
      "precision": 0.8543799772468714,
      "recall": 1.0,
      "roc_auc": 1.0,
      "pr_auc": 1.0,
      "mae": 0.09771702605105802,
      "rmse": 0.1993001847858597,
      "ece": 0.09730254701722059,
      "mce": 0.6416119336554786,
      "round_time": 0.029454708099365234,
      "client_training_time": 0.017905712127685547,
      "edge_processing_wall_time": 0.0010666847229003906,
      "total_pure_processing_time": 0.0,
      "avg_processing_per_client": 0.0,
      "server_aggregation_time": 0.0010006427764892578,
      "internal_aggregation_time": 0.0,
      "evaluation_time": 0.009481668472290039,
      "clients_processed": 10
    },
    {
      "round": 48,
      "accuracy": 0.9405,
      "f1_score": 0.9265885256014805,
      "precision": 0.8632183908045977,
      "recall": 1.0,
      "roc_auc": 0.9999989339007824,
      "pr_auc": 0.9999982293112729,
      "mae": 0.09763600340688998,
      "rmse": 0.19717656279921722,
      "ece": 0.09739179422109806,
      "mce": 0.6464702843924989,
      "round_time": 0.025183677673339844,
      "client_training_time": 0.015948057174682617,
      "edge_processing_wall_time": 0.0010275840759277344,
      "total_pure_processing_time": 0.0,
      "avg_processing_per_client": 0.0,
      "server_aggregation_time": 0.0,
      "internal_aggregation_time": 0.0,
      "evaluation_time": 0.008208036422729492,
      "clients_processed": 10
    },
    {
      "round": 49,
      "accuracy": 0.9385,
      "f1_score": 0.9243076923076923,
      "precision": 0.8592677345537757,
      "recall": 1.0,
      "roc_auc": 0.9999989339007824,
      "pr_auc": 0.9999982293112729,
      "mae": 0.09563306941248687,
      "rmse": 0.1944867936676838,
      "ece": 0.09517233368142006,
      "mce": 0.6395079685651144,
      "round_time": 0.02603936195373535,
      "client_training_time": 0.014977216720581055,
      "edge_processing_wall_time": 0.0010578632354736328,
      "total_pure_processing_time": 0.0,
      "avg_processing_per_client": 0.0,
      "server_aggregation_time": 0.0,
      "internal_aggregation_time": 0.0,
      "evaluation_time": 0.010004281997680664,
      "clients_processed": 10
    },
    {
      "round": 50,
      "accuracy": 0.9415,
      "f1_score": 0.9277331686226066,
      "precision": 0.8652073732718893,
      "recall": 1.0,
      "roc_auc": 0.9999989339007824,
      "pr_auc": 0.9999982293112729,
      "mae": 0.09608469585945884,
      "rmse": 0.19598667283225035,
      "ece": 0.09566439168880828,
      "mce": 0.6439764030619999,
      "round_time": 0.02465653419494629,
      "client_training_time": 0.016121387481689453,
      "edge_processing_wall_time": 0.0011262893676757812,
      "total_pure_processing_time": 0.0,
      "avg_processing_per_client": 0.0,
      "server_aggregation_time": 0.0,
      "internal_aggregation_time": 0.0,
      "evaluation_time": 0.007408857345581055,
      "clients_processed": 10
    },
    {
      "round": 51,
      "accuracy": 0.935,
      "f1_score": 0.9203431372549019,
      "precision": 0.8524404086265607,
      "recall": 1.0,
      "roc_auc": 0.9999989339007824,
      "pr_auc": 0.9999982293112729,
      "mae": 0.10006427460332437,
      "rmse": 0.2017389509622036,
      "ece": 0.09984357338385659,
      "mce": 0.6746221232586967,
      "round_time": 0.02546548843383789,
      "client_training_time": 0.015213489532470703,
      "edge_processing_wall_time": 0.0010182857513427734,
      "total_pure_processing_time": 0.0,
      "avg_processing_per_client": 0.0,
      "server_aggregation_time": 0.0010149478912353516,
      "internal_aggregation_time": 0.0,
      "evaluation_time": 0.008218765258789062,
      "clients_processed": 10
    },
    {
      "round": 52,
      "accuracy": 0.9385,
      "f1_score": 0.9243076923076923,
      "precision": 0.8592677345537757,
      "recall": 1.0,
      "roc_auc": 0.999994669503912,
      "pr_auc": 0.9999911933999817,
      "mae": 0.09737028064671281,
      "rmse": 0.19839320691690096,
      "ece": 0.09711979333168577,
      "mce": 0.6795383802948466,
      "round_time": 0.02717900276184082,
      "client_training_time": 0.016283512115478516,
      "edge_processing_wall_time": 0.0010094642639160156,
      "total_pure_processing_time": 0.0,
      "avg_processing_per_client": 0.0,
      "server_aggregation_time": 0.0,
      "internal_aggregation_time": 0.0,
      "evaluation_time": 0.009886026382446289,
      "clients_processed": 10
    },
    {
      "round": 53,
      "accuracy": 0.942,
      "f1_score": 0.9283065512978986,
      "precision": 0.8662053056516724,
      "recall": 1.0,
      "roc_auc": 0.999981876313301,
      "pr_auc": 0.9999704499955266,
      "mae": 0.09553384609505557,
      "rmse": 0.19572081978817343,
      "ece": 0.09502205081958429,
      "mce": 0.6741479049440591,
      "round_time": 0.0257110595703125,
      "client_training_time": 0.01558995246887207,
      "edge_processing_wall_time": 0.002930879592895508,
      "total_pure_processing_time": 0.0,
      "avg_processing_per_client": 0.0,
      "server_aggregation_time": 0.0,
      "internal_aggregation_time": 0.0,
      "evaluation_time": 0.007190227508544922,
      "clients_processed": 10
    },
    {
      "round": 54,
      "accuracy": 0.938,
      "f1_score": 0.923739237392374,
      "precision": 0.8582857142857143,
      "recall": 1.0,
      "roc_auc": 0.9999978678015649,
      "pr_auc": 0.9999964562647712,
      "mae": 0.09970241451319004,
      "rmse": 0.20044684977270594,
      "ece": 0.09927420834056606,
      "mce": 0.8116626220853737,
      "round_time": 0.027547121047973633,
      "client_training_time": 0.01642012596130371,
      "edge_processing_wall_time": 0.001016855239868164,
      "total_pure_processing_time": 0.0,
      "avg_processing_per_client": 0.0,
      "server_aggregation_time": 0.0,
      "internal_aggregation_time": 0.0,
      "evaluation_time": 0.010110139846801758,
      "clients_processed": 10
    },
    {
      "round": 55,
      "accuracy": 0.939,
      "f1_score": 0.9248768472906403,
      "precision": 0.8602520045819015,
      "recall": 1.0,
      "roc_auc": 0.9999989339007824,
      "pr_auc": 0.9999982293112729,
      "mae": 0.09765933398246138,
      "rmse": 0.19793442054654845,
      "ece": 0.09743218288104788,
      "mce": 0.6688120278668592,
      "round_time": 0.024554014205932617,
      "client_training_time": 0.01702404022216797,
      "edge_processing_wall_time": 0.0,
      "total_pure_processing_time": 0.0,
      "avg_processing_per_client": 0.0,
      "server_aggregation_time": 0.001008749008178711,
      "internal_aggregation_time": 0.0,
      "evaluation_time": 0.0065212249755859375,
      "clients_processed": 10
    },
    {
      "round": 56,
      "accuracy": 0.937,
      "f1_score": 0.9226044226044227,
      "precision": 0.8563283922462942,
      "recall": 1.0,
      "roc_auc": 0.9999978678015649,
      "pr_auc": 0.9999964562647712,
      "mae": 0.09893273295029988,
      "rmse": 0.19981048675357765,
      "ece": 0.09849876398399168,
      "mce": 0.6425372271563637,
      "round_time": 0.02657938003540039,
      "client_training_time": 0.014974832534790039,
      "edge_processing_wall_time": 0.0011279582977294922,
      "total_pure_processing_time": 0.0,
      "avg_processing_per_client": 0.0,
      "server_aggregation_time": 0.0010309219360351562,
      "internal_aggregation_time": 0.0,
      "evaluation_time": 0.009445667266845703,
      "clients_processed": 10
    },
    {
      "round": 57,
      "accuracy": 0.9375,
      "f1_score": 0.9231714812538414,
      "precision": 0.8573059360730594,
      "recall": 1.0,
      "roc_auc": 0.9999978678015649,
      "pr_auc": 0.9999964562647712,
      "mae": 0.09616703594579716,
      "rmse": 0.1959632425457698,
      "ece": 0.09569932274028299,
      "mce": 0.6410518682891947,
      "round_time": 0.02501201629638672,
      "client_training_time": 0.016094446182250977,
      "edge_processing_wall_time": 0.0010111331939697266,
      "total_pure_processing_time": 0.0,
      "avg_processing_per_client": 0.0,
      "server_aggregation_time": 0.0010294914245605469,
      "internal_aggregation_time": 0.0,
      "evaluation_time": 0.006876945495605469,
      "clients_processed": 10
    },
    {
      "round": 58,
      "accuracy": 0.942,
      "f1_score": 0.9283065512978986,
      "precision": 0.8662053056516724,
      "recall": 1.0,
      "roc_auc": 0.9999989339007824,
      "pr_auc": 0.9999982293112729,
      "mae": 0.0986398887937367,
      "rmse": 0.1989305351914397,
      "ece": 0.09841984710759157,
      "mce": 0.6772765472604072,
      "round_time": 0.028908967971801758,
      "client_training_time": 0.018114328384399414,
      "edge_processing_wall_time": 0.002012014389038086,
      "total_pure_processing_time": 0.0,
      "avg_processing_per_client": 0.0,
      "server_aggregation_time": 0.0,
      "internal_aggregation_time": 0.0,
      "evaluation_time": 0.007334470748901367,
      "clients_processed": 10
    },
    {
      "round": 59,
      "accuracy": 0.942,
      "f1_score": 0.9283065512978986,
      "precision": 0.8662053056516724,
      "recall": 1.0,
      "roc_auc": 0.9999872068093889,
      "pr_auc": 0.9999790049887339,
      "mae": 0.09648733701985192,
      "rmse": 0.19780082594217221,
      "ece": 0.09598242885448954,
      "mce": 0.6524203431098382,
      "round_time": 0.029520273208618164,
      "client_training_time": 0.017173051834106445,
      "edge_processing_wall_time": 0.002154111862182617,
      "total_pure_processing_time": 0.0,
      "avg_processing_per_client": 0.0,
      "server_aggregation_time": 0.0,
      "internal_aggregation_time": 0.0,
      "evaluation_time": 0.008818864822387695,
      "clients_processed": 10
    },
    {
      "round": 60,
      "accuracy": 0.938,
      "f1_score": 0.923739237392374,
      "precision": 0.8582857142857143,
      "recall": 1.0,
      "roc_auc": 0.9999978678015649,
      "pr_auc": 0.9999964562647712,
      "mae": 0.09878506710682734,
      "rmse": 0.19993836142829738,
      "ece": 0.0983642486088614,
      "mce": 0.8030105466261382,
      "round_time": 0.041852474212646484,
      "client_training_time": 0.021000385284423828,
      "edge_processing_wall_time": 0.002842426300048828,
      "total_pure_processing_time": 0.0,
      "avg_processing_per_client": 0.0,
      "server_aggregation_time": 0.00148773193359375,
      "internal_aggregation_time": 0.0,
      "evaluation_time": 0.016521930694580078,
      "clients_processed": 10
    }
  ],
  "final_statistics": {
    "final_accuracy": 0.938,
    "best_accuracy": 0.9455,
    "total_time": 1.6600866317749023,
    "avg_round_time": 0.027371331055959066,
    "avg_client_training_time": 0.01671576499938965,
    "avg_edge_processing_wall_time": 0.001130068302154541,
    "avg_pure_processing_time": 0.0,
    "avg_processing_per_client": 0.0,
    "avg_server_aggregation_time": 0.00032140413920084634,
    "avg_internal_aggregation_time": 0.0,
    "avg_evaluation_time": 0.008816667397816976
  },
  "timing_statistics": {
    "total_client_training_time": 1.002945899963379,
    "total_edge_processing_wall_time": 0.06780409812927246,
    "total_pure_processing_time": 0.0,
    "total_server_aggregation_time": 0.01928424835205078,
    "total_internal_aggregation_time": 0.0,
    "total_evaluation_time": 0.5290000438690186,
    "total_time": 1.6600866317749023,
    "avg_round_time": 0.027371331055959066,
    "avg_client_training_time": 0.01671576499938965,
    "avg_edge_processing_wall_time": 0.001130068302154541,
    "avg_pure_processing_time": 0.0,
    "avg_processing_per_client": 0.0,
    "avg_server_aggregation_time": 0.00032140413920084634,
    "avg_internal_aggregation_time": 0.0,
    "avg_evaluation_time": 0.008816667397816976
  },
  "architecture": {
    "clients": 10,
    "edge_devices": 10,
    "cloud_servers": 1,
    "data_flow": "Client \u2192 Edge \u2192 Cloud \u2192 Edge \u2192 Client"
  }
}