{
  "pipeline_type": "plaintext_edge_device_fl",
  "configuration": {
    "rounds": 20,
    "clients": 50,
    "patience": 999
  },
  "results": [
    {
      "round": 1,
      "accuracy": 0.9503,
      "f1_score": 0.945510360706063,
      "precision": 0.8973985431841831,
      "recall": 0.9990732159406858,
      "roc_auc": 0.9996659484796763,
      "pr_auc": 0.9995956686796956,
      "mae": 0.10913474760478308,
      "rmse": 0.20055434947287754,
      "ece": 0.10491299068893994,
      "mce": 0.5505099721325782,
      "round_time": 0.13484573364257812,
      "client_training_time": 0.10428929328918457,
      "edge_processing_wall_time": 0.0060520172119140625,
      "total_pure_processing_time": 0.0,
      "avg_processing_per_client": 0.0,
      "server_aggregation_time": 0.0024595260620117188,
      "internal_aggregation_time": 0.0,
      "evaluation_time": 0.022044897079467773,
      "clients_processed": 50
    },
    {
      "round": 2,
      "accuracy": 0.9516,
      "f1_score": 0.9468715697036224,
      "precision": 0.8996662494785148,
      "recall": 0.9993049119555144,
      "roc_auc": 0.9996822943807928,
      "pr_auc": 0.9996117594802542,
      "mae": 0.10881736195907929,
      "rmse": 0.20014498244905896,
      "ece": 0.1044344920800141,
      "mce": 0.5391035905950542,
      "round_time": 0.11414694786071777,
      "client_training_time": 0.09127211570739746,
      "edge_processing_wall_time": 0.005143404006958008,
      "total_pure_processing_time": 0.0,
      "avg_processing_per_client": 0.0,
      "server_aggregation_time": 0.0,
      "internal_aggregation_time": 0.0,
      "evaluation_time": 0.01568436622619629,
      "clients_processed": 50
    },
    {
      "round": 3,
      "accuracy": 0.951,
      "f1_score": 0.9462483545414656,
      "precision": 0.8985416666666667,
      "recall": 0.9993049119555144,
      "roc_auc": 0.9997383840564444,
      "pr_auc": 0.9996808945070804,
      "mae": 0.10941180976496648,
      "rmse": 0.2001442314639675,
      "ece": 0.10542346809951816,
      "mce": 0.5671108182800355,
      "round_time": 0.11820483207702637,
      "client_training_time": 0.09081220626831055,
      "edge_processing_wall_time": 0.008555412292480469,
      "total_pure_processing_time": 0.0,
      "avg_processing_per_client": 0.0,
      "server_aggregation_time": 0.0,
      "internal_aggregation_time": 0.0,
      "evaluation_time": 0.017795085906982422,
      "clients_processed": 50
    },
    {
      "round": 4,
      "accuracy": 0.9483,
      "f1_score": 0.9434292592187329,
      "precision": 0.8938420070495542,
      "recall": 0.9988415199258572,
      "roc_auc": 0.9996251448711535,
      "pr_auc": 0.9995478441541068,
      "mae": 0.10947208314394623,
      "rmse": 0.20173683084867225,
      "ece": 0.1048746027251586,
      "mce": 0.5433155172361863,
      "round_time": 0.11256575584411621,
      "client_training_time": 0.08946347236633301,
      "edge_processing_wall_time": 0.006432056427001953,
      "total_pure_processing_time": 0.0,
      "avg_processing_per_client": 0.0,
      "server_aggregation_time": 0.0011944770812988281,
      "internal_aggregation_time": 0.0,
      "evaluation_time": 0.015475749969482422,
      "clients_processed": 50
    },
    {
      "round": 5,
      "accuracy": 0.9513,
      "f1_score": 0.9465715852989578,
      "precision": 0.8989372785997083,
      "recall": 0.9995366079703429,
      "roc_auc": 0.9997225273094761,
      "pr_auc": 0.9996583642243242,
      "mae": 0.10944624823026686,
      "rmse": 0.200232570639103,
      "ece": 0.10481583639633094,
      "mce": 0.502521971755319,
      "round_time": 0.1224367618560791,
      "client_training_time": 0.09727358818054199,
      "edge_processing_wall_time": 0.005364656448364258,
      "total_pure_processing_time": 0.0,
      "avg_processing_per_client": 0.0,
      "server_aggregation_time": 0.0,
      "internal_aggregation_time": 0.0,
      "evaluation_time": 0.01979851722717285,
      "clients_processed": 50
    },
    {
      "round": 6,
      "accuracy": 0.9506,
      "f1_score": 0.9458570802279702,
      "precision": 0.8974625623960066,
      "recall": 0.9997683039851715,
      "roc_auc": 0.9996946047601872,
      "pr_auc": 0.9996276608612397,
      "mae": 0.10908409992901268,
      "rmse": 0.2001792371556396,
      "ece": 0.10487954186077629,
      "mce": 0.5546041670799207,
      "round_time": 0.11439919471740723,
      "client_training_time": 0.08956003189086914,
      "edge_processing_wall_time": 0.005460500717163086,
      "total_pure_processing_time": 0.0,
      "avg_processing_per_client": 0.0,
      "server_aggregation_time": 0.0,
      "internal_aggregation_time": 0.0,
      "evaluation_time": 0.018338918685913086,
      "clients_processed": 50
    },
    {
      "round": 7,
      "accuracy": 0.9478,
      "f1_score": 0.9429757483067511,
      "precision": 0.892104175279041,
      "recall": 1.0,
      "roc_auc": 0.9997574203053756,
      "pr_auc": 0.9997030805431646,
      "mae": 0.11216691518083985,
      "rmse": 0.2033940899667193,
      "ece": 0.10814933130751199,
      "mce": 0.5584100514340359,
      "round_time": 0.14569520950317383,
      "client_training_time": 0.12207984924316406,
      "edge_processing_wall_time": 0.0057833194732666016,
      "total_pure_processing_time": 0.0,
      "avg_processing_per_client": 0.0,
      "server_aggregation_time": 0.0,
      "internal_aggregation_time": 0.0,
      "evaluation_time": 0.017832040786743164,
      "clients_processed": 50
    },
    {
      "round": 8,
      "accuracy": 0.9534,
      "f1_score": 0.9487235915492958,
      "precision": 0.9033948030176027,
      "recall": 0.9988415199258572,
      "roc_auc": 0.9997289270762474,
      "pr_auc": 0.9996718103146888,
      "mae": 0.10767267109925278,
      "rmse": 0.19749231514998314,
      "ece": 0.10397628559360494,
      "mce": 0.5898254156939081,
      "round_time": 0.20377230644226074,
      "client_training_time": 0.18347597122192383,
      "edge_processing_wall_time": 0.0047626495361328125,
      "total_pure_processing_time": 0.0,
      "avg_processing_per_client": 0.0,
      "server_aggregation_time": 0.0010106563568115234,
      "internal_aggregation_time": 0.0,
      "evaluation_time": 0.014523029327392578,
      "clients_processed": 50
    },
    {
      "round": 9,
      "accuracy": 0.9473,
      "f1_score": 0.9424106655010381,
      "precision": 0.8918304033092037,
      "recall": 0.9990732159406858,
      "roc_auc": 0.9995911078950132,
      "pr_auc": 0.9995004136083727,
      "mae": 0.11107707773415625,
      "rmse": 0.20452193400239865,
      "ece": 0.10608920791211021,
      "mce": 0.5086982639694497,
      "round_time": 0.09443473815917969,
      "client_training_time": 0.06956100463867188,
      "edge_processing_wall_time": 0.0053713321685791016,
      "total_pure_processing_time": 0.0,
      "avg_processing_per_client": 0.0,
      "server_aggregation_time": 0.001485586166381836,
      "internal_aggregation_time": 0.0,
      "evaluation_time": 0.018016815185546875,
      "clients_processed": 50
    },
    {
      "round": 10,
      "accuracy": 0.95,
      "f1_score": 0.9452234881682734,
      "precision": 0.8965087281795511,
      "recall": 0.9995366079703429,
      "roc_auc": 0.9997110729498409,
      "pr_auc": 0.9996496304360376,
      "mae": 0.11001686116066203,
      "rmse": 0.20077991985537147,
      "ece": 0.10597717438434723,
      "mce": 0.5614679738382755,
      "round_time": 0.25342702865600586,
      "client_training_time": 0.20314526557922363,
      "edge_processing_wall_time": 0.017941713333129883,
      "total_pure_processing_time": 0.0,
      "avg_processing_per_client": 0.0,
      "server_aggregation_time": 0.0009968280792236328,
      "internal_aggregation_time": 0.0,
      "evaluation_time": 0.029349803924560547,
      "clients_processed": 50
    },
    {
      "round": 11,
      "accuracy": 0.9492,
      "f1_score": 0.9443470639789658,
      "precision": 0.8956774729842062,
      "recall": 0.9986098239110287,
      "roc_auc": 0.9996686388274909,
      "pr_auc": 0.9995981875730889,
      "mae": 0.11056816728683662,
      "rmse": 0.2018803777585213,
      "ece": 0.10616803940894226,
      "mce": 0.5484433404461991,
      "round_time": 0.15520930290222168,
      "client_training_time": 0.13507413864135742,
      "edge_processing_wall_time": 0.005401134490966797,
      "total_pure_processing_time": 0.0,
      "avg_processing_per_client": 0.0,
      "server_aggregation_time": 0.0,
      "internal_aggregation_time": 0.0,
      "evaluation_time": 0.014734029769897461,
      "clients_processed": 50
    },
    {
      "round": 12,
      "accuracy": 0.9474,
      "f1_score": 0.9425262237762237,
      "precision": 0.8918527708850289,
      "recall": 0.9993049119555144,
      "roc_auc": 0.999709034807557,
      "pr_auc": 0.999651867723627,
      "mae": 0.1100755744517488,
      "rmse": 0.20204649391718826,
      "ece": 0.10681376174471353,
      "mce": 0.6378857478422539,
      "round_time": 0.10556936264038086,
      "client_training_time": 0.08497977256774902,
      "edge_processing_wall_time": 0.004115104675292969,
      "total_pure_processing_time": 0.0,
      "avg_processing_per_client": 0.0,
      "server_aggregation_time": 0.0,
      "internal_aggregation_time": 0.0,
      "evaluation_time": 0.015435457229614258,
      "clients_processed": 50
    },
    {
      "round": 13,
      "accuracy": 0.9516,
      "f1_score": 0.9468482319349879,
      "precision": 0.9,
      "recall": 0.9988415199258572,
      "roc_auc": 0.9996602009184358,
      "pr_auc": 0.9995869872325738,
      "mae": 0.10877176608046159,
      "rmse": 0.19978271245804613,
      "ece": 0.10417814960359485,
      "mce": 0.5170667196894216,
      "round_time": 0.09555792808532715,
      "client_training_time": 0.07530355453491211,
      "edge_processing_wall_time": 0.00410771369934082,
      "total_pure_processing_time": 0.0,
      "avg_processing_per_client": 0.0,
      "server_aggregation_time": 0.0,
      "internal_aggregation_time": 0.0,
      "evaluation_time": 0.015114784240722656,
      "clients_processed": 50
    },
    {
      "round": 14,
      "accuracy": 0.9495,
      "f1_score": 0.9446817833278562,
      "precision": 0.895906918761687,
      "recall": 0.9990732159406858,
      "roc_auc": 0.9997115213411433,
      "pr_auc": 0.9996501148386876,
      "mae": 0.11055622490673309,
      "rmse": 0.20169119783939055,
      "ece": 0.106510471015587,
      "mce": 0.5721675578876122,
      "round_time": 0.09867644309997559,
      "client_training_time": 0.07913613319396973,
      "edge_processing_wall_time": 0.004117727279663086,
      "total_pure_processing_time": 0.0,
      "avg_processing_per_client": 0.0,
      "server_aggregation_time": 0.0010139942169189453,
      "internal_aggregation_time": 0.0,
      "evaluation_time": 0.014408588409423828,
      "clients_processed": 50
    },
    {
      "round": 15,
      "accuracy": 0.9516,
      "f1_score": 0.9468599033816425,
      "precision": 0.8998330550918197,
      "recall": 0.9990732159406858,
      "roc_auc": 0.9996935856890454,
      "pr_auc": 0.9996323704260258,
      "mae": 0.10891787578554847,
      "rmse": 0.19895283444559775,
      "ece": 0.10507628588194945,
      "mce": 0.5902513265032728,
      "round_time": 0.09238648414611816,
      "client_training_time": 0.07437896728515625,
      "edge_processing_wall_time": 0.0031707286834716797,
      "total_pure_processing_time": 0.0,
      "avg_processing_per_client": 0.0,
      "server_aggregation_time": 0.0,
      "internal_aggregation_time": 0.0,
      "evaluation_time": 0.013811349868774414,
      "clients_processed": 50
    },
    {
      "round": 16,
      "accuracy": 0.9511,
      "f1_score": 0.9463521667580911,
      "precision": 0.898728901854553,
      "recall": 0.9993049119555144,
      "roc_auc": 0.9997061406455139,
      "pr_auc": 0.9996456698911773,
      "mae": 0.10840379146940722,
      "rmse": 0.19968708705080107,
      "ece": 0.10481641716291012,
      "mce": 0.6183012577048345,
      "round_time": 0.20766329765319824,
      "client_training_time": 0.15699172019958496,
      "edge_processing_wall_time": 0.012379646301269531,
      "total_pure_processing_time": 0.0,
      "avg_processing_per_client": 0.0,
      "server_aggregation_time": 0.0010223388671875,
      "internal_aggregation_time": 0.0,
      "evaluation_time": 0.035157203674316406,
      "clients_processed": 50
    },
    {
      "round": 17,
      "accuracy": 0.9508,
      "f1_score": 0.9460407984207063,
      "precision": 0.8981674302374011,
      "recall": 0.9993049119555144,
      "roc_auc": 0.9997179618707602,
      "pr_auc": 0.9996582615363828,
      "mae": 0.10872124995598201,
      "rmse": 0.1998649592151666,
      "ece": 0.1046450697903302,
      "mce": 0.5670690779796406,
      "round_time": 0.12674546241760254,
      "client_training_time": 0.10295629501342773,
      "edge_processing_wall_time": 0.004660844802856445,
      "total_pure_processing_time": 0.0,
      "avg_processing_per_client": 0.0,
      "server_aggregation_time": 0.0010528564453125,
      "internal_aggregation_time": 0.0,
      "evaluation_time": 0.01694321632385254,
      "clients_processed": 50
    },
    {
      "round": 18,
      "accuracy": 0.9492,
      "f1_score": 0.9443836216334575,
      "precision": 0.8951847239518472,
      "recall": 0.9993049119555144,
      "roc_auc": 0.999718124922143,
      "pr_auc": 0.9996594664045194,
      "mae": 0.10967184768779875,
      "rmse": 0.2003351106832815,
      "ece": 0.10576474158152684,
      "mce": 0.5822582668970722,
      "round_time": 0.10703611373901367,
      "client_training_time": 0.08582329750061035,
      "edge_processing_wall_time": 0.00360107421875,
      "total_pure_processing_time": 0.0,
      "avg_processing_per_client": 0.0,
      "server_aggregation_time": 0.0010342597961425781,
      "internal_aggregation_time": 0.0,
      "evaluation_time": 0.016577482223510742,
      "clients_processed": 50
    },
    {
      "round": 19,
      "accuracy": 0.9516,
      "f1_score": 0.946883230904302,
      "precision": 0.8994995829858216,
      "recall": 0.9995366079703429,
      "roc_auc": 0.9997320658153646,
      "pr_auc": 0.9996764003828538,
      "mae": 0.10887084036528567,
      "rmse": 0.19858441546652117,
      "ece": 0.10551468419742627,
      "mce": 0.6127425557321233,
      "round_time": 0.11039948463439941,
      "client_training_time": 0.08715200424194336,
      "edge_processing_wall_time": 0.006471395492553711,
      "total_pure_processing_time": 0.0,
      "avg_processing_per_client": 0.0,
      "server_aggregation_time": 0.0,
      "internal_aggregation_time": 0.0,
      "evaluation_time": 0.01561117172241211,
      "clients_processed": 50
    },
    {
      "round": 20,
      "accuracy": 0.9508,
      "f1_score": 0.9460407984207063,
      "precision": 0.8981674302374011,
      "recall": 0.9993049119555144,
      "roc_auc": 0.9997314543726794,
      "pr_auc": 0.9996774158616338,
      "mae": 0.10786080599436709,
      "rmse": 0.19840008734648448,
      "ece": 0.10434258186625162,
      "mce": 0.6047195377781074,
      "round_time": 0.12739300727844238,
      "client_training_time": 0.10626506805419922,
      "edge_processing_wall_time": 0.0040760040283203125,
      "total_pure_processing_time": 0.0,
      "avg_processing_per_client": 0.0,
      "server_aggregation_time": 0.0,
      "internal_aggregation_time": 0.0,
      "evaluation_time": 0.01599860191345215,
      "clients_processed": 50
    }
  ],
  "final_statistics": {
    "final_accuracy": 0.9508,
    "best_accuracy": 0.9534,
    "total_time": 2.649064779281616,
    "avg_round_time": 0.13202826976776122,
    "avg_client_training_time": 0.10644968748092651,
    "avg_edge_processing_wall_time": 0.006148421764373779,
    "avg_pure_processing_time": 0.0,
    "avg_processing_per_client": 0.0,
    "avg_server_aggregation_time": 0.0005635261535644531,
    "avg_internal_aggregation_time": 0.0,
    "avg_evaluation_time": 0.018132555484771728
  },
  "timing_statistics": {
    "total_client_training_time": 2.1289937496185303,
    "total_edge_processing_wall_time": 0.12296843528747559,
    "total_pure_processing_time": 0.0,
    "total_server_aggregation_time": 0.011270523071289062,
    "total_internal_aggregation_time": 0.0,
    "total_evaluation_time": 0.36265110969543457,
    "total_time": 2.649064779281616,
    "avg_round_time": 0.13202826976776122,
    "avg_client_training_time": 0.10644968748092651,
    "avg_edge_processing_wall_time": 0.006148421764373779,
    "avg_pure_processing_time": 0.0,
    "avg_processing_per_client": 0.0,
    "avg_server_aggregation_time": 0.0005635261535644531,
    "avg_internal_aggregation_time": 0.0,
    "avg_evaluation_time": 0.018132555484771728
  },
  "architecture": {
    "clients": 50,
    "edge_devices": 50,
    "cloud_servers": 1,
    "data_flow": "Client \u2192 Edge \u2192 Cloud \u2192 Edge \u2192 Client"
  }
}