{
  "pipeline_type": "plaintext_edge_device_fl",
  "configuration": {
    "rounds": 40,
    "clients": 10,
    "patience": 999
  },
  "results": [
    {
      "round": 1,
      "accuracy": 0.938,
      "f1_score": 0.923739237392374,
      "precision": 0.8582857142857143,
      "recall": 1.0,
      "roc_auc": 0.9999978678015649,
      "pr_auc": 0.9999964562647712,
      "mae": 0.09865890468695558,
      "rmse": 0.1987485470509953,
      "ece": 0.09826465394574525,
      "mce": 0.7297880132327298,
      "round_time": 0.029420852661132812,
      "client_training_time": 0.019377946853637695,
      "edge_processing_wall_time": 0.0,
      "total_pure_processing_time": 0.0,
      "avg_processing_per_client": 0.0,
      "server_aggregation_time": 0.0013990402221679688,
      "internal_aggregation_time": 0.0,
      "evaluation_time": 0.008643865585327148,
      "clients_processed": 10
    },
    {
      "round": 2,
      "accuracy": 0.9395,
      "f1_score": 0.9254467036352434,
      "precision": 0.8612385321100917,
      "recall": 1.0,
      "roc_auc": 0.9999989339007824,
      "pr_auc": 0.9999982293112729,
      "mae": 0.09760396921476053,
      "rmse": 0.19724232110097112,
      "ece": 0.09718122294775869,
      "mce": 0.6441956809285655,
      "round_time": 0.023067951202392578,
      "client_training_time": 0.014177322387695312,
      "edge_processing_wall_time": 0.0024335384368896484,
      "total_pure_processing_time": 0.0,
      "avg_processing_per_client": 0.0,
      "server_aggregation_time": 0.0010106563568115234,
      "internal_aggregation_time": 0.0,
      "evaluation_time": 0.005446434020996094,
      "clients_processed": 10
    },
    {
      "round": 3,
      "accuracy": 0.942,
      "f1_score": 0.9283065512978986,
      "precision": 0.8662053056516724,
      "recall": 1.0,
      "roc_auc": 0.9999957356031296,
      "pr_auc": 0.9999929453884886,
      "mae": 0.0968938957473139,
      "rmse": 0.1962234018944093,
      "ece": 0.09641113128792984,
      "mce": 0.641726580476313,
      "round_time": 0.03091263771057129,
      "client_training_time": 0.016348600387573242,
      "edge_processing_wall_time": 0.0010547637939453125,
      "total_pure_processing_time": 0.0,
      "avg_processing_per_client": 0.0,
      "server_aggregation_time": 0.0010497570037841797,
      "internal_aggregation_time": 0.0,
      "evaluation_time": 0.012459516525268555,
      "clients_processed": 10
    },
    {
      "round": 4,
      "accuracy": 0.9385,
      "f1_score": 0.9243076923076923,
      "precision": 0.8592677345537757,
      "recall": 1.0,
      "roc_auc": 1.0,
      "pr_auc": 1.0,
      "mae": 0.09756111299474464,
      "rmse": 0.19673388496726404,
      "ece": 0.0971474681320799,
      "mce": 0.6535361242929612,
      "round_time": 0.0308530330657959,
      "client_training_time": 0.018941640853881836,
      "edge_processing_wall_time": 0.0,
      "total_pure_processing_time": 0.0,
      "avg_processing_per_client": 0.0,
      "server_aggregation_time": 0.0014750957489013672,
      "internal_aggregation_time": 0.0,
      "evaluation_time": 0.010436296463012695,
      "clients_processed": 10
    },
    {
      "round": 5,
      "accuracy": 0.94,
      "f1_score": 0.9260172626387176,
      "precision": 0.8622273249138921,
      "recall": 1.0,
      "roc_auc": 0.9999989339007824,
      "pr_auc": 0.9999982293112729,
      "mae": 0.09550724493022573,
      "rmse": 0.19433457846064542,
      "ece": 0.09505886562029146,
      "mce": 0.6406474264925652,
      "round_time": 0.025791168212890625,
      "client_training_time": 0.017374515533447266,
      "edge_processing_wall_time": 0.0,
      "total_pure_processing_time": 0.0,
      "avg_processing_per_client": 0.0,
      "server_aggregation_time": 0.0,
      "internal_aggregation_time": 0.0,
      "evaluation_time": 0.007402896881103516,
      "clients_processed": 10
    },
    {
      "round": 6,
      "accuracy": 0.938,
      "f1_score": 0.923739237392374,
      "precision": 0.8582857142857143,
      "recall": 1.0,
      "roc_auc": 1.0,
      "pr_auc": 1.0,
      "mae": 0.09727955062792312,
      "rmse": 0.1978074669044884,
      "ece": 0.09704590120135424,
      "mce": 0.674082493164964,
      "round_time": 0.028047800064086914,
      "client_training_time": 0.01579880714416504,
      "edge_processing_wall_time": 0.0,
      "total_pure_processing_time": 0.0,
      "avg_processing_per_client": 0.0,
      "server_aggregation_time": 0.002333402633666992,
      "internal_aggregation_time": 0.0,
      "evaluation_time": 0.008728504180908203,
      "clients_processed": 10
    },
    {
      "round": 7,
      "accuracy": 0.938,
      "f1_score": 0.923739237392374,
      "precision": 0.8582857142857143,
      "recall": 1.0,
      "roc_auc": 0.9999978678015649,
      "pr_auc": 0.9999964562647712,
      "mae": 0.09899194087905075,
      "rmse": 0.19952270321418994,
      "ece": 0.09855418420109617,
      "mce": 0.6567349057343259,
      "round_time": 0.03596162796020508,
      "client_training_time": 0.022037744522094727,
      "edge_processing_wall_time": 0.0020949840545654297,
      "total_pure_processing_time": 0.0,
      "avg_processing_per_client": 0.0,
      "server_aggregation_time": 0.0,
      "internal_aggregation_time": 0.0,
      "evaluation_time": 0.011828899383544922,
      "clients_processed": 10
    },
    {
      "round": 8,
      "accuracy": 0.9425,
      "f1_score": 0.9288806431663574,
      "precision": 0.8672055427251733,
      "recall": 1.0,
      "roc_auc": 1.0,
      "pr_auc": 1.0,
      "mae": 0.09480903275257316,
      "rmse": 0.19454680542497477,
      "ece": 0.09437592944832557,
      "mce": 0.6449114723974404,
      "round_time": 0.029147863388061523,
      "client_training_time": 0.017484426498413086,
      "edge_processing_wall_time": 0.001146078109741211,
      "total_pure_processing_time": 0.0,
      "avg_processing_per_client": 0.0,
      "server_aggregation_time": 0.00107574462890625,
      "internal_aggregation_time": 0.0,
      "evaluation_time": 0.009441614151000977,
      "clients_processed": 10
    },
    {
      "round": 9,
      "accuracy": 0.938,
      "f1_score": 0.923739237392374,
      "precision": 0.8582857142857143,
      "recall": 1.0,
      "roc_auc": 0.999994669503912,
      "pr_auc": 0.9999911933999817,
      "mae": 0.09784281052748815,
      "rmse": 0.19833368211861652,
      "ece": 0.0975880254978971,
      "mce": 0.6800073268828224,
      "round_time": 0.028509855270385742,
      "client_training_time": 0.016416072845458984,
      "edge_processing_wall_time": 0.001088857650756836,
      "total_pure_processing_time": 0.0,
      "avg_processing_per_client": 0.0,
      "server_aggregation_time": 0.0,
      "internal_aggregation_time": 0.0,
      "evaluation_time": 0.011004924774169922,
      "clients_processed": 10
    },
    {
      "round": 10,
      "accuracy": 0.9365,
      "f1_score": 0.9220380601596071,
      "precision": 0.8553530751708428,
      "recall": 1.0,
      "roc_auc": 0.9999968017023473,
      "pr_auc": 0.9999946902790686,
      "mae": 0.09837311090968631,
      "rmse": 0.19946483898983136,
      "ece": 0.0978930693559666,
      "mce": 0.6386053528163477,
      "round_time": 0.023414134979248047,
      "client_training_time": 0.01611781120300293,
      "edge_processing_wall_time": 0.0010106563568115234,
      "total_pure_processing_time": 0.0,
      "avg_processing_per_client": 0.0,
      "server_aggregation_time": 0.0,
      "internal_aggregation_time": 0.0,
      "evaluation_time": 0.006285667419433594,
      "clients_processed": 10
    },
    {
      "round": 11,
      "accuracy": 0.9395,
      "f1_score": 0.9254467036352434,
      "precision": 0.8612385321100917,
      "recall": 1.0,
      "roc_auc": 0.9999978678015649,
      "pr_auc": 0.9999964633255704,
      "mae": 0.09661824870458978,
      "rmse": 0.1960770188186502,
      "ece": 0.09613425210097544,
      "mce": 0.645085854534342,
      "round_time": 0.028278112411499023,
      "client_training_time": 0.017010211944580078,
      "edge_processing_wall_time": 0.0024611949920654297,
      "total_pure_processing_time": 0.0,
      "avg_processing_per_client": 0.0,
      "server_aggregation_time": 0.0,
      "internal_aggregation_time": 0.0,
      "evaluation_time": 0.008806705474853516,
      "clients_processed": 10
    },
    {
      "round": 12,
      "accuracy": 0.9385,
      "f1_score": 0.9243076923076923,
      "precision": 0.8592677345537757,
      "recall": 1.0,
      "roc_auc": 0.9999978678015649,
      "pr_auc": 0.9999964633255704,
      "mae": 0.09771286490263409,
      "rmse": 0.19787411135863006,
      "ece": 0.09724073279259873,
      "mce": 0.6493520862764989,
      "round_time": 0.026538610458374023,
      "client_training_time": 0.016566038131713867,
      "edge_processing_wall_time": 0.0,
      "total_pure_processing_time": 0.0,
      "avg_processing_per_client": 0.0,
      "server_aggregation_time": 0.0,
      "internal_aggregation_time": 0.0,
      "evaluation_time": 0.007941007614135742,
      "clients_processed": 10
    },
    {
      "round": 13,
      "accuracy": 0.9395,
      "f1_score": 0.9254467036352434,
      "precision": 0.8612385321100917,
      "recall": 1.0,
      "roc_auc": 0.9999978678015649,
      "pr_auc": 0.9999964562647712,
      "mae": 0.09653645408305021,
      "rmse": 0.1959548248149031,
      "ece": 0.09607133514188534,
      "mce": 0.6434630961411534,
      "round_time": 0.026320457458496094,
      "client_training_time": 0.016174793243408203,
      "edge_processing_wall_time": 0.0010113716125488281,
      "total_pure_processing_time": 0.0,
      "avg_processing_per_client": 0.0,
      "server_aggregation_time": 0.0,
      "internal_aggregation_time": 0.0,
      "evaluation_time": 0.009134292602539062,
      "clients_processed": 10
    },
    {
      "round": 14,
      "accuracy": 0.939,
      "f1_score": 0.9248768472906403,
      "precision": 0.8602520045819015,
      "recall": 1.0,
      "roc_auc": 1.0,
      "pr_auc": 1.0,
      "mae": 0.09614930201351819,
      "rmse": 0.1958340367893721,
      "ece": 0.09571420372510421,
      "mce": 0.6411254089450427,
      "round_time": 0.025227785110473633,
      "client_training_time": 0.016988754272460938,
      "edge_processing_wall_time": 0.0,
      "total_pure_processing_time": 0.0,
      "avg_processing_per_client": 0.0,
      "server_aggregation_time": 0.0,
      "internal_aggregation_time": 0.0,
      "evaluation_time": 0.00722813606262207,
      "clients_processed": 10
    },
    {
      "round": 15,
      "accuracy": 0.9385,
      "f1_score": 0.9243076923076923,
      "precision": 0.8592677345537757,
      "recall": 1.0,
      "roc_auc": 0.9999978678015649,
      "pr_auc": 0.9999964562647712,
      "mae": 0.09697124766632045,
      "rmse": 0.19730411837730244,
      "ece": 0.09648680390375045,
      "mce": 0.6392398708836514,
      "round_time": 0.027962684631347656,
      "client_training_time": 0.01747608184814453,
      "edge_processing_wall_time": 0.0010135173797607422,
      "total_pure_processing_time": 0.0,
      "avg_processing_per_client": 0.0,
      "server_aggregation_time": 0.0,
      "internal_aggregation_time": 0.0,
      "evaluation_time": 0.008455753326416016,
      "clients_processed": 10
    },
    {
      "round": 16,
      "accuracy": 0.9395,
      "f1_score": 0.9254467036352434,
      "precision": 0.8612385321100917,
      "recall": 1.0,
      "roc_auc": 1.0,
      "pr_auc": 1.0,
      "mae": 0.0974494659583113,
      "rmse": 0.19651774892643803,
      "ece": 0.0970075491552202,
      "mce": 0.6529397113209652,
      "round_time": 0.0567173957824707,
      "client_training_time": 0.04014158248901367,
      "edge_processing_wall_time": 0.002508401870727539,
      "total_pure_processing_time": 0.0,
      "avg_processing_per_client": 0.0,
      "server_aggregation_time": 0.0,
      "internal_aggregation_time": 0.0,
      "evaluation_time": 0.013069391250610352,
      "clients_processed": 10
    },
    {
      "round": 17,
      "accuracy": 0.9375,
      "f1_score": 0.9231714812538414,
      "precision": 0.8573059360730594,
      "recall": 1.0,
      "roc_auc": 0.9999968017023473,
      "pr_auc": 0.99999470202418,
      "mae": 0.09750554100421498,
      "rmse": 0.19729884629320613,
      "ece": 0.0972438517501186,
      "mce": 0.6601055416833687,
      "round_time": 0.06432986259460449,
      "client_training_time": 0.03742074966430664,
      "edge_processing_wall_time": 0.005982398986816406,
      "total_pure_processing_time": 0.0,
      "avg_processing_per_client": 0.0,
      "server_aggregation_time": 0.0019893646240234375,
      "internal_aggregation_time": 0.0,
      "evaluation_time": 0.015948772430419922,
      "clients_processed": 10
    },
    {
      "round": 18,
      "accuracy": 0.9415,
      "f1_score": 0.9277331686226066,
      "precision": 0.8652073732718893,
      "recall": 1.0,
      "roc_auc": 0.9999978678015649,
      "pr_auc": 0.9999964633255704,
      "mae": 0.09583330894039949,
      "rmse": 0.19420982522083702,
      "ece": 0.09558205901739007,
      "mce": 0.6452324771579376,
      "round_time": 0.05841064453125,
      "client_training_time": 0.041877031326293945,
      "edge_processing_wall_time": 0.0,
      "total_pure_processing_time": 0.0,
      "avg_processing_per_client": 0.0,
      "server_aggregation_time": 0.0,
      "internal_aggregation_time": 0.0,
      "evaluation_time": 0.015340328216552734,
      "clients_processed": 10
    },
    {
      "round": 19,
      "accuracy": 0.9405,
      "f1_score": 0.9265885256014805,
      "precision": 0.8632183908045977,
      "recall": 1.0,
      "roc_auc": 1.0,
      "pr_auc": 1.0,
      "mae": 0.09795810147678558,
      "rmse": 0.19702534736053826,
      "ece": 0.0975098859275674,
      "mce": 0.6488533420498338,
      "round_time": 0.03983473777770996,
      "client_training_time": 0.029239654541015625,
      "edge_processing_wall_time": 0.0013890266418457031,
      "total_pure_processing_time": 0.0,
      "avg_processing_per_client": 0.0,
      "server_aggregation_time": 0.0010197162628173828,
      "internal_aggregation_time": 0.0,
      "evaluation_time": 0.00818634033203125,
      "clients_processed": 10
    },
    {
      "round": 20,
      "accuracy": 0.939,
      "f1_score": 0.9248768472906403,
      "precision": 0.8602520045819015,
      "recall": 1.0,
      "roc_auc": 0.9999989339007824,
      "pr_auc": 0.9999982293112729,
      "mae": 0.09693277024433715,
      "rmse": 0.1967879121980575,
      "ece": 0.09671176822873123,
      "mce": 0.646370216729144,
      "round_time": 0.0677330493927002,
      "client_training_time": 0.04986310005187988,
      "edge_processing_wall_time": 0.0020530223846435547,
      "total_pure_processing_time": 0.0,
      "avg_processing_per_client": 0.0,
      "server_aggregation_time": 0.0,
      "internal_aggregation_time": 0.0,
      "evaluation_time": 0.015816926956176758,
      "clients_processed": 10
    },
    {
      "round": 21,
      "accuracy": 0.9395,
      "f1_score": 0.9254467036352434,
      "precision": 0.8612385321100917,
      "recall": 1.0,
      "roc_auc": 0.9999978678015649,
      "pr_auc": 0.9999964633255704,
      "mae": 0.09820070358181604,
      "rmse": 0.19847352888349087,
      "ece": 0.09777904097114712,
      "mce": 0.6632074829450474,
      "round_time": 0.02965068817138672,
      "client_training_time": 0.02072906494140625,
      "edge_processing_wall_time": 0.0010640621185302734,
      "total_pure_processing_time": 0.0,
      "avg_processing_per_client": 0.0,
      "server_aggregation_time": 0.0,
      "internal_aggregation_time": 0.0,
      "evaluation_time": 0.007857561111450195,
      "clients_processed": 10
    },
    {
      "round": 22,
      "accuracy": 0.9375,
      "f1_score": 0.9231714812538414,
      "precision": 0.8573059360730594,
      "recall": 1.0,
      "roc_auc": 0.9999968017023473,
      "pr_auc": 0.9999946902790686,
      "mae": 0.09917812551408718,
      "rmse": 0.2015602701100756,
      "ece": 0.09875599139069119,
      "mce": 0.6786168265598012,
      "round_time": 0.027673006057739258,
      "client_training_time": 0.016729354858398438,
      "edge_processing_wall_time": 0.0010406970977783203,
      "total_pure_processing_time": 0.0,
      "avg_processing_per_client": 0.0,
      "server_aggregation_time": 0.0011162757873535156,
      "internal_aggregation_time": 0.0,
      "evaluation_time": 0.008786678314208984,
      "clients_processed": 10
    },
    {
      "round": 23,
      "accuracy": 0.9385,
      "f1_score": 0.9243076923076923,
      "precision": 0.8592677345537757,
      "recall": 1.0,
      "roc_auc": 0.9999989339007824,
      "pr_auc": 0.9999982293112729,
      "mae": 0.09709822257803498,
      "rmse": 0.19674193963199205,
      "ece": 0.09664655510327912,
      "mce": 0.6392573862516513,
      "round_time": 0.0299835205078125,
      "client_training_time": 0.0160520076751709,
      "edge_processing_wall_time": 0.0020618438720703125,
      "total_pure_processing_time": 0.0,
      "avg_processing_per_client": 0.0,
      "server_aggregation_time": 0.0,
      "internal_aggregation_time": 0.0,
      "evaluation_time": 0.010741710662841797,
      "clients_processed": 10
    },
    {
      "round": 24,
      "accuracy": 0.939,
      "f1_score": 0.9248768472906403,
      "precision": 0.8602520045819015,
      "recall": 1.0,
      "roc_auc": 0.9999936034046945,
      "pr_auc": 0.9999894460402423,
      "mae": 0.09480739707921738,
      "rmse": 0.19434059257119207,
      "ece": 0.09432282877086988,
      "mce": 0.6408234353303492,
      "round_time": 0.025725364685058594,
      "client_training_time": 0.016365766525268555,
      "edge_processing_wall_time": 0.0,
      "total_pure_processing_time": 0.0,
      "avg_processing_per_client": 0.0,
      "server_aggregation_time": 0.0,
      "internal_aggregation_time": 0.0,
      "evaluation_time": 0.00726008415222168,
      "clients_processed": 10
    },
    {
      "round": 25,
      "accuracy": 0.9405,
      "f1_score": 0.9265885256014805,
      "precision": 0.8632183908045977,
      "recall": 1.0,
      "roc_auc": 0.9999978678015649,
      "pr_auc": 0.9999964633255704,
      "mae": 0.09893977076713753,
      "rmse": 0.19895970024019,
      "ece": 0.09849018757816518,
      "mce": 0.6470985085258749,
      "round_time": 0.02591848373413086,
      "client_training_time": 0.016155242919921875,
      "edge_processing_wall_time": 0.0010263919830322266,
      "total_pure_processing_time": 0.0,
      "avg_processing_per_client": 0.0,
      "server_aggregation_time": 0.0,
      "internal_aggregation_time": 0.0,
      "evaluation_time": 0.008736848831176758,
      "clients_processed": 10
    },
    {
      "round": 26,
      "accuracy": 0.938,
      "f1_score": 0.923739237392374,
      "precision": 0.8582857142857143,
      "recall": 1.0,
      "roc_auc": 1.0,
      "pr_auc": 1.0,
      "mae": 0.09824908309540586,
      "rmse": 0.19978204198906563,
      "ece": 0.09824908309540584,
      "mce": 0.7350238519110978,
      "round_time": 0.023880958557128906,
      "client_training_time": 0.015205860137939453,
      "edge_processing_wall_time": 0.0010027885437011719,
      "total_pure_processing_time": 0.0,
      "avg_processing_per_client": 0.0,
      "server_aggregation_time": 0.0,
      "internal_aggregation_time": 0.0,
      "evaluation_time": 0.007672309875488281,
      "clients_processed": 10
    },
    {
      "round": 27,
      "accuracy": 0.9375,
      "f1_score": 0.9231714812538414,
      "precision": 0.8573059360730594,
      "recall": 1.0,
      "roc_auc": 0.9999989339007824,
      "pr_auc": 0.9999982293112729,
      "mae": 0.09883372572008096,
      "rmse": 0.19900656427757232,
      "ece": 0.09838893181122878,
      "mce": 0.641206805619559,
      "round_time": 0.025021791458129883,
      "client_training_time": 0.015424013137817383,
      "edge_processing_wall_time": 0.0,
      "total_pure_processing_time": 0.0,
      "avg_processing_per_client": 0.0,
      "server_aggregation_time": 0.0012087821960449219,
      "internal_aggregation_time": 0.0,
      "evaluation_time": 0.008388996124267578,
      "clients_processed": 10
    },
    {
      "round": 28,
      "accuracy": 0.9365,
      "f1_score": 0.9220380601596071,
      "precision": 0.8553530751708428,
      "recall": 1.0,
      "roc_auc": 0.9999882729086065,
      "pr_auc": 0.9999807780352357,
      "mae": 0.09825089387375917,
      "rmse": 0.2004545217144925,
      "ece": 0.09780558872795439,
      "mce": 0.6900066039866912,
      "round_time": 0.03283119201660156,
      "client_training_time": 0.019034147262573242,
      "edge_processing_wall_time": 0.0010852813720703125,
      "total_pure_processing_time": 0.0,
      "avg_processing_per_client": 0.0,
      "server_aggregation_time": 0.0,
      "internal_aggregation_time": 0.0,
      "evaluation_time": 0.010100364685058594,
      "clients_processed": 10
    },
    {
      "round": 29,
      "accuracy": 0.9385,
      "f1_score": 0.9243076923076923,
      "precision": 0.8592677345537757,
      "recall": 1.0,
      "roc_auc": 0.9999957356031296,
      "pr_auc": 0.9999929453884886,
      "mae": 0.09729824359359131,
      "rmse": 0.19754301869810506,
      "ece": 0.09705016713807037,
      "mce": 0.6592787182942201,
      "round_time": 0.02567124366760254,
      "client_training_time": 0.016030550003051758,
      "edge_processing_wall_time": 0.0010073184967041016,
      "total_pure_processing_time": 0.0,
      "avg_processing_per_client": 0.0,
      "server_aggregation_time": 0.0,
      "internal_aggregation_time": 0.0,
      "evaluation_time": 0.007625102996826172,
      "clients_processed": 10
    },
    {
      "round": 30,
      "accuracy": 0.939,
      "f1_score": 0.9248768472906403,
      "precision": 0.8602520045819015,
      "recall": 1.0,
      "roc_auc": 0.9999989339007824,
      "pr_auc": 0.9999982293112729,
      "mae": 0.09614927408333816,
      "rmse": 0.19616395464623915,
      "ece": 0.0959036723196805,
      "mce": 0.6602353496057008,
      "round_time": 0.024968624114990234,
      "client_training_time": 0.014428853988647461,
      "edge_processing_wall_time": 0.002338409423828125,
      "total_pure_processing_time": 0.0,
      "avg_processing_per_client": 0.0,
      "server_aggregation_time": 0.0012578964233398438,
      "internal_aggregation_time": 0.0,
      "evaluation_time": 0.006943464279174805,
      "clients_processed": 10
    },
    {
      "round": 31,
      "accuracy": 0.9395,
      "f1_score": 0.9254467036352434,
      "precision": 0.8612385321100917,
      "recall": 1.0,
      "roc_auc": 0.999994669503912,
      "pr_auc": 0.999991172341987,
      "mae": 0.09836917793112382,
      "rmse": 0.19915210758138463,
      "ece": 0.09790491732638587,
      "mce": 0.6485456909582756,
      "round_time": 0.024957656860351562,
      "client_training_time": 0.016503334045410156,
      "edge_processing_wall_time": 0.0010077953338623047,
      "total_pure_processing_time": 0.0,
      "avg_processing_per_client": 0.0,
      "server_aggregation_time": 0.0,
      "internal_aggregation_time": 0.0,
      "evaluation_time": 0.0074465274810791016,
      "clients_processed": 10
    },
    {
      "round": 32,
      "accuracy": 0.938,
      "f1_score": 0.923739237392374,
      "precision": 0.8582857142857143,
      "recall": 1.0,
      "roc_auc": 0.9999957356031296,
      "pr_auc": 0.9999929453884886,
      "mae": 0.09819133992943392,
      "rmse": 0.20006455267200743,
      "ece": 0.0977885008206493,
      "mce": 0.6894286322371147,
      "round_time": 0.026114225387573242,
      "client_training_time": 0.014636039733886719,
      "edge_processing_wall_time": 0.0010156631469726562,
      "total_pure_processing_time": 0.0,
      "avg_processing_per_client": 0.0,
      "server_aggregation_time": 0.0012540817260742188,
      "internal_aggregation_time": 0.0,
      "evaluation_time": 0.009208440780639648,
      "clients_processed": 10
    },
    {
      "round": 33,
      "accuracy": 0.9415,
      "f1_score": 0.9277331686226066,
      "precision": 0.8652073732718893,
      "recall": 1.0,
      "roc_auc": 0.9999978678015649,
      "pr_auc": 0.9999964562647712,
      "mae": 0.09758613212320225,
      "rmse": 0.19723490523717493,
      "ece": 0.09715792093992516,
      "mce": 0.6671609831038569,
      "round_time": 0.03323650360107422,
      "client_training_time": 0.01639842987060547,
      "edge_processing_wall_time": 0.0015780925750732422,
      "total_pure_processing_time": 0.0,
      "avg_processing_per_client": 0.0,
      "server_aggregation_time": 0.0015664100646972656,
      "internal_aggregation_time": 0.0,
      "evaluation_time": 0.013693571090698242,
      "clients_processed": 10
    },
    {
      "round": 34,
      "accuracy": 0.938,
      "f1_score": 0.923739237392374,
      "precision": 0.8582857142857143,
      "recall": 1.0,
      "roc_auc": 1.0,
      "pr_auc": 1.0,
      "mae": 0.09585948583107202,
      "rmse": 0.1960031573202099,
      "ece": 0.0954160128588075,
      "mce": 0.64197864077493,
      "round_time": 0.03226327896118164,
      "client_training_time": 0.023413419723510742,
      "edge_processing_wall_time": 0.002327442169189453,
      "total_pure_processing_time": 0.0,
      "avg_processing_per_client": 0.0,
      "server_aggregation_time": 0.0,
      "internal_aggregation_time": 0.0,
      "evaluation_time": 0.006522417068481445,
      "clients_processed": 10
    },
    {
      "round": 35,
      "accuracy": 0.9385,
      "f1_score": 0.9243076923076923,
      "precision": 0.8592677345537757,
      "recall": 1.0,
      "roc_auc": 1.0,
      "pr_auc": 1.0,
      "mae": 0.09905424102978765,
      "rmse": 0.19917121775170313,
      "ece": 0.09885181359373718,
      "mce": 0.6675906831353057,
      "round_time": 0.030140161514282227,
      "client_training_time": 0.017896413803100586,
      "edge_processing_wall_time": 0.001039266586303711,
      "total_pure_processing_time": 0.0,
      "avg_processing_per_client": 0.0,
      "server_aggregation_time": 0.0010459423065185547,
      "internal_aggregation_time": 0.0,
      "evaluation_time": 0.009129524230957031,
      "clients_processed": 10
    },
    {
      "round": 36,
      "accuracy": 0.937,
      "f1_score": 0.9226044226044227,
      "precision": 0.8563283922462942,
      "recall": 1.0,
      "roc_auc": 0.9999968017023473,
      "pr_auc": 0.9999946902790686,
      "mae": 0.09812873067534071,
      "rmse": 0.1999614599328671,
      "ece": 0.09763932769491745,
      "mce": 0.6451206999548359,
      "round_time": 0.030270099639892578,
      "client_training_time": 0.017263412475585938,
      "edge_processing_wall_time": 0.0010619163513183594,
      "total_pure_processing_time": 0.0,
      "avg_processing_per_client": 0.0,
      "server_aggregation_time": 0.0,
      "internal_aggregation_time": 0.0,
      "evaluation_time": 0.011944770812988281,
      "clients_processed": 10
    },
    {
      "round": 37,
      "accuracy": 0.9385,
      "f1_score": 0.9243076923076923,
      "precision": 0.8592677345537757,
      "recall": 1.0,
      "roc_auc": 0.9999978678015649,
      "pr_auc": 0.9999964562647712,
      "mae": 0.09801448389990335,
      "rmse": 0.19757228836989849,
      "ece": 0.09752452903133461,
      "mce": 0.6439850754844757,
      "round_time": 0.031775712966918945,
      "client_training_time": 0.0176084041595459,
      "edge_processing_wall_time": 0.001237630844116211,
      "total_pure_processing_time": 0.0,
      "avg_processing_per_client": 0.0,
      "server_aggregation_time": 0.0,
      "internal_aggregation_time": 0.0,
      "evaluation_time": 0.012929677963256836,
      "clients_processed": 10
    },
    {
      "round": 38,
      "accuracy": 0.938,
      "f1_score": 0.923739237392374,
      "precision": 0.8582857142857143,
      "recall": 1.0,
      "roc_auc": 0.9999978678015649,
      "pr_auc": 0.9999964633255704,
      "mae": 0.09682241154667139,
      "rmse": 0.19907160582165706,
      "ece": 0.09659385041224884,
      "mce": 0.6916420680355421,
      "round_time": 0.030031204223632812,
      "client_training_time": 0.017709732055664062,
      "edge_processing_wall_time": 0.0,
      "total_pure_processing_time": 0.0,
      "avg_processing_per_client": 0.0,
      "server_aggregation_time": 0.001020669937133789,
      "internal_aggregation_time": 0.0,
      "evaluation_time": 0.010222196578979492,
      "clients_processed": 10
    },
    {
      "round": 39,
      "accuracy": 0.942,
      "f1_score": 0.9283065512978986,
      "precision": 0.8662053056516724,
      "recall": 1.0,
      "roc_auc": 0.9999978678015649,
      "pr_auc": 0.9999964633255704,
      "mae": 0.09808072643923248,
      "rmse": 0.19867656416657847,
      "ece": 0.09784741511824915,
      "mce": 0.6799261448413686,
      "round_time": 0.027750015258789062,
      "client_training_time": 0.019228219985961914,
      "edge_processing_wall_time": 0.0013623237609863281,
      "total_pure_processing_time": 0.0,
      "avg_processing_per_client": 0.0,
      "server_aggregation_time": 0.0010008811950683594,
      "internal_aggregation_time": 0.0,
      "evaluation_time": 0.006158590316772461,
      "clients_processed": 10
    },
    {
      "round": 40,
      "accuracy": 0.9375,
      "f1_score": 0.9231714812538414,
      "precision": 0.8573059360730594,
      "recall": 1.0,
      "roc_auc": 0.9999978678015649,
      "pr_auc": 0.9999964633255704,
      "mae": 0.09836734512573242,
      "rmse": 0.1996283987959938,
      "ece": 0.09790670935620834,
      "mce": 0.6440992514843811,
      "round_time": 0.02774524688720703,
      "client_training_time": 0.0170285701751709,
      "edge_processing_wall_time": 0.001999378204345703,
      "total_pure_processing_time": 0.0,
      "avg_processing_per_client": 0.0,
      "server_aggregation_time": 0.000997781753540039,
      "internal_aggregation_time": 0.0,
      "evaluation_time": 0.007719516754150391,
      "clients_processed": 10
    }
  ],
  "final_statistics": {
    "final_accuracy": 0.9375,
    "best_accuracy": 0.9425,
    "total_time": 1.2904729843139648,
    "avg_round_time": 0.03180223107337952,
    "avg_client_training_time": 0.02001684308052063,
    "avg_edge_processing_wall_time": 0.0012126028537750243,
    "avg_pure_processing_time": 0.0,
    "avg_processing_per_client": 0.0,
    "avg_server_aggregation_time": 0.0005455374717712403,
    "avg_internal_aggregation_time": 0.0,
    "avg_evaluation_time": 0.00951736569404602
  },
  "timing_statistics": {
    "total_client_training_time": 0.8006737232208252,
    "total_edge_processing_wall_time": 0.04850411415100098,
    "total_pure_processing_time": 0.0,
    "total_server_aggregation_time": 0.02182149887084961,
    "total_internal_aggregation_time": 0.0,
    "total_evaluation_time": 0.3806946277618408,
    "total_time": 1.2904729843139648,
    "avg_round_time": 0.03180223107337952,
    "avg_client_training_time": 0.02001684308052063,
    "avg_edge_processing_wall_time": 0.0012126028537750243,
    "avg_pure_processing_time": 0.0,
    "avg_processing_per_client": 0.0,
    "avg_server_aggregation_time": 0.0005455374717712403,
    "avg_internal_aggregation_time": 0.0,
    "avg_evaluation_time": 0.00951736569404602
  },
  "architecture": {
    "clients": 10,
    "edge_devices": 10,
    "cloud_servers": 1,
    "data_flow": "Client \u2192 Edge \u2192 Cloud \u2192 Edge \u2192 Client"
  }
}