{
  "pipeline_type": "plaintext_edge_device_fl",
  "configuration": {
    "rounds": 40,
    "clients": 60,
    "patience": 999
  },
  "results": [
    {
      "round": 1,
      "accuracy": 0.9865833333333334,
      "f1_score": 0.9862027594481104,
      "precision": 0.9772418478260869,
      "recall": 0.9953295277633627,
      "roc_auc": 0.99963056337361,
      "pr_auc": 0.9996446026865262,
      "mae": 0.09332585663696571,
      "rmse": 0.15995401841560172,
      "ece": 0.08944122922237402,
      "mce": 0.47289930661594837,
      "round_time": 0.22008919715881348,
      "client_training_time": 0.18148398399353027,
      "edge_processing_wall_time": 0.01011204719543457,
      "total_pure_processing_time": 0.0,
      "avg_processing_per_client": 0.0,
      "server_aggregation_time": 0.0,
      "internal_aggregation_time": 0.0,
      "evaluation_time": 0.028493165969848633,
      "clients_processed": 60
    },
    {
      "round": 2,
      "accuracy": 0.9883333333333333,
      "f1_score": 0.9879807692307693,
      "precision": 0.9807397306971195,
      "recall": 0.9953295277633627,
      "roc_auc": 0.9997019084230522,
      "pr_auc": 0.9997040039697399,
      "mae": 0.09242009809072083,
      "rmse": 0.15879809865962083,
      "ece": 0.08793458708619298,
      "mce": 0.3983044855273763,
      "round_time": 0.21454858779907227,
      "client_training_time": 0.17947864532470703,
      "edge_processing_wall_time": 0.009460210800170898,
      "total_pure_processing_time": 0.0,
      "avg_processing_per_client": 0.0,
      "server_aggregation_time": 0.0,
      "internal_aggregation_time": 0.0,
      "evaluation_time": 0.024564743041992188,
      "clients_processed": 60
    },
    {
      "round": 3,
      "accuracy": 0.9889166666666667,
      "f1_score": 0.9885787891799055,
      "precision": 0.9815825375170532,
      "recall": 0.9956754886697803,
      "roc_auc": 0.999720294028386,
      "pr_auc": 0.9997248252607323,
      "mae": 0.09339803248559421,
      "rmse": 0.16018850414785402,
      "ece": 0.08954877962395108,
      "mce": 0.4240924579678205,
      "round_time": 0.1949329376220703,
      "client_training_time": 0.13793492317199707,
      "edge_processing_wall_time": 0.02166128158569336,
      "total_pure_processing_time": 0.0,
      "avg_processing_per_client": 0.0,
      "server_aggregation_time": 0.0010614395141601562,
      "internal_aggregation_time": 0.0,
      "evaluation_time": 0.03427529335021973,
      "clients_processed": 60
    },
    {
      "round": 4,
      "accuracy": 0.9895,
      "f1_score": 0.9891696750902527,
      "precision": 0.9830855971296771,
      "recall": 0.9953295277633627,
      "roc_auc": 0.9997054130921477,
      "pr_auc": 0.999708783905177,
      "mae": 0.09102238768674283,
      "rmse": 0.15568235097580152,
      "ece": 0.0875244756585007,
      "mce": 0.455933990086216,
      "round_time": 0.21008777618408203,
      "client_training_time": 0.18315696716308594,
      "edge_processing_wall_time": 0.009114265441894531,
      "total_pure_processing_time": 0.0,
      "avg_processing_per_client": 0.0,
      "server_aggregation_time": 0.000997781753540039,
      "internal_aggregation_time": 0.0,
      "evaluation_time": 0.016818761825561523,
      "clients_processed": 60
    },
    {
      "round": 5,
      "accuracy": 0.9895833333333334,
      "f1_score": 0.9892547064385799,
      "precision": 0.9832535885167464,
      "recall": 0.9953295277633627,
      "roc_auc": 0.9997179853971565,
      "pr_auc": 0.9997189153250563,
      "mae": 0.09128992133135654,
      "rmse": 0.15603505071776358,
      "ece": 0.08714559042906804,
      "mce": 0.4158052519690443,
      "round_time": 0.18941998481750488,
      "client_training_time": 0.15374159812927246,
      "edge_processing_wall_time": 0.009027242660522461,
      "total_pure_processing_time": 0.0,
      "avg_processing_per_client": 0.0,
      "server_aggregation_time": 0.0058634281158447266,
      "internal_aggregation_time": 0.0,
      "evaluation_time": 0.020787715911865234,
      "clients_processed": 60
    },
    {
      "round": 6,
      "accuracy": 0.9891666666666666,
      "f1_score": 0.9888277758679959,
      "precision": 0.9825789923142613,
      "recall": 0.9951565473101539,
      "roc_auc": 0.9997096409469293,
      "pr_auc": 0.9997134192683843,
      "mae": 0.0923792439540759,
      "rmse": 0.1575936318731491,
      "ece": 0.08875992021122131,
      "mce": 0.4791915350374627,
      "round_time": 0.18666672706604004,
      "client_training_time": 0.15592598915100098,
      "edge_processing_wall_time": 0.004336118698120117,
      "total_pure_processing_time": 0.0,
      "avg_processing_per_client": 0.0,
      "server_aggregation_time": 0.0011010169982910156,
      "internal_aggregation_time": 0.0,
      "evaluation_time": 0.0242617130279541,
      "clients_processed": 60
    },
    {
      "round": 7,
      "accuracy": 0.98875,
      "f1_score": 0.9884090323688504,
      "precision": 0.9812478690760313,
      "recall": 0.9956754886697803,
      "roc_auc": 0.9996876115983296,
      "pr_auc": 0.9996943452122986,
      "mae": 0.09186535208662135,
      "rmse": 0.15801284126488416,
      "ece": 0.08808924642289262,
      "mce": 0.4474224983934744,
      "round_time": 0.31178808212280273,
      "client_training_time": 0.22011756896972656,
      "edge_processing_wall_time": 0.02159857749938965,
      "total_pure_processing_time": 0.0,
      "avg_processing_per_client": 0.0,
      "server_aggregation_time": 0.002093076705932617,
      "internal_aggregation_time": 0.0,
      "evaluation_time": 0.06685352325439453,
      "clients_processed": 60
    },
    {
      "round": 8,
      "accuracy": 0.98825,
      "f1_score": 0.9879021879021879,
      "precision": 0.9800817160367722,
      "recall": 0.9958484691229891,
      "roc_auc": 0.9997133125050293,
      "pr_auc": 0.9997157530426695,
      "mae": 0.09334011752810709,
      "rmse": 0.16048170683810706,
      "ece": 0.08922482679746763,
      "mce": 0.4021046849325846,
      "round_time": 0.3580503463745117,
      "client_training_time": 0.2943994998931885,
      "edge_processing_wall_time": 0.020435810089111328,
      "total_pure_processing_time": 0.0,
      "avg_processing_per_client": 0.0,
      "server_aggregation_time": 0.002181529998779297,
      "internal_aggregation_time": 0.0,
      "evaluation_time": 0.03740954399108887,
      "clients_processed": 60
    },
    {
      "round": 9,
      "accuracy": 0.987,
      "f1_score": 0.9866323907455012,
      "precision": 0.9775853285787061,
      "recall": 0.9958484691229891,
      "roc_auc": 0.9996633292481687,
      "pr_auc": 0.9996732034360659,
      "mae": 0.09344859191455271,
      "rmse": 0.15978441472591018,
      "ece": 0.08957751399756146,
      "mce": 0.47498079197831033,
      "round_time": 0.19524264335632324,
      "client_training_time": 0.16101908683776855,
      "edge_processing_wall_time": 0.007031679153442383,
      "total_pure_processing_time": 0.0,
      "avg_processing_per_client": 0.0,
      "server_aggregation_time": 0.0,
      "internal_aggregation_time": 0.0,
      "evaluation_time": 0.025910377502441406,
      "clients_processed": 60
    },
    {
      "round": 10,
      "accuracy": 0.9899166666666667,
      "f1_score": 0.9895949780720612,
      "precision": 0.9839261285909713,
      "recall": 0.9953295277633627,
      "roc_auc": 0.9997596242037899,
      "pr_auc": 0.9997588013948663,
      "mae": 0.09174896791222871,
      "rmse": 0.15692751867317362,
      "ece": 0.08839913310372538,
      "mce": 0.4619262339576111,
      "round_time": 0.21746587753295898,
      "client_training_time": 0.14710688591003418,
      "edge_processing_wall_time": 0.02871870994567871,
      "total_pure_processing_time": 0.0,
      "avg_processing_per_client": 0.0,
      "server_aggregation_time": 0.0032982826232910156,
      "internal_aggregation_time": 0.0,
      "evaluation_time": 0.037349700927734375,
      "clients_processed": 60
    },
    {
      "round": 11,
      "accuracy": 0.9893333333333333,
      "f1_score": 0.9889996562392575,
      "precision": 0.9827497865072587,
      "recall": 0.9953295277633627,
      "roc_auc": 0.9997231867711315,
      "pr_auc": 0.999724727307614,
      "mae": 0.09193523937455725,
      "rmse": 0.15778677851125367,
      "ece": 0.0885532960158273,
      "mce": 0.4686356305574386,
      "round_time": 0.17780566215515137,
      "client_training_time": 0.15256524085998535,
      "edge_processing_wall_time": 0.003246307373046875,
      "total_pure_processing_time": 0.0,
      "avg_processing_per_client": 0.0,
      "server_aggregation_time": 0.0010018348693847656,
      "internal_aggregation_time": 0.0,
      "evaluation_time": 0.019930362701416016,
      "clients_processed": 60
    },
    {
      "round": 12,
      "accuracy": 0.988,
      "f1_score": 0.9876500857632933,
      "precision": 0.9794182684129954,
      "recall": 0.9960214495761979,
      "roc_auc": 0.999711365466643,
      "pr_auc": 0.9997151942316427,
      "mae": 0.09131225744986045,
      "rmse": 0.15706554899212788,
      "ece": 0.08717911069684363,
      "mce": 0.45002816821403807,
      "round_time": 0.173126220703125,
      "client_training_time": 0.1416168212890625,
      "edge_processing_wall_time": 0.004634857177734375,
      "total_pure_processing_time": 0.0,
      "avg_processing_per_client": 0.0,
      "server_aggregation_time": 0.0,
      "internal_aggregation_time": 0.0,
      "evaluation_time": 0.026874542236328125,
      "clients_processed": 60
    },
    {
      "round": 13,
      "accuracy": 0.98825,
      "f1_score": 0.9878980345034761,
      "precision": 0.9804088586030665,
      "recall": 0.9955025082165715,
      "roc_auc": 0.9997112542073066,
      "pr_auc": 0.9997130557184446,
      "mae": 0.09303955251380569,
      "rmse": 0.1589779077874344,
      "ece": 0.0890191640974441,
      "mce": 0.45135394921900895,
      "round_time": 0.13669872283935547,
      "client_training_time": 0.11010241508483887,
      "edge_processing_wall_time": 0.006318092346191406,
      "total_pure_processing_time": 0.0,
      "avg_processing_per_client": 0.0,
      "server_aggregation_time": 0.0,
      "internal_aggregation_time": 0.0,
      "evaluation_time": 0.020278215408325195,
      "clients_processed": 60
    },
    {
      "round": 14,
      "accuracy": 0.9878333333333333,
      "f1_score": 0.9874721125793718,
      "precision": 0.9797377830750894,
      "recall": 0.9953295277633627,
      "roc_auc": 0.9997024925345681,
      "pr_auc": 0.9997083234906317,
      "mae": 0.09233921621037909,
      "rmse": 0.1585119607945433,
      "ece": 0.08890366596700425,
      "mce": 0.4923762486869811,
      "round_time": 0.14730334281921387,
      "client_training_time": 0.11877846717834473,
      "edge_processing_wall_time": 0.003994941711425781,
      "total_pure_processing_time": 0.0,
      "avg_processing_per_client": 0.0,
      "server_aggregation_time": 0.0026051998138427734,
      "internal_aggregation_time": 0.0,
      "evaluation_time": 0.02013993263244629,
      "clients_processed": 60
    },
    {
      "round": 15,
      "accuracy": 0.9884166666666667,
      "f1_score": 0.9880696935885331,
      "precision": 0.9805792163543441,
      "recall": 0.9956754886697803,
      "roc_auc": 0.9997489711223333,
      "pr_auc": 0.9997483984926946,
      "mae": 0.09121238915324685,
      "rmse": 0.15818518531206296,
      "ece": 0.08709160423394098,
      "mce": 0.45875964117537177,
      "round_time": 0.1502542495727539,
      "client_training_time": 0.11635017395019531,
      "edge_processing_wall_time": 0.002196788787841797,
      "total_pure_processing_time": 0.0,
      "avg_processing_per_client": 0.0,
      "server_aggregation_time": 0.0010416507720947266,
      "internal_aggregation_time": 0.0,
      "evaluation_time": 0.03066563606262207,
      "clients_processed": 60
    },
    {
      "round": 16,
      "accuracy": 0.9875833333333334,
      "f1_score": 0.9872223651487866,
      "precision": 0.9789115646258504,
      "recall": 0.9956754886697803,
      "roc_auc": 0.9996765134795276,
      "pr_auc": 0.9996823993846686,
      "mae": 0.0929693672448963,
      "rmse": 0.15909123829769278,
      "ece": 0.08878733651919979,
      "mce": 0.4231152276393182,
      "round_time": 0.11917805671691895,
      "client_training_time": 0.09110522270202637,
      "edge_processing_wall_time": 0.0,
      "total_pure_processing_time": 0.0,
      "avg_processing_per_client": 0.0,
      "server_aggregation_time": 0.0129241943359375,
      "internal_aggregation_time": 0.0,
      "evaluation_time": 0.015148639678955078,
      "clients_processed": 60
    },
    {
      "round": 17,
      "accuracy": 0.9863333333333333,
      "f1_score": 0.9859564994005823,
      "precision": 0.9762591148041377,
      "recall": 0.9958484691229891,
      "roc_auc": 0.9996355144140782,
      "pr_auc": 0.9996486631739193,
      "mae": 0.09456063199113214,
      "rmse": 0.16247801018726798,
      "ece": 0.09009470631792675,
      "mce": 0.43725454707389855,
      "round_time": 0.15908432006835938,
      "client_training_time": 0.13358473777770996,
      "edge_processing_wall_time": 0.0049250125885009766,
      "total_pure_processing_time": 0.0,
      "avg_processing_per_client": 0.0,
      "server_aggregation_time": 0.0,
      "internal_aggregation_time": 0.0,
      "evaluation_time": 0.019510746002197266,
      "clients_processed": 60
    },
    {
      "round": 18,
      "accuracy": 0.9898333333333333,
      "f1_score": 0.9895098882201204,
      "precision": 0.9837579073345871,
      "recall": 0.9953295277633627,
      "roc_auc": 0.9997079720568839,
      "pr_auc": 0.9997123375091981,
      "mae": 0.09194124401385124,
      "rmse": 0.15669405536811745,
      "ece": 0.08837449783636311,
      "mce": 0.44592795778497274,
      "round_time": 0.13065409660339355,
      "client_training_time": 0.11425447463989258,
      "edge_processing_wall_time": 0.006192922592163086,
      "total_pure_processing_time": 0.0,
      "avg_processing_per_client": 0.0,
      "server_aggregation_time": 0.00034928321838378906,
      "internal_aggregation_time": 0.0,
      "evaluation_time": 0.008757829666137695,
      "clients_processed": 60
    },
    {
      "round": 19,
      "accuracy": 0.9889166666666667,
      "f1_score": 0.9885748647023451,
      "precision": 0.9819112627986348,
      "recall": 0.9953295277633627,
      "roc_auc": 0.9996489211641099,
      "pr_auc": 0.9996560197399523,
      "mae": 0.0937805848324679,
      "rmse": 0.1601714234015325,
      "ece": 0.08826423368740138,
      "mce": 0.38790459706357305,
      "round_time": 0.13266563415527344,
      "client_training_time": 0.12312865257263184,
      "edge_processing_wall_time": 0.00325775146484375,
      "total_pure_processing_time": 0.0,
      "avg_processing_per_client": 0.0,
      "server_aggregation_time": 0.0,
      "internal_aggregation_time": 0.0,
      "evaluation_time": 0.0062792301177978516,
      "clients_processed": 60
    },
    {
      "round": 20,
      "accuracy": 0.9865833333333334,
      "f1_score": 0.9862051238111559,
      "precision": 0.9770797962648556,
      "recall": 0.9955025082165715,
      "roc_auc": 0.9996822433353502,
      "pr_auc": 0.999686575445331,
      "mae": 0.09403134294554145,
      "rmse": 0.15981990472605007,
      "ece": 0.08939835171242468,
      "mce": 0.4394106553408219,
      "round_time": 0.13324904441833496,
      "client_training_time": 0.10993719100952148,
      "edge_processing_wall_time": 0.004721164703369141,
      "total_pure_processing_time": 0.0,
      "avg_processing_per_client": 0.0,
      "server_aggregation_time": 0.0010311603546142578,
      "internal_aggregation_time": 0.0,
      "evaluation_time": 0.017559528350830078,
      "clients_processed": 60
    },
    {
      "round": 21,
      "accuracy": 0.9899166666666667,
      "f1_score": 0.9895949780720612,
      "precision": 0.9839261285909713,
      "recall": 0.9953295277633627,
      "roc_auc": 0.9997047455361294,
      "pr_auc": 0.9997102341244266,
      "mae": 0.09022567110599573,
      "rmse": 0.15499881086598938,
      "ece": 0.08677417062465953,
      "mce": 0.47406044188394836,
      "round_time": 0.13224554061889648,
      "client_training_time": 0.11612915992736816,
      "edge_processing_wall_time": 0.005409955978393555,
      "total_pure_processing_time": 0.0,
      "avg_processing_per_client": 0.0,
      "server_aggregation_time": 0.0,
      "internal_aggregation_time": 0.0,
      "evaluation_time": 0.008934259414672852,
      "clients_processed": 60
    },
    {
      "round": 22,
      "accuracy": 0.9881666666666666,
      "f1_score": 0.9878111587982833,
      "precision": 0.9804055205316068,
      "recall": 0.9953295277633627,
      "roc_auc": 0.9996934805283227,
      "pr_auc": 0.9996991311042263,
      "mae": 0.09186510730074333,
      "rmse": 0.15773195931748923,
      "ece": 0.08856870828388504,
      "mce": 0.4781601705891403,
      "round_time": 0.13429760932922363,
      "client_training_time": 0.1116800308227539,
      "edge_processing_wall_time": 0.00441741943359375,
      "total_pure_processing_time": 0.0,
      "avg_processing_per_client": 0.0,
      "server_aggregation_time": 0.0,
      "internal_aggregation_time": 0.0,
      "evaluation_time": 0.018200159072875977,
      "clients_processed": 60
    },
    {
      "round": 23,
      "accuracy": 0.9886666666666667,
      "f1_score": 0.9883201648917898,
      "precision": 0.9814088350673716,
      "recall": 0.9953295277633627,
      "roc_auc": 0.999709223724418,
      "pr_auc": 0.9997117141795056,
      "mae": 0.09153915084408644,
      "rmse": 0.1569193599451034,
      "ece": 0.08749314208482638,
      "mce": 0.4070418130659619,
      "round_time": 0.1575486660003662,
      "client_training_time": 0.12264704704284668,
      "edge_processing_wall_time": 0.007537126541137695,
      "total_pure_processing_time": 0.0,
      "avg_processing_per_client": 0.0,
      "server_aggregation_time": 0.0010080337524414062,
      "internal_aggregation_time": 0.0,
      "evaluation_time": 0.02635645866394043,
      "clients_processed": 60
    },
    {
      "round": 24,
      "accuracy": 0.9875,
      "f1_score": 0.9871377122277483,
      "precision": 0.9787451113756164,
      "recall": 0.9956754886697803,
      "roc_auc": 0.9996945653068523,
      "pr_auc": 0.9996991472408681,
      "mae": 0.09161379354438635,
      "rmse": 0.15803114540938124,
      "ece": 0.08818837739968349,
      "mce": 0.47550954515726074,
      "round_time": 0.12903642654418945,
      "client_training_time": 0.0958259105682373,
      "edge_processing_wall_time": 0.004219770431518555,
      "total_pure_processing_time": 0.0,
      "avg_processing_per_client": 0.0,
      "server_aggregation_time": 0.0,
      "internal_aggregation_time": 0.0,
      "evaluation_time": 0.02798151969909668,
      "clients_processed": 60
    },
    {
      "round": 25,
      "accuracy": 0.9875833333333334,
      "f1_score": 0.9872223651487866,
      "precision": 0.9789115646258504,
      "recall": 0.9956754886697803,
      "roc_auc": 0.9997058859443271,
      "pr_auc": 0.9997097404248827,
      "mae": 0.09355157156178469,
      "rmse": 0.1603308901287128,
      "ece": 0.08995902430890347,
      "mce": 0.47391173229599104,
      "round_time": 0.23003721237182617,
      "client_training_time": 0.18852972984313965,
      "edge_processing_wall_time": 0.00796365737915039,
      "total_pure_processing_time": 0.0,
      "avg_processing_per_client": 0.0,
      "server_aggregation_time": 0.0013110637664794922,
      "internal_aggregation_time": 0.0,
      "evaluation_time": 0.03113579750061035,
      "clients_processed": 60
    },
    {
      "round": 26,
      "accuracy": 0.9885833333333334,
      "f1_score": 0.9882352941176471,
      "precision": 0.9812414733969986,
      "recall": 0.9953295277633627,
      "roc_auc": 0.9997433247110128,
      "pr_auc": 0.9997427027984308,
      "mae": 0.09154688563931958,
      "rmse": 0.15755965261467902,
      "ece": 0.0874562434858777,
      "mce": 0.42774626127938525,
      "round_time": 0.33075428009033203,
      "client_training_time": 0.2806844711303711,
      "edge_processing_wall_time": 0.01005864143371582,
      "total_pure_processing_time": 0.0,
      "avg_processing_per_client": 0.0,
      "server_aggregation_time": 0.0010609626770019531,
      "internal_aggregation_time": 0.0,
      "evaluation_time": 0.038950204849243164,
      "clients_processed": 60
    },
    {
      "round": 27,
      "accuracy": 0.988,
      "f1_score": 0.9876416065911432,
      "precision": 0.9800715380684721,
      "recall": 0.9953295277633627,
      "roc_auc": 0.9997332557410722,
      "pr_auc": 0.9997341640623475,
      "mae": 0.09318303361218452,
      "rmse": 0.15859527580367933,
      "ece": 0.08971681995397342,
      "mce": 0.4979517021994264,
      "round_time": 0.21670103073120117,
      "client_training_time": 0.17458128929138184,
      "edge_processing_wall_time": 0.01117849349975586,
      "total_pure_processing_time": 0.0,
      "avg_processing_per_client": 0.0,
      "server_aggregation_time": 0.0010671615600585938,
      "internal_aggregation_time": 0.0,
      "evaluation_time": 0.029874086380004883,
      "clients_processed": 60
    },
    {
      "round": 28,
      "accuracy": 0.98825,
      "f1_score": 0.9878959567344836,
      "precision": 0.9805725971370143,
      "recall": 0.9953295277633627,
      "roc_auc": 0.999680045963457,
      "pr_auc": 0.9996861630601357,
      "mae": 0.09288369101445781,
      "rmse": 0.15920005332129236,
      "ece": 0.08898130155620294,
      "mce": 0.42871433629061484,
      "round_time": 0.20531797409057617,
      "client_training_time": 0.16287827491760254,
      "edge_processing_wall_time": 0.010326385498046875,
      "total_pure_processing_time": 0.0,
      "avg_processing_per_client": 0.0,
      "server_aggregation_time": 0.0,
      "internal_aggregation_time": 0.0,
      "evaluation_time": 0.03075122833251953,
      "clients_processed": 60
    },
    {
      "round": 29,
      "accuracy": 0.9896666666666667,
      "f1_score": 0.989341585009455,
      "precision": 0.9832564496839228,
      "recall": 0.9955025082165715,
      "roc_auc": 0.9997083614645612,
      "pr_auc": 0.9997113550688494,
      "mae": 0.09156443539131329,
      "rmse": 0.15658161995384628,
      "ece": 0.08791836065116229,
      "mce": 0.46298746706760197,
      "round_time": 0.28151774406433105,
      "client_training_time": 0.2188868522644043,
      "edge_processing_wall_time": 0.01885819435119629,
      "total_pure_processing_time": 0.0,
      "avg_processing_per_client": 0.0,
      "server_aggregation_time": 0.001094818115234375,
      "internal_aggregation_time": 0.0,
      "evaluation_time": 0.04061102867126465,
      "clients_processed": 60
    },
    {
      "round": 30,
      "accuracy": 0.9871666666666666,
      "f1_score": 0.9868015083990401,
      "precision": 0.9779174452182776,
      "recall": 0.9958484691229891,
      "roc_auc": 0.9996962620117318,
      "pr_auc": 0.9997024595290535,
      "mae": 0.0915447534379418,
      "rmse": 0.15756140822282413,
      "ece": 0.08800001213061054,
      "mce": 0.47268128267277115,
      "round_time": 0.2117934226989746,
      "client_training_time": 0.1781024932861328,
      "edge_processing_wall_time": 0.00741267204284668,
      "total_pure_processing_time": 0.0,
      "avg_processing_per_client": 0.0,
      "server_aggregation_time": 0.0,
      "internal_aggregation_time": 0.0,
      "evaluation_time": 0.026278257369995117,
      "clients_processed": 60
    },
    {
      "round": 31,
      "accuracy": 0.9896666666666667,
      "f1_score": 0.9893434169817806,
      "precision": 0.9830913748932536,
      "recall": 0.9956754886697803,
      "roc_auc": 0.9997051627586407,
      "pr_auc": 0.9997105891506661,
      "mae": 0.09220089049018962,
      "rmse": 0.15776270460169084,
      "ece": 0.08842404196546202,
      "mce": 0.4141113261492806,
      "round_time": 0.18915414810180664,
      "client_training_time": 0.15685033798217773,
      "edge_processing_wall_time": 0.004297971725463867,
      "total_pure_processing_time": 0.0,
      "avg_processing_per_client": 0.0,
      "server_aggregation_time": 0.0010144710540771484,
      "internal_aggregation_time": 0.0,
      "evaluation_time": 0.025944948196411133,
      "clients_processed": 60
    },
    {
      "round": 32,
      "accuracy": 0.9891666666666666,
      "f1_score": 0.9888277758679959,
      "precision": 0.9825789923142613,
      "recall": 0.9951565473101539,
      "roc_auc": 0.9997040779801112,
      "pr_auc": 0.9997039815552788,
      "mae": 0.0925529238247276,
      "rmse": 0.15812538085135977,
      "ece": 0.08761902308580047,
      "mce": 0.3827022765296888,
      "round_time": 0.18378853797912598,
      "client_training_time": 0.15108489990234375,
      "edge_processing_wall_time": 0.004568815231323242,
      "total_pure_processing_time": 0.0,
      "avg_processing_per_client": 0.0,
      "server_aggregation_time": 0.0,
      "internal_aggregation_time": 0.0,
      "evaluation_time": 0.027129411697387695,
      "clients_processed": 60
    },
    {
      "round": 33,
      "accuracy": 0.9863333333333333,
      "f1_score": 0.9859516875107076,
      "precision": 0.9765823858815544,
      "recall": 0.9955025082165715,
      "roc_auc": 0.999669587585839,
      "pr_auc": 0.9996765913078851,
      "mae": 0.09244748841445602,
      "rmse": 0.15892574224761796,
      "ece": 0.088798768971911,
      "mce": 0.4891356344368325,
      "round_time": 0.33906006813049316,
      "client_training_time": 0.24360036849975586,
      "edge_processing_wall_time": 0.024750709533691406,
      "total_pure_processing_time": 0.0,
      "avg_processing_per_client": 0.0,
      "server_aggregation_time": 0.005972385406494141,
      "internal_aggregation_time": 0.0,
      "evaluation_time": 0.06357121467590332,
      "clients_processed": 60
    },
    {
      "round": 34,
      "accuracy": 0.9875833333333334,
      "f1_score": 0.9872223651487866,
      "precision": 0.9789115646258504,
      "recall": 0.9956754886697803,
      "roc_auc": 0.999707081982193,
      "pr_auc": 0.9997121857743538,
      "mae": 0.09301305194099346,
      "rmse": 0.15928538028575723,
      "ece": 0.08968923325464917,
      "mce": 0.4815710040067652,
      "round_time": 0.5926215648651123,
      "client_training_time": 0.4674720764160156,
      "edge_processing_wall_time": 0.0408320426940918,
      "total_pure_processing_time": 0.0,
      "avg_processing_per_client": 0.0,
      "server_aggregation_time": 0.002251148223876953,
      "internal_aggregation_time": 0.0,
      "evaluation_time": 0.07840538024902344,
      "clients_processed": 60
    },
    {
      "round": 35,
      "accuracy": 0.9886666666666667,
      "f1_score": 0.9883201648917898,
      "precision": 0.9814088350673716,
      "recall": 0.9953295277633627,
      "roc_auc": 0.9997205443618928,
      "pr_auc": 0.9997205497752382,
      "mae": 0.09184751701417451,
      "rmse": 0.15730624735812723,
      "ece": 0.08751295266345567,
      "mce": 0.4030512777393096,
      "round_time": 0.6275413036346436,
      "client_training_time": 0.4782450199127197,
      "edge_processing_wall_time": 0.05404353141784668,
      "total_pure_processing_time": 0.0,
      "avg_processing_per_client": 0.0,
      "server_aggregation_time": 0.003104686737060547,
      "internal_aggregation_time": 0.0,
      "evaluation_time": 0.08971953392028809,
      "clients_processed": 60
    },
    {
      "round": 36,
      "accuracy": 0.9896666666666667,
      "f1_score": 0.9893397524071527,
      "precision": 0.9834216373269526,
      "recall": 0.9953295277633627,
      "roc_auc": 0.9997216013255882,
      "pr_auc": 0.9997238414012322,
      "mae": 0.09049574399530073,
      "rmse": 0.15564330850723135,
      "ece": 0.08721967375609913,
      "mce": 0.4599561707528191,
      "round_time": 0.48421669006347656,
      "client_training_time": 0.40964603424072266,
      "edge_processing_wall_time": 0.026287078857421875,
      "total_pure_processing_time": 0.0,
      "avg_processing_per_client": 0.0,
      "server_aggregation_time": 0.0011436939239501953,
      "internal_aggregation_time": 0.0,
      "evaluation_time": 0.04330778121948242,
      "clients_processed": 60
    },
    {
      "round": 37,
      "accuracy": 0.9885833333333334,
      "f1_score": 0.9882413526735903,
      "precision": 0.9807495741056218,
      "recall": 0.9958484691229891,
      "roc_auc": 0.999722463585445,
      "pr_auc": 0.9997245732520335,
      "mae": 0.09282599794866618,
      "rmse": 0.15908614543321162,
      "ece": 0.08905279825390577,
      "mce": 0.4117804998312993,
      "round_time": 0.4828488826751709,
      "client_training_time": 0.38910508155822754,
      "edge_processing_wall_time": 0.02621746063232422,
      "total_pure_processing_time": 0.0,
      "avg_processing_per_client": 0.0,
      "server_aggregation_time": 0.0020155906677246094,
      "internal_aggregation_time": 0.0,
      "evaluation_time": 0.06449484825134277,
      "clients_processed": 60
    },
    {
      "round": 38,
      "accuracy": 0.9879166666666667,
      "f1_score": 0.9875568523127092,
      "precision": 0.9799046321525886,
      "recall": 0.9953295277633627,
      "roc_auc": 0.9996788777404253,
      "pr_auc": 0.9996844716277553,
      "mae": 0.09161794279483972,
      "rmse": 0.1575323088295994,
      "ece": 0.087518843117977,
      "mce": 0.44180153407039147,
      "round_time": 0.38339734077453613,
      "client_training_time": 0.3257420063018799,
      "edge_processing_wall_time": 0.013073444366455078,
      "total_pure_processing_time": 0.0,
      "avg_processing_per_client": 0.0,
      "server_aggregation_time": 0.0,
      "internal_aggregation_time": 0.0,
      "evaluation_time": 0.04353666305541992,
      "clients_processed": 60
    },
    {
      "round": 39,
      "accuracy": 0.9874166666666667,
      "f1_score": 0.9870597309109607,
      "precision": 0.9780910326086957,
      "recall": 0.9961944300294067,
      "roc_auc": 0.999714480728061,
      "pr_auc": 0.9997197512571219,
      "mae": 0.09210620765842306,
      "rmse": 0.15882714456895053,
      "ece": 0.08857467948602693,
      "mce": 0.4466367581846674,
      "round_time": 0.42118167877197266,
      "client_training_time": 0.3754918575286865,
      "edge_processing_wall_time": 0.01518106460571289,
      "total_pure_processing_time": 0.0,
      "avg_processing_per_client": 0.0,
      "server_aggregation_time": 0.0010144710540771484,
      "internal_aggregation_time": 0.0,
      "evaluation_time": 0.029494285583496094,
      "clients_processed": 60
    },
    {
      "round": 40,
      "accuracy": 0.9901666666666666,
      "f1_score": 0.9898503354550147,
      "precision": 0.9844311377245509,
      "recall": 0.9953295277633627,
      "roc_auc": 0.9996777095173934,
      "pr_auc": 0.9996830462075458,
      "mae": 0.09202938695512569,
      "rmse": 0.15714775426665575,
      "ece": 0.08771586469221022,
      "mce": 0.39194133528385816,
      "round_time": 0.46080636978149414,
      "client_training_time": 0.36165308952331543,
      "edge_processing_wall_time": 0.03289461135864258,
      "total_pure_processing_time": 0.0,
      "avg_processing_per_client": 0.0,
      "server_aggregation_time": 0.0010395050048828125,
      "internal_aggregation_time": 0.0,
      "evaluation_time": 0.06344437599182129,
      "clients_processed": 60
    }
  ],
  "final_statistics": {
    "final_accuracy": 0.9901666666666666,
    "best_accuracy": 0.9901666666666666,
    "total_time": 9.96909236907959,
    "avg_round_time": 0.24880445003509521,
    "avg_client_training_time": 0.20086561441421508,
    "avg_edge_processing_wall_time": 0.012762820720672608,
    "avg_pure_processing_time": 0.0,
    "avg_processing_per_client": 0.0,
    "avg_server_aggregation_time": 0.0014661967754364014,
    "avg_internal_aggregation_time": 0.0,
    "avg_evaluation_time": 0.0327497661113739
  },
  "timing_statistics": {
    "total_client_training_time": 8.034624576568604,
    "total_edge_processing_wall_time": 0.5105128288269043,
    "total_pure_processing_time": 0.0,
    "total_server_aggregation_time": 0.058647871017456055,
    "total_internal_aggregation_time": 0.0,
    "total_evaluation_time": 1.309990644454956,
    "total_time": 9.96909236907959,
    "avg_round_time": 0.24880445003509521,
    "avg_client_training_time": 0.20086561441421508,
    "avg_edge_processing_wall_time": 0.012762820720672608,
    "avg_pure_processing_time": 0.0,
    "avg_processing_per_client": 0.0,
    "avg_server_aggregation_time": 0.0014661967754364014,
    "avg_internal_aggregation_time": 0.0,
    "avg_evaluation_time": 0.0327497661113739
  },
  "architecture": {
    "clients": 60,
    "edge_devices": 60,
    "cloud_servers": 1,
    "data_flow": "Client \u2192 Edge \u2192 Cloud \u2192 Edge \u2192 Client"
  }
}