{
  "pipeline_type": "plaintext_edge_device_fl",
  "configuration": {
    "rounds": 20,
    "clients": 30,
    "patience": 999
  },
  "results": [
    {
      "round": 1,
      "accuracy": 0.9645,
      "f1_score": 0.9616147053523157,
      "precision": 0.9286460146188653,
      "recall": 0.9970104633781763,
      "roc_auc": 0.9996287812152054,
      "pr_auc": 0.9995784573139691,
      "mae": 0.09658910002619343,
      "rmse": 0.17894159286512684,
      "ece": 0.0934386481588402,
      "mce": 0.5770951309992762,
      "round_time": 0.06969165802001953,
      "client_training_time": 0.052109718322753906,
      "edge_processing_wall_time": 0.0020754337310791016,
      "total_pure_processing_time": 0.0,
      "avg_processing_per_client": 0.0,
      "server_aggregation_time": 0.0010342597961425781,
      "internal_aggregation_time": 0.0,
      "evaluation_time": 0.014472246170043945,
      "clients_processed": 30
    },
    {
      "round": 2,
      "accuracy": 0.9668333333333333,
      "f1_score": 0.9640859050712868,
      "precision": 0.9322862129144852,
      "recall": 0.9981315396113603,
      "roc_auc": 0.9997372688370486,
      "pr_auc": 0.9996977653081429,
      "mae": 0.09753857708886005,
      "rmse": 0.1793622164863163,
      "ece": 0.09467934103904513,
      "mce": 0.5550788566416117,
      "round_time": 0.07246994972229004,
      "client_training_time": 0.051217079162597656,
      "edge_processing_wall_time": 0.0031418800354003906,
      "total_pure_processing_time": 0.0,
      "avg_processing_per_client": 0.0,
      "server_aggregation_time": 0.0010364055633544922,
      "internal_aggregation_time": 0.0,
      "evaluation_time": 0.014968156814575195,
      "clients_processed": 30
    },
    {
      "round": 3,
      "accuracy": 0.9641666666666666,
      "f1_score": 0.96131005938456,
      "precision": 0.9271086428323498,
      "recall": 0.9981315396113603,
      "roc_auc": 0.9996111308974546,
      "pr_auc": 0.999555328954891,
      "mae": 0.09655960407329714,
      "rmse": 0.18066443669670304,
      "ece": 0.09327144437583539,
      "mce": 0.596758243457908,
      "round_time": 0.06893324851989746,
      "client_training_time": 0.051862478256225586,
      "edge_processing_wall_time": 0.0020945072174072266,
      "total_pure_processing_time": 0.0,
      "avg_processing_per_client": 0.0,
      "server_aggregation_time": 0.001043558120727539,
      "internal_aggregation_time": 0.0,
      "evaluation_time": 0.012887954711914062,
      "clients_processed": 30
    },
    {
      "round": 4,
      "accuracy": 0.9646666666666667,
      "f1_score": 0.9618155619596542,
      "precision": 0.9283727399165508,
      "recall": 0.9977578475336323,
      "roc_auc": 0.9997098377699711,
      "pr_auc": 0.9996681730678904,
      "mae": 0.09655394382421537,
      "rmse": 0.17876965591982277,
      "ece": 0.09366945680371581,
      "mce": 0.5811106017176149,
      "round_time": 0.07002854347229004,
      "client_training_time": 0.05338025093078613,
      "edge_processing_wall_time": 0.0021240711212158203,
      "total_pure_processing_time": 0.0,
      "avg_processing_per_client": 0.0,
      "server_aggregation_time": 0.0,
      "internal_aggregation_time": 0.0,
      "evaluation_time": 0.014524221420288086,
      "clients_processed": 30
    },
    {
      "round": 5,
      "accuracy": 0.9663333333333334,
      "f1_score": 0.9635379061371842,
      "precision": 0.931913407821229,
      "recall": 0.9973841554559043,
      "roc_auc": 0.999680945211615,
      "pr_auc": 0.9996331458209987,
      "mae": 0.09538530181459191,
      "rmse": 0.1776456476637488,
      "ece": 0.09223447326794167,
      "mce": 0.5685308071270909,
      "round_time": 0.07002973556518555,
      "client_training_time": 0.05257534980773926,
      "edge_processing_wall_time": 0.0030755996704101562,
      "total_pure_processing_time": 0.0,
      "avg_processing_per_client": 0.0,
      "server_aggregation_time": 0.0,
      "internal_aggregation_time": 0.0,
      "evaluation_time": 0.013966798782348633,
      "clients_processed": 30
    },
    {
      "round": 6,
      "accuracy": 0.964,
      "f1_score": 0.9611231101511879,
      "precision": 0.9270833333333334,
      "recall": 0.9977578475336323,
      "roc_auc": 0.9996801582547725,
      "pr_auc": 0.9996324701282552,
      "mae": 0.0974304936054215,
      "rmse": 0.18030139737946183,
      "ece": 0.09431572697100635,
      "mce": 0.5676879319612131,
      "round_time": 0.06793427467346191,
      "client_training_time": 0.05139327049255371,
      "edge_processing_wall_time": 0.0047130584716796875,
      "total_pure_processing_time": 0.0,
      "avg_processing_per_client": 0.0,
      "server_aggregation_time": 0.0,
      "internal_aggregation_time": 0.0,
      "evaluation_time": 0.011827945709228516,
      "clients_processed": 30
    },
    {
      "round": 7,
      "accuracy": 0.9638333333333333,
      "f1_score": 0.9609079445145019,
      "precision": 0.9276521739130434,
      "recall": 0.9966367713004485,
      "roc_auc": 0.9996266451894902,
      "pr_auc": 0.9995742842834006,
      "mae": 0.09663502181100667,
      "rmse": 0.17869181083431976,
      "ece": 0.09339687986600878,
      "mce": 0.5746308635744992,
      "round_time": 0.15663981437683105,
      "client_training_time": 0.10761761665344238,
      "edge_processing_wall_time": 0.004423856735229492,
      "total_pure_processing_time": 0.0,
      "avg_processing_per_client": 0.0,
      "server_aggregation_time": 0.002045869827270508,
      "internal_aggregation_time": 0.0,
      "evaluation_time": 0.041251182556152344,
      "clients_processed": 30
    },
    {
      "round": 8,
      "accuracy": 0.9653333333333334,
      "f1_score": 0.9625090122566691,
      "precision": 0.9296657381615598,
      "recall": 0.9977578475336323,
      "roc_auc": 0.9996604843337129,
      "pr_auc": 0.9996146418370834,
      "mae": 0.09695112574348079,
      "rmse": 0.17891788119809035,
      "ece": 0.09373087070481104,
      "mce": 0.5410183668834957,
      "round_time": 0.11735820770263672,
      "client_training_time": 0.10386419296264648,
      "edge_processing_wall_time": 0.0010080337524414062,
      "total_pure_processing_time": 0.0,
      "avg_processing_per_client": 0.0,
      "server_aggregation_time": 0.0010008811950683594,
      "internal_aggregation_time": 0.0,
      "evaluation_time": 0.011485099792480469,
      "clients_processed": 30
    },
    {
      "round": 9,
      "accuracy": 0.9641666666666666,
      "f1_score": 0.9613239791329375,
      "precision": 0.9268123482483525,
      "recall": 0.9985052316890882,
      "roc_auc": 0.9996473309122045,
      "pr_auc": 0.9995968627336942,
      "mae": 0.09899828337558532,
      "rmse": 0.1827763691935574,
      "ece": 0.09566247175955364,
      "mce": 0.573450445024105,
      "round_time": 0.11979413032531738,
      "client_training_time": 0.09608244895935059,
      "edge_processing_wall_time": 0.004971981048583984,
      "total_pure_processing_time": 0.0,
      "avg_processing_per_client": 0.0,
      "server_aggregation_time": 0.0,
      "internal_aggregation_time": 0.0,
      "evaluation_time": 0.017236709594726562,
      "clients_processed": 30
    },
    {
      "round": 10,
      "accuracy": 0.9673333333333334,
      "f1_score": 0.9645953757225434,
      "precision": 0.9335664335664335,
      "recall": 0.9977578475336323,
      "roc_auc": 0.9996591352648402,
      "pr_auc": 0.999612291795678,
      "mae": 0.09532502457940217,
      "rmse": 0.17634681148128567,
      "ece": 0.09208259665391859,
      "mce": 0.5413023536500062,
      "round_time": 0.0850839614868164,
      "client_training_time": 0.06709551811218262,
      "edge_processing_wall_time": 0.0020689964294433594,
      "total_pure_processing_time": 0.0,
      "avg_processing_per_client": 0.0,
      "server_aggregation_time": 0.0,
      "internal_aggregation_time": 0.0,
      "evaluation_time": 0.014911413192749023,
      "clients_processed": 30
    },
    {
      "round": 11,
      "accuracy": 0.9671666666666666,
      "f1_score": 0.9644340133598123,
      "precision": 0.932937478169752,
      "recall": 0.9981315396113603,
      "roc_auc": 0.9996966843484627,
      "pr_auc": 0.999653331679834,
      "mae": 0.09796222019154091,
      "rmse": 0.17899897730447314,
      "ece": 0.09491936152132284,
      "mce": 0.5460060698802413,
      "round_time": 0.07969379425048828,
      "client_training_time": 0.06263971328735352,
      "edge_processing_wall_time": 0.0011374950408935547,
      "total_pure_processing_time": 0.0,
      "avg_processing_per_client": 0.0,
      "server_aggregation_time": 0.0010063648223876953,
      "internal_aggregation_time": 0.0,
      "evaluation_time": 0.013898372650146484,
      "clients_processed": 30
    },
    {
      "round": 12,
      "accuracy": 0.9623333333333334,
      "f1_score": 0.9594109195402298,
      "precision": 0.923582295988935,
      "recall": 0.9981315396113603,
      "roc_auc": 0.9997008439774867,
      "pr_auc": 0.999658426387137,
      "mae": 0.09792177533628936,
      "rmse": 0.18196185257818548,
      "ece": 0.09503909675236694,
      "mce": 0.5749244647067896,
      "round_time": 0.08482718467712402,
      "client_training_time": 0.061774492263793945,
      "edge_processing_wall_time": 0.0030670166015625,
      "total_pure_processing_time": 0.0,
      "avg_processing_per_client": 0.0,
      "server_aggregation_time": 0.001512289047241211,
      "internal_aggregation_time": 0.0,
      "evaluation_time": 0.017005205154418945,
      "clients_processed": 30
    },
    {
      "round": 13,
      "accuracy": 0.9623333333333334,
      "f1_score": 0.959396334890406,
      "precision": 0.9238754325259516,
      "recall": 0.9977578475336323,
      "roc_auc": 0.999725689329225,
      "pr_auc": 0.9996873844257588,
      "mae": 0.09814323031591035,
      "rmse": 0.18129905933546223,
      "ece": 0.09537807649997321,
      "mce": 0.6173317940182902,
      "round_time": 0.08652019500732422,
      "client_training_time": 0.06332826614379883,
      "edge_processing_wall_time": 0.002070903778076172,
      "total_pure_processing_time": 0.0,
      "avg_processing_per_client": 0.0,
      "server_aggregation_time": 0.001003265380859375,
      "internal_aggregation_time": 0.0,
      "evaluation_time": 0.020117759704589844,
      "clients_processed": 30
    },
    {
      "round": 14,
      "accuracy": 0.9606666666666667,
      "f1_score": 0.9576605669178327,
      "precision": 0.9209799861973775,
      "recall": 0.9973841554559043,
      "roc_auc": 0.9995914569763948,
      "pr_auc": 0.9995321448627879,
      "mae": 0.09814407819212648,
      "rmse": 0.18438817287491205,
      "ece": 0.09470696893218669,
      "mce": 0.5998622389745332,
      "round_time": 0.1786365509033203,
      "client_training_time": 0.152235746383667,
      "edge_processing_wall_time": 0.005122661590576172,
      "total_pure_processing_time": 0.0,
      "avg_processing_per_client": 0.0,
      "server_aggregation_time": 0.002086639404296875,
      "internal_aggregation_time": 0.0,
      "evaluation_time": 0.01819753646850586,
      "clients_processed": 30
    },
    {
      "round": 15,
      "accuracy": 0.9651666666666666,
      "f1_score": 0.9623355559560282,
      "precision": 0.9293421510616081,
      "recall": 0.9977578475336323,
      "roc_auc": 0.999685217263045,
      "pr_auc": 0.9996391473815693,
      "mae": 0.09528835313060266,
      "rmse": 0.1773013335186564,
      "ece": 0.09214391243695538,
      "mce": 0.5706086558575574,
      "round_time": 0.08878850936889648,
      "client_training_time": 0.07239055633544922,
      "edge_processing_wall_time": 0.002283811569213867,
      "total_pure_processing_time": 0.0,
      "avg_processing_per_client": 0.0,
      "server_aggregation_time": 0.001009225845336914,
      "internal_aggregation_time": 0.0,
      "evaluation_time": 0.013104915618896484,
      "clients_processed": 30
    },
    {
      "round": 16,
      "accuracy": 0.964,
      "f1_score": 0.9611091105509543,
      "precision": 0.9273801250868658,
      "recall": 0.9973841554559043,
      "roc_auc": 0.9996547507910041,
      "pr_auc": 0.9996059659524792,
      "mae": 0.09737364423036164,
      "rmse": 0.18015980238479562,
      "ece": 0.09423040815431068,
      "mce": 0.5620846480674317,
      "round_time": 0.06958651542663574,
      "client_training_time": 0.05187511444091797,
      "edge_processing_wall_time": 0.0032219886779785156,
      "total_pure_processing_time": 0.0,
      "avg_processing_per_client": 0.0,
      "server_aggregation_time": 0.0010266304016113281,
      "internal_aggregation_time": 0.0,
      "evaluation_time": 0.01346278190612793,
      "clients_processed": 30
    },
    {
      "round": 17,
      "accuracy": 0.9661666666666666,
      "f1_score": 0.9633904418394951,
      "precision": 0.9309864064133845,
      "recall": 0.9981315396113603,
      "roc_auc": 0.9996957849692143,
      "pr_auc": 0.9996499561379076,
      "mae": 0.09765615203291732,
      "rmse": 0.17932748907511356,
      "ece": 0.0945541505521047,
      "mce": 0.5428816702522636,
      "round_time": 0.07250666618347168,
      "client_training_time": 0.058379173278808594,
      "edge_processing_wall_time": 0.0010144710540771484,
      "total_pure_processing_time": 0.0,
      "avg_processing_per_client": 0.0,
      "server_aggregation_time": 0.0,
      "internal_aggregation_time": 0.0,
      "evaluation_time": 0.012066841125488281,
      "clients_processed": 30
    },
    {
      "round": 18,
      "accuracy": 0.9646666666666667,
      "f1_score": 0.9618018018018017,
      "precision": 0.9286708420320111,
      "recall": 0.9973841554559043,
      "roc_auc": 0.999676785582591,
      "pr_auc": 0.9996329628907147,
      "mae": 0.0978404274789998,
      "rmse": 0.18050446461563177,
      "ece": 0.09488476435100639,
      "mce": 0.5529276851680933,
      "round_time": 0.0697927474975586,
      "client_training_time": 0.053070783615112305,
      "edge_processing_wall_time": 0.00209808349609375,
      "total_pure_processing_time": 0.0,
      "avg_processing_per_client": 0.0,
      "server_aggregation_time": 0.0,
      "internal_aggregation_time": 0.0,
      "evaluation_time": 0.014623880386352539,
      "clients_processed": 30
    },
    {
      "round": 19,
      "accuracy": 0.9646666666666667,
      "f1_score": 0.9618155619596542,
      "precision": 0.9283727399165508,
      "recall": 0.9977578475336323,
      "roc_auc": 0.999681170056427,
      "pr_auc": 0.9996368525600078,
      "mae": 0.0987809001999216,
      "rmse": 0.18169752563042815,
      "ece": 0.09578095854599732,
      "mce": 0.5708423413087939,
      "round_time": 0.06813430786132812,
      "client_training_time": 0.0513303279876709,
      "edge_processing_wall_time": 0.002158641815185547,
      "total_pure_processing_time": 0.0,
      "avg_processing_per_client": 0.0,
      "server_aggregation_time": 0.0,
      "internal_aggregation_time": 0.0,
      "evaluation_time": 0.013451814651489258,
      "clients_processed": 30
    },
    {
      "round": 20,
      "accuracy": 0.9661666666666666,
      "f1_score": 0.963377232545553,
      "precision": 0.9312870596442274,
      "recall": 0.9977578475336323,
      "roc_auc": 0.999703542115232,
      "pr_auc": 0.9996622108424643,
      "mae": 0.09505402109612467,
      "rmse": 0.17727989488021234,
      "ece": 0.09200060230249565,
      "mce": 0.5528298904961266,
      "round_time": 0.06905579566955566,
      "client_training_time": 0.051294565200805664,
      "edge_processing_wall_time": 0.0030035972595214844,
      "total_pure_processing_time": 0.0,
      "avg_processing_per_client": 0.0,
      "server_aggregation_time": 0.0,
      "internal_aggregation_time": 0.0,
      "evaluation_time": 0.013333797454833984,
      "clients_processed": 30
    }
  ],
  "final_statistics": {
    "final_accuracy": 0.9661666666666666,
    "best_accuracy": 0.9673333333333334,
    "total_time": 1.7739589214324951,
    "avg_round_time": 0.08827528953552247,
    "avg_client_training_time": 0.06827583312988281,
    "avg_edge_processing_wall_time": 0.002743804454803467,
    "avg_pure_processing_time": 0.0,
    "avg_processing_per_client": 0.0,
    "avg_server_aggregation_time": 0.0006902694702148437,
    "avg_internal_aggregation_time": 0.0,
    "avg_evaluation_time": 0.01583973169326782
  },
  "timing_statistics": {
    "total_client_training_time": 1.3655166625976562,
    "total_edge_processing_wall_time": 0.054876089096069336,
    "total_pure_processing_time": 0.0,
    "total_server_aggregation_time": 0.013805389404296875,
    "total_internal_aggregation_time": 0.0,
    "total_evaluation_time": 0.31679463386535645,
    "total_time": 1.7739589214324951,
    "avg_round_time": 0.08827528953552247,
    "avg_client_training_time": 0.06827583312988281,
    "avg_edge_processing_wall_time": 0.002743804454803467,
    "avg_pure_processing_time": 0.0,
    "avg_processing_per_client": 0.0,
    "avg_server_aggregation_time": 0.0006902694702148437,
    "avg_internal_aggregation_time": 0.0,
    "avg_evaluation_time": 0.01583973169326782
  },
  "architecture": {
    "clients": 30,
    "edge_devices": 30,
    "cloud_servers": 1,
    "data_flow": "Client \u2192 Edge \u2192 Cloud \u2192 Edge \u2192 Client"
  }
}