{
  "pipeline_type": "plaintext_edge_device_fl",
  "configuration": {
    "rounds": 50,
    "clients": 60,
    "patience": 999
  },
  "results": [
    {
      "round": 1,
      "accuracy": 0.9865833333333334,
      "f1_score": 0.9862027594481104,
      "precision": 0.9772418478260869,
      "recall": 0.9953295277633627,
      "roc_auc": 0.99963056337361,
      "pr_auc": 0.9996446026865262,
      "mae": 0.09332585663696571,
      "rmse": 0.15995401841560172,
      "ece": 0.08944122922237402,
      "mce": 0.47289930661594837,
      "round_time": 0.1449270248413086,
      "client_training_time": 0.11190581321716309,
      "edge_processing_wall_time": 0.0067021846771240234,
      "total_pure_processing_time": 0.0,
      "avg_processing_per_client": 0.0,
      "server_aggregation_time": 0.0011126995086669922,
      "internal_aggregation_time": 0.0,
      "evaluation_time": 0.025206327438354492,
      "clients_processed": 60
    },
    {
      "round": 2,
      "accuracy": 0.9883333333333333,
      "f1_score": 0.9879807692307693,
      "precision": 0.9807397306971195,
      "recall": 0.9953295277633627,
      "roc_auc": 0.9997019084230522,
      "pr_auc": 0.9997040039697399,
      "mae": 0.09242009809072083,
      "rmse": 0.15879809865962083,
      "ece": 0.08793458708619298,
      "mce": 0.3983044855273763,
      "round_time": 0.2414541244506836,
      "client_training_time": 0.2044997215270996,
      "edge_processing_wall_time": 0.006518363952636719,
      "total_pure_processing_time": 0.0,
      "avg_processing_per_client": 0.0,
      "server_aggregation_time": 0.0,
      "internal_aggregation_time": 0.0,
      "evaluation_time": 0.029439210891723633,
      "clients_processed": 60
    },
    {
      "round": 3,
      "accuracy": 0.9889166666666667,
      "f1_score": 0.9885787891799055,
      "precision": 0.9815825375170532,
      "recall": 0.9956754886697803,
      "roc_auc": 0.999720294028386,
      "pr_auc": 0.9997248252607323,
      "mae": 0.09339803248559421,
      "rmse": 0.16018850414785402,
      "ece": 0.08954877962395108,
      "mce": 0.4240924579678205,
      "round_time": 0.11794805526733398,
      "client_training_time": 0.096343994140625,
      "edge_processing_wall_time": 0.004323482513427734,
      "total_pure_processing_time": 0.0,
      "avg_processing_per_client": 0.0,
      "server_aggregation_time": 0.0009965896606445312,
      "internal_aggregation_time": 0.0,
      "evaluation_time": 0.01628398895263672,
      "clients_processed": 60
    },
    {
      "round": 4,
      "accuracy": 0.9895,
      "f1_score": 0.9891696750902527,
      "precision": 0.9830855971296771,
      "recall": 0.9953295277633627,
      "roc_auc": 0.9997054130921477,
      "pr_auc": 0.999708783905177,
      "mae": 0.09102238768674283,
      "rmse": 0.15568235097580152,
      "ece": 0.0875244756585007,
      "mce": 0.455933990086216,
      "round_time": 0.16876459121704102,
      "client_training_time": 0.1444077491760254,
      "edge_processing_wall_time": 0.0065860748291015625,
      "total_pure_processing_time": 0.0,
      "avg_processing_per_client": 0.0,
      "server_aggregation_time": 0.0013804435729980469,
      "internal_aggregation_time": 0.0,
      "evaluation_time": 0.016390323638916016,
      "clients_processed": 60
    },
    {
      "round": 5,
      "accuracy": 0.9895833333333334,
      "f1_score": 0.9892547064385799,
      "precision": 0.9832535885167464,
      "recall": 0.9953295277633627,
      "roc_auc": 0.9997179853971565,
      "pr_auc": 0.9997189153250563,
      "mae": 0.09128992133135654,
      "rmse": 0.15603505071776358,
      "ece": 0.08714559042906804,
      "mce": 0.4158052519690443,
      "round_time": 0.12665772438049316,
      "client_training_time": 0.10337471961975098,
      "edge_processing_wall_time": 0.0033364295959472656,
      "total_pure_processing_time": 0.0,
      "avg_processing_per_client": 0.0,
      "server_aggregation_time": 0.0,
      "internal_aggregation_time": 0.0,
      "evaluation_time": 0.017720699310302734,
      "clients_processed": 60
    },
    {
      "round": 6,
      "accuracy": 0.9891666666666666,
      "f1_score": 0.9888277758679959,
      "precision": 0.9825789923142613,
      "recall": 0.9951565473101539,
      "roc_auc": 0.9997096409469293,
      "pr_auc": 0.9997134192683843,
      "mae": 0.0923792439540759,
      "rmse": 0.1575936318731491,
      "ece": 0.08875992021122131,
      "mce": 0.4791915350374627,
      "round_time": 0.1565687656402588,
      "client_training_time": 0.13245654106140137,
      "edge_processing_wall_time": 0.007547616958618164,
      "total_pure_processing_time": 0.0,
      "avg_processing_per_client": 0.0,
      "server_aggregation_time": 0.0,
      "internal_aggregation_time": 0.0,
      "evaluation_time": 0.016564607620239258,
      "clients_processed": 60
    },
    {
      "round": 7,
      "accuracy": 0.98875,
      "f1_score": 0.9884090323688504,
      "precision": 0.9812478690760313,
      "recall": 0.9956754886697803,
      "roc_auc": 0.9996876115983296,
      "pr_auc": 0.9996943452122986,
      "mae": 0.09186535208662135,
      "rmse": 0.15801284126488416,
      "ece": 0.08808924642289262,
      "mce": 0.4474224983934744,
      "round_time": 0.14350390434265137,
      "client_training_time": 0.11992168426513672,
      "edge_processing_wall_time": 0.005493879318237305,
      "total_pure_processing_time": 0.0,
      "avg_processing_per_client": 0.0,
      "server_aggregation_time": 0.0010080337524414062,
      "internal_aggregation_time": 0.0,
      "evaluation_time": 0.017080307006835938,
      "clients_processed": 60
    },
    {
      "round": 8,
      "accuracy": 0.98825,
      "f1_score": 0.9879021879021879,
      "precision": 0.9800817160367722,
      "recall": 0.9958484691229891,
      "roc_auc": 0.9997133125050293,
      "pr_auc": 0.9997157530426695,
      "mae": 0.09334011752810709,
      "rmse": 0.16048170683810706,
      "ece": 0.08922482679746763,
      "mce": 0.4021046849325846,
      "round_time": 0.13326454162597656,
      "client_training_time": 0.1170811653137207,
      "edge_processing_wall_time": 0.0034017562866210938,
      "total_pure_processing_time": 0.0,
      "avg_processing_per_client": 0.0,
      "server_aggregation_time": 0.0,
      "internal_aggregation_time": 0.0,
      "evaluation_time": 0.012781620025634766,
      "clients_processed": 60
    },
    {
      "round": 9,
      "accuracy": 0.987,
      "f1_score": 0.9866323907455012,
      "precision": 0.9775853285787061,
      "recall": 0.9958484691229891,
      "roc_auc": 0.9996633292481687,
      "pr_auc": 0.9996732034360659,
      "mae": 0.09344859191455271,
      "rmse": 0.15978441472591018,
      "ece": 0.08957751399756146,
      "mce": 0.47498079197831033,
      "round_time": 0.15318965911865234,
      "client_training_time": 0.12424254417419434,
      "edge_processing_wall_time": 0.004224300384521484,
      "total_pure_processing_time": 0.0,
      "avg_processing_per_client": 0.0,
      "server_aggregation_time": 0.0,
      "internal_aggregation_time": 0.0,
      "evaluation_time": 0.023640871047973633,
      "clients_processed": 60
    },
    {
      "round": 10,
      "accuracy": 0.9899166666666667,
      "f1_score": 0.9895949780720612,
      "precision": 0.9839261285909713,
      "recall": 0.9953295277633627,
      "roc_auc": 0.9997596242037899,
      "pr_auc": 0.9997588013948663,
      "mae": 0.09174896791222871,
      "rmse": 0.15692751867317362,
      "ece": 0.08839913310372538,
      "mce": 0.4619262339576111,
      "round_time": 0.15310359001159668,
      "client_training_time": 0.12440371513366699,
      "edge_processing_wall_time": 0.006291389465332031,
      "total_pure_processing_time": 0.0,
      "avg_processing_per_client": 0.0,
      "server_aggregation_time": 0.0,
      "internal_aggregation_time": 0.0,
      "evaluation_time": 0.021200895309448242,
      "clients_processed": 60
    },
    {
      "round": 11,
      "accuracy": 0.9893333333333333,
      "f1_score": 0.9889996562392575,
      "precision": 0.9827497865072587,
      "recall": 0.9953295277633627,
      "roc_auc": 0.9997231867711315,
      "pr_auc": 0.999724727307614,
      "mae": 0.09193523937455725,
      "rmse": 0.15778677851125367,
      "ece": 0.0885532960158273,
      "mce": 0.4686356305574386,
      "round_time": 0.13300704956054688,
      "client_training_time": 0.11185359954833984,
      "edge_processing_wall_time": 0.0049479007720947266,
      "total_pure_processing_time": 0.0,
      "avg_processing_per_client": 0.0,
      "server_aggregation_time": 0.0,
      "internal_aggregation_time": 0.0,
      "evaluation_time": 0.016205549240112305,
      "clients_processed": 60
    },
    {
      "round": 12,
      "accuracy": 0.988,
      "f1_score": 0.9876500857632933,
      "precision": 0.9794182684129954,
      "recall": 0.9960214495761979,
      "roc_auc": 0.999711365466643,
      "pr_auc": 0.9997151942316427,
      "mae": 0.09131225744986045,
      "rmse": 0.15706554899212788,
      "ece": 0.08717911069684363,
      "mce": 0.45002816821403807,
      "round_time": 0.13056564331054688,
      "client_training_time": 0.1042335033416748,
      "edge_processing_wall_time": 0.006011009216308594,
      "total_pure_processing_time": 0.0,
      "avg_processing_per_client": 0.0,
      "server_aggregation_time": 0.0020475387573242188,
      "internal_aggregation_time": 0.0,
      "evaluation_time": 0.018273591995239258,
      "clients_processed": 60
    },
    {
      "round": 13,
      "accuracy": 0.98825,
      "f1_score": 0.9878980345034761,
      "precision": 0.9804088586030665,
      "recall": 0.9955025082165715,
      "roc_auc": 0.9997112542073066,
      "pr_auc": 0.9997130557184446,
      "mae": 0.09303955251380569,
      "rmse": 0.1589779077874344,
      "ece": 0.0890191640974441,
      "mce": 0.45135394921900895,
      "round_time": 0.1272892951965332,
      "client_training_time": 0.10661530494689941,
      "edge_processing_wall_time": 0.008476972579956055,
      "total_pure_processing_time": 0.0,
      "avg_processing_per_client": 0.0,
      "server_aggregation_time": 0.0,
      "internal_aggregation_time": 0.0,
      "evaluation_time": 0.011157751083374023,
      "clients_processed": 60
    },
    {
      "round": 14,
      "accuracy": 0.9878333333333333,
      "f1_score": 0.9874721125793718,
      "precision": 0.9797377830750894,
      "recall": 0.9953295277633627,
      "roc_auc": 0.9997024925345681,
      "pr_auc": 0.9997083234906317,
      "mae": 0.09233921621037909,
      "rmse": 0.1585119607945433,
      "ece": 0.08890366596700425,
      "mce": 0.4923762486869811,
      "round_time": 0.1549985408782959,
      "client_training_time": 0.12770843505859375,
      "edge_processing_wall_time": 0.005471467971801758,
      "total_pure_processing_time": 0.0,
      "avg_processing_per_client": 0.0,
      "server_aggregation_time": 0.001394033432006836,
      "internal_aggregation_time": 0.0,
      "evaluation_time": 0.020424604415893555,
      "clients_processed": 60
    },
    {
      "round": 15,
      "accuracy": 0.9884166666666667,
      "f1_score": 0.9880696935885331,
      "precision": 0.9805792163543441,
      "recall": 0.9956754886697803,
      "roc_auc": 0.9997489711223333,
      "pr_auc": 0.9997483984926946,
      "mae": 0.09121238915324685,
      "rmse": 0.15818518531206296,
      "ece": 0.08709160423394098,
      "mce": 0.45875964117537177,
      "round_time": 0.12843775749206543,
      "client_training_time": 0.1127784252166748,
      "edge_processing_wall_time": 0.0072154998779296875,
      "total_pure_processing_time": 0.0,
      "avg_processing_per_client": 0.0,
      "server_aggregation_time": 0.00063323974609375,
      "internal_aggregation_time": 0.0,
      "evaluation_time": 0.0078105926513671875,
      "clients_processed": 60
    },
    {
      "round": 16,
      "accuracy": 0.9875833333333334,
      "f1_score": 0.9872223651487866,
      "precision": 0.9789115646258504,
      "recall": 0.9956754886697803,
      "roc_auc": 0.9996765134795276,
      "pr_auc": 0.9996823993846686,
      "mae": 0.0929693672448963,
      "rmse": 0.15909123829769278,
      "ece": 0.08878733651919979,
      "mce": 0.4231152276393182,
      "round_time": 0.1549546718597412,
      "client_training_time": 0.1181025505065918,
      "edge_processing_wall_time": 0.00646519660949707,
      "total_pure_processing_time": 0.0,
      "avg_processing_per_client": 0.0,
      "server_aggregation_time": 0.0,
      "internal_aggregation_time": 0.0,
      "evaluation_time": 0.017815828323364258,
      "clients_processed": 60
    },
    {
      "round": 17,
      "accuracy": 0.9863333333333333,
      "f1_score": 0.9859564994005823,
      "precision": 0.9762591148041377,
      "recall": 0.9958484691229891,
      "roc_auc": 0.9996355144140782,
      "pr_auc": 0.9996486631739193,
      "mae": 0.09456063199113214,
      "rmse": 0.16247801018726798,
      "ece": 0.09009470631792675,
      "mce": 0.43725454707389855,
      "round_time": 0.13304972648620605,
      "client_training_time": 0.11157846450805664,
      "edge_processing_wall_time": 0.0048923492431640625,
      "total_pure_processing_time": 0.0,
      "avg_processing_per_client": 0.0,
      "server_aggregation_time": 0.0018222332000732422,
      "internal_aggregation_time": 0.0,
      "evaluation_time": 0.01475667953491211,
      "clients_processed": 60
    },
    {
      "round": 18,
      "accuracy": 0.9898333333333333,
      "f1_score": 0.9895098882201204,
      "precision": 0.9837579073345871,
      "recall": 0.9953295277633627,
      "roc_auc": 0.9997079720568839,
      "pr_auc": 0.9997123375091981,
      "mae": 0.09194124401385124,
      "rmse": 0.15669405536811745,
      "ece": 0.08837449783636311,
      "mce": 0.44592795778497274,
      "round_time": 0.14212775230407715,
      "client_training_time": 0.11855268478393555,
      "edge_processing_wall_time": 0.010926485061645508,
      "total_pure_processing_time": 0.0,
      "avg_processing_per_client": 0.0,
      "server_aggregation_time": 0.0010595321655273438,
      "internal_aggregation_time": 0.0,
      "evaluation_time": 0.010580062866210938,
      "clients_processed": 60
    },
    {
      "round": 19,
      "accuracy": 0.9889166666666667,
      "f1_score": 0.9885748647023451,
      "precision": 0.9819112627986348,
      "recall": 0.9953295277633627,
      "roc_auc": 0.9996489211641099,
      "pr_auc": 0.9996560197399523,
      "mae": 0.0937805848324679,
      "rmse": 0.1601714234015325,
      "ece": 0.08826423368740138,
      "mce": 0.38790459706357305,
      "round_time": 0.1397552490234375,
      "client_training_time": 0.12369894981384277,
      "edge_processing_wall_time": 0.003019094467163086,
      "total_pure_processing_time": 0.0,
      "avg_processing_per_client": 0.0,
      "server_aggregation_time": 0.0010352134704589844,
      "internal_aggregation_time": 0.0,
      "evaluation_time": 0.012001991271972656,
      "clients_processed": 60
    },
    {
      "round": 20,
      "accuracy": 0.9865833333333334,
      "f1_score": 0.9862051238111559,
      "precision": 0.9770797962648556,
      "recall": 0.9955025082165715,
      "roc_auc": 0.9996822433353502,
      "pr_auc": 0.999686575445331,
      "mae": 0.09403134294554145,
      "rmse": 0.15981990472605007,
      "ece": 0.08939835171242468,
      "mce": 0.4394106553408219,
      "round_time": 0.1326305866241455,
      "client_training_time": 0.11577916145324707,
      "edge_processing_wall_time": 0.0030782222747802734,
      "total_pure_processing_time": 0.0,
      "avg_processing_per_client": 0.0,
      "server_aggregation_time": 0.0,
      "internal_aggregation_time": 0.0,
      "evaluation_time": 0.013773202896118164,
      "clients_processed": 60
    },
    {
      "round": 21,
      "accuracy": 0.9899166666666667,
      "f1_score": 0.9895949780720612,
      "precision": 0.9839261285909713,
      "recall": 0.9953295277633627,
      "roc_auc": 0.9997047455361294,
      "pr_auc": 0.9997102341244266,
      "mae": 0.09022567110599573,
      "rmse": 0.15499881086598938,
      "ece": 0.08677417062465953,
      "mce": 0.47406044188394836,
      "round_time": 0.15398168563842773,
      "client_training_time": 0.13010907173156738,
      "edge_processing_wall_time": 0.002914905548095703,
      "total_pure_processing_time": 0.0,
      "avg_processing_per_client": 0.0,
      "server_aggregation_time": 0.0,
      "internal_aggregation_time": 0.0,
      "evaluation_time": 0.01967787742614746,
      "clients_processed": 60
    },
    {
      "round": 22,
      "accuracy": 0.9881666666666666,
      "f1_score": 0.9878111587982833,
      "precision": 0.9804055205316068,
      "recall": 0.9953295277633627,
      "roc_auc": 0.9996934805283227,
      "pr_auc": 0.9996991311042263,
      "mae": 0.09186510730074333,
      "rmse": 0.15773195931748923,
      "ece": 0.08856870828388504,
      "mce": 0.4781601705891403,
      "round_time": 0.15386390686035156,
      "client_training_time": 0.1280820369720459,
      "edge_processing_wall_time": 0.004073619842529297,
      "total_pure_processing_time": 0.0,
      "avg_processing_per_client": 0.0,
      "server_aggregation_time": 0.0010116100311279297,
      "internal_aggregation_time": 0.0,
      "evaluation_time": 0.020326852798461914,
      "clients_processed": 60
    },
    {
      "round": 23,
      "accuracy": 0.9886666666666667,
      "f1_score": 0.9883201648917898,
      "precision": 0.9814088350673716,
      "recall": 0.9953295277633627,
      "roc_auc": 0.999709223724418,
      "pr_auc": 0.9997117141795056,
      "mae": 0.09153915084408644,
      "rmse": 0.1569193599451034,
      "ece": 0.08749314208482638,
      "mce": 0.4070418130659619,
      "round_time": 0.1486217975616455,
      "client_training_time": 0.1219785213470459,
      "edge_processing_wall_time": 0.005788564682006836,
      "total_pure_processing_time": 0.0,
      "avg_processing_per_client": 0.0,
      "server_aggregation_time": 0.0,
      "internal_aggregation_time": 0.0,
      "evaluation_time": 0.01979541778564453,
      "clients_processed": 60
    },
    {
      "round": 24,
      "accuracy": 0.9875,
      "f1_score": 0.9871377122277483,
      "precision": 0.9787451113756164,
      "recall": 0.9956754886697803,
      "roc_auc": 0.9996945653068523,
      "pr_auc": 0.9996991472408681,
      "mae": 0.09161379354438635,
      "rmse": 0.15803114540938124,
      "ece": 0.08818837739968349,
      "mce": 0.47550954515726074,
      "round_time": 0.14922738075256348,
      "client_training_time": 0.11876678466796875,
      "edge_processing_wall_time": 0.008206367492675781,
      "total_pure_processing_time": 0.0,
      "avg_processing_per_client": 0.0,
      "server_aggregation_time": 0.001008749008178711,
      "internal_aggregation_time": 0.0,
      "evaluation_time": 0.021245479583740234,
      "clients_processed": 60
    },
    {
      "round": 25,
      "accuracy": 0.9875833333333334,
      "f1_score": 0.9872223651487866,
      "precision": 0.9789115646258504,
      "recall": 0.9956754886697803,
      "roc_auc": 0.9997058859443271,
      "pr_auc": 0.9997097404248827,
      "mae": 0.09355157156178469,
      "rmse": 0.1603308901287128,
      "ece": 0.08995902430890347,
      "mce": 0.47391173229599104,
      "round_time": 0.14130854606628418,
      "client_training_time": 0.1179189682006836,
      "edge_processing_wall_time": 0.006145477294921875,
      "total_pure_processing_time": 0.0,
      "avg_processing_per_client": 0.0,
      "server_aggregation_time": 0.0,
      "internal_aggregation_time": 0.0,
      "evaluation_time": 0.01724410057067871,
      "clients_processed": 60
    },
    {
      "round": 26,
      "accuracy": 0.9885833333333334,
      "f1_score": 0.9882352941176471,
      "precision": 0.9812414733969986,
      "recall": 0.9953295277633627,
      "roc_auc": 0.9997433247110128,
      "pr_auc": 0.9997427027984308,
      "mae": 0.09154688563931958,
      "rmse": 0.15755965261467902,
      "ece": 0.0874562434858777,
      "mce": 0.42774626127938525,
      "round_time": 0.13710522651672363,
      "client_training_time": 0.11578249931335449,
      "edge_processing_wall_time": 0.0030357837677001953,
      "total_pure_processing_time": 0.0,
      "avg_processing_per_client": 0.0,
      "server_aggregation_time": 0.0,
      "internal_aggregation_time": 0.0,
      "evaluation_time": 0.018286943435668945,
      "clients_processed": 60
    },
    {
      "round": 27,
      "accuracy": 0.988,
      "f1_score": 0.9876416065911432,
      "precision": 0.9800715380684721,
      "recall": 0.9953295277633627,
      "roc_auc": 0.9997332557410722,
      "pr_auc": 0.9997341640623475,
      "mae": 0.09318303361218452,
      "rmse": 0.15859527580367933,
      "ece": 0.08971681995397342,
      "mce": 0.4979517021994264,
      "round_time": 0.14197015762329102,
      "client_training_time": 0.11995863914489746,
      "edge_processing_wall_time": 0.004503726959228516,
      "total_pure_processing_time": 0.0,
      "avg_processing_per_client": 0.0,
      "server_aggregation_time": 0.0,
      "internal_aggregation_time": 0.0,
      "evaluation_time": 0.01750779151916504,
      "clients_processed": 60
    },
    {
      "round": 28,
      "accuracy": 0.98825,
      "f1_score": 0.9878959567344836,
      "precision": 0.9805725971370143,
      "recall": 0.9953295277633627,
      "roc_auc": 0.999680045963457,
      "pr_auc": 0.9996861630601357,
      "mae": 0.09288369101445781,
      "rmse": 0.15920005332129236,
      "ece": 0.08898130155620294,
      "mce": 0.42871433629061484,
      "round_time": 0.1349503993988037,
      "client_training_time": 0.10568547248840332,
      "edge_processing_wall_time": 0.006762027740478516,
      "total_pure_processing_time": 0.0,
      "avg_processing_per_client": 0.0,
      "server_aggregation_time": 0.001613616943359375,
      "internal_aggregation_time": 0.0,
      "evaluation_time": 0.0208892822265625,
      "clients_processed": 60
    },
    {
      "round": 29,
      "accuracy": 0.9896666666666667,
      "f1_score": 0.989341585009455,
      "precision": 0.9832564496839228,
      "recall": 0.9955025082165715,
      "roc_auc": 0.9997083614645612,
      "pr_auc": 0.9997113550688494,
      "mae": 0.09156443539131329,
      "rmse": 0.15658161995384628,
      "ece": 0.08791836065116229,
      "mce": 0.46298746706760197,
      "round_time": 0.14773988723754883,
      "client_training_time": 0.12181282043457031,
      "edge_processing_wall_time": 0.007617950439453125,
      "total_pure_processing_time": 0.0,
      "avg_processing_per_client": 0.0,
      "server_aggregation_time": 0.001068115234375,
      "internal_aggregation_time": 0.0,
      "evaluation_time": 0.01724100112915039,
      "clients_processed": 60
    },
    {
      "round": 30,
      "accuracy": 0.9871666666666666,
      "f1_score": 0.9868015083990401,
      "precision": 0.9779174452182776,
      "recall": 0.9958484691229891,
      "roc_auc": 0.9996962620117318,
      "pr_auc": 0.9997024595290535,
      "mae": 0.0915447534379418,
      "rmse": 0.15756140822282413,
      "ece": 0.08800001213061054,
      "mce": 0.47268128267277115,
      "round_time": 0.14972209930419922,
      "client_training_time": 0.12701678276062012,
      "edge_processing_wall_time": 0.0032281875610351562,
      "total_pure_processing_time": 0.0,
      "avg_processing_per_client": 0.0,
      "server_aggregation_time": 0.0,
      "internal_aggregation_time": 0.0,
      "evaluation_time": 0.018880128860473633,
      "clients_processed": 60
    },
    {
      "round": 31,
      "accuracy": 0.9896666666666667,
      "f1_score": 0.9893434169817806,
      "precision": 0.9830913748932536,
      "recall": 0.9956754886697803,
      "roc_auc": 0.9997051627586407,
      "pr_auc": 0.9997105891506661,
      "mae": 0.09220089049018962,
      "rmse": 0.15776270460169084,
      "ece": 0.08842404196546202,
      "mce": 0.4141113261492806,
      "round_time": 0.13829493522644043,
      "client_training_time": 0.11214184761047363,
      "edge_processing_wall_time": 0.005665779113769531,
      "total_pure_processing_time": 0.0,
      "avg_processing_per_client": 0.0,
      "server_aggregation_time": 0.0,
      "internal_aggregation_time": 0.0,
      "evaluation_time": 0.01877880096435547,
      "clients_processed": 60
    },
    {
      "round": 32,
      "accuracy": 0.9891666666666666,
      "f1_score": 0.9888277758679959,
      "precision": 0.9825789923142613,
      "recall": 0.9951565473101539,
      "roc_auc": 0.9997040779801112,
      "pr_auc": 0.9997039815552788,
      "mae": 0.0925529238247276,
      "rmse": 0.15812538085135977,
      "ece": 0.08761902308580047,
      "mce": 0.3827022765296888,
      "round_time": 0.12138485908508301,
      "client_training_time": 0.10880494117736816,
      "edge_processing_wall_time": 0.005780696868896484,
      "total_pure_processing_time": 0.0,
      "avg_processing_per_client": 0.0,
      "server_aggregation_time": 0.0,
      "internal_aggregation_time": 0.0,
      "evaluation_time": 0.006799221038818359,
      "clients_processed": 60
    },
    {
      "round": 33,
      "accuracy": 0.9863333333333333,
      "f1_score": 0.9859516875107076,
      "precision": 0.9765823858815544,
      "recall": 0.9955025082165715,
      "roc_auc": 0.999669587585839,
      "pr_auc": 0.9996765913078851,
      "mae": 0.09244748841445602,
      "rmse": 0.15892574224761796,
      "ece": 0.088798768971911,
      "mce": 0.4891356344368325,
      "round_time": 0.13904857635498047,
      "client_training_time": 0.11925196647644043,
      "edge_processing_wall_time": 0.0032308101654052734,
      "total_pure_processing_time": 0.0,
      "avg_processing_per_client": 0.0,
      "server_aggregation_time": 0.0,
      "internal_aggregation_time": 0.0,
      "evaluation_time": 0.016565799713134766,
      "clients_processed": 60
    },
    {
      "round": 34,
      "accuracy": 0.9875833333333334,
      "f1_score": 0.9872223651487866,
      "precision": 0.9789115646258504,
      "recall": 0.9956754886697803,
      "roc_auc": 0.999707081982193,
      "pr_auc": 0.9997121857743538,
      "mae": 0.09301305194099346,
      "rmse": 0.15928538028575723,
      "ece": 0.08968923325464917,
      "mce": 0.4815710040067652,
      "round_time": 0.14609980583190918,
      "client_training_time": 0.11255645751953125,
      "edge_processing_wall_time": 0.005480051040649414,
      "total_pure_processing_time": 0.0,
      "avg_processing_per_client": 0.0,
      "server_aggregation_time": 0.0029511451721191406,
      "internal_aggregation_time": 0.0,
      "evaluation_time": 0.025112152099609375,
      "clients_processed": 60
    },
    {
      "round": 35,
      "accuracy": 0.9886666666666667,
      "f1_score": 0.9883201648917898,
      "precision": 0.9814088350673716,
      "recall": 0.9953295277633627,
      "roc_auc": 0.9997205443618928,
      "pr_auc": 0.9997205497752382,
      "mae": 0.09184751701417451,
      "rmse": 0.15730624735812723,
      "ece": 0.08751295266345567,
      "mce": 0.4030512777393096,
      "round_time": 0.18111324310302734,
      "client_training_time": 0.15141916275024414,
      "edge_processing_wall_time": 0.0,
      "total_pure_processing_time": 0.0,
      "avg_processing_per_client": 0.0,
      "server_aggregation_time": 0.0,
      "internal_aggregation_time": 0.0,
      "evaluation_time": 0.029694080352783203,
      "clients_processed": 60
    },
    {
      "round": 36,
      "accuracy": 0.9896666666666667,
      "f1_score": 0.9893397524071527,
      "precision": 0.9834216373269526,
      "recall": 0.9953295277633627,
      "roc_auc": 0.9997216013255882,
      "pr_auc": 0.9997238414012322,
      "mae": 0.09049574399530073,
      "rmse": 0.15564330850723135,
      "ece": 0.08721967375609913,
      "mce": 0.4599561707528191,
      "round_time": 0.1762373447418213,
      "client_training_time": 0.14149785041809082,
      "edge_processing_wall_time": 0.0113983154296875,
      "total_pure_processing_time": 0.0,
      "avg_processing_per_client": 0.0,
      "server_aggregation_time": 0.0010175704956054688,
      "internal_aggregation_time": 0.0,
      "evaluation_time": 0.0223236083984375,
      "clients_processed": 60
    },
    {
      "round": 37,
      "accuracy": 0.9885833333333334,
      "f1_score": 0.9882413526735903,
      "precision": 0.9807495741056218,
      "recall": 0.9958484691229891,
      "roc_auc": 0.999722463585445,
      "pr_auc": 0.9997245732520335,
      "mae": 0.09282599794866618,
      "rmse": 0.15908614543321162,
      "ece": 0.08905279825390577,
      "mce": 0.4117804998312993,
      "round_time": 0.16727805137634277,
      "client_training_time": 0.13483715057373047,
      "edge_processing_wall_time": 0.004691362380981445,
      "total_pure_processing_time": 0.0,
      "avg_processing_per_client": 0.0,
      "server_aggregation_time": 0.0012121200561523438,
      "internal_aggregation_time": 0.0,
      "evaluation_time": 0.025541067123413086,
      "clients_processed": 60
    },
    {
      "round": 38,
      "accuracy": 0.9879166666666667,
      "f1_score": 0.9875568523127092,
      "precision": 0.9799046321525886,
      "recall": 0.9953295277633627,
      "roc_auc": 0.9996788777404253,
      "pr_auc": 0.9996844716277553,
      "mae": 0.09161794279483972,
      "rmse": 0.1575323088295994,
      "ece": 0.087518843117977,
      "mce": 0.44180153407039147,
      "round_time": 0.17031073570251465,
      "client_training_time": 0.1384739875793457,
      "edge_processing_wall_time": 0.0064885616302490234,
      "total_pure_processing_time": 0.0,
      "avg_processing_per_client": 0.0,
      "server_aggregation_time": 0.0,
      "internal_aggregation_time": 0.0,
      "evaluation_time": 0.02313065528869629,
      "clients_processed": 60
    },
    {
      "round": 39,
      "accuracy": 0.9874166666666667,
      "f1_score": 0.9870597309109607,
      "precision": 0.9780910326086957,
      "recall": 0.9961944300294067,
      "roc_auc": 0.999714480728061,
      "pr_auc": 0.9997197512571219,
      "mae": 0.09210620765842306,
      "rmse": 0.15882714456895053,
      "ece": 0.08857467948602693,
      "mce": 0.4466367581846674,
      "round_time": 0.14549565315246582,
      "client_training_time": 0.11606884002685547,
      "edge_processing_wall_time": 0.0042498111724853516,
      "total_pure_processing_time": 0.0,
      "avg_processing_per_client": 0.0,
      "server_aggregation_time": 0.0,
      "internal_aggregation_time": 0.0,
      "evaluation_time": 0.02396392822265625,
      "clients_processed": 60
    },
    {
      "round": 40,
      "accuracy": 0.9901666666666666,
      "f1_score": 0.9898503354550147,
      "precision": 0.9844311377245509,
      "recall": 0.9953295277633627,
      "roc_auc": 0.9996777095173934,
      "pr_auc": 0.9996830462075458,
      "mae": 0.09202938695512569,
      "rmse": 0.15714775426665575,
      "ece": 0.08771586469221022,
      "mce": 0.39194133528385816,
      "round_time": 0.18129253387451172,
      "client_training_time": 0.12694787979125977,
      "edge_processing_wall_time": 0.01043701171875,
      "total_pure_processing_time": 0.0,
      "avg_processing_per_client": 0.0,
      "server_aggregation_time": 0.002218484878540039,
      "internal_aggregation_time": 0.0,
      "evaluation_time": 0.040673017501831055,
      "clients_processed": 60
    },
    {
      "round": 41,
      "accuracy": 0.9884166666666667,
      "f1_score": 0.988071741182528,
      "precision": 0.9804155313351499,
      "recall": 0.9958484691229891,
      "roc_auc": 0.9997097522062657,
      "pr_auc": 0.9997139142592699,
      "mae": 0.09298445408474451,
      "rmse": 0.15954172570866332,
      "ece": 0.08903997244180933,
      "mce": 0.42286770307534544,
      "round_time": 0.402956485748291,
      "client_training_time": 0.3255188465118408,
      "edge_processing_wall_time": 0.011123418807983398,
      "total_pure_processing_time": 0.0,
      "avg_processing_per_client": 0.0,
      "server_aggregation_time": 0.0011043548583984375,
      "internal_aggregation_time": 0.0,
      "evaluation_time": 0.06520986557006836,
      "clients_processed": 60
    },
    {
      "round": 42,
      "accuracy": 0.9881666666666666,
      "f1_score": 0.9878153423717179,
      "precision": 0.9800783245360123,
      "recall": 0.9956754886697803,
      "roc_auc": 0.9996712008462163,
      "pr_auc": 0.9996785026406882,
      "mae": 0.09252061642737262,
      "rmse": 0.1584296293384014,
      "ece": 0.0886605322349162,
      "mce": 0.4708981164860736,
      "round_time": 0.6848297119140625,
      "client_training_time": 0.5600202083587646,
      "edge_processing_wall_time": 0.04016685485839844,
      "total_pure_processing_time": 0.0,
      "avg_processing_per_client": 0.0,
      "server_aggregation_time": 0.002989530563354492,
      "internal_aggregation_time": 0.0,
      "evaluation_time": 0.0803384780883789,
      "clients_processed": 60
    },
    {
      "round": 43,
      "accuracy": 0.98875,
      "f1_score": 0.9884090323688504,
      "precision": 0.9812478690760313,
      "recall": 0.9956754886697803,
      "roc_auc": 0.9996665835837572,
      "pr_auc": 0.9996765461618782,
      "mae": 0.09290862058832904,
      "rmse": 0.15780491251019627,
      "ece": 0.08956650436598497,
      "mce": 0.45791356776462183,
      "round_time": 0.6000039577484131,
      "client_training_time": 0.5114190578460693,
      "edge_processing_wall_time": 0.028322696685791016,
      "total_pure_processing_time": 0.0,
      "avg_processing_per_client": 0.0,
      "server_aggregation_time": 0.002020597457885742,
      "internal_aggregation_time": 0.0,
      "evaluation_time": 0.057233572006225586,
      "clients_processed": 60
    },
    {
      "round": 44,
      "accuracy": 0.9895833333333334,
      "f1_score": 0.9892547064385799,
      "precision": 0.9832535885167464,
      "recall": 0.9953295277633627,
      "roc_auc": 0.9997221298074359,
      "pr_auc": 0.999725136972534,
      "mae": 0.09170050711993499,
      "rmse": 0.15668761807436044,
      "ece": 0.08860238389101042,
      "mce": 0.4661749576169526,
      "round_time": 0.47746872901916504,
      "client_training_time": 0.38364577293395996,
      "edge_processing_wall_time": 0.016419410705566406,
      "total_pure_processing_time": 0.0,
      "avg_processing_per_client": 0.0,
      "server_aggregation_time": 0.0011620521545410156,
      "internal_aggregation_time": 0.0,
      "evaluation_time": 0.07624149322509766,
      "clients_processed": 60
    },
    {
      "round": 45,
      "accuracy": 0.9903333333333333,
      "f1_score": 0.9900257953568358,
      "precision": 0.9842708155240212,
      "recall": 0.9958484691229891,
      "roc_auc": 0.9997731422131579,
      "pr_auc": 0.9997723424478596,
      "mae": 0.09281538316049974,
      "rmse": 0.15826831659976376,
      "ece": 0.08930598289998379,
      "mce": 0.4305957013077769,
      "round_time": 0.6480059623718262,
      "client_training_time": 0.5351102352142334,
      "edge_processing_wall_time": 0.028899192810058594,
      "total_pure_processing_time": 0.0,
      "avg_processing_per_client": 0.0,
      "server_aggregation_time": 0.0012884140014648438,
      "internal_aggregation_time": 0.0,
      "evaluation_time": 0.07842302322387695,
      "clients_processed": 60
    },
    {
      "round": 46,
      "accuracy": 0.9884166666666667,
      "f1_score": 0.9880676452914413,
      "precision": 0.9807430129516019,
      "recall": 0.9955025082165715,
      "roc_auc": 0.9996848857445888,
      "pr_auc": 0.9996919213328455,
      "mae": 0.09177587309223494,
      "rmse": 0.15795570718176988,
      "ece": 0.08843856050162875,
      "mce": 0.4759323769321736,
      "round_time": 0.5264203548431396,
      "client_training_time": 0.4632437229156494,
      "edge_processing_wall_time": 0.021085262298583984,
      "total_pure_processing_time": 0.0,
      "avg_processing_per_client": 0.0,
      "server_aggregation_time": 0.0019271373748779297,
      "internal_aggregation_time": 0.0,
      "evaluation_time": 0.03875303268432617,
      "clients_processed": 60
    },
    {
      "round": 47,
      "accuracy": 0.99,
      "f1_score": 0.9896836313617606,
      "precision": 0.9837634592377371,
      "recall": 0.9956754886697803,
      "roc_auc": 0.9997133125050293,
      "pr_auc": 0.9997197149437638,
      "mae": 0.09232735198934518,
      "rmse": 0.15757338874514815,
      "ece": 0.08861612853283937,
      "mce": 0.39723815183063577,
      "round_time": 0.48456835746765137,
      "client_training_time": 0.41565632820129395,
      "edge_processing_wall_time": 0.02169489860534668,
      "total_pure_processing_time": 0.0,
      "avg_processing_per_client": 0.0,
      "server_aggregation_time": 0.004000186920166016,
      "internal_aggregation_time": 0.0,
      "evaluation_time": 0.04222750663757324,
      "clients_processed": 60
    },
    {
      "round": 48,
      "accuracy": 0.9859166666666667,
      "f1_score": 0.9855295830122442,
      "precision": 0.975754493048491,
      "recall": 0.9955025082165715,
      "roc_auc": 0.9996837175215569,
      "pr_auc": 0.9996875119607023,
      "mae": 0.09376793355044057,
      "rmse": 0.16008304205989515,
      "ece": 0.08946276835655409,
      "mce": 0.47788825253343126,
      "round_time": 0.47487592697143555,
      "client_training_time": 0.3673434257507324,
      "edge_processing_wall_time": 0.03502392768859863,
      "total_pure_processing_time": 0.0,
      "avg_processing_per_client": 0.0,
      "server_aggregation_time": 0.002438783645629883,
      "internal_aggregation_time": 0.0,
      "evaluation_time": 0.07006978988647461,
      "clients_processed": 60
    },
    {
      "round": 49,
      "accuracy": 0.9875,
      "f1_score": 0.9871355060034306,
      "precision": 0.9789079775472019,
      "recall": 0.9955025082165715,
      "roc_auc": 0.9996955944557135,
      "pr_auc": 0.9996989377390026,
      "mae": 0.0938486000190054,
      "rmse": 0.16087808823144265,
      "ece": 0.08986208525700978,
      "mce": 0.4522829530834547,
      "round_time": 0.5649290084838867,
      "client_training_time": 0.4401102066040039,
      "edge_processing_wall_time": 0.035977840423583984,
      "total_pure_processing_time": 0.0,
      "avg_processing_per_client": 0.0,
      "server_aggregation_time": 0.003355264663696289,
      "internal_aggregation_time": 0.0,
      "evaluation_time": 0.0844583511352539,
      "clients_processed": 60
    },
    {
      "round": 50,
      "accuracy": 0.9883333333333333,
      "f1_score": 0.9879807692307693,
      "precision": 0.9807397306971195,
      "recall": 0.9953295277633627,
      "roc_auc": 0.9996938977508341,
      "pr_auc": 0.9996999771172076,
      "mae": 0.09168807885590399,
      "rmse": 0.15653746875996344,
      "ece": 0.08796310163028982,
      "mce": 0.4737293811302741,
      "round_time": 0.5194473266601562,
      "client_training_time": 0.42371535301208496,
      "edge_processing_wall_time": 0.03224945068359375,
      "total_pure_processing_time": 0.0,
      "avg_processing_per_client": 0.0,
      "server_aggregation_time": 0.0,
      "internal_aggregation_time": 0.0,
      "evaluation_time": 0.06224417686462402,
      "clients_processed": 60
    }
  ],
  "final_statistics": {
    "final_accuracy": 0.9883333333333333,
    "best_accuracy": 0.9903333333333333,
    "total_time": 11.350540161132812,
    "avg_round_time": 0.22649501800537108,
    "avg_client_training_time": 0.18648867130279542,
    "avg_edge_processing_wall_time": 0.009911832809448242,
    "avg_pure_processing_time": 0.0,
    "avg_processing_per_client": 0.0,
    "avg_server_aggregation_time": 0.0008975458145141601,
    "avg_internal_aggregation_time": 0.0,
    "avg_evaluation_time": 0.02835970401763916
  },
  "timing_statistics": {
    "total_client_training_time": 9.32443356513977,
    "total_edge_processing_wall_time": 0.4955916404724121,
    "total_pure_processing_time": 0.0,
    "total_server_aggregation_time": 0.04487729072570801,
    "total_internal_aggregation_time": 0.0,
    "total_evaluation_time": 1.417985200881958,
    "total_time": 11.350540161132812,
    "avg_round_time": 0.22649501800537108,
    "avg_client_training_time": 0.18648867130279542,
    "avg_edge_processing_wall_time": 0.009911832809448242,
    "avg_pure_processing_time": 0.0,
    "avg_processing_per_client": 0.0,
    "avg_server_aggregation_time": 0.0008975458145141601,
    "avg_internal_aggregation_time": 0.0,
    "avg_evaluation_time": 0.02835970401763916
  },
  "architecture": {
    "clients": 60,
    "edge_devices": 60,
    "cloud_servers": 1,
    "data_flow": "Client \u2192 Edge \u2192 Cloud \u2192 Edge \u2192 Client"
  }
}