{
  "pipeline_type": "plaintext_edge_device_fl",
  "configuration": {
    "rounds": 40,
    "clients": 30,
    "patience": 999
  },
  "results": [
    {
      "round": 1,
      "accuracy": 0.9645,
      "f1_score": 0.9616147053523157,
      "precision": 0.9286460146188653,
      "recall": 0.9970104633781763,
      "roc_auc": 0.9996287812152054,
      "pr_auc": 0.9995784573139691,
      "mae": 0.09658910002619343,
      "rmse": 0.17894159286512684,
      "ece": 0.0934386481588402,
      "mce": 0.5770951309992762,
      "round_time": 0.08315849304199219,
      "client_training_time": 0.06004643440246582,
      "edge_processing_wall_time": 0.0030493736267089844,
      "total_pure_processing_time": 0.0,
      "avg_processing_per_client": 0.0,
      "server_aggregation_time": 0.0,
      "internal_aggregation_time": 0.0,
      "evaluation_time": 0.020062685012817383,
      "clients_processed": 30
    },
    {
      "round": 2,
      "accuracy": 0.9668333333333333,
      "f1_score": 0.9640859050712868,
      "precision": 0.9322862129144852,
      "recall": 0.9981315396113603,
      "roc_auc": 0.9997372688370486,
      "pr_auc": 0.9996977653081429,
      "mae": 0.09753857708886005,
      "rmse": 0.1793622164863163,
      "ece": 0.09467934103904513,
      "mce": 0.5550788566416117,
      "round_time": 0.0684518814086914,
      "client_training_time": 0.05469965934753418,
      "edge_processing_wall_time": 0.0020983219146728516,
      "total_pure_processing_time": 0.0,
      "avg_processing_per_client": 0.0,
      "server_aggregation_time": 0.0,
      "internal_aggregation_time": 0.0,
      "evaluation_time": 0.01048135757446289,
      "clients_processed": 30
    },
    {
      "round": 3,
      "accuracy": 0.9641666666666666,
      "f1_score": 0.96131005938456,
      "precision": 0.9271086428323498,
      "recall": 0.9981315396113603,
      "roc_auc": 0.9996111308974546,
      "pr_auc": 0.999555328954891,
      "mae": 0.09655960407329714,
      "rmse": 0.18066443669670304,
      "ece": 0.09327144437583539,
      "mce": 0.596758243457908,
      "round_time": 0.06834840774536133,
      "client_training_time": 0.051767587661743164,
      "edge_processing_wall_time": 0.0013194084167480469,
      "total_pure_processing_time": 0.0,
      "avg_processing_per_client": 0.0,
      "server_aggregation_time": 0.0,
      "internal_aggregation_time": 0.0,
      "evaluation_time": 0.01416015625,
      "clients_processed": 30
    },
    {
      "round": 4,
      "accuracy": 0.9646666666666667,
      "f1_score": 0.9618155619596542,
      "precision": 0.9283727399165508,
      "recall": 0.9977578475336323,
      "roc_auc": 0.9997098377699711,
      "pr_auc": 0.9996681730678904,
      "mae": 0.09655394382421537,
      "rmse": 0.17876965591982277,
      "ece": 0.09366945680371581,
      "mce": 0.5811106017176149,
      "round_time": 0.07294774055480957,
      "client_training_time": 0.05533599853515625,
      "edge_processing_wall_time": 0.0021555423736572266,
      "total_pure_processing_time": 0.0,
      "avg_processing_per_client": 0.0,
      "server_aggregation_time": 0.0010402202606201172,
      "internal_aggregation_time": 0.0,
      "evaluation_time": 0.013410568237304688,
      "clients_processed": 30
    },
    {
      "round": 5,
      "accuracy": 0.9663333333333334,
      "f1_score": 0.9635379061371842,
      "precision": 0.931913407821229,
      "recall": 0.9973841554559043,
      "roc_auc": 0.999680945211615,
      "pr_auc": 0.9996331458209987,
      "mae": 0.09538530181459191,
      "rmse": 0.1776456476637488,
      "ece": 0.09223447326794167,
      "mce": 0.5685308071270909,
      "round_time": 0.06792140007019043,
      "client_training_time": 0.051178693771362305,
      "edge_processing_wall_time": 0.004236698150634766,
      "total_pure_processing_time": 0.0,
      "avg_processing_per_client": 0.0,
      "server_aggregation_time": 0.0010263919830322266,
      "internal_aggregation_time": 0.0,
      "evaluation_time": 0.011479616165161133,
      "clients_processed": 30
    },
    {
      "round": 6,
      "accuracy": 0.964,
      "f1_score": 0.9611231101511879,
      "precision": 0.9270833333333334,
      "recall": 0.9977578475336323,
      "roc_auc": 0.9996801582547725,
      "pr_auc": 0.9996324701282552,
      "mae": 0.0974304936054215,
      "rmse": 0.18030139737946183,
      "ece": 0.09431572697100635,
      "mce": 0.5676879319612131,
      "round_time": 0.06732630729675293,
      "client_training_time": 0.0501706600189209,
      "edge_processing_wall_time": 0.0021970272064208984,
      "total_pure_processing_time": 0.0,
      "avg_processing_per_client": 0.0,
      "server_aggregation_time": 0.0,
      "internal_aggregation_time": 0.0,
      "evaluation_time": 0.012897253036499023,
      "clients_processed": 30
    },
    {
      "round": 7,
      "accuracy": 0.9638333333333333,
      "f1_score": 0.9609079445145019,
      "precision": 0.9276521739130434,
      "recall": 0.9966367713004485,
      "roc_auc": 0.9996266451894902,
      "pr_auc": 0.9995742842834006,
      "mae": 0.09663502181100667,
      "rmse": 0.17869181083431976,
      "ece": 0.09339687986600878,
      "mce": 0.5746308635744992,
      "round_time": 0.07236933708190918,
      "client_training_time": 0.05019044876098633,
      "edge_processing_wall_time": 0.004779338836669922,
      "total_pure_processing_time": 0.0,
      "avg_processing_per_client": 0.0,
      "server_aggregation_time": 0.0,
      "internal_aggregation_time": 0.0,
      "evaluation_time": 0.01609015464782715,
      "clients_processed": 30
    },
    {
      "round": 8,
      "accuracy": 0.9653333333333334,
      "f1_score": 0.9625090122566691,
      "precision": 0.9296657381615598,
      "recall": 0.9977578475336323,
      "roc_auc": 0.9996604843337129,
      "pr_auc": 0.9996146418370834,
      "mae": 0.09695112574348079,
      "rmse": 0.17891788119809035,
      "ece": 0.09373087070481104,
      "mce": 0.5410183668834957,
      "round_time": 0.07160043716430664,
      "client_training_time": 0.056060791015625,
      "edge_processing_wall_time": 0.0022735595703125,
      "total_pure_processing_time": 0.0,
      "avg_processing_per_client": 0.0,
      "server_aggregation_time": 0.0,
      "internal_aggregation_time": 0.0,
      "evaluation_time": 0.011971235275268555,
      "clients_processed": 30
    },
    {
      "round": 9,
      "accuracy": 0.9641666666666666,
      "f1_score": 0.9613239791329375,
      "precision": 0.9268123482483525,
      "recall": 0.9985052316890882,
      "roc_auc": 0.9996473309122045,
      "pr_auc": 0.9995968627336942,
      "mae": 0.09899828337558532,
      "rmse": 0.1827763691935574,
      "ece": 0.09566247175955364,
      "mce": 0.573450445024105,
      "round_time": 0.06954097747802734,
      "client_training_time": 0.052490234375,
      "edge_processing_wall_time": 0.0040972232818603516,
      "total_pure_processing_time": 0.0,
      "avg_processing_per_client": 0.0,
      "server_aggregation_time": 0.0,
      "internal_aggregation_time": 0.0,
      "evaluation_time": 0.012953519821166992,
      "clients_processed": 30
    },
    {
      "round": 10,
      "accuracy": 0.9673333333333334,
      "f1_score": 0.9645953757225434,
      "precision": 0.9335664335664335,
      "recall": 0.9977578475336323,
      "roc_auc": 0.9996591352648402,
      "pr_auc": 0.999612291795678,
      "mae": 0.09532502457940217,
      "rmse": 0.17634681148128567,
      "ece": 0.09208259665391859,
      "mce": 0.5413023536500062,
      "round_time": 0.07242679595947266,
      "client_training_time": 0.055597543716430664,
      "edge_processing_wall_time": 0.0020978450775146484,
      "total_pure_processing_time": 0.0,
      "avg_processing_per_client": 0.0,
      "server_aggregation_time": 0.0,
      "internal_aggregation_time": 0.0,
      "evaluation_time": 0.012662649154663086,
      "clients_processed": 30
    },
    {
      "round": 11,
      "accuracy": 0.9671666666666666,
      "f1_score": 0.9644340133598123,
      "precision": 0.932937478169752,
      "recall": 0.9981315396113603,
      "roc_auc": 0.9996966843484627,
      "pr_auc": 0.999653331679834,
      "mae": 0.09796222019154091,
      "rmse": 0.17899897730447314,
      "ece": 0.09491936152132284,
      "mce": 0.5460060698802413,
      "round_time": 0.06515121459960938,
      "client_training_time": 0.052206993103027344,
      "edge_processing_wall_time": 0.002039194107055664,
      "total_pure_processing_time": 0.0,
      "avg_processing_per_client": 0.0,
      "server_aggregation_time": 0.001110076904296875,
      "internal_aggregation_time": 0.0,
      "evaluation_time": 0.009794950485229492,
      "clients_processed": 30
    },
    {
      "round": 12,
      "accuracy": 0.9623333333333334,
      "f1_score": 0.9594109195402298,
      "precision": 0.923582295988935,
      "recall": 0.9981315396113603,
      "roc_auc": 0.9997008439774867,
      "pr_auc": 0.999658426387137,
      "mae": 0.09792177533628936,
      "rmse": 0.18196185257818548,
      "ece": 0.09503909675236694,
      "mce": 0.5749244647067896,
      "round_time": 0.06773567199707031,
      "client_training_time": 0.051880598068237305,
      "edge_processing_wall_time": 0.002046823501586914,
      "total_pure_processing_time": 0.0,
      "avg_processing_per_client": 0.0,
      "server_aggregation_time": 0.001005411148071289,
      "internal_aggregation_time": 0.0,
      "evaluation_time": 0.012802839279174805,
      "clients_processed": 30
    },
    {
      "round": 13,
      "accuracy": 0.9623333333333334,
      "f1_score": 0.959396334890406,
      "precision": 0.9238754325259516,
      "recall": 0.9977578475336323,
      "roc_auc": 0.999725689329225,
      "pr_auc": 0.9996873844257588,
      "mae": 0.09814323031591035,
      "rmse": 0.18129905933546223,
      "ece": 0.09537807649997321,
      "mce": 0.6173317940182902,
      "round_time": 0.06850337982177734,
      "client_training_time": 0.05195808410644531,
      "edge_processing_wall_time": 0.0010161399841308594,
      "total_pure_processing_time": 0.0,
      "avg_processing_per_client": 0.0,
      "server_aggregation_time": 0.0,
      "internal_aggregation_time": 0.0,
      "evaluation_time": 0.013394832611083984,
      "clients_processed": 30
    },
    {
      "round": 14,
      "accuracy": 0.9606666666666667,
      "f1_score": 0.9576605669178327,
      "precision": 0.9209799861973775,
      "recall": 0.9973841554559043,
      "roc_auc": 0.9995914569763948,
      "pr_auc": 0.9995321448627879,
      "mae": 0.09814407819212648,
      "rmse": 0.18438817287491205,
      "ece": 0.09470696893218669,
      "mce": 0.5998622389745332,
      "round_time": 0.07047128677368164,
      "client_training_time": 0.054936885833740234,
      "edge_processing_wall_time": 0.002245664596557617,
      "total_pure_processing_time": 0.0,
      "avg_processing_per_client": 0.0,
      "server_aggregation_time": 0.0,
      "internal_aggregation_time": 0.0,
      "evaluation_time": 0.012286663055419922,
      "clients_processed": 30
    },
    {
      "round": 15,
      "accuracy": 0.9651666666666666,
      "f1_score": 0.9623355559560282,
      "precision": 0.9293421510616081,
      "recall": 0.9977578475336323,
      "roc_auc": 0.999685217263045,
      "pr_auc": 0.9996391473815693,
      "mae": 0.09528835313060266,
      "rmse": 0.1773013335186564,
      "ece": 0.09214391243695538,
      "mce": 0.5706086558575574,
      "round_time": 0.07299113273620605,
      "client_training_time": 0.05622243881225586,
      "edge_processing_wall_time": 0.003155946731567383,
      "total_pure_processing_time": 0.0,
      "avg_processing_per_client": 0.0,
      "server_aggregation_time": 0.0,
      "internal_aggregation_time": 0.0,
      "evaluation_time": 0.01131129264831543,
      "clients_processed": 30
    },
    {
      "round": 16,
      "accuracy": 0.964,
      "f1_score": 0.9611091105509543,
      "precision": 0.9273801250868658,
      "recall": 0.9973841554559043,
      "roc_auc": 0.9996547507910041,
      "pr_auc": 0.9996059659524792,
      "mae": 0.09737364423036164,
      "rmse": 0.18015980238479562,
      "ece": 0.09423040815431068,
      "mce": 0.5620846480674317,
      "round_time": 0.06918096542358398,
      "client_training_time": 0.054230690002441406,
      "edge_processing_wall_time": 0.0022270679473876953,
      "total_pure_processing_time": 0.0,
      "avg_processing_per_client": 0.0,
      "server_aggregation_time": 0.0,
      "internal_aggregation_time": 0.0,
      "evaluation_time": 0.012723207473754883,
      "clients_processed": 30
    },
    {
      "round": 17,
      "accuracy": 0.9661666666666666,
      "f1_score": 0.9633904418394951,
      "precision": 0.9309864064133845,
      "recall": 0.9981315396113603,
      "roc_auc": 0.9996957849692143,
      "pr_auc": 0.9996499561379076,
      "mae": 0.09765615203291732,
      "rmse": 0.17932748907511356,
      "ece": 0.0945541505521047,
      "mce": 0.5428816702522636,
      "round_time": 0.06682348251342773,
      "client_training_time": 0.051998138427734375,
      "edge_processing_wall_time": 0.002068042755126953,
      "total_pure_processing_time": 0.0,
      "avg_processing_per_client": 0.0,
      "server_aggregation_time": 0.0,
      "internal_aggregation_time": 0.0,
      "evaluation_time": 0.011733531951904297,
      "clients_processed": 30
    },
    {
      "round": 18,
      "accuracy": 0.9646666666666667,
      "f1_score": 0.9618018018018017,
      "precision": 0.9286708420320111,
      "recall": 0.9973841554559043,
      "roc_auc": 0.999676785582591,
      "pr_auc": 0.9996329628907147,
      "mae": 0.0978404274789998,
      "rmse": 0.18050446461563177,
      "ece": 0.09488476435100639,
      "mce": 0.5529276851680933,
      "round_time": 0.06646537780761719,
      "client_training_time": 0.052628517150878906,
      "edge_processing_wall_time": 0.0018622875213623047,
      "total_pure_processing_time": 0.0,
      "avg_processing_per_client": 0.0,
      "server_aggregation_time": 0.0,
      "internal_aggregation_time": 0.0,
      "evaluation_time": 0.011974573135375977,
      "clients_processed": 30
    },
    {
      "round": 19,
      "accuracy": 0.9646666666666667,
      "f1_score": 0.9618155619596542,
      "precision": 0.9283727399165508,
      "recall": 0.9977578475336323,
      "roc_auc": 0.999681170056427,
      "pr_auc": 0.9996368525600078,
      "mae": 0.0987809001999216,
      "rmse": 0.18169752563042815,
      "ece": 0.09578095854599732,
      "mce": 0.5708423413087939,
      "round_time": 0.06876420974731445,
      "client_training_time": 0.053244590759277344,
      "edge_processing_wall_time": 0.0022096633911132812,
      "total_pure_processing_time": 0.0,
      "avg_processing_per_client": 0.0,
      "server_aggregation_time": 0.0,
      "internal_aggregation_time": 0.0,
      "evaluation_time": 0.013309955596923828,
      "clients_processed": 30
    },
    {
      "round": 20,
      "accuracy": 0.9661666666666666,
      "f1_score": 0.963377232545553,
      "precision": 0.9312870596442274,
      "recall": 0.9977578475336323,
      "roc_auc": 0.999703542115232,
      "pr_auc": 0.9996622108424643,
      "mae": 0.09505402109612467,
      "rmse": 0.17727989488021234,
      "ece": 0.09200060230249565,
      "mce": 0.5528298904961266,
      "round_time": 0.06617426872253418,
      "client_training_time": 0.05185961723327637,
      "edge_processing_wall_time": 0.0010554790496826172,
      "total_pure_processing_time": 0.0,
      "avg_processing_per_client": 0.0,
      "server_aggregation_time": 0.0,
      "internal_aggregation_time": 0.0,
      "evaluation_time": 0.013259172439575195,
      "clients_processed": 30
    },
    {
      "round": 21,
      "accuracy": 0.9623333333333334,
      "f1_score": 0.959396334890406,
      "precision": 0.9238754325259516,
      "recall": 0.9977578475336323,
      "roc_auc": 0.9996860042198874,
      "pr_auc": 0.9996392701714386,
      "mae": 0.0975461734956218,
      "rmse": 0.18121085697655848,
      "ece": 0.09446001003119624,
      "mce": 0.5658769268805854,
      "round_time": 0.06625008583068848,
      "client_training_time": 0.050833940505981445,
      "edge_processing_wall_time": 0.001058816909790039,
      "total_pure_processing_time": 0.0,
      "avg_processing_per_client": 0.0,
      "server_aggregation_time": 0.0,
      "internal_aggregation_time": 0.0,
      "evaluation_time": 0.013251543045043945,
      "clients_processed": 30
    },
    {
      "round": 22,
      "accuracy": 0.9645,
      "f1_score": 0.9616285353990272,
      "precision": 0.9283478260869565,
      "recall": 0.9973841554559043,
      "roc_auc": 0.9996702650830397,
      "pr_auc": 0.9996227835404572,
      "mae": 0.09606605144368856,
      "rmse": 0.17862499006811708,
      "ece": 0.09304436223745553,
      "mce": 0.5671601287773403,
      "round_time": 0.0677785873413086,
      "client_training_time": 0.05304861068725586,
      "edge_processing_wall_time": 0.0010342597961425781,
      "total_pure_processing_time": 0.0,
      "avg_processing_per_client": 0.0,
      "server_aggregation_time": 0.0010387897491455078,
      "internal_aggregation_time": 0.0,
      "evaluation_time": 0.011333227157592773,
      "clients_processed": 30
    },
    {
      "round": 23,
      "accuracy": 0.9643333333333334,
      "f1_score": 0.9614969413458079,
      "precision": 0.9271339347675226,
      "recall": 0.9985052316890882,
      "roc_auc": 0.9997224290794493,
      "pr_auc": 0.9996793916734076,
      "mae": 0.09673235985607281,
      "rmse": 0.18030127371387056,
      "ece": 0.09375746558214462,
      "mce": 0.5444875591884077,
      "round_time": 0.06991338729858398,
      "client_training_time": 0.053447723388671875,
      "edge_processing_wall_time": 0.0020940303802490234,
      "total_pure_processing_time": 0.0,
      "avg_processing_per_client": 0.0,
      "server_aggregation_time": 0.0010416507720947266,
      "internal_aggregation_time": 0.0,
      "evaluation_time": 0.01332998275756836,
      "clients_processed": 30
    },
    {
      "round": 24,
      "accuracy": 0.9665,
      "f1_score": 0.9637118613468135,
      "precision": 0.9322389102340203,
      "recall": 0.9973841554559043,
      "roc_auc": 0.9997071396322259,
      "pr_auc": 0.9996630197499677,
      "mae": 0.09669904300604802,
      "rmse": 0.17918757547605288,
      "ece": 0.09364906285591736,
      "mce": 0.5411144013482648,
      "round_time": 0.06772828102111816,
      "client_training_time": 0.052692413330078125,
      "edge_processing_wall_time": 0.003457307815551758,
      "total_pure_processing_time": 0.0,
      "avg_processing_per_client": 0.0,
      "server_aggregation_time": 0.0,
      "internal_aggregation_time": 0.0,
      "evaluation_time": 0.011578559875488281,
      "clients_processed": 30
    },
    {
      "round": 25,
      "accuracy": 0.9665,
      "f1_score": 0.9637249593936112,
      "precision": 0.9319371727748691,
      "recall": 0.9977578475336323,
      "roc_auc": 0.9997403042420122,
      "pr_auc": 0.999705309681254,
      "mae": 0.09461100729700236,
      "rmse": 0.17603658243803103,
      "ece": 0.09201260294679868,
      "mce": 0.612087559289985,
      "round_time": 0.07295656204223633,
      "client_training_time": 0.058277130126953125,
      "edge_processing_wall_time": 0.002058744430541992,
      "total_pure_processing_time": 0.0,
      "avg_processing_per_client": 0.0,
      "server_aggregation_time": 0.0010521411895751953,
      "internal_aggregation_time": 0.0,
      "evaluation_time": 0.011568546295166016,
      "clients_processed": 30
    },
    {
      "round": 26,
      "accuracy": 0.967,
      "f1_score": 0.9642470205850487,
      "precision": 0.9329140461215933,
      "recall": 0.9977578475336323,
      "roc_auc": 0.9996848799958269,
      "pr_auc": 0.9996375381214652,
      "mae": 0.09397863157190739,
      "rmse": 0.1761767891749146,
      "ece": 0.09090561993560549,
      "mce": 0.5562141738373704,
      "round_time": 0.06680035591125488,
      "client_training_time": 0.05281829833984375,
      "edge_processing_wall_time": 0.0024919509887695312,
      "total_pure_processing_time": 0.0,
      "avg_processing_per_client": 0.0,
      "server_aggregation_time": 0.0,
      "internal_aggregation_time": 0.0,
      "evaluation_time": 0.011490106582641602,
      "clients_processed": 30
    },
    {
      "round": 27,
      "accuracy": 0.967,
      "f1_score": 0.9642341040462428,
      "precision": 0.9332167832167833,
      "recall": 0.9973841554559043,
      "roc_auc": 0.9996975837277111,
      "pr_auc": 0.9996571991626124,
      "mae": 0.09487210263297102,
      "rmse": 0.17638892864382127,
      "ece": 0.09190725021902872,
      "mce": 0.5648650117987473,
      "round_time": 0.06863927841186523,
      "client_training_time": 0.051752328872680664,
      "edge_processing_wall_time": 0.0020575523376464844,
      "total_pure_processing_time": 0.0,
      "avg_processing_per_client": 0.0,
      "server_aggregation_time": 0.0,
      "internal_aggregation_time": 0.0,
      "evaluation_time": 0.013369560241699219,
      "clients_processed": 30
    },
    {
      "round": 28,
      "accuracy": 0.9646666666666667,
      "f1_score": 0.9618155619596542,
      "precision": 0.9283727399165508,
      "recall": 0.9977578475336323,
      "roc_auc": 0.9996649812299551,
      "pr_auc": 0.9996179677780571,
      "mae": 0.09731477862877258,
      "rmse": 0.17945285836310512,
      "ece": 0.09426968030924807,
      "mce": 0.5596613828905411,
      "round_time": 0.06966924667358398,
      "client_training_time": 0.05289435386657715,
      "edge_processing_wall_time": 0.0021104812622070312,
      "total_pure_processing_time": 0.0,
      "avg_processing_per_client": 0.0,
      "server_aggregation_time": 0.0010373592376708984,
      "internal_aggregation_time": 0.0,
      "evaluation_time": 0.013627052307128906,
      "clients_processed": 30
    },
    {
      "round": 29,
      "accuracy": 0.9651666666666666,
      "f1_score": 0.9623219758427979,
      "precision": 0.9296412399860676,
      "recall": 0.9973841554559043,
      "roc_auc": 0.9996602594889008,
      "pr_auc": 0.999614992101146,
      "mae": 0.09909090184240354,
      "rmse": 0.18044723076100957,
      "ece": 0.09592488259054154,
      "mce": 0.5285756316119494,
      "round_time": 0.06691384315490723,
      "client_training_time": 0.05064272880554199,
      "edge_processing_wall_time": 0.0022687911987304688,
      "total_pure_processing_time": 0.0,
      "avg_processing_per_client": 0.0,
      "server_aggregation_time": 0.0010166168212890625,
      "internal_aggregation_time": 0.0,
      "evaluation_time": 0.012985706329345703,
      "clients_processed": 30
    },
    {
      "round": 30,
      "accuracy": 0.965,
      "f1_score": 0.9621757925072046,
      "precision": 0.9287204450625869,
      "recall": 0.9981315396113603,
      "roc_auc": 0.9996938737883113,
      "pr_auc": 0.9996499155716453,
      "mae": 0.09622137624729707,
      "rmse": 0.1790222686596511,
      "ece": 0.09326729518074348,
      "mce": 0.5814800827381217,
      "round_time": 0.0673825740814209,
      "client_training_time": 0.0527498722076416,
      "edge_processing_wall_time": 0.0021255016326904297,
      "total_pure_processing_time": 0.0,
      "avg_processing_per_client": 0.0,
      "server_aggregation_time": 0.0,
      "internal_aggregation_time": 0.0,
      "evaluation_time": 0.011479377746582031,
      "clients_processed": 30
    },
    {
      "round": 31,
      "accuracy": 0.9685,
      "f1_score": 0.9658166033640803,
      "precision": 0.935856992639327,
      "recall": 0.9977578475336323,
      "roc_auc": 0.999672850798379,
      "pr_auc": 0.9996277583197193,
      "mae": 0.09590246030034795,
      "rmse": 0.17638570225967695,
      "ece": 0.09279309037183422,
      "mce": 0.5405894458378365,
      "round_time": 0.06986355781555176,
      "client_training_time": 0.053385019302368164,
      "edge_processing_wall_time": 0.003139019012451172,
      "total_pure_processing_time": 0.0,
      "avg_processing_per_client": 0.0,
      "server_aggregation_time": 0.0015048980712890625,
      "internal_aggregation_time": 0.0,
      "evaluation_time": 0.010833978652954102,
      "clients_processed": 30
    },
    {
      "round": 32,
      "accuracy": 0.9655,
      "f1_score": 0.9626959812578844,
      "precision": 0.9296902192829795,
      "recall": 0.9981315396113603,
      "roc_auc": 0.9996990452189898,
      "pr_auc": 0.9996558154950455,
      "mae": 0.0966845903959274,
      "rmse": 0.17923226346537832,
      "ece": 0.09369822367212313,
      "mce": 0.5361829788052352,
      "round_time": 0.06656217575073242,
      "client_training_time": 0.049453020095825195,
      "edge_processing_wall_time": 0.0036432743072509766,
      "total_pure_processing_time": 0.0,
      "avg_processing_per_client": 0.0,
      "server_aggregation_time": 0.0009925365447998047,
      "internal_aggregation_time": 0.0,
      "evaluation_time": 0.010471582412719727,
      "clients_processed": 30
    },
    {
      "round": 33,
      "accuracy": 0.9641666666666666,
      "f1_score": 0.9612961296129613,
      "precision": 0.9274053490795415,
      "recall": 0.9977578475336323,
      "roc_auc": 0.9997464874743452,
      "pr_auc": 0.9997078253869207,
      "mae": 0.09761765333421014,
      "rmse": 0.1800097711428529,
      "ece": 0.09470852127698035,
      "mce": 0.5751387655074167,
      "round_time": 0.06749606132507324,
      "client_training_time": 0.05150604248046875,
      "edge_processing_wall_time": 0.0034637451171875,
      "total_pure_processing_time": 0.0,
      "avg_processing_per_client": 0.0,
      "server_aggregation_time": 0.0,
      "internal_aggregation_time": 0.0,
      "evaluation_time": 0.012526273727416992,
      "clients_processed": 30
    },
    {
      "round": 34,
      "accuracy": 0.9681666666666666,
      "f1_score": 0.9654673657566444,
      "precision": 0.9352014010507881,
      "recall": 0.9977578475336323,
      "roc_auc": 0.9997204054761404,
      "pr_auc": 0.9996794441109523,
      "mae": 0.09549947853765983,
      "rmse": 0.17712955702356362,
      "ece": 0.09258099468894794,
      "mce": 0.572470872416449,
      "round_time": 0.07329225540161133,
      "client_training_time": 0.056983232498168945,
      "edge_processing_wall_time": 0.002359151840209961,
      "total_pure_processing_time": 0.0,
      "avg_processing_per_client": 0.0,
      "server_aggregation_time": 0.0,
      "internal_aggregation_time": 0.0,
      "evaluation_time": 0.013949871063232422,
      "clients_processed": 30
    },
    {
      "round": 35,
      "accuracy": 0.9628333333333333,
      "f1_score": 0.9599137156210678,
      "precision": 0.9248354693453412,
      "recall": 0.9977578475336323,
      "roc_auc": 0.9995595290130752,
      "pr_auc": 0.9995017939670902,
      "mae": 0.09829008685306324,
      "rmse": 0.18207411830470463,
      "ece": 0.09486248997537025,
      "mce": 0.5961480253639595,
      "round_time": 0.06588411331176758,
      "client_training_time": 0.05152702331542969,
      "edge_processing_wall_time": 0.002043485641479492,
      "total_pure_processing_time": 0.0,
      "avg_processing_per_client": 0.0,
      "server_aggregation_time": 0.0,
      "internal_aggregation_time": 0.0,
      "evaluation_time": 0.012313604354858398,
      "clients_processed": 30
    },
    {
      "round": 36,
      "accuracy": 0.966,
      "f1_score": 0.9632034632034632,
      "precision": 0.9309623430962343,
      "recall": 0.9977578475336323,
      "roc_auc": 0.9997179321832071,
      "pr_auc": 0.9996788890497391,
      "mae": 0.0980355054327974,
      "rmse": 0.17938025052659898,
      "ece": 0.09517087792921777,
      "mce": 0.5719492884119292,
      "round_time": 0.06723809242248535,
      "client_training_time": 0.05261874198913574,
      "edge_processing_wall_time": 0.0025022029876708984,
      "total_pure_processing_time": 0.0,
      "avg_processing_per_client": 0.0,
      "server_aggregation_time": 0.0,
      "internal_aggregation_time": 0.0,
      "evaluation_time": 0.012117147445678711,
      "clients_processed": 30
    },
    {
      "round": 37,
      "accuracy": 0.9626666666666667,
      "f1_score": 0.9597411933860532,
      "precision": 0.9245152354570637,
      "recall": 0.9977578475336323,
      "roc_auc": 0.9996123675439211,
      "pr_auc": 0.9995567652298509,
      "mae": 0.09670207980523499,
      "rmse": 0.18067904959485515,
      "ece": 0.09323794526698659,
      "mce": 0.5861167481116474,
      "round_time": 0.06762075424194336,
      "client_training_time": 0.053209543228149414,
      "edge_processing_wall_time": 0.0022814273834228516,
      "total_pure_processing_time": 0.0,
      "avg_processing_per_client": 0.0,
      "server_aggregation_time": 0.0,
      "internal_aggregation_time": 0.0,
      "evaluation_time": 0.012129783630371094,
      "clients_processed": 30
    },
    {
      "round": 38,
      "accuracy": 0.9655,
      "f1_score": 0.9626690712353472,
      "precision": 0.9302892994074591,
      "recall": 0.9973841554559043,
      "roc_auc": 0.9996339526458838,
      "pr_auc": 0.9995802802378081,
      "mae": 0.09478082412244282,
      "rmse": 0.17831763612412896,
      "ece": 0.09156788070929507,
      "mce": 0.6173982947239812,
      "round_time": 0.06609320640563965,
      "client_training_time": 0.05180525779724121,
      "edge_processing_wall_time": 0.0021386146545410156,
      "total_pure_processing_time": 0.0,
      "avg_processing_per_client": 0.0,
      "server_aggregation_time": 0.0,
      "internal_aggregation_time": 0.0,
      "evaluation_time": 0.012149333953857422,
      "clients_processed": 30
    },
    {
      "round": 39,
      "accuracy": 0.9631666666666666,
      "f1_score": 0.9602732338666188,
      "precision": 0.9251818496709386,
      "recall": 0.9981315396113603,
      "roc_auc": 0.9997139973989952,
      "pr_auc": 0.9996705710030481,
      "mae": 0.09904053104848896,
      "rmse": 0.1816815384691479,
      "ece": 0.09605335269343959,
      "mce": 0.5499954097532318,
      "round_time": 0.06740355491638184,
      "client_training_time": 0.05247020721435547,
      "edge_processing_wall_time": 0.0010521411895751953,
      "total_pure_processing_time": 0.0,
      "avg_processing_per_client": 0.0,
      "server_aggregation_time": 0.0,
      "internal_aggregation_time": 0.0,
      "evaluation_time": 0.012850046157836914,
      "clients_processed": 30
    },
    {
      "round": 40,
      "accuracy": 0.9603333333333334,
      "f1_score": 0.9573476702508961,
      "precision": 0.9197658402203857,
      "recall": 0.9981315396113603,
      "roc_auc": 0.9995820134942862,
      "pr_auc": 0.9995220373744348,
      "mae": 0.09920935788824269,
      "rmse": 0.18333699810535065,
      "ece": 0.09575800614918127,
      "mce": 0.5974023136493111,
      "round_time": 0.06786751747131348,
      "client_training_time": 0.05324864387512207,
      "edge_processing_wall_time": 0.001058816909790039,
      "total_pure_processing_time": 0.0,
      "avg_processing_per_client": 0.0,
      "server_aggregation_time": 0.0010399818420410156,
      "internal_aggregation_time": 0.0,
      "evaluation_time": 0.012520074844360352,
      "clients_processed": 30
    }
  ],
  "final_statistics": {
    "final_accuracy": 0.9603333333333334,
    "best_accuracy": 0.9685,
    "total_time": 2.777939558029175,
    "avg_round_time": 0.06899265646934509,
    "avg_client_training_time": 0.05310171842575073,
    "avg_edge_processing_wall_time": 0.002316749095916748,
    "avg_pure_processing_time": 0.0,
    "avg_processing_per_client": 0.0,
    "avg_server_aggregation_time": 0.0003226518630981445,
    "avg_internal_aggregation_time": 0.0,
    "avg_evaluation_time": 0.012615889310836792
  },
  "timing_statistics": {
    "total_client_training_time": 2.1240687370300293,
    "total_edge_processing_wall_time": 0.09266996383666992,
    "total_pure_processing_time": 0.0,
    "total_server_aggregation_time": 0.012906074523925781,
    "total_internal_aggregation_time": 0.0,
    "total_evaluation_time": 0.5046355724334717,
    "total_time": 2.777939558029175,
    "avg_round_time": 0.06899265646934509,
    "avg_client_training_time": 0.05310171842575073,
    "avg_edge_processing_wall_time": 0.002316749095916748,
    "avg_pure_processing_time": 0.0,
    "avg_processing_per_client": 0.0,
    "avg_server_aggregation_time": 0.0003226518630981445,
    "avg_internal_aggregation_time": 0.0,
    "avg_evaluation_time": 0.012615889310836792
  },
  "architecture": {
    "clients": 30,
    "edge_devices": 30,
    "cloud_servers": 1,
    "data_flow": "Client \u2192 Edge \u2192 Cloud \u2192 Edge \u2192 Client"
  }
}