{
  "pipeline_type": "plaintext_edge_device_fl",
  "configuration": {
    "rounds": 60,
    "clients": 50,
    "patience": 999
  },
  "results": [
    {
      "round": 1,
      "accuracy": 0.9503,
      "f1_score": 0.945510360706063,
      "precision": 0.8973985431841831,
      "recall": 0.9990732159406858,
      "roc_auc": 0.9996659484796763,
      "pr_auc": 0.9995956686796956,
      "mae": 0.10913474760478308,
      "rmse": 0.20055434947287754,
      "ece": 0.10491299068893994,
      "mce": 0.5505099721325782,
      "round_time": 0.11553335189819336,
      "client_training_time": 0.09561967849731445,
      "edge_processing_wall_time": 0.005206108093261719,
      "total_pure_processing_time": 0.0,
      "avg_processing_per_client": 0.0,
      "server_aggregation_time": 0.001054525375366211,
      "internal_aggregation_time": 0.0,
      "evaluation_time": 0.013653039932250977,
      "clients_processed": 50
    },
    {
      "round": 2,
      "accuracy": 0.9516,
      "f1_score": 0.9468715697036224,
      "precision": 0.8996662494785148,
      "recall": 0.9993049119555144,
      "roc_auc": 0.9996822943807928,
      "pr_auc": 0.9996117594802542,
      "mae": 0.10881736195907929,
      "rmse": 0.20014498244905896,
      "ece": 0.1044344920800141,
      "mce": 0.5391035905950542,
      "round_time": 0.1202247142791748,
      "client_training_time": 0.09235763549804688,
      "edge_processing_wall_time": 0.007792949676513672,
      "total_pure_processing_time": 0.0,
      "avg_processing_per_client": 0.0,
      "server_aggregation_time": 0.0009982585906982422,
      "internal_aggregation_time": 0.0,
      "evaluation_time": 0.019075870513916016,
      "clients_processed": 50
    },
    {
      "round": 3,
      "accuracy": 0.951,
      "f1_score": 0.9462483545414656,
      "precision": 0.8985416666666667,
      "recall": 0.9993049119555144,
      "roc_auc": 0.9997383840564444,
      "pr_auc": 0.9996808945070804,
      "mae": 0.10941180976496648,
      "rmse": 0.2001442314639675,
      "ece": 0.10542346809951816,
      "mce": 0.5671108182800355,
      "round_time": 0.11967062950134277,
      "client_training_time": 0.09856295585632324,
      "edge_processing_wall_time": 0.003545045852661133,
      "total_pure_processing_time": 0.0,
      "avg_processing_per_client": 0.0,
      "server_aggregation_time": 0.0010151863098144531,
      "internal_aggregation_time": 0.0,
      "evaluation_time": 0.016547441482543945,
      "clients_processed": 50
    },
    {
      "round": 4,
      "accuracy": 0.9483,
      "f1_score": 0.9434292592187329,
      "precision": 0.8938420070495542,
      "recall": 0.9988415199258572,
      "roc_auc": 0.9996251448711535,
      "pr_auc": 0.9995478441541068,
      "mae": 0.10947208314394623,
      "rmse": 0.20173683084867225,
      "ece": 0.1048746027251586,
      "mce": 0.5433155172361863,
      "round_time": 0.12636089324951172,
      "client_training_time": 0.10106158256530762,
      "edge_processing_wall_time": 0.007867574691772461,
      "total_pure_processing_time": 0.0,
      "avg_processing_per_client": 0.0,
      "server_aggregation_time": 0.0014600753784179688,
      "internal_aggregation_time": 0.0,
      "evaluation_time": 0.015971660614013672,
      "clients_processed": 50
    },
    {
      "round": 5,
      "accuracy": 0.9513,
      "f1_score": 0.9465715852989578,
      "precision": 0.8989372785997083,
      "recall": 0.9995366079703429,
      "roc_auc": 0.9997225273094761,
      "pr_auc": 0.9996583642243242,
      "mae": 0.10944624823026686,
      "rmse": 0.200232570639103,
      "ece": 0.10481583639633094,
      "mce": 0.502521971755319,
      "round_time": 0.12017464637756348,
      "client_training_time": 0.09483218193054199,
      "edge_processing_wall_time": 0.003118276596069336,
      "total_pure_processing_time": 0.0,
      "avg_processing_per_client": 0.0,
      "server_aggregation_time": 0.0010190010070800781,
      "internal_aggregation_time": 0.0,
      "evaluation_time": 0.016448259353637695,
      "clients_processed": 50
    },
    {
      "round": 6,
      "accuracy": 0.9506,
      "f1_score": 0.9458570802279702,
      "precision": 0.8974625623960066,
      "recall": 0.9997683039851715,
      "roc_auc": 0.9996946047601872,
      "pr_auc": 0.9996276608612397,
      "mae": 0.10908409992901268,
      "rmse": 0.2001792371556396,
      "ece": 0.10487954186077629,
      "mce": 0.5546041670799207,
      "round_time": 0.12345552444458008,
      "client_training_time": 0.09827113151550293,
      "edge_processing_wall_time": 0.004737138748168945,
      "total_pure_processing_time": 0.0,
      "avg_processing_per_client": 0.0,
      "server_aggregation_time": 0.0,
      "internal_aggregation_time": 0.0,
      "evaluation_time": 0.020447254180908203,
      "clients_processed": 50
    },
    {
      "round": 7,
      "accuracy": 0.9478,
      "f1_score": 0.9429757483067511,
      "precision": 0.892104175279041,
      "recall": 1.0,
      "roc_auc": 0.9997574203053756,
      "pr_auc": 0.9997030805431646,
      "mae": 0.11216691518083985,
      "rmse": 0.2033940899667193,
      "ece": 0.10814933130751199,
      "mce": 0.5584100514340359,
      "round_time": 0.09976887702941895,
      "client_training_time": 0.09035825729370117,
      "edge_processing_wall_time": 0.0034711360931396484,
      "total_pure_processing_time": 0.0,
      "avg_processing_per_client": 0.0,
      "server_aggregation_time": 0.0010180473327636719,
      "internal_aggregation_time": 0.0,
      "evaluation_time": 0.004921436309814453,
      "clients_processed": 50
    },
    {
      "round": 8,
      "accuracy": 0.9534,
      "f1_score": 0.9487235915492958,
      "precision": 0.9033948030176027,
      "recall": 0.9988415199258572,
      "roc_auc": 0.9997289270762474,
      "pr_auc": 0.9996718103146888,
      "mae": 0.10767267109925278,
      "rmse": 0.19749231514998314,
      "ece": 0.10397628559360494,
      "mce": 0.5898254156939081,
      "round_time": 0.12681841850280762,
      "client_training_time": 0.10784530639648438,
      "edge_processing_wall_time": 0.0020246505737304688,
      "total_pure_processing_time": 0.0,
      "avg_processing_per_client": 0.0,
      "server_aggregation_time": 0.0019459724426269531,
      "internal_aggregation_time": 0.0,
      "evaluation_time": 0.01500248908996582,
      "clients_processed": 50
    },
    {
      "round": 9,
      "accuracy": 0.9473,
      "f1_score": 0.9424106655010381,
      "precision": 0.8918304033092037,
      "recall": 0.9990732159406858,
      "roc_auc": 0.9995911078950132,
      "pr_auc": 0.9995004136083727,
      "mae": 0.11107707773415625,
      "rmse": 0.20452193400239865,
      "ece": 0.10608920791211021,
      "mce": 0.5086982639694497,
      "round_time": 0.1213679313659668,
      "client_training_time": 0.10073280334472656,
      "edge_processing_wall_time": 0.003101825714111328,
      "total_pure_processing_time": 0.0,
      "avg_processing_per_client": 0.0,
      "server_aggregation_time": 0.0,
      "internal_aggregation_time": 0.0,
      "evaluation_time": 0.017533302307128906,
      "clients_processed": 50
    },
    {
      "round": 10,
      "accuracy": 0.95,
      "f1_score": 0.9452234881682734,
      "precision": 0.8965087281795511,
      "recall": 0.9995366079703429,
      "roc_auc": 0.9997110729498409,
      "pr_auc": 0.9996496304360376,
      "mae": 0.11001686116066203,
      "rmse": 0.20077991985537147,
      "ece": 0.10597717438434723,
      "mce": 0.5614679738382755,
      "round_time": 0.1423640251159668,
      "client_training_time": 0.09950423240661621,
      "edge_processing_wall_time": 0.019405364990234375,
      "total_pure_processing_time": 0.0,
      "avg_processing_per_client": 0.0,
      "server_aggregation_time": 0.0,
      "internal_aggregation_time": 0.0,
      "evaluation_time": 0.02345442771911621,
      "clients_processed": 50
    },
    {
      "round": 11,
      "accuracy": 0.9492,
      "f1_score": 0.9443470639789658,
      "precision": 0.8956774729842062,
      "recall": 0.9986098239110287,
      "roc_auc": 0.9996686388274909,
      "pr_auc": 0.9995981875730889,
      "mae": 0.11056816728683662,
      "rmse": 0.2018803777585213,
      "ece": 0.10616803940894226,
      "mce": 0.5484433404461991,
      "round_time": 0.12305808067321777,
      "client_training_time": 0.09929728507995605,
      "edge_processing_wall_time": 0.00474238395690918,
      "total_pure_processing_time": 0.0,
      "avg_processing_per_client": 0.0,
      "server_aggregation_time": 0.0,
      "internal_aggregation_time": 0.0,
      "evaluation_time": 0.01901841163635254,
      "clients_processed": 50
    },
    {
      "round": 12,
      "accuracy": 0.9474,
      "f1_score": 0.9425262237762237,
      "precision": 0.8918527708850289,
      "recall": 0.9993049119555144,
      "roc_auc": 0.999709034807557,
      "pr_auc": 0.999651867723627,
      "mae": 0.1100755744517488,
      "rmse": 0.20204649391718826,
      "ece": 0.10681376174471353,
      "mce": 0.6378857478422539,
      "round_time": 0.1299588680267334,
      "client_training_time": 0.10913205146789551,
      "edge_processing_wall_time": 0.002476930618286133,
      "total_pure_processing_time": 0.0,
      "avg_processing_per_client": 0.0,
      "server_aggregation_time": 0.0,
      "internal_aggregation_time": 0.0,
      "evaluation_time": 0.0172576904296875,
      "clients_processed": 50
    },
    {
      "round": 13,
      "accuracy": 0.9516,
      "f1_score": 0.9468482319349879,
      "precision": 0.9,
      "recall": 0.9988415199258572,
      "roc_auc": 0.9996602009184358,
      "pr_auc": 0.9995869872325738,
      "mae": 0.10877176608046159,
      "rmse": 0.19978271245804613,
      "ece": 0.10417814960359485,
      "mce": 0.5170667196894216,
      "round_time": 0.13370466232299805,
      "client_training_time": 0.10164880752563477,
      "edge_processing_wall_time": 0.0041849613189697266,
      "total_pure_processing_time": 0.0,
      "avg_processing_per_client": 0.0,
      "server_aggregation_time": 0.0,
      "internal_aggregation_time": 0.0,
      "evaluation_time": 0.024733543395996094,
      "clients_processed": 50
    },
    {
      "round": 14,
      "accuracy": 0.9495,
      "f1_score": 0.9446817833278562,
      "precision": 0.895906918761687,
      "recall": 0.9990732159406858,
      "roc_auc": 0.9997115213411433,
      "pr_auc": 0.9996501148386876,
      "mae": 0.11055622490673309,
      "rmse": 0.20169119783939055,
      "ece": 0.106510471015587,
      "mce": 0.5721675578876122,
      "round_time": 0.13142728805541992,
      "client_training_time": 0.10412025451660156,
      "edge_processing_wall_time": 0.007241487503051758,
      "total_pure_processing_time": 0.0,
      "avg_processing_per_client": 0.0,
      "server_aggregation_time": 0.0,
      "internal_aggregation_time": 0.0,
      "evaluation_time": 0.0200655460357666,
      "clients_processed": 50
    },
    {
      "round": 15,
      "accuracy": 0.9516,
      "f1_score": 0.9468599033816425,
      "precision": 0.8998330550918197,
      "recall": 0.9990732159406858,
      "roc_auc": 0.9996935856890454,
      "pr_auc": 0.9996323704260258,
      "mae": 0.10891787578554847,
      "rmse": 0.19895283444559775,
      "ece": 0.10507628588194945,
      "mce": 0.5902513265032728,
      "round_time": 0.12244653701782227,
      "client_training_time": 0.0955049991607666,
      "edge_processing_wall_time": 0.0039386749267578125,
      "total_pure_processing_time": 0.0,
      "avg_processing_per_client": 0.0,
      "server_aggregation_time": 0.0,
      "internal_aggregation_time": 0.0,
      "evaluation_time": 0.017783403396606445,
      "clients_processed": 50
    },
    {
      "round": 16,
      "accuracy": 0.9511,
      "f1_score": 0.9463521667580911,
      "precision": 0.898728901854553,
      "recall": 0.9993049119555144,
      "roc_auc": 0.9997061406455139,
      "pr_auc": 0.9996456698911773,
      "mae": 0.10840379146940722,
      "rmse": 0.19968708705080107,
      "ece": 0.10481641716291012,
      "mce": 0.6183012577048345,
      "round_time": 0.10871315002441406,
      "client_training_time": 0.09372830390930176,
      "edge_processing_wall_time": 0.0023708343505859375,
      "total_pure_processing_time": 0.0,
      "avg_processing_per_client": 0.0,
      "server_aggregation_time": 0.0010454654693603516,
      "internal_aggregation_time": 0.0,
      "evaluation_time": 0.011568546295166016,
      "clients_processed": 50
    },
    {
      "round": 17,
      "accuracy": 0.9508,
      "f1_score": 0.9460407984207063,
      "precision": 0.8981674302374011,
      "recall": 0.9993049119555144,
      "roc_auc": 0.9997179618707602,
      "pr_auc": 0.9996582615363828,
      "mae": 0.10872124995598201,
      "rmse": 0.1998649592151666,
      "ece": 0.1046450697903302,
      "mce": 0.5670690779796406,
      "round_time": 0.11323332786560059,
      "client_training_time": 0.08915209770202637,
      "edge_processing_wall_time": 0.0066225528717041016,
      "total_pure_processing_time": 0.0,
      "avg_processing_per_client": 0.0,
      "server_aggregation_time": 0.0,
      "internal_aggregation_time": 0.0,
      "evaluation_time": 0.01730656623840332,
      "clients_processed": 50
    },
    {
      "round": 18,
      "accuracy": 0.9492,
      "f1_score": 0.9443836216334575,
      "precision": 0.8951847239518472,
      "recall": 0.9993049119555144,
      "roc_auc": 0.999718124922143,
      "pr_auc": 0.9996594664045194,
      "mae": 0.10967184768779875,
      "rmse": 0.2003351106832815,
      "ece": 0.10576474158152684,
      "mce": 0.5822582668970722,
      "round_time": 0.10776734352111816,
      "client_training_time": 0.08761286735534668,
      "edge_processing_wall_time": 0.003156423568725586,
      "total_pure_processing_time": 0.0,
      "avg_processing_per_client": 0.0,
      "server_aggregation_time": 0.0,
      "internal_aggregation_time": 0.0,
      "evaluation_time": 0.015937328338623047,
      "clients_processed": 50
    },
    {
      "round": 19,
      "accuracy": 0.9516,
      "f1_score": 0.946883230904302,
      "precision": 0.8994995829858216,
      "recall": 0.9995366079703429,
      "roc_auc": 0.9997320658153646,
      "pr_auc": 0.9996764003828538,
      "mae": 0.10887084036528567,
      "rmse": 0.19858441546652117,
      "ece": 0.10551468419742627,
      "mce": 0.6127425557321233,
      "round_time": 0.10205769538879395,
      "client_training_time": 0.09219479560852051,
      "edge_processing_wall_time": 0.004359722137451172,
      "total_pure_processing_time": 0.0,
      "avg_processing_per_client": 0.0,
      "server_aggregation_time": 0.0,
      "internal_aggregation_time": 0.0,
      "evaluation_time": 0.005503177642822266,
      "clients_processed": 50
    },
    {
      "round": 20,
      "accuracy": 0.9508,
      "f1_score": 0.9460407984207063,
      "precision": 0.8981674302374011,
      "recall": 0.9993049119555144,
      "roc_auc": 0.9997314543726794,
      "pr_auc": 0.9996774158616338,
      "mae": 0.10786080599436709,
      "rmse": 0.19840008734648448,
      "ece": 0.10434258186625162,
      "mce": 0.6047195377781074,
      "round_time": 0.128448486328125,
      "client_training_time": 0.10620427131652832,
      "edge_processing_wall_time": 0.004292726516723633,
      "total_pure_processing_time": 0.0,
      "avg_processing_per_client": 0.0,
      "server_aggregation_time": 0.0010213851928710938,
      "internal_aggregation_time": 0.0,
      "evaluation_time": 0.016930103302001953,
      "clients_processed": 50
    },
    {
      "round": 21,
      "accuracy": 0.9501,
      "f1_score": 0.9453150684931507,
      "precision": 0.8968600540652942,
      "recall": 0.9993049119555144,
      "roc_auc": 0.9997132333806618,
      "pr_auc": 0.9996528483344946,
      "mae": 0.11013165389374376,
      "rmse": 0.20082507925827583,
      "ece": 0.1063800672355782,
      "mce": 0.5940935751015933,
      "round_time": 0.1153414249420166,
      "client_training_time": 0.09532284736633301,
      "edge_processing_wall_time": 0.004020214080810547,
      "total_pure_processing_time": 0.0,
      "avg_processing_per_client": 0.0,
      "server_aggregation_time": 0.0,
      "internal_aggregation_time": 0.0,
      "evaluation_time": 0.015998363494873047,
      "clients_processed": 50
    },
    {
      "round": 22,
      "accuracy": 0.9515,
      "f1_score": 0.94675595564826,
      "precision": 0.8996453160859587,
      "recall": 0.9990732159406858,
      "roc_auc": 0.9997137225348098,
      "pr_auc": 0.999658482541444,
      "mae": 0.10857030585136945,
      "rmse": 0.19853038287324667,
      "ece": 0.10529478302955611,
      "mce": 0.617274227523147,
      "round_time": 0.10570383071899414,
      "client_training_time": 0.08911752700805664,
      "edge_processing_wall_time": 0.003796815872192383,
      "total_pure_processing_time": 0.0,
      "avg_processing_per_client": 0.0,
      "server_aggregation_time": 0.0,
      "internal_aggregation_time": 0.0,
      "evaluation_time": 0.012789487838745117,
      "clients_processed": 50
    },
    {
      "round": 23,
      "accuracy": 0.9498,
      "f1_score": 0.9449802718106094,
      "precision": 0.896630615640599,
      "recall": 0.9988415199258572,
      "roc_auc": 0.9997136410091185,
      "pr_auc": 0.9996559541591374,
      "mae": 0.10963956296681518,
      "rmse": 0.2005723776652919,
      "ece": 0.10615862271485474,
      "mce": 0.6282899822651611,
      "round_time": 0.11727595329284668,
      "client_training_time": 0.09800219535827637,
      "edge_processing_wall_time": 0.006532430648803711,
      "total_pure_processing_time": 0.0,
      "avg_processing_per_client": 0.0,
      "server_aggregation_time": 0.0010399818420410156,
      "internal_aggregation_time": 0.0,
      "evaluation_time": 0.011701345443725586,
      "clients_processed": 50
    },
    {
      "round": 24,
      "accuracy": 0.9501,
      "f1_score": 0.9453270516051276,
      "precision": 0.896695073789233,
      "recall": 0.9995366079703429,
      "roc_auc": 0.9997134371948901,
      "pr_auc": 0.9996485165609594,
      "mae": 0.11026458192095165,
      "rmse": 0.20169059832883635,
      "ece": 0.10577415053309852,
      "mce": 0.5325356902043274,
      "round_time": 0.20634031295776367,
      "client_training_time": 0.1672961711883545,
      "edge_processing_wall_time": 0.0055789947509765625,
      "total_pure_processing_time": 0.0,
      "avg_processing_per_client": 0.0,
      "server_aggregation_time": 0.0,
      "internal_aggregation_time": 0.0,
      "evaluation_time": 0.0324246883392334,
      "clients_processed": 50
    },
    {
      "round": 25,
      "accuracy": 0.9483,
      "f1_score": 0.9434787361976604,
      "precision": 0.8931898157731318,
      "recall": 0.9997683039851715,
      "roc_auc": 0.9996887349104099,
      "pr_auc": 0.999621136803651,
      "mae": 0.11104494432257793,
      "rmse": 0.20263916567384094,
      "ece": 0.10662644282662592,
      "mce": 0.5464415069835261,
      "round_time": 0.17727231979370117,
      "client_training_time": 0.1378176212310791,
      "edge_processing_wall_time": 0.005004167556762695,
      "total_pure_processing_time": 0.0,
      "avg_processing_per_client": 0.0,
      "server_aggregation_time": 0.0013682842254638672,
      "internal_aggregation_time": 0.0,
      "evaluation_time": 0.03308224678039551,
      "clients_processed": 50
    },
    {
      "round": 26,
      "accuracy": 0.9541,
      "f1_score": 0.9494660354508422,
      "precision": 0.9045521292217328,
      "recall": 0.9990732159406858,
      "roc_auc": 0.9997163313569333,
      "pr_auc": 0.999656650662856,
      "mae": 0.10795099714227074,
      "rmse": 0.19844735208465725,
      "ece": 0.10406645917404635,
      "mce": 0.5738441845713405,
      "round_time": 0.35262107849121094,
      "client_training_time": 0.2767786979675293,
      "edge_processing_wall_time": 0.023120880126953125,
      "total_pure_processing_time": 0.0,
      "avg_processing_per_client": 0.0,
      "server_aggregation_time": 0.002302885055541992,
      "internal_aggregation_time": 0.0,
      "evaluation_time": 0.05041861534118652,
      "clients_processed": 50
    },
    {
      "round": 27,
      "accuracy": 0.952,
      "f1_score": 0.9472643375082399,
      "precision": 0.9007521938988717,
      "recall": 0.9988415199258572,
      "roc_auc": 0.9997087087047916,
      "pr_auc": 0.999648060050089,
      "mae": 0.10716436660662905,
      "rmse": 0.19709059539145302,
      "ece": 0.10339035967330897,
      "mce": 0.5902508065263246,
      "round_time": 0.4544494152069092,
      "client_training_time": 0.39548468589782715,
      "edge_processing_wall_time": 0.013649225234985352,
      "total_pure_processing_time": 0.0,
      "avg_processing_per_client": 0.0,
      "server_aggregation_time": 0.002028942108154297,
      "internal_aggregation_time": 0.0,
      "evaluation_time": 0.04225897789001465,
      "clients_processed": 50
    },
    {
      "round": 28,
      "accuracy": 0.9496,
      "f1_score": 0.9448094612352168,
      "precision": 0.895764119601329,
      "recall": 0.9995366079703429,
      "roc_auc": 0.9997385471078272,
      "pr_auc": 0.9996817099363308,
      "mae": 0.10954176457624533,
      "rmse": 0.20098829041591781,
      "ece": 0.10603582853196196,
      "mce": 0.605553201508767,
      "round_time": 0.46242856979370117,
      "client_training_time": 0.368457555770874,
      "edge_processing_wall_time": 0.020060062408447266,
      "total_pure_processing_time": 0.0,
      "avg_processing_per_client": 0.0,
      "server_aggregation_time": 0.0013773441314697266,
      "internal_aggregation_time": 0.0,
      "evaluation_time": 0.07152462005615234,
      "clients_processed": 50
    },
    {
      "round": 29,
      "accuracy": 0.9507,
      "f1_score": 0.9459133296763577,
      "precision": 0.8983121483642426,
      "recall": 0.9988415199258572,
      "roc_auc": 0.9996898762700888,
      "pr_auc": 0.9996280069210774,
      "mae": 0.10913622631468342,
      "rmse": 0.20018055840830448,
      "ece": 0.10554861050982862,
      "mce": 0.6204827272370628,
      "round_time": 0.19052648544311523,
      "client_training_time": 0.16777729988098145,
      "edge_processing_wall_time": 0.003117799758911133,
      "total_pure_processing_time": 0.0,
      "avg_processing_per_client": 0.0,
      "server_aggregation_time": 0.0010154247283935547,
      "internal_aggregation_time": 0.0,
      "evaluation_time": 0.0186159610748291,
      "clients_processed": 50
    },
    {
      "round": 30,
      "accuracy": 0.9517,
      "f1_score": 0.9469755187177517,
      "precision": 0.8998539536824536,
      "recall": 0.9993049119555144,
      "roc_auc": 0.9997053253886004,
      "pr_auc": 0.9996409490061116,
      "mae": 0.10916335100391703,
      "rmse": 0.1995647329712739,
      "ece": 0.10476495936526788,
      "mce": 0.5209477477286029,
      "round_time": 0.13556838035583496,
      "client_training_time": 0.10582733154296875,
      "edge_processing_wall_time": 0.0060956478118896484,
      "total_pure_processing_time": 0.0,
      "avg_processing_per_client": 0.0,
      "server_aggregation_time": 0.0,
      "internal_aggregation_time": 0.0,
      "evaluation_time": 0.023645401000976562,
      "clients_processed": 50
    },
    {
      "round": 31,
      "accuracy": 0.9498,
      "f1_score": 0.9449802718106094,
      "precision": 0.896630615640599,
      "recall": 0.9988415199258572,
      "roc_auc": 0.9996491134244117,
      "pr_auc": 0.9995772449521109,
      "mae": 0.10817228138700068,
      "rmse": 0.1997048057635686,
      "ece": 0.10410603434638813,
      "mce": 0.554074018679215,
      "round_time": 0.18128609657287598,
      "client_training_time": 0.14104366302490234,
      "edge_processing_wall_time": 0.015180826187133789,
      "total_pure_processing_time": 0.0,
      "avg_processing_per_client": 0.0,
      "server_aggregation_time": 0.0009989738464355469,
      "internal_aggregation_time": 0.0,
      "evaluation_time": 0.024062633514404297,
      "clients_processed": 50
    },
    {
      "round": 32,
      "accuracy": 0.9523,
      "f1_score": 0.9475996924090959,
      "precision": 0.9009818257781491,
      "recall": 0.9993049119555144,
      "roc_auc": 0.9997085864162545,
      "pr_auc": 0.9996443629119918,
      "mae": 0.1100449077126518,
      "rmse": 0.200238970260222,
      "ece": 0.10578538519933262,
      "mce": 0.5357962435481318,
      "round_time": 0.22124481201171875,
      "client_training_time": 0.18065834045410156,
      "edge_processing_wall_time": 0.012502908706665039,
      "total_pure_processing_time": 0.0,
      "avg_processing_per_client": 0.0,
      "server_aggregation_time": 0.0011074542999267578,
      "internal_aggregation_time": 0.0,
      "evaluation_time": 0.02697610855102539,
      "clients_processed": 50
    },
    {
      "round": 33,
      "accuracy": 0.9505,
      "f1_score": 0.9457534246575342,
      "precision": 0.8972759409440633,
      "recall": 0.9997683039851715,
      "roc_auc": 0.9997257068114389,
      "pr_auc": 0.9996660898440968,
      "mae": 0.10975910494569946,
      "rmse": 0.20092358727162363,
      "ece": 0.10591160434574166,
      "mce": 0.596390759378041,
      "round_time": 0.24136924743652344,
      "client_training_time": 0.20215201377868652,
      "edge_processing_wall_time": 0.007738590240478516,
      "total_pure_processing_time": 0.0,
      "avg_processing_per_client": 0.0,
      "server_aggregation_time": 0.0010311603546142578,
      "internal_aggregation_time": 0.0,
      "evaluation_time": 0.03044748306274414,
      "clients_processed": 50
    },
    {
      "round": 34,
      "accuracy": 0.9516,
      "f1_score": 0.9468599033816425,
      "precision": 0.8998330550918197,
      "recall": 0.9990732159406858,
      "roc_auc": 0.9996604454955098,
      "pr_auc": 0.9995878510294074,
      "mae": 0.1091642203832427,
      "rmse": 0.19975964371560395,
      "ece": 0.10477929176463381,
      "mce": 0.5410612104708189,
      "round_time": 0.18642377853393555,
      "client_training_time": 0.15497517585754395,
      "edge_processing_wall_time": 0.008127450942993164,
      "total_pure_processing_time": 0.0,
      "avg_processing_per_client": 0.0,
      "server_aggregation_time": 0.0,
      "internal_aggregation_time": 0.0,
      "evaluation_time": 0.021942138671875,
      "clients_processed": 50
    },
    {
      "round": 35,
      "accuracy": 0.9499,
      "f1_score": 0.9451319680210273,
      "precision": 0.8961578400830738,
      "recall": 0.9997683039851715,
      "roc_auc": 0.9997541185148757,
      "pr_auc": 0.9997005008290644,
      "mae": 0.10979506422967111,
      "rmse": 0.20065383021171204,
      "ece": 0.10638995670530858,
      "mce": 0.6182363497738457,
      "round_time": 0.20404362678527832,
      "client_training_time": 0.18325018882751465,
      "edge_processing_wall_time": 0.005034923553466797,
      "total_pure_processing_time": 0.0,
      "avg_processing_per_client": 0.0,
      "server_aggregation_time": 0.0,
      "internal_aggregation_time": 0.0,
      "evaluation_time": 0.014708995819091797,
      "clients_processed": 50
    },
    {
      "round": 36,
      "accuracy": 0.9512,
      "f1_score": 0.9464442493415277,
      "precision": 0.8990825688073395,
      "recall": 0.9990732159406858,
      "roc_auc": 0.9996489911358747,
      "pr_auc": 0.9995685030990682,
      "mae": 0.10928334666399674,
      "rmse": 0.20082326206366263,
      "ece": 0.10443000167355378,
      "mce": 0.5071227162967615,
      "round_time": 0.15052413940429688,
      "client_training_time": 0.12570571899414062,
      "edge_processing_wall_time": 0.00485682487487793,
      "total_pure_processing_time": 0.0,
      "avg_processing_per_client": 0.0,
      "server_aggregation_time": 0.0,
      "internal_aggregation_time": 0.0,
      "evaluation_time": 0.01996159553527832,
      "clients_processed": 50
    },
    {
      "round": 37,
      "accuracy": 0.95,
      "f1_score": 0.9451994739149496,
      "precision": 0.8968386023294509,
      "recall": 0.9990732159406858,
      "roc_auc": 0.9996532304718251,
      "pr_auc": 0.9995785863511207,
      "mae": 0.10986242116728816,
      "rmse": 0.20216084993561587,
      "ece": 0.10535634996716181,
      "mce": 0.5542524189045843,
      "round_time": 0.15203475952148438,
      "client_training_time": 0.1242530345916748,
      "edge_processing_wall_time": 0.0037882328033447266,
      "total_pure_processing_time": 0.0,
      "avg_processing_per_client": 0.0,
      "server_aggregation_time": 0.0010480880737304688,
      "internal_aggregation_time": 0.0,
      "evaluation_time": 0.022945404052734375,
      "clients_processed": 50
    },
    {
      "round": 38,
      "accuracy": 0.9513,
      "f1_score": 0.9465598595413146,
      "precision": 0.8991036064206795,
      "recall": 0.9993049119555144,
      "roc_auc": 0.999688327281953,
      "pr_auc": 0.9996234637903753,
      "mae": 0.1099278857832228,
      "rmse": 0.20059190765740686,
      "ece": 0.10598623323776499,
      "mce": 0.5964568779470545,
      "round_time": 0.15372061729431152,
      "client_training_time": 0.12424755096435547,
      "edge_processing_wall_time": 0.004270076751708984,
      "total_pure_processing_time": 0.0,
      "avg_processing_per_client": 0.0,
      "server_aggregation_time": 0.0,
      "internal_aggregation_time": 0.0,
      "evaluation_time": 0.02418375015258789,
      "clients_processed": 50
    },
    {
      "round": 39,
      "accuracy": 0.9511,
      "f1_score": 0.9463403928453857,
      "precision": 0.8988951427975819,
      "recall": 0.9990732159406858,
      "roc_auc": 0.9997118066810631,
      "pr_auc": 0.9996510442887122,
      "mae": 0.10894007796873698,
      "rmse": 0.19986989765566987,
      "ece": 0.10488899570935559,
      "mce": 0.5530123110422066,
      "round_time": 0.14990615844726562,
      "client_training_time": 0.11630010604858398,
      "edge_processing_wall_time": 0.008548974990844727,
      "total_pure_processing_time": 0.0,
      "avg_processing_per_client": 0.0,
      "server_aggregation_time": 0.0010068416595458984,
      "internal_aggregation_time": 0.0,
      "evaluation_time": 0.024050235748291016,
      "clients_processed": 50
    },
    {
      "round": 40,
      "accuracy": 0.9511,
      "f1_score": 0.9463403928453857,
      "precision": 0.8988951427975819,
      "recall": 0.9990732159406858,
      "roc_auc": 0.9996891833017122,
      "pr_auc": 0.9996241360690578,
      "mae": 0.10846985551807288,
      "rmse": 0.19960729767558563,
      "ece": 0.1043024559295988,
      "mce": 0.5573627079234381,
      "round_time": 0.1492629051208496,
      "client_training_time": 0.1187446117401123,
      "edge_processing_wall_time": 0.004167795181274414,
      "total_pure_processing_time": 0.0,
      "avg_processing_per_client": 0.0,
      "server_aggregation_time": 0.001260519027709961,
      "internal_aggregation_time": 0.0,
      "evaluation_time": 0.022683143615722656,
      "clients_processed": 50
    },
    {
      "round": 41,
      "accuracy": 0.9538,
      "f1_score": 0.9491301475445937,
      "precision": 0.9043222828367604,
      "recall": 0.9986098239110287,
      "roc_auc": 0.9996974581593847,
      "pr_auc": 0.9996312575209771,
      "mae": 0.10731771092635353,
      "rmse": 0.1972041789457216,
      "ece": 0.10285565061359875,
      "mce": 0.511098549138643,
      "round_time": 0.15912103652954102,
      "client_training_time": 0.12528634071350098,
      "edge_processing_wall_time": 0.007524967193603516,
      "total_pure_processing_time": 0.0,
      "avg_processing_per_client": 0.0,
      "server_aggregation_time": 0.0010199546813964844,
      "internal_aggregation_time": 0.0,
      "evaluation_time": 0.02528977394104004,
      "clients_processed": 50
    },
    {
      "round": 42,
      "accuracy": 0.9504,
      "f1_score": 0.94563787812363,
      "precision": 0.8972545757071547,
      "recall": 0.9995366079703429,
      "roc_auc": 0.9997279895307968,
      "pr_auc": 0.9996709727134732,
      "mae": 0.10969783977721517,
      "rmse": 0.2002286928989036,
      "ece": 0.10604491550730587,
      "mce": 0.601851420873024,
      "round_time": 0.13465523719787598,
      "client_training_time": 0.1177828311920166,
      "edge_processing_wall_time": 0.005625724792480469,
      "total_pure_processing_time": 0.0,
      "avg_processing_per_client": 0.0,
      "server_aggregation_time": 0.0,
      "internal_aggregation_time": 0.0,
      "evaluation_time": 0.011246681213378906,
      "clients_processed": 50
    },
    {
      "round": 43,
      "accuracy": 0.9551,
      "f1_score": 0.9504797617734642,
      "precision": 0.9069669543254052,
      "recall": 0.9983781278962002,
      "roc_auc": 0.9997221196810193,
      "pr_auc": 0.9996658588977813,
      "mae": 0.10700340722288193,
      "rmse": 0.19594722841506337,
      "ece": 0.10354907997302584,
      "mce": 0.5967803834404463,
      "round_time": 0.16331815719604492,
      "client_training_time": 0.12924742698669434,
      "edge_processing_wall_time": 0.007598161697387695,
      "total_pure_processing_time": 0.0,
      "avg_processing_per_client": 0.0,
      "server_aggregation_time": 0.001031637191772461,
      "internal_aggregation_time": 0.0,
      "evaluation_time": 0.02544093132019043,
      "clients_processed": 50
    },
    {
      "round": 44,
      "accuracy": 0.9512,
      "f1_score": 0.9464442493415277,
      "precision": 0.8990825688073395,
      "recall": 0.9990732159406858,
      "roc_auc": 0.9996690056931021,
      "pr_auc": 0.9996001645813003,
      "mae": 0.10890876780399844,
      "rmse": 0.20011522717683472,
      "ece": 0.10483789720297554,
      "mce": 0.5857265492812815,
      "round_time": 0.14814186096191406,
      "client_training_time": 0.12246847152709961,
      "edge_processing_wall_time": 0.004152059555053711,
      "total_pure_processing_time": 0.0,
      "avg_processing_per_client": 0.0,
      "server_aggregation_time": 0.0,
      "internal_aggregation_time": 0.0,
      "evaluation_time": 0.020528554916381836,
      "clients_processed": 50
    },
    {
      "round": 45,
      "accuracy": 0.9531,
      "f1_score": 0.948444542156755,
      "precision": 0.9023216900230078,
      "recall": 0.9995366079703429,
      "roc_auc": 0.9996983141791439,
      "pr_auc": 0.9996319952023823,
      "mae": 0.10932342924604013,
      "rmse": 0.19926984610041842,
      "ece": 0.10487816180412074,
      "mce": 0.5158611076562497,
      "round_time": 0.1436629295349121,
      "client_training_time": 0.11600685119628906,
      "edge_processing_wall_time": 0.005326747894287109,
      "total_pure_processing_time": 0.0,
      "avg_processing_per_client": 0.0,
      "server_aggregation_time": 0.0,
      "internal_aggregation_time": 0.0,
      "evaluation_time": 0.022329330444335938,
      "clients_processed": 50
    },
    {
      "round": 46,
      "accuracy": 0.9513,
      "f1_score": 0.9465833059120324,
      "precision": 0.8987710893563841,
      "recall": 0.9997683039851715,
      "roc_auc": 0.9997486562935551,
      "pr_auc": 0.9996923189597443,
      "mae": 0.10917297661840432,
      "rmse": 0.1998739182547928,
      "ece": 0.10528440888287713,
      "mce": 0.5837891927212643,
      "round_time": 0.14550995826721191,
      "client_training_time": 0.11883926391601562,
      "edge_processing_wall_time": 0.004505157470703125,
      "total_pure_processing_time": 0.0,
      "avg_processing_per_client": 0.0,
      "server_aggregation_time": 0.0010039806365966797,
      "internal_aggregation_time": 0.0,
      "evaluation_time": 0.021161556243896484,
      "clients_processed": 50
    },
    {
      "round": 47,
      "accuracy": 0.9517,
      "f1_score": 0.9469522240527183,
      "precision": 0.9001879306744623,
      "recall": 0.9988415199258572,
      "roc_auc": 0.9996614238038062,
      "pr_auc": 0.9995919829283246,
      "mae": 0.11018755905094531,
      "rmse": 0.20017475348153912,
      "ece": 0.10598157506295293,
      "mce": 0.5593460233964456,
      "round_time": 0.1320478916168213,
      "client_training_time": 0.11058330535888672,
      "edge_processing_wall_time": 0.005166292190551758,
      "total_pure_processing_time": 0.0,
      "avg_processing_per_client": 0.0,
      "server_aggregation_time": 0.0,
      "internal_aggregation_time": 0.0,
      "evaluation_time": 0.015778541564941406,
      "clients_processed": 50
    },
    {
      "round": 48,
      "accuracy": 0.9522,
      "f1_score": 0.9475071381506699,
      "precision": 0.9006263048016702,
      "recall": 0.9995366079703429,
      "roc_auc": 0.9997345931117965,
      "pr_auc": 0.999676718037204,
      "mae": 0.10980279172452319,
      "rmse": 0.19944585125691758,
      "ece": 0.10593450325716226,
      "mce": 0.5829517283701361,
      "round_time": 0.1637709140777588,
      "client_training_time": 0.13423871994018555,
      "edge_processing_wall_time": 0.004233360290527344,
      "total_pure_processing_time": 0.0,
      "avg_processing_per_client": 0.0,
      "server_aggregation_time": 0.002299070358276367,
      "internal_aggregation_time": 0.0,
      "evaluation_time": 0.02299976348876953,
      "clients_processed": 50
    },
    {
      "round": 49,
      "accuracy": 0.9475,
      "f1_score": 0.9426292208501803,
      "precision": 0.892037228541882,
      "recall": 0.9993049119555144,
      "roc_auc": 0.999656654550862,
      "pr_auc": 0.9995820902922586,
      "mae": 0.11111419867665906,
      "rmse": 0.203561889213361,
      "ece": 0.10676242511115043,
      "mce": 0.5409634336648438,
      "round_time": 0.13554167747497559,
      "client_training_time": 0.11900854110717773,
      "edge_processing_wall_time": 0.00413823127746582,
      "total_pure_processing_time": 0.0,
      "avg_processing_per_client": 0.0,
      "server_aggregation_time": 0.0,
      "internal_aggregation_time": 0.0,
      "evaluation_time": 0.012394905090332031,
      "clients_processed": 50
    },
    {
      "round": 50,
      "accuracy": 0.9511,
      "f1_score": 0.9463286137635825,
      "precision": 0.8990615224191867,
      "recall": 0.9988415199258572,
      "roc_auc": 0.9996757315626388,
      "pr_auc": 0.9996105284155926,
      "mae": 0.10724605270726459,
      "rmse": 0.19886063484056016,
      "ece": 0.10339350274134051,
      "mce": 0.6121037784084654,
      "round_time": 0.16031956672668457,
      "client_training_time": 0.12874221801757812,
      "edge_processing_wall_time": 0.00620722770690918,
      "total_pure_processing_time": 0.0,
      "avg_processing_per_client": 0.0,
      "server_aggregation_time": 0.0007297992706298828,
      "internal_aggregation_time": 0.0,
      "evaluation_time": 0.024640321731567383,
      "clients_processed": 50
    },
    {
      "round": 51,
      "accuracy": 0.9517,
      "f1_score": 0.9469987929331724,
      "precision": 0.8995205336668751,
      "recall": 0.9997683039851715,
      "roc_auc": 0.9997665104199616,
      "pr_auc": 0.9997118660328443,
      "mae": 0.108113338943449,
      "rmse": 0.19902160437766778,
      "ece": 0.10407151939421905,
      "mce": 0.5469883565023774,
      "round_time": 0.21407794952392578,
      "client_training_time": 0.16884374618530273,
      "edge_processing_wall_time": 0.005491733551025391,
      "total_pure_processing_time": 0.0,
      "avg_processing_per_client": 0.0,
      "server_aggregation_time": 0.0,
      "internal_aggregation_time": 0.0,
      "evaluation_time": 0.037955522537231445,
      "clients_processed": 50
    },
    {
      "round": 52,
      "accuracy": 0.953,
      "f1_score": 0.9483062032556093,
      "precision": 0.9026381909547738,
      "recall": 0.9988415199258572,
      "roc_auc": 0.9996734080804351,
      "pr_auc": 0.9996027114942777,
      "mae": 0.10918562811276757,
      "rmse": 0.19963588980753774,
      "ece": 0.10456280279518976,
      "mce": 0.5229597329143811,
      "round_time": 0.21077418327331543,
      "client_training_time": 0.17719030380249023,
      "edge_processing_wall_time": 0.011586427688598633,
      "total_pure_processing_time": 0.0,
      "avg_processing_per_client": 0.0,
      "server_aggregation_time": 0.0010890960693359375,
      "internal_aggregation_time": 0.0,
      "evaluation_time": 0.020908355712890625,
      "clients_processed": 50
    },
    {
      "round": 53,
      "accuracy": 0.9538,
      "f1_score": 0.9491637323943662,
      "precision": 0.9038139145012574,
      "recall": 0.9993049119555144,
      "roc_auc": 0.999747270356802,
      "pr_auc": 0.9996923357240121,
      "mae": 0.10737057183902916,
      "rmse": 0.19723909551813185,
      "ece": 0.10366137494356424,
      "mce": 0.6016943371918411,
      "round_time": 0.16249918937683105,
      "client_training_time": 0.12681794166564941,
      "edge_processing_wall_time": 0.011474132537841797,
      "total_pure_processing_time": 0.0,
      "avg_processing_per_client": 0.0,
      "server_aggregation_time": 0.0014274120330810547,
      "internal_aggregation_time": 0.0,
      "evaluation_time": 0.021761417388916016,
      "clients_processed": 50
    },
    {
      "round": 54,
      "accuracy": 0.9507,
      "f1_score": 0.9459014594535279,
      "precision": 0.8984782155513863,
      "recall": 0.9986098239110287,
      "roc_auc": 0.9996713699381513,
      "pr_auc": 0.9996028499748953,
      "mae": 0.10863670129155525,
      "rmse": 0.1992829610573871,
      "ece": 0.10442760735854961,
      "mce": 0.5367171066236096,
      "round_time": 0.23535990715026855,
      "client_training_time": 0.17624473571777344,
      "edge_processing_wall_time": 0.02153325080871582,
      "total_pure_processing_time": 0.0,
      "avg_processing_per_client": 0.0,
      "server_aggregation_time": 0.0012133121490478516,
      "internal_aggregation_time": 0.0,
      "evaluation_time": 0.036368608474731445,
      "clients_processed": 50
    },
    {
      "round": 55,
      "accuracy": 0.9493,
      "f1_score": 0.9444991789819376,
      "precision": 0.8952064743722764,
      "recall": 0.9995366079703429,
      "roc_auc": 0.9997054884399831,
      "pr_auc": 0.9996434405339354,
      "mae": 0.10967929160170829,
      "rmse": 0.2014336845949387,
      "ece": 0.10606641167747687,
      "mce": 0.6099756804321059,
      "round_time": 0.3714568614959717,
      "client_training_time": 0.31002306938171387,
      "edge_processing_wall_time": 0.017874479293823242,
      "total_pure_processing_time": 0.0,
      "avg_processing_per_client": 0.0,
      "server_aggregation_time": 0.0015869140625,
      "internal_aggregation_time": 0.0,
      "evaluation_time": 0.04071927070617676,
      "clients_processed": 50
    },
    {
      "round": 56,
      "accuracy": 0.9522,
      "f1_score": 0.9474956063268892,
      "precision": 0.9007936507936508,
      "recall": 0.9993049119555144,
      "roc_auc": 0.999714089400421,
      "pr_auc": 0.9996480913310157,
      "mae": 0.10845960851019147,
      "rmse": 0.19846577557899564,
      "ece": 0.10379498358340301,
      "mce": 0.5019195804332814,
      "round_time": 0.31610107421875,
      "client_training_time": 0.26059865951538086,
      "edge_processing_wall_time": 0.011870861053466797,
      "total_pure_processing_time": 0.0,
      "avg_processing_per_client": 0.0,
      "server_aggregation_time": 0.0,
      "internal_aggregation_time": 0.0,
      "evaluation_time": 0.0406651496887207,
      "clients_processed": 50
    },
    {
      "round": 57,
      "accuracy": 0.951,
      "f1_score": 0.9462483545414656,
      "precision": 0.8985416666666667,
      "recall": 0.9993049119555144,
      "roc_auc": 0.9997179618707602,
      "pr_auc": 0.9996577673828172,
      "mae": 0.10979893467070774,
      "rmse": 0.20084389884068482,
      "ece": 0.10595864890110329,
      "mce": 0.5900436583955522,
      "round_time": 0.37697935104370117,
      "client_training_time": 0.3314676284790039,
      "edge_processing_wall_time": 0.006047248840332031,
      "total_pure_processing_time": 0.0,
      "avg_processing_per_client": 0.0,
      "server_aggregation_time": 0.001344919204711914,
      "internal_aggregation_time": 0.0,
      "evaluation_time": 0.03811955451965332,
      "clients_processed": 50
    },
    {
      "round": 58,
      "accuracy": 0.9521,
      "f1_score": 0.9473799846204548,
      "precision": 0.9007729266764153,
      "recall": 0.9990732159406858,
      "roc_auc": 0.9997292124161671,
      "pr_auc": 0.99967035713455,
      "mae": 0.10952944519267732,
      "rmse": 0.1991374300729363,
      "ece": 0.10534362943398883,
      "mce": 0.557474188247582,
      "round_time": 0.3308281898498535,
      "client_training_time": 0.29387903213500977,
      "edge_processing_wall_time": 0.007394552230834961,
      "total_pure_processing_time": 0.0,
      "avg_processing_per_client": 0.0,
      "server_aggregation_time": 0.0012085437774658203,
      "internal_aggregation_time": 0.0,
      "evaluation_time": 0.027294635772705078,
      "clients_processed": 50
    },
    {
      "round": 59,
      "accuracy": 0.9503,
      "f1_score": 0.9455223062589061,
      "precision": 0.8972332015810277,
      "recall": 0.9993049119555144,
      "roc_auc": 0.9996502955469363,
      "pr_auc": 0.9995737522819695,
      "mae": 0.1099336241894569,
      "rmse": 0.2013813838633331,
      "ece": 0.10517722872611804,
      "mce": 0.501933521255178,
      "round_time": 0.4425516128540039,
      "client_training_time": 0.3563370704650879,
      "edge_processing_wall_time": 0.03116440773010254,
      "total_pure_processing_time": 0.0,
      "avg_processing_per_client": 0.0,
      "server_aggregation_time": 0.0030558109283447266,
      "internal_aggregation_time": 0.0,
      "evaluation_time": 0.05099081993103027,
      "clients_processed": 50
    },
    {
      "round": 60,
      "accuracy": 0.9524,
      "f1_score": 0.9476808089690042,
      "precision": 0.9015056461731493,
      "recall": 0.9988415199258572,
      "roc_auc": 0.9996746309658056,
      "pr_auc": 0.9996014445663322,
      "mae": 0.10991882472599218,
      "rmse": 0.2004560063168264,
      "ece": 0.1050498132299619,
      "mce": 0.5103303749960745,
      "round_time": 0.34381747245788574,
      "client_training_time": 0.28436875343322754,
      "edge_processing_wall_time": 0.008104562759399414,
      "total_pure_processing_time": 0.0,
      "avg_processing_per_client": 0.0,
      "server_aggregation_time": 0.0019371509552001953,
      "internal_aggregation_time": 0.0,
      "evaluation_time": 0.04795503616333008,
      "clients_processed": 50
    }
  ],
  "final_statistics": {
    "final_accuracy": 0.9524,
    "best_accuracy": 0.9551,
    "total_time": 11.034050703048706,
    "avg_round_time": 0.18357388973236083,
    "avg_client_training_time": 0.15064881245295206,
    "avg_edge_processing_wall_time": 0.007597819964090983,
    "avg_pure_processing_time": 0.0,
    "avg_processing_per_client": 0.0,
    "avg_server_aggregation_time": 0.0007518569628397624,
    "avg_internal_aggregation_time": 0.0,
    "avg_evaluation_time": 0.023968823750813804
  },
  "timing_statistics": {
    "total_client_training_time": 9.038928747177124,
    "total_edge_processing_wall_time": 0.455869197845459,
    "total_pure_processing_time": 0.0,
    "total_server_aggregation_time": 0.04511141777038574,
    "total_internal_aggregation_time": 0.0,
    "total_evaluation_time": 1.4381294250488281,
    "total_time": 11.034050703048706,
    "avg_round_time": 0.18357388973236083,
    "avg_client_training_time": 0.15064881245295206,
    "avg_edge_processing_wall_time": 0.007597819964090983,
    "avg_pure_processing_time": 0.0,
    "avg_processing_per_client": 0.0,
    "avg_server_aggregation_time": 0.0007518569628397624,
    "avg_internal_aggregation_time": 0.0,
    "avg_evaluation_time": 0.023968823750813804
  },
  "architecture": {
    "clients": 50,
    "edge_devices": 50,
    "cloud_servers": 1,
    "data_flow": "Client \u2192 Edge \u2192 Cloud \u2192 Edge \u2192 Client"
  }
}