{
  "pipeline_info": {
    "type": "fhe",
    "rounds": 60,
    "clients": 20,
    "timestamp": "2025-09-16 12:04:06",
    "total_samples": 4000,
    "one_class_clients": 4,
    "one_class_percentage": 20.0
  },
  "final_performance": {
    "accuracy": 0.88625,
    "f1_score": 0.8804833201996323,
    "precision": 0.7864852182074143,
    "recall": 1.0,
    "auc": 0.9999563545693171,
    "pr_auc": 0.9999410737940861,
    "mae": 0.12496855995783898,
    "rmse": 0.2613939301219406,
    "ece": 0.12143513132978793,
    "mce": 0.7689289536312948
  },
  "performance_trends": {
    "initial_accuracy": 0.93475,
    "final_accuracy": 0.88625,
    "accuracy_improvement": -0.04849999999999999,
    "best_accuracy": 0.93475,
    "final_f1": 0.8804833201996323,
    "best_f1": 0.9277608635482978
  },
  "timing_statistics": {
    "total_encryption_time": 9.542325496673584,
    "total_aggregation_time": 8.731951475143433,
    "total_evaluation_time": 0,
    "total_time": 18.274276971817017,
    "avg_round_time": 0.30457128286361695,
    "avg_encryption_time": 0.15903875827789307,
    "avg_aggregation_time": 0.14553252458572388
  },
  "round_details": [
    {
      "round": 1,
      "accuracy": 0.93475,
      "f1_score": 0.9277608635482978,
      "precision": 0.8652555498193082,
      "recall": 1.0,
      "auc": 0.9999540439288692,
      "pr_auc": 0.9999385614426968,
      "ece": 0.09648509575615778,
      "mce": 0.8295959602042895,
      "mae": 0.09714323040300335,
      "rmse": 0.20115372569971404,
      "encryption_time": 0.1593780517578125,
      "aggregation_time": 0.14384222030639648,
      "decryption_time": 0.0,
      "total_time": 0.303220272064209,
      "is_encrypted": true,
      "improvement": 0.93475,
      "best_accuracy": 0.93475
    },
    {
      "round": 2,
      "accuracy": 0.8865,
      "f1_score": 0.8807146610614819,
      "precision": 0.7868544600938967,
      "recall": 1.0,
      "auc": 0.9999507063371111,
      "pr_auc": 0.9999336587873452,
      "ece": 0.1204990813686552,
      "mce": 0.8031098147125717,
      "mae": 0.12360626395937502,
      "rmse": 0.25953674778091623,
      "encryption_time": 0.1478743553161621,
      "aggregation_time": 0.13721108436584473,
      "decryption_time": 0.0,
      "total_time": 0.28508543968200684,
      "is_encrypted": true,
      "improvement": -0.048250000000000015,
      "best_accuracy": 0.93475
    },
    {
      "round": 3,
      "accuracy": 0.88825,
      "f1_score": 0.8823374572255857,
      "precision": 0.7894488930758361,
      "recall": 1.0,
      "auc": 0.9999427474644572,
      "pr_auc": 0.9999238481788657,
      "ece": 0.11902980671046373,
      "mce": 0.8089013551365823,
      "mae": 0.12371740195360607,
      "rmse": 0.26122947473229163,
      "encryption_time": 0.1482696533203125,
      "aggregation_time": 0.13367962837219238,
      "decryption_time": 0.0,
      "total_time": 0.2819492816925049,
      "is_encrypted": true,
      "improvement": -0.046499999999999986,
      "best_accuracy": 0.93475
    },
    {
      "round": 4,
      "accuracy": 0.88675,
      "f1_score": 0.880946123521682,
      "precision": 0.787224048849225,
      "recall": 1.0,
      "auc": 0.9999609758502129,
      "pr_auc": 0.9999470608767698,
      "ece": 0.12082995407882176,
      "mce": 0.7719479201832207,
      "mae": 0.12390587470674656,
      "rmse": 0.2606937993942908,
      "encryption_time": 0.1556532382965088,
      "aggregation_time": 0.13988637924194336,
      "decryption_time": 0.0,
      "total_time": 0.29553961753845215,
      "is_encrypted": true,
      "improvement": -0.04799999999999993,
      "best_accuracy": 0.93475
    },
    {
      "round": 5,
      "accuracy": 0.88625,
      "f1_score": 0.8804833201996323,
      "precision": 0.7864852182074143,
      "recall": 1.0,
      "auc": 0.9999517332884214,
      "pr_auc": 0.9999348987553699,
      "ece": 0.12122293314612066,
      "mce": 0.7688864055784129,
      "mae": 0.124324942520935,
      "rmse": 0.26087898366565676,
      "encryption_time": 0.15535736083984375,
      "aggregation_time": 0.14281940460205078,
      "decryption_time": 0.0,
      "total_time": 0.29817676544189453,
      "is_encrypted": true,
      "improvement": -0.04849999999999999,
      "best_accuracy": 0.93475
    },
    {
      "round": 6,
      "accuracy": 0.888,
      "f1_score": 0.8821052631578947,
      "precision": 0.7890772128060264,
      "recall": 1.0,
      "auc": 0.9999532737153867,
      "pr_auc": 0.9999371337064206,
      "ece": 0.1203583978254654,
      "mce": 0.789071756544701,
      "mae": 0.12389003968030457,
      "rmse": 0.2603116303265543,
      "encryption_time": 0.14805865287780762,
      "aggregation_time": 0.13751959800720215,
      "decryption_time": 0.0,
      "total_time": 0.28557825088500977,
      "is_encrypted": true,
      "improvement": -0.04674999999999996,
      "best_accuracy": 0.93475
    },
    {
      "round": 7,
      "accuracy": 0.889,
      "f1_score": 0.8830347734457323,
      "precision": 0.7905660377358491,
      "recall": 1.0,
      "auc": 0.9999548141423519,
      "pr_auc": 0.9999390177923915,
      "ece": 0.11952251720868111,
      "mce": 0.7841900017795698,
      "mae": 0.1226314618651062,
      "rmse": 0.258290946285344,
      "encryption_time": 0.15555286407470703,
      "aggregation_time": 0.14265871047973633,
      "decryption_time": 0.0,
      "total_time": 0.29821157455444336,
      "is_encrypted": true,
      "improvement": -0.04574999999999996,
      "best_accuracy": 0.93475
    },
    {
      "round": 8,
      "accuracy": 0.889,
      "f1_score": 0.8830347734457323,
      "precision": 0.7905660377358491,
      "recall": 1.0,
      "auc": 0.999950192861456,
      "pr_auc": 0.9999330505581824,
      "ece": 0.11898888901550442,
      "mce": 0.7996118444867046,
      "mae": 0.12256726692538186,
      "rmse": 0.25736545275260164,
      "encryption_time": 0.23459672927856445,
      "aggregation_time": 0.22110939025878906,
      "decryption_time": 0.0,
      "total_time": 0.4557061195373535,
      "is_encrypted": true,
      "improvement": -0.04574999999999996,
      "best_accuracy": 0.93475
    },
    {
      "round": 9,
      "accuracy": 0.88975,
      "f1_score": 0.8837331927234379,
      "precision": 0.7916863486065187,
      "recall": 1.0,
      "auc": 0.9999573815206274,
      "pr_auc": 0.9999424320842502,
      "ece": 0.11946127426761348,
      "mce": 0.7831872720997105,
      "mae": 0.12210558508668885,
      "rmse": 0.25735048429625623,
      "encryption_time": 0.233642578125,
      "aggregation_time": 0.2081758975982666,
      "decryption_time": 0.0,
      "total_time": 0.4418184757232666,
      "is_encrypted": true,
      "improvement": -0.04499999999999993,
      "best_accuracy": 0.93475
    },
    {
      "round": 10,
      "accuracy": 0.89025,
      "f1_score": 0.8841994196781852,
      "precision": 0.7924349881796691,
      "recall": 1.0,
      "auc": 0.9999545574045243,
      "pr_auc": 0.999938849203856,
      "ece": 0.11959980448753674,
      "mce": 0.7878224945345518,
      "mae": 0.12225646355872287,
      "rmse": 0.25766429348553654,
      "encryption_time": 0.25368428230285645,
      "aggregation_time": 0.23537111282348633,
      "decryption_time": 0.0,
      "total_time": 0.4890553951263428,
      "is_encrypted": true,
      "improvement": -0.044499999999999984,
      "best_accuracy": 0.93475
    },
    {
      "round": 11,
      "accuracy": 0.88675,
      "f1_score": 0.880946123521682,
      "precision": 0.787224048849225,
      "recall": 1.0,
      "auc": 0.9999558410936621,
      "pr_auc": 0.9999403081253729,
      "ece": 0.12116241942576582,
      "mce": 0.7705214070505008,
      "mae": 0.12424835659488846,
      "rmse": 0.26073125209647446,
      "encryption_time": 0.1453382968902588,
      "aggregation_time": 0.13306736946105957,
      "decryption_time": 0.0,
      "total_time": 0.27840566635131836,
      "is_encrypted": true,
      "improvement": -0.04799999999999993,
      "best_accuracy": 0.93475
    },
    {
      "round": 12,
      "accuracy": 0.88925,
      "f1_score": 0.8832674571805007,
      "precision": 0.7909391222274658,
      "recall": 1.0,
      "auc": 0.9999535304532142,
      "pr_auc": 0.9999373902274561,
      "ece": 0.11925796866759343,
      "mce": 0.8023766010299389,
      "mae": 0.12282003311989896,
      "rmse": 0.2583093967569907,
      "encryption_time": 0.1460740566253662,
      "aggregation_time": 0.13301301002502441,
      "decryption_time": 0.0,
      "total_time": 0.2790870666503906,
      "is_encrypted": true,
      "improvement": -0.045499999999999985,
      "best_accuracy": 0.93475
    },
    {
      "round": 13,
      "accuracy": 0.8865,
      "f1_score": 0.8807146610614819,
      "precision": 0.7868544600938967,
      "recall": 1.0,
      "auc": 0.9999571247827999,
      "pr_auc": 0.9999421268538,
      "ece": 0.12146681210955217,
      "mce": 0.7745870534710456,
      "mae": 0.12409937130075704,
      "rmse": 0.26088905992536815,
      "encryption_time": 0.14442133903503418,
      "aggregation_time": 0.13167691230773926,
      "decryption_time": 0.0,
      "total_time": 0.27609825134277344,
      "is_encrypted": true,
      "improvement": -0.048250000000000015,
      "best_accuracy": 0.93475
    },
    {
      "round": 14,
      "accuracy": 0.88475,
      "f1_score": 0.8790978232362969,
      "precision": 0.7842770238652317,
      "recall": 1.0,
      "auc": 0.9999566113071446,
      "pr_auc": 0.9999412771855968,
      "ece": 0.12158837987888495,
      "mce": 0.7700336615773536,
      "mae": 0.12467968987556327,
      "rmse": 0.2614541687975109,
      "encryption_time": 0.14319324493408203,
      "aggregation_time": 0.1335744857788086,
      "decryption_time": 0.0,
      "total_time": 0.2767677307128906,
      "is_encrypted": true,
      "improvement": -0.04999999999999993,
      "best_accuracy": 0.93475
    },
    {
      "round": 15,
      "accuracy": 0.887,
      "f1_score": 0.8811777076761304,
      "precision": 0.7875939849624061,
      "recall": 1.0,
      "auc": 0.9999537871910417,
      "pr_auc": 0.9999376153282029,
      "ece": 0.12072986802979539,
      "mce": 0.7715500788466495,
      "mae": 0.1238169162200279,
      "rmse": 0.25976724357973097,
      "encryption_time": 0.14493942260742188,
      "aggregation_time": 0.13288235664367676,
      "decryption_time": 0.0,
      "total_time": 0.27782177925109863,
      "is_encrypted": true,
      "improvement": -0.04774999999999996,
      "best_accuracy": 0.93475
    },
    {
      "round": 16,
      "accuracy": 0.88875,
      "f1_score": 0.8828022122728469,
      "precision": 0.7901933050447902,
      "recall": 1.0,
      "auc": 0.9999563545693172,
      "pr_auc": 0.9999412427218943,
      "ece": 0.11997526506112147,
      "mce": 0.803715888373707,
      "mae": 0.12263523534161314,
      "rmse": 0.25778994847339276,
      "encryption_time": 0.14406561851501465,
      "aggregation_time": 0.13073039054870605,
      "decryption_time": 0.0,
      "total_time": 0.2747960090637207,
      "is_encrypted": true,
      "improvement": -0.04599999999999993,
      "best_accuracy": 0.93475
    },
    {
      "round": 17,
      "accuracy": 0.8905,
      "f1_score": 0.8844327176781003,
      "precision": 0.7928098391674551,
      "recall": 1.0,
      "auc": 0.9999558410936621,
      "pr_auc": 0.9999404640547,
      "ece": 0.12025501792360722,
      "mce": 0.7888510517687615,
      "mae": 0.1229054956811512,
      "rmse": 0.2581255173016784,
      "encryption_time": 0.14913082122802734,
      "aggregation_time": 0.13549351692199707,
      "decryption_time": 0.0,
      "total_time": 0.2846243381500244,
      "is_encrypted": true,
      "improvement": -0.04425000000000001,
      "best_accuracy": 0.93475
    },
    {
      "round": 18,
      "accuracy": 0.8885,
      "f1_score": 0.8825697735650342,
      "precision": 0.7898209236569275,
      "recall": 1.0,
      "auc": 0.9999509630749387,
      "pr_auc": 0.9999339362598743,
      "ece": 0.11984464440114803,
      "mce": 0.7801687330880137,
      "mae": 0.12249266138528442,
      "rmse": 0.2574373313251508,
      "encryption_time": 0.14361143112182617,
      "aggregation_time": 0.13022947311401367,
      "decryption_time": 0.0,
      "total_time": 0.27384090423583984,
      "is_encrypted": true,
      "improvement": -0.04625000000000001,
      "best_accuracy": 0.93475
    },
    {
      "round": 19,
      "accuracy": 0.88825,
      "f1_score": 0.8823374572255857,
      "precision": 0.7894488930758361,
      "recall": 1.0,
      "auc": 0.999946855269698,
      "pr_auc": 0.9999288611043919,
      "ece": 0.1198613443325202,
      "mce": 0.8062305415574041,
      "mae": 0.12298869401518903,
      "rmse": 0.2587981314426133,
      "encryption_time": 0.14088892936706543,
      "aggregation_time": 0.12929725646972656,
      "decryption_time": 0.0,
      "total_time": 0.270186185836792,
      "is_encrypted": true,
      "improvement": -0.046499999999999986,
      "best_accuracy": 0.93475
    },
    {
      "round": 20,
      "accuracy": 0.8895,
      "f1_score": 0.8835002635740643,
      "precision": 0.7913125590179415,
      "recall": 1.0,
      "auc": 0.9999419772509746,
      "pr_auc": 0.999922912971628,
      "ece": 0.11801423898198546,
      "mce": 0.8046944555202968,
      "mae": 0.12205735985730502,
      "rmse": 0.2574891950546187,
      "encryption_time": 0.14354467391967773,
      "aggregation_time": 0.13080430030822754,
      "decryption_time": 0.0,
      "total_time": 0.2743489742279053,
      "is_encrypted": true,
      "improvement": -0.04525000000000001,
      "best_accuracy": 0.93475
    },
    {
      "round": 21,
      "accuracy": 0.887,
      "f1_score": 0.8811777076761304,
      "precision": 0.7875939849624061,
      "recall": 1.0,
      "auc": 0.9999537871910418,
      "pr_auc": 0.9999375495545398,
      "ece": 0.12050732279375795,
      "mce": 0.7635818781292646,
      "mae": 0.12316179344367494,
      "rmse": 0.2589498791460535,
      "encryption_time": 0.14960217475891113,
      "aggregation_time": 0.13553762435913086,
      "decryption_time": 0.0,
      "total_time": 0.285139799118042,
      "is_encrypted": true,
      "improvement": -0.04774999999999996,
      "best_accuracy": 0.93475
    },
    {
      "round": 22,
      "accuracy": 0.887,
      "f1_score": 0.8811777076761304,
      "precision": 0.7875939849624061,
      "recall": 1.0,
      "auc": 0.9999435176779399,
      "pr_auc": 0.9999247607591248,
      "ece": 0.1194013712057436,
      "mce": 0.8037419451186114,
      "mae": 0.122987126530063,
      "rmse": 0.25911035372639785,
      "encryption_time": 0.16921353340148926,
      "aggregation_time": 0.15465164184570312,
      "decryption_time": 0.0,
      "total_time": 0.3238651752471924,
      "is_encrypted": true,
      "improvement": -0.04774999999999996,
      "best_accuracy": 0.93475
    },
    {
      "round": 23,
      "accuracy": 0.88775,
      "f1_score": 0.8818731912654565,
      "precision": 0.7887058823529411,
      "recall": 1.0,
      "auc": 0.9999586652097651,
      "pr_auc": 0.9999440660960638,
      "ece": 0.12112704106458584,
      "mce": 0.7665264404883302,
      "mae": 0.12375243517815783,
      "rmse": 0.2599341946202757,
      "encryption_time": 0.1560208797454834,
      "aggregation_time": 0.14392328262329102,
      "decryption_time": 0.0,
      "total_time": 0.2999441623687744,
      "is_encrypted": true,
      "improvement": -0.04699999999999993,
      "best_accuracy": 0.93475
    },
    {
      "round": 24,
      "accuracy": 0.88675,
      "f1_score": 0.880946123521682,
      "precision": 0.787224048849225,
      "recall": 1.0,
      "auc": 0.9999545574045243,
      "pr_auc": 0.9999388157582244,
      "ece": 0.12068592775171756,
      "mce": 0.7831789014499342,
      "mae": 0.1237821865192964,
      "rmse": 0.25930533082459845,
      "encryption_time": 0.15790724754333496,
      "aggregation_time": 0.14452385902404785,
      "decryption_time": 0.0,
      "total_time": 0.3024311065673828,
      "is_encrypted": true,
      "improvement": -0.04799999999999993,
      "best_accuracy": 0.93475
    },
    {
      "round": 25,
      "accuracy": 0.8905,
      "f1_score": 0.8844327176781003,
      "precision": 0.7928098391674551,
      "recall": 1.0,
      "auc": 0.9999507063371111,
      "pr_auc": 0.9999341301141187,
      "ece": 0.11840471210606267,
      "mce": 0.8045305696623322,
      "mae": 0.1219679187572542,
      "rmse": 0.2571003455818682,
      "encryption_time": 0.1589958667755127,
      "aggregation_time": 0.1453843116760254,
      "decryption_time": 0.0,
      "total_time": 0.3043801784515381,
      "is_encrypted": true,
      "improvement": -0.04425000000000001,
      "best_accuracy": 0.93475
    },
    {
      "round": 26,
      "accuracy": 0.88475,
      "f1_score": 0.8790978232362969,
      "precision": 0.7842770238652317,
      "recall": 1.0,
      "auc": 0.9999543006666968,
      "pr_auc": 0.9999383720905228,
      "ece": 0.1224426014991795,
      "mce": 0.7791395885801603,
      "mae": 0.1255226670248003,
      "rmse": 0.2632365956996167,
      "encryption_time": 0.1538393497467041,
      "aggregation_time": 0.14063692092895508,
      "decryption_time": 0.0,
      "total_time": 0.2944762706756592,
      "is_encrypted": true,
      "improvement": -0.04999999999999993,
      "best_accuracy": 0.93475
    },
    {
      "round": 27,
      "accuracy": 0.88775,
      "f1_score": 0.8818731912654565,
      "precision": 0.7887058823529411,
      "recall": 1.0,
      "auc": 0.9999509630749387,
      "pr_auc": 0.9999339450398981,
      "ece": 0.12016503827645678,
      "mce": 0.7847465758704132,
      "mae": 0.12326963414317862,
      "rmse": 0.25910040785647676,
      "encryption_time": 0.15743303298950195,
      "aggregation_time": 0.1422138214111328,
      "decryption_time": 0.0,
      "total_time": 0.29964685440063477,
      "is_encrypted": true,
      "improvement": -0.04699999999999993,
      "best_accuracy": 0.93475
    },
    {
      "round": 28,
      "accuracy": 0.88725,
      "f1_score": 0.8814094136208257,
      "precision": 0.7879642689233662,
      "recall": 1.0,
      "auc": 0.9999499361236285,
      "pr_auc": 0.9999327001645866,
      "ece": 0.11982946091390925,
      "mce": 0.7880602090586298,
      "mae": 0.12338280020797851,
      "rmse": 0.2594381704742154,
      "encryption_time": 0.15542340278625488,
      "aggregation_time": 0.14274930953979492,
      "decryption_time": 0.0,
      "total_time": 0.2981727123260498,
      "is_encrypted": true,
      "improvement": -0.04749999999999999,
      "best_accuracy": 0.93475
    },
    {
      "round": 29,
      "accuracy": 0.8885,
      "f1_score": 0.8825697735650342,
      "precision": 0.7898209236569275,
      "recall": 1.0,
      "auc": 0.9999596921610753,
      "pr_auc": 0.9999453745403557,
      "ece": 0.1205075869410516,
      "mce": 0.7602088483395161,
      "mae": 0.12268486386320043,
      "rmse": 0.257938089169722,
      "encryption_time": 0.1617276668548584,
      "aggregation_time": 0.14509820938110352,
      "decryption_time": 0.0,
      "total_time": 0.3068258762359619,
      "is_encrypted": true,
      "improvement": -0.04625000000000001,
      "best_accuracy": 0.93475
    },
    {
      "round": 30,
      "accuracy": 0.88675,
      "f1_score": 0.880946123521682,
      "precision": 0.787224048849225,
      "recall": 1.0,
      "auc": 0.9999548141423519,
      "pr_auc": 0.9999389874331279,
      "ece": 0.12080734497144396,
      "mce": 0.7836166323813538,
      "mae": 0.12390477745755214,
      "rmse": 0.2599135481156986,
      "encryption_time": 0.15646815299987793,
      "aggregation_time": 0.1436152458190918,
      "decryption_time": 0.0,
      "total_time": 0.3000833988189697,
      "is_encrypted": true,
      "improvement": -0.04799999999999993,
      "best_accuracy": 0.93475
    },
    {
      "round": 31,
      "accuracy": 0.889,
      "f1_score": 0.8830347734457323,
      "precision": 0.7905660377358491,
      "recall": 1.0,
      "auc": 0.9999517332884214,
      "pr_auc": 0.9999350645680724,
      "ece": 0.11905159611633148,
      "mce": 0.7888785248303032,
      "mae": 0.12216679136073118,
      "rmse": 0.258285030986913,
      "encryption_time": 0.15323758125305176,
      "aggregation_time": 0.1420893669128418,
      "decryption_time": 0.0,
      "total_time": 0.29532694816589355,
      "is_encrypted": true,
      "improvement": -0.04574999999999996,
      "best_accuracy": 0.93475
    },
    {
      "round": 32,
      "accuracy": 0.88675,
      "f1_score": 0.880946123521682,
      "precision": 0.787224048849225,
      "recall": 1.0,
      "auc": 0.9999527602397316,
      "pr_auc": 0.9999362680855783,
      "ece": 0.12073088260604652,
      "mce": 0.763356407811744,
      "mae": 0.12338694202106083,
      "rmse": 0.2586566882115154,
      "encryption_time": 0.14461779594421387,
      "aggregation_time": 0.1350083351135254,
      "decryption_time": 0.0,
      "total_time": 0.27962613105773926,
      "is_encrypted": true,
      "improvement": -0.04799999999999993,
      "best_accuracy": 0.93475
    },
    {
      "round": 33,
      "accuracy": 0.89025,
      "f1_score": 0.8841994196781852,
      "precision": 0.7924349881796691,
      "recall": 1.0,
      "auc": 0.9999496793858009,
      "pr_auc": 0.9999326539427641,
      "ece": 0.11768621627548771,
      "mce": 0.8039311025206448,
      "mae": 0.12217675649975679,
      "rmse": 0.2581842660030617,
      "encryption_time": 0.15696239471435547,
      "aggregation_time": 0.14109277725219727,
      "decryption_time": 0.0,
      "total_time": 0.29805517196655273,
      "is_encrypted": true,
      "improvement": -0.044499999999999984,
      "best_accuracy": 0.93475
    },
    {
      "round": 34,
      "accuracy": 0.889,
      "f1_score": 0.8830347734457323,
      "precision": 0.7905660377358491,
      "recall": 1.0,
      "auc": 0.9999514765505938,
      "pr_auc": 0.9999348241315531,
      "ece": 0.11920373707210521,
      "mce": 0.8008690564649306,
      "mae": 0.1227721867497484,
      "rmse": 0.2585659555230607,
      "encryption_time": 0.14757442474365234,
      "aggregation_time": 0.13625669479370117,
      "decryption_time": 0.0,
      "total_time": 0.2838311195373535,
      "is_encrypted": true,
      "improvement": -0.04574999999999996,
      "best_accuracy": 0.93475
    },
    {
      "round": 35,
      "accuracy": 0.8895,
      "f1_score": 0.8835002635740643,
      "precision": 0.7913125590179415,
      "recall": 1.0,
      "auc": 0.9999530169775591,
      "pr_auc": 0.9999368079689362,
      "ece": 0.11957956586949844,
      "mce": 0.7876885404649321,
      "mae": 0.1226822208664469,
      "rmse": 0.2585488532777645,
      "encryption_time": 0.1339857578277588,
      "aggregation_time": 0.12328124046325684,
      "decryption_time": 0.0,
      "total_time": 0.2572669982910156,
      "is_encrypted": true,
      "improvement": -0.04525000000000001,
      "best_accuracy": 0.93475
    },
    {
      "round": 36,
      "accuracy": 0.885,
      "f1_score": 0.8793284365162645,
      "precision": 0.7846441947565543,
      "recall": 1.0,
      "auc": 0.9999568680449722,
      "pr_auc": 0.999941618359502,
      "ece": 0.12254515102975516,
      "mce": 0.767395944390636,
      "mae": 0.12518070909003284,
      "rmse": 0.26199778327434686,
      "encryption_time": 0.13423585891723633,
      "aggregation_time": 0.12540626525878906,
      "decryption_time": 0.0,
      "total_time": 0.2596421241760254,
      "is_encrypted": true,
      "improvement": -0.04974999999999996,
      "best_accuracy": 0.93475
    },
    {
      "round": 37,
      "accuracy": 0.888,
      "f1_score": 0.8821052631578947,
      "precision": 0.7890772128060264,
      "recall": 1.0,
      "auc": 0.9999504495992837,
      "pr_auc": 0.9999333215370513,
      "ece": 0.12049724337577616,
      "mce": 0.7904112115519206,
      "mae": 0.12358826226812566,
      "rmse": 0.26001719348981717,
      "encryption_time": 0.15612053871154785,
      "aggregation_time": 0.14605474472045898,
      "decryption_time": 0.0,
      "total_time": 0.30217528343200684,
      "is_encrypted": true,
      "improvement": -0.04674999999999996,
      "best_accuracy": 0.93475
    },
    {
      "round": 38,
      "accuracy": 0.88725,
      "f1_score": 0.8814094136208257,
      "precision": 0.7879642689233662,
      "recall": 1.0,
      "auc": 0.9999519900262489,
      "pr_auc": 0.9999353227708063,
      "ece": 0.12012674505265673,
      "mce": 0.7852463906586671,
      "mae": 0.12321198487073612,
      "rmse": 0.2589861574904201,
      "encryption_time": 0.15518903732299805,
      "aggregation_time": 0.14070940017700195,
      "decryption_time": 0.0,
      "total_time": 0.2958984375,
      "is_encrypted": true,
      "improvement": -0.04749999999999999,
      "best_accuracy": 0.93475
    },
    {
      "round": 39,
      "accuracy": 0.8905,
      "f1_score": 0.8844327176781003,
      "precision": 0.7928098391674551,
      "recall": 1.0,
      "auc": 0.9999450581049051,
      "pr_auc": 0.9999269492966205,
      "ece": 0.11823473489915687,
      "mce": 0.8113155870535971,
      "mae": 0.12180655453237937,
      "rmse": 0.2578327523790172,
      "encryption_time": 0.15417838096618652,
      "aggregation_time": 0.13881921768188477,
      "decryption_time": 0.0,
      "total_time": 0.2929975986480713,
      "is_encrypted": true,
      "improvement": -0.04425000000000001,
      "best_accuracy": 0.93475
    },
    {
      "round": 40,
      "accuracy": 0.88775,
      "f1_score": 0.8818731912654565,
      "precision": 0.7887058823529411,
      "recall": 1.0,
      "auc": 0.9999532737153867,
      "pr_auc": 0.9999370661198332,
      "ece": 0.12059437088306009,
      "mce": 0.7851452433049444,
      "mae": 0.1232420774598934,
      "rmse": 0.25898010643623187,
      "encryption_time": 0.1515645980834961,
      "aggregation_time": 0.13534283638000488,
      "decryption_time": 0.0,
      "total_time": 0.286907434463501,
      "is_encrypted": true,
      "improvement": -0.04699999999999993,
      "best_accuracy": 0.93475
    },
    {
      "round": 41,
      "accuracy": 0.89,
      "f1_score": 0.8839662447257384,
      "precision": 0.7920604914933838,
      "recall": 1.0,
      "auc": 0.999949679385801,
      "pr_auc": 0.9999323473365448,
      "ece": 0.1193698505721856,
      "mce": 0.7978123803360343,
      "mae": 0.12159052917880644,
      "rmse": 0.255834727028367,
      "encryption_time": 0.146806001663208,
      "aggregation_time": 0.13425493240356445,
      "decryption_time": 0.0,
      "total_time": 0.28106093406677246,
      "is_encrypted": true,
      "improvement": -0.044749999999999956,
      "best_accuracy": 0.93475
    },
    {
      "round": 42,
      "accuracy": 0.88875,
      "f1_score": 0.8828022122728469,
      "precision": 0.7901933050447902,
      "recall": 1.0,
      "auc": 0.99994454462925,
      "pr_auc": 0.9999259113654444,
      "ece": 0.11975654396772402,
      "mce": 0.7937275556477755,
      "mae": 0.122853001707462,
      "rmse": 0.2591518983012952,
      "encryption_time": 0.14756369590759277,
      "aggregation_time": 0.1339256763458252,
      "decryption_time": 0.0,
      "total_time": 0.28148937225341797,
      "is_encrypted": true,
      "improvement": -0.04599999999999993,
      "best_accuracy": 0.93475
    },
    {
      "round": 43,
      "accuracy": 0.88675,
      "f1_score": 0.880946123521682,
      "precision": 0.787224048849225,
      "recall": 1.0,
      "auc": 0.9999486524344908,
      "pr_auc": 0.9999311623672842,
      "ece": 0.11944009701995946,
      "mce": 0.788877440991773,
      "mae": 0.12387013375117804,
      "rmse": 0.26114688496992394,
      "encryption_time": 0.1497495174407959,
      "aggregation_time": 0.13716411590576172,
      "decryption_time": 0.0,
      "total_time": 0.2869136333465576,
      "is_encrypted": true,
      "improvement": -0.04799999999999993,
      "best_accuracy": 0.93475
    },
    {
      "round": 44,
      "accuracy": 0.88725,
      "f1_score": 0.8814094136208257,
      "precision": 0.7879642689233662,
      "recall": 1.0,
      "auc": 0.9999489091723183,
      "pr_auc": 0.9999314999488489,
      "ece": 0.11922212010296099,
      "mce": 0.7918214144664636,
      "mae": 0.12371186039821139,
      "rmse": 0.2612626063932923,
      "encryption_time": 0.145127534866333,
      "aggregation_time": 0.13306307792663574,
      "decryption_time": 0.0,
      "total_time": 0.27819061279296875,
      "is_encrypted": true,
      "improvement": -0.04749999999999999,
      "best_accuracy": 0.93475
    },
    {
      "round": 45,
      "accuracy": 0.8915,
      "f1_score": 0.8853671421024828,
      "precision": 0.7943127962085308,
      "recall": 1.0,
      "auc": 0.9999627730150058,
      "pr_auc": 0.9999495036402339,
      "ece": 0.11906906499003825,
      "mce": 0.7549830207541542,
      "mae": 0.12124361773788363,
      "rmse": 0.2554924457738632,
      "encryption_time": 0.1502971649169922,
      "aggregation_time": 0.13584446907043457,
      "decryption_time": 0.0,
      "total_time": 0.28614163398742676,
      "is_encrypted": true,
      "improvement": -0.04325000000000001,
      "best_accuracy": 0.93475
    },
    {
      "round": 46,
      "accuracy": 0.89325,
      "f1_score": 0.8870071447472876,
      "precision": 0.7969567284831194,
      "recall": 1.0,
      "auc": 0.9999314510000452,
      "pr_auc": 0.9999096785492816,
      "ece": 0.11681918633601089,
      "mce": 0.8057547006946663,
      "mae": 0.12156419235578116,
      "rmse": 0.25721316385082604,
      "encryption_time": 0.13809561729431152,
      "aggregation_time": 0.12820196151733398,
      "decryption_time": 0.0,
      "total_time": 0.2662975788116455,
      "is_encrypted": true,
      "improvement": -0.04149999999999998,
      "best_accuracy": 0.93475
    },
    {
      "round": 47,
      "accuracy": 0.88825,
      "f1_score": 0.8823374572255857,
      "precision": 0.7894488930758361,
      "recall": 1.0,
      "auc": 0.9999514765505938,
      "pr_auc": 0.9999349228894192,
      "ece": 0.11946257730506217,
      "mce": 0.7886635020056016,
      "mae": 0.12348278992910768,
      "rmse": 0.2599432177182109,
      "encryption_time": 0.14783167839050293,
      "aggregation_time": 0.13396835327148438,
      "decryption_time": 0.0,
      "total_time": 0.2818000316619873,
      "is_encrypted": true,
      "improvement": -0.046499999999999986,
      "best_accuracy": 0.93475
    },
    {
      "round": 48,
      "accuracy": 0.88825,
      "f1_score": 0.8823374572255857,
      "precision": 0.7894488930758361,
      "recall": 1.0,
      "auc": 0.999955327618007,
      "pr_auc": 0.9999396209960689,
      "ece": 0.11972706231983565,
      "mce": 0.7654457956201399,
      "mae": 0.12282290511893285,
      "rmse": 0.2584002374980592,
      "encryption_time": 0.14157438278198242,
      "aggregation_time": 0.12776780128479004,
      "decryption_time": 0.0,
      "total_time": 0.26934218406677246,
      "is_encrypted": true,
      "improvement": -0.046499999999999986,
      "best_accuracy": 0.93475
    },
    {
      "round": 49,
      "accuracy": 0.8885,
      "f1_score": 0.8825697735650342,
      "precision": 0.7898209236569275,
      "recall": 1.0,
      "auc": 0.9999465985318704,
      "pr_auc": 0.9999283766156433,
      "ece": 0.11850750580508757,
      "mce": 0.7904880267195502,
      "mae": 0.12208176117279214,
      "rmse": 0.2578008898622479,
      "encryption_time": 0.15195655822753906,
      "aggregation_time": 0.13846397399902344,
      "decryption_time": 0.0,
      "total_time": 0.2904205322265625,
      "is_encrypted": true,
      "improvement": -0.04625000000000001,
      "best_accuracy": 0.93475
    },
    {
      "round": 50,
      "accuracy": 0.88875,
      "f1_score": 0.8828022122728469,
      "precision": 0.7901933050447902,
      "recall": 1.0,
      "auc": 0.9999532737153866,
      "pr_auc": 0.9999370592308492,
      "ece": 0.11970879190716721,
      "mce": 0.7876893489892389,
      "mae": 0.12280773447279171,
      "rmse": 0.2588162596603505,
      "encryption_time": 0.16233253479003906,
      "aggregation_time": 0.15209603309631348,
      "decryption_time": 0.0,
      "total_time": 0.31442856788635254,
      "is_encrypted": true,
      "improvement": -0.04599999999999993,
      "best_accuracy": 0.93475
    },
    {
      "round": 51,
      "accuracy": 0.88775,
      "f1_score": 0.8818731912654565,
      "precision": 0.7887058823529411,
      "recall": 1.0,
      "auc": 0.9999527602397316,
      "pr_auc": 0.9999364033277095,
      "ece": 0.12096128606070759,
      "mce": 0.7896287661549318,
      "mae": 0.12359922071437053,
      "rmse": 0.25977965398786124,
      "encryption_time": 0.15095782279968262,
      "aggregation_time": 0.13887310028076172,
      "decryption_time": 0.0,
      "total_time": 0.28983092308044434,
      "is_encrypted": true,
      "improvement": -0.04699999999999993,
      "best_accuracy": 0.93475
    },
    {
      "round": 52,
      "accuracy": 0.88625,
      "f1_score": 0.8804833201996323,
      "precision": 0.7864852182074143,
      "recall": 1.0,
      "auc": 0.9999630297528334,
      "pr_auc": 0.9999498790644978,
      "ece": 0.1212525366400871,
      "mce": 0.7666819049687211,
      "mae": 0.12387080737735749,
      "rmse": 0.260278778600183,
      "encryption_time": 0.20234990119934082,
      "aggregation_time": 0.18257617950439453,
      "decryption_time": 0.0,
      "total_time": 0.38492608070373535,
      "is_encrypted": true,
      "improvement": -0.04849999999999999,
      "best_accuracy": 0.93475
    },
    {
      "round": 53,
      "accuracy": 0.88775,
      "f1_score": 0.8818731912654565,
      "precision": 0.7887058823529411,
      "recall": 1.0,
      "auc": 0.999955327618007,
      "pr_auc": 0.9999397123810295,
      "ece": 0.1196730070444741,
      "mce": 0.7832167356000082,
      "mae": 0.1232185560491364,
      "rmse": 0.2591075820450583,
      "encryption_time": 0.18196678161621094,
      "aggregation_time": 0.16484618186950684,
      "decryption_time": 0.0,
      "total_time": 0.3468129634857178,
      "is_encrypted": true,
      "improvement": -0.04699999999999993,
      "best_accuracy": 0.93475
    },
    {
      "round": 54,
      "accuracy": 0.88775,
      "f1_score": 0.8818731912654565,
      "precision": 0.7887058823529411,
      "recall": 1.0,
      "auc": 0.9999602056367304,
      "pr_auc": 0.9999460370776161,
      "ece": 0.12101767895400997,
      "mce": 0.7584917184425422,
      "mae": 0.12274205437392945,
      "rmse": 0.25762752185486076,
      "encryption_time": 0.2076129913330078,
      "aggregation_time": 0.191817045211792,
      "decryption_time": 0.0,
      "total_time": 0.3994300365447998,
      "is_encrypted": true,
      "improvement": -0.04699999999999993,
      "best_accuracy": 0.93475
    },
    {
      "round": 55,
      "accuracy": 0.88925,
      "f1_score": 0.8832674571805007,
      "precision": 0.7909391222274658,
      "recall": 1.0,
      "auc": 0.9999422339888021,
      "pr_auc": 0.9999230683320597,
      "ece": 0.1191921117312797,
      "mce": 0.8040847593331042,
      "mae": 0.12233472846639923,
      "rmse": 0.25780413973745586,
      "encryption_time": 0.18179917335510254,
      "aggregation_time": 0.17033123970031738,
      "decryption_time": 0.0,
      "total_time": 0.3521304130554199,
      "is_encrypted": true,
      "improvement": -0.045499999999999985,
      "best_accuracy": 0.93475
    },
    {
      "round": 56,
      "accuracy": 0.88725,
      "f1_score": 0.8814094136208257,
      "precision": 0.7879642689233662,
      "recall": 1.0,
      "auc": 0.9999483956966632,
      "pr_auc": 0.9999307297467477,
      "ece": 0.12184007274209929,
      "mce": 0.7894779806206362,
      "mae": 0.1244842002381341,
      "rmse": 0.26060547784673493,
      "encryption_time": 0.1727464199066162,
      "aggregation_time": 0.15617132186889648,
      "decryption_time": 0.0,
      "total_time": 0.3289177417755127,
      "is_encrypted": true,
      "improvement": -0.04749999999999999,
      "best_accuracy": 0.93475
    },
    {
      "round": 57,
      "accuracy": 0.886,
      "f1_score": 0.8802521008403361,
      "precision": 0.7861163227016885,
      "recall": 1.0,
      "auc": 0.9999555843558345,
      "pr_auc": 0.9999402585561254,
      "ece": 0.12035316944646832,
      "mce": 0.7915791850675431,
      "mae": 0.12390792702740398,
      "rmse": 0.26116328653717663,
      "encryption_time": 0.1790633201599121,
      "aggregation_time": 0.16405320167541504,
      "decryption_time": 0.0,
      "total_time": 0.34311652183532715,
      "is_encrypted": true,
      "improvement": -0.04874999999999996,
      "best_accuracy": 0.93475
    },
    {
      "round": 58,
      "accuracy": 0.88625,
      "f1_score": 0.8804833201996323,
      "precision": 0.7864852182074143,
      "recall": 1.0,
      "auc": 0.9999530169775591,
      "pr_auc": 0.9999366582069182,
      "ece": 0.12177766099031329,
      "mce": 0.7895134334223551,
      "mae": 0.12487544250688228,
      "rmse": 0.2616705719189268,
      "encryption_time": 0.149461030960083,
      "aggregation_time": 0.1366422176361084,
      "decryption_time": 0.0,
      "total_time": 0.2861032485961914,
      "is_encrypted": true,
      "improvement": -0.04849999999999999,
      "best_accuracy": 0.93475
    },
    {
      "round": 59,
      "accuracy": 0.891,
      "f1_score": 0.8848996832101372,
      "precision": 0.7935606060606061,
      "recall": 1.0,
      "auc": 0.999946855269698,
      "pr_auc": 0.9999289917312029,
      "ece": 0.11734285120535193,
      "mce": 0.7852859141154783,
      "mae": 0.12181734691971886,
      "rmse": 0.2575676347236236,
      "encryption_time": 0.18403387069702148,
      "aggregation_time": 0.17140746116638184,
      "decryption_time": 0.0,
      "total_time": 0.3554413318634033,
      "is_encrypted": true,
      "improvement": -0.043749999999999956,
      "best_accuracy": 0.93475
    },
    {
      "round": 60,
      "accuracy": 0.88625,
      "f1_score": 0.8804833201996323,
      "precision": 0.7864852182074143,
      "recall": 1.0,
      "auc": 0.9999563545693171,
      "pr_auc": 0.9999410737940861,
      "ece": 0.12143513132978793,
      "mce": 0.7689289536312948,
      "mae": 0.12496855995783898,
      "rmse": 0.2613939301219406,
      "encryption_time": 0.14942622184753418,
      "aggregation_time": 0.13504552841186523,
      "decryption_time": 0.0,
      "total_time": 0.2844717502593994,
      "is_encrypted": true,
      "improvement": -0.04849999999999999,
      "best_accuracy": 0.93475
    }
  ]
}