{
  "pipeline_info": {
    "type": "fhe",
    "rounds": 50,
    "clients": 50,
    "timestamp": "2025-09-16 12:12:11",
    "total_samples": 10000,
    "one_class_clients": 13,
    "one_class_percentage": 26.0
  },
  "final_performance": {
    "accuracy": 0.8974,
    "f1_score": 0.8937668254296955,
    "precision": 0.8079371022089106,
    "recall": 1.0,
    "auc": 0.9997530586808882,
    "pr_auc": 0.9997008070024682,
    "mae": 0.12032088765744092,
    "rmse": 0.24642737509329793,
    "ece": 0.11803210344629922,
    "mce": 0.7702253743746403
  },
  "performance_trends": {
    "initial_accuracy": 0.9318,
    "final_accuracy": 0.8974,
    "accuracy_improvement": -0.034399999999999986,
    "best_accuracy": 0.9318,
    "final_f1": 0.8937668254296955,
    "best_f1": 0.9267768949967791
  },
  "timing_statistics": {
    "total_encryption_time": 19.60960102081299,
    "total_aggregation_time": 18.680123329162598,
    "total_evaluation_time": 0,
    "total_time": 38.289724349975586,
    "avg_round_time": 0.7657944869995117,
    "avg_encryption_time": 0.3921920204162598,
    "avg_aggregation_time": 0.37360246658325197
  },
  "round_details": [
    {
      "round": 1,
      "accuracy": 0.9318,
      "f1_score": 0.9267768949967791,
      "precision": 0.8635454181672669,
      "recall": 1.0,
      "auc": 0.9997430310208517,
      "pr_auc": 0.9996897675119667,
      "ece": 0.10784385266088264,
      "mce": 0.6937975224013002,
      "mae": 0.11024331633223113,
      "rmse": 0.21376245084779685,
      "encryption_time": 0.34378862380981445,
      "aggregation_time": 0.32581138610839844,
      "decryption_time": 0.0,
      "total_time": 0.6696000099182129,
      "is_encrypted": true,
      "improvement": 0.9318,
      "best_accuracy": 0.9318
    },
    {
      "round": 2,
      "accuracy": 0.8965,
      "f1_score": 0.8929347263887453,
      "precision": 0.8065782096804336,
      "recall": 1.0,
      "auc": 0.9997508574872217,
      "pr_auc": 0.9996983507469477,
      "ece": 0.11802649938820148,
      "mce": 0.7793494767751303,
      "mae": 0.12029092091160633,
      "rmse": 0.2467871313667425,
      "encryption_time": 0.341536283493042,
      "aggregation_time": 0.32616591453552246,
      "decryption_time": 0.0,
      "total_time": 0.6677021980285645,
      "is_encrypted": true,
      "improvement": -0.0353,
      "best_accuracy": 0.9318
    },
    {
      "round": 3,
      "accuracy": 0.898,
      "f1_score": 0.8943224202237878,
      "precision": 0.8088455772113943,
      "recall": 1.0,
      "auc": 0.9997463328113516,
      "pr_auc": 0.9996935846028484,
      "ece": 0.11794494187256693,
      "mce": 0.780997821922414,
      "mae": 0.12021229456680864,
      "rmse": 0.24648883358620888,
      "encryption_time": 0.3507850170135498,
      "aggregation_time": 0.33496618270874023,
      "decryption_time": 0.0,
      "total_time": 0.68575119972229,
      "is_encrypted": true,
      "improvement": -0.03379999999999994,
      "best_accuracy": 0.9318
    },
    {
      "round": 4,
      "accuracy": 0.8972,
      "f1_score": 0.8935817805383023,
      "precision": 0.8076347305389222,
      "recall": 1.0,
      "auc": 0.9997616596413261,
      "pr_auc": 0.9997104320116279,
      "ece": 0.11796259570069643,
      "mce": 0.7649718917036723,
      "mae": 0.12025147823092011,
      "rmse": 0.24597492326520834,
      "encryption_time": 0.5340921878814697,
      "aggregation_time": 0.5001688003540039,
      "decryption_time": 0.0,
      "total_time": 1.0342609882354736,
      "is_encrypted": true,
      "improvement": -0.034599999999999964,
      "best_accuracy": 0.9318
    },
    {
      "round": 5,
      "accuracy": 0.8957,
      "f1_score": 0.8921963824289406,
      "precision": 0.8053741369658518,
      "recall": 1.0,
      "auc": 0.9997508574872216,
      "pr_auc": 0.9996979959519778,
      "ece": 0.1187443517737465,
      "mce": 0.7998996015247987,
      "mae": 0.12116214146281457,
      "rmse": 0.24810324101603703,
      "encryption_time": 0.48299694061279297,
      "aggregation_time": 0.4653661251068115,
      "decryption_time": 0.0,
      "total_time": 0.9483630657196045,
      "is_encrypted": true,
      "improvement": -0.03609999999999991,
      "best_accuracy": 0.9318
    },
    {
      "round": 6,
      "accuracy": 0.8988,
      "f1_score": 0.8950642886768976,
      "precision": 0.81006006006006,
      "recall": 1.0,
      "auc": 0.9997469442540367,
      "pr_auc": 0.999693735161238,
      "ece": 0.1171465624359296,
      "mce": 0.7920479860023311,
      "mae": 0.1194050550271382,
      "rmse": 0.24564293328065867,
      "encryption_time": 0.39347147941589355,
      "aggregation_time": 0.3775355815887451,
      "decryption_time": 0.0,
      "total_time": 0.7710070610046387,
      "is_encrypted": true,
      "improvement": -0.03299999999999992,
      "best_accuracy": 0.9318
    },
    {
      "round": 7,
      "accuracy": 0.8992,
      "f1_score": 0.8954356846473029,
      "precision": 0.8106686701728024,
      "recall": 1.0,
      "auc": 0.999759662261888,
      "pr_auc": 0.9997076822744319,
      "ece": 0.11654956441876937,
      "mce": 0.7719655193996422,
      "mae": 0.11864828550583914,
      "rmse": 0.24365592584284065,
      "encryption_time": 0.36710381507873535,
      "aggregation_time": 0.3483889102935791,
      "decryption_time": 0.0,
      "total_time": 0.7154927253723145,
      "is_encrypted": true,
      "improvement": -0.03259999999999996,
      "best_accuracy": 0.9318
    },
    {
      "round": 8,
      "accuracy": 0.8985,
      "f1_score": 0.8947859438167306,
      "precision": 0.8096042018383043,
      "recall": 1.0,
      "auc": 0.9997420119497098,
      "pr_auc": 0.9996882807060389,
      "ece": 0.11747253236176688,
      "mce": 0.7909677765965402,
      "mae": 0.11974428427090589,
      "rmse": 0.24576862752994777,
      "encryption_time": 0.3782844543457031,
      "aggregation_time": 0.36228466033935547,
      "decryption_time": 0.0,
      "total_time": 0.7405691146850586,
      "is_encrypted": true,
      "improvement": -0.033299999999999996,
      "best_accuracy": 0.9318
    },
    {
      "round": 9,
      "accuracy": 0.8986,
      "f1_score": 0.894878706199461,
      "precision": 0.8097560975609757,
      "recall": 1.0,
      "auc": 0.9997464958627341,
      "pr_auc": 0.9996930651900368,
      "ece": 0.11747373519013463,
      "mce": 0.7895264035986465,
      "mae": 0.11904366524595496,
      "rmse": 0.24430901445960024,
      "encryption_time": 0.39879918098449707,
      "aggregation_time": 0.3785686492919922,
      "decryption_time": 0.0,
      "total_time": 0.7773678302764893,
      "is_encrypted": true,
      "improvement": -0.03320000000000001,
      "best_accuracy": 0.9318
    },
    {
      "round": 10,
      "accuracy": 0.9001,
      "f1_score": 0.8962724535354584,
      "precision": 0.812041392285983,
      "recall": 1.0,
      "auc": 0.9997589692935114,
      "pr_auc": 0.9997067344165476,
      "ece": 0.11631732833724868,
      "mce": 0.7840153944824669,
      "mae": 0.11841394115604172,
      "rmse": 0.2428743396943587,
      "encryption_time": 0.3999967575073242,
      "aggregation_time": 0.3833134174346924,
      "decryption_time": 0.0,
      "total_time": 0.7833101749420166,
      "is_encrypted": true,
      "improvement": -0.03169999999999995,
      "best_accuracy": 0.9318
    },
    {
      "round": 11,
      "accuracy": 0.8974,
      "f1_score": 0.8937668254296955,
      "precision": 0.8079371022089106,
      "recall": 1.0,
      "auc": 0.9997445800089874,
      "pr_auc": 0.9996910606695649,
      "ece": 0.11792831510874902,
      "mce": 0.7995973828699556,
      "mae": 0.11964847638559171,
      "rmse": 0.245714410274534,
      "encryption_time": 0.3848700523376465,
      "aggregation_time": 0.36722445487976074,
      "decryption_time": 0.0,
      "total_time": 0.7520945072174072,
      "is_encrypted": true,
      "improvement": -0.034399999999999986,
      "best_accuracy": 0.9318
    },
    {
      "round": 12,
      "accuracy": 0.8983,
      "f1_score": 0.8946004767333402,
      "precision": 0.8093005812863304,
      "recall": 1.0,
      "auc": 0.999708015736415,
      "pr_auc": 0.9996517063540195,
      "ece": 0.11637995865709033,
      "mce": 0.7978031121216945,
      "mae": 0.12049409036540519,
      "rmse": 0.24784688618178938,
      "encryption_time": 0.3673117160797119,
      "aggregation_time": 0.3491857051849365,
      "decryption_time": 0.0,
      "total_time": 0.7164974212646484,
      "is_encrypted": true,
      "improvement": -0.033499999999999974,
      "best_accuracy": 0.9318
    },
    {
      "round": 13,
      "accuracy": 0.8978,
      "f1_score": 0.8941371452247773,
      "precision": 0.808542525290371,
      "recall": 1.0,
      "auc": 0.9997645945662148,
      "pr_auc": 0.9997132800477538,
      "ece": 0.11788751130624243,
      "mce": 0.7718976991322897,
      "mae": 0.11946177117961079,
      "rmse": 0.24477983722374846,
      "encryption_time": 0.37280988693237305,
      "aggregation_time": 0.35260462760925293,
      "decryption_time": 0.0,
      "total_time": 0.725414514541626,
      "is_encrypted": true,
      "improvement": -0.03399999999999992,
      "best_accuracy": 0.9318
    },
    {
      "round": 14,
      "accuracy": 0.8979,
      "f1_score": 0.8942297731275252,
      "precision": 0.8086940228592843,
      "recall": 1.0,
      "auc": 0.9997454767915923,
      "pr_auc": 0.9996921304837413,
      "ece": 0.11802502909296653,
      "mce": 0.7890669025698971,
      "mae": 0.11993880279160456,
      "rmse": 0.2459931562435204,
      "encryption_time": 0.36559367179870605,
      "aggregation_time": 0.3476686477661133,
      "decryption_time": 0.0,
      "total_time": 0.7132623195648193,
      "is_encrypted": true,
      "improvement": -0.03389999999999993,
      "best_accuracy": 0.9318
    },
    {
      "round": 15,
      "accuracy": 0.8983,
      "f1_score": 0.8946004767333402,
      "precision": 0.8093005812863304,
      "recall": 1.0,
      "auc": 0.999756115894314,
      "pr_auc": 0.9997039811584821,
      "ece": 0.1171985432044631,
      "mce": 0.7652737005651375,
      "mae": 0.11915111564097206,
      "rmse": 0.24407912601196258,
      "encryption_time": 0.36798834800720215,
      "aggregation_time": 0.34775567054748535,
      "decryption_time": 0.0,
      "total_time": 0.7157440185546875,
      "is_encrypted": true,
      "improvement": -0.033499999999999974,
      "best_accuracy": 0.9318
    },
    {
      "round": 16,
      "accuracy": 0.8974,
      "f1_score": 0.8937668254296955,
      "precision": 0.8079371022089106,
      "recall": 1.0,
      "auc": 0.9997396884675062,
      "pr_auc": 0.9996855019373396,
      "ece": 0.11768956755174519,
      "mce": 0.7930187524585299,
      "mae": 0.11978213293729523,
      "rmse": 0.24598482411135808,
      "encryption_time": 0.367933988571167,
      "aggregation_time": 0.35146546363830566,
      "decryption_time": 0.0,
      "total_time": 0.7193994522094727,
      "is_encrypted": true,
      "improvement": -0.034399999999999986,
      "best_accuracy": 0.9318
    },
    {
      "round": 17,
      "accuracy": 0.8965,
      "f1_score": 0.8929347263887453,
      "precision": 0.8065782096804336,
      "recall": 1.0,
      "auc": 0.9997401368588086,
      "pr_auc": 0.9996861289012553,
      "ece": 0.11776410301104925,
      "mce": 0.8046150333573838,
      "mae": 0.12018957774778505,
      "rmse": 0.24746815370023503,
      "encryption_time": 0.3798942565917969,
      "aggregation_time": 0.3622312545776367,
      "decryption_time": 0.0,
      "total_time": 0.7421255111694336,
      "is_encrypted": true,
      "improvement": -0.0353,
      "best_accuracy": 0.9318
    },
    {
      "round": 18,
      "accuracy": 0.8976,
      "f1_score": 0.8939519469759735,
      "precision": 0.8082397003745319,
      "recall": 1.0,
      "auc": 0.9997580317480609,
      "pr_auc": 0.9997057528347213,
      "ece": 0.11858547352350418,
      "mce": 0.7750788228019818,
      "mae": 0.12049450442476722,
      "rmse": 0.24626348741144868,
      "encryption_time": 0.3819296360015869,
      "aggregation_time": 0.3643605709075928,
      "decryption_time": 0.0,
      "total_time": 0.7462902069091797,
      "is_encrypted": true,
      "improvement": -0.03420000000000001,
      "best_accuracy": 0.9318
    },
    {
      "round": 19,
      "accuracy": 0.8971,
      "f1_score": 0.8934892868233102,
      "precision": 0.8074836295603368,
      "recall": 1.0,
      "auc": 0.9997614965899434,
      "pr_auc": 0.9997096850889077,
      "ece": 0.11772906982641126,
      "mce": 0.7775444973677712,
      "mae": 0.11981332219390371,
      "rmse": 0.2456636363592315,
      "encryption_time": 0.3496224880218506,
      "aggregation_time": 0.33086466789245605,
      "decryption_time": 0.0,
      "total_time": 0.6804871559143066,
      "is_encrypted": true,
      "improvement": -0.03469999999999995,
      "best_accuracy": 0.9318
    },
    {
      "round": 20,
      "accuracy": 0.8968,
      "f1_score": 0.8932119205298014,
      "precision": 0.8070306656694092,
      "recall": 1.0,
      "auc": 0.9997676517796407,
      "pr_auc": 0.9997164382642548,
      "ece": 0.11802097635460977,
      "mce": 0.7633057452898804,
      "mae": 0.11994286144231901,
      "rmse": 0.24553135389394806,
      "encryption_time": 0.34160900115966797,
      "aggregation_time": 0.32262396812438965,
      "decryption_time": 0.0,
      "total_time": 0.6642329692840576,
      "is_encrypted": true,
      "improvement": -0.03499999999999992,
      "best_accuracy": 0.9318
    },
    {
      "round": 21,
      "accuracy": 0.898,
      "f1_score": 0.8943224202237878,
      "precision": 0.8088455772113943,
      "recall": 1.0,
      "auc": 0.9997772310483748,
      "pr_auc": 0.999727135201865,
      "ece": 0.11759448999150494,
      "mce": 0.7711120602345134,
      "mae": 0.11898294810722057,
      "rmse": 0.24362089888260266,
      "encryption_time": 0.3461179733276367,
      "aggregation_time": 0.33054542541503906,
      "decryption_time": 0.0,
      "total_time": 0.6766633987426758,
      "is_encrypted": true,
      "improvement": -0.03379999999999994,
      "best_accuracy": 0.9318
    },
    {
      "round": 22,
      "accuracy": 0.8978,
      "f1_score": 0.8941371452247773,
      "precision": 0.808542525290371,
      "recall": 1.0,
      "auc": 0.9997381802422161,
      "pr_auc": 0.9996839307379352,
      "ece": 0.11790426108307388,
      "mce": 0.8028695200738296,
      "mae": 0.12016689041356239,
      "rmse": 0.24681867427707832,
      "encryption_time": 0.366741418838501,
      "aggregation_time": 0.34995126724243164,
      "decryption_time": 0.0,
      "total_time": 0.7166926860809326,
      "is_encrypted": true,
      "improvement": -0.03399999999999992,
      "best_accuracy": 0.9318
    },
    {
      "round": 23,
      "accuracy": 0.8988,
      "f1_score": 0.8950642886768976,
      "precision": 0.81006006006006,
      "recall": 1.0,
      "auc": 0.9997550560603263,
      "pr_auc": 0.9997029893581921,
      "ece": 0.11760464468522915,
      "mce": 0.7676587518728282,
      "mae": 0.11973227949107054,
      "rmse": 0.2452324572323703,
      "encryption_time": 0.41619372367858887,
      "aggregation_time": 0.3991663455963135,
      "decryption_time": 0.0,
      "total_time": 0.8153600692749023,
      "is_encrypted": true,
      "improvement": -0.03299999999999992,
      "best_accuracy": 0.9318
    },
    {
      "round": 24,
      "accuracy": 0.8975,
      "f1_score": 0.8938593766179973,
      "precision": 0.8080883729638645,
      "recall": 1.0,
      "auc": 0.9997458436572033,
      "pr_auc": 0.9996924846956744,
      "ece": 0.11810073302391669,
      "mce": 0.7896181512355311,
      "mae": 0.11983430174615933,
      "rmse": 0.24601884643239286,
      "encryption_time": 0.38597965240478516,
      "aggregation_time": 0.3634960651397705,
      "decryption_time": 0.0,
      "total_time": 0.7494757175445557,
      "is_encrypted": true,
      "improvement": -0.0343,
      "best_accuracy": 0.9318
    },
    {
      "round": 25,
      "accuracy": 0.8989,
      "f1_score": 0.8951571087835736,
      "precision": 0.8102121269006946,
      "recall": 1.0,
      "auc": 0.9997230979893156,
      "pr_auc": 0.9996682083317149,
      "ece": 0.1174311632119824,
      "mce": 0.7956503607898824,
      "mae": 0.12027039792754358,
      "rmse": 0.2466633230715943,
      "encryption_time": 0.4025413990020752,
      "aggregation_time": 0.3827495574951172,
      "decryption_time": 0.0,
      "total_time": 0.7852909564971924,
      "is_encrypted": true,
      "improvement": -0.03289999999999993,
      "best_accuracy": 0.9318
    },
    {
      "round": 26,
      "accuracy": 0.8979,
      "f1_score": 0.8942297731275252,
      "precision": 0.8086940228592843,
      "recall": 1.0,
      "auc": 0.9997546891947153,
      "pr_auc": 0.9997021484196676,
      "ece": 0.11785233380006034,
      "mce": 0.7716216256211722,
      "mae": 0.12014322922839503,
      "rmse": 0.246243529991969,
      "encryption_time": 0.4010183811187744,
      "aggregation_time": 0.3831028938293457,
      "decryption_time": 0.0,
      "total_time": 0.7841212749481201,
      "is_encrypted": true,
      "improvement": -0.03389999999999993,
      "best_accuracy": 0.9318
    },
    {
      "round": 27,
      "accuracy": 0.8985,
      "f1_score": 0.8947859438167306,
      "precision": 0.8096042018383043,
      "recall": 1.0,
      "auc": 0.9997471073054194,
      "pr_auc": 0.9996945158780538,
      "ece": 0.1172580212639366,
      "mce": 0.7807477510439719,
      "mae": 0.11953072398482434,
      "rmse": 0.24573214690944134,
      "encryption_time": 0.36432433128356934,
      "aggregation_time": 0.3460373878479004,
      "decryption_time": 0.0,
      "total_time": 0.7103617191314697,
      "is_encrypted": true,
      "improvement": -0.033299999999999996,
      "best_accuracy": 0.9318
    },
    {
      "round": 28,
      "accuracy": 0.8968,
      "f1_score": 0.8932119205298014,
      "precision": 0.8070306656694092,
      "recall": 1.0,
      "auc": 0.9997374872738396,
      "pr_auc": 0.9996832264360778,
      "ece": 0.11843920099107322,
      "mce": 0.8021364344409526,
      "mae": 0.1205117297168898,
      "rmse": 0.24755235257471367,
      "encryption_time": 0.43802738189697266,
      "aggregation_time": 0.42130446434020996,
      "decryption_time": 0.0,
      "total_time": 0.8593318462371826,
      "is_encrypted": true,
      "improvement": -0.03499999999999992,
      "best_accuracy": 0.9318
    },
    {
      "round": 29,
      "accuracy": 0.8971,
      "f1_score": 0.8934892868233102,
      "precision": 0.8074836295603368,
      "recall": 1.0,
      "auc": 0.9997726248468132,
      "pr_auc": 0.9997224572425932,
      "ece": 0.11743177794158069,
      "mce": 0.7568523385206793,
      "mae": 0.11953813880214743,
      "rmse": 0.2444454964070172,
      "encryption_time": 0.4165358543395996,
      "aggregation_time": 0.39937281608581543,
      "decryption_time": 0.0,
      "total_time": 0.815908670425415,
      "is_encrypted": true,
      "improvement": -0.03469999999999995,
      "best_accuracy": 0.9318
    },
    {
      "round": 30,
      "accuracy": 0.8983,
      "f1_score": 0.8946004767333402,
      "precision": 0.8093005812863304,
      "recall": 1.0,
      "auc": 0.9997615781156348,
      "pr_auc": 0.9997098905704535,
      "ece": 0.11738214968954079,
      "mce": 0.7609964758843213,
      "mae": 0.11914496137279543,
      "rmse": 0.24397434289193826,
      "encryption_time": 0.4460148811340332,
      "aggregation_time": 0.4248533248901367,
      "decryption_time": 0.0,
      "total_time": 0.8708682060241699,
      "is_encrypted": true,
      "improvement": -0.033499999999999974,
      "best_accuracy": 0.9318
    },
    {
      "round": 31,
      "accuracy": 0.8968,
      "f1_score": 0.8932119205298014,
      "precision": 0.8070306656694092,
      "recall": 1.0,
      "auc": 0.9997588062421287,
      "pr_auc": 0.999707255029461,
      "ece": 0.11862092957627204,
      "mce": 0.7691519874483295,
      "mae": 0.12053600863013823,
      "rmse": 0.24705747999213826,
      "encryption_time": 0.41572022438049316,
      "aggregation_time": 0.39681243896484375,
      "decryption_time": 0.0,
      "total_time": 0.8125326633453369,
      "is_encrypted": true,
      "improvement": -0.03499999999999992,
      "best_accuracy": 0.9318
    },
    {
      "round": 32,
      "accuracy": 0.8992,
      "f1_score": 0.8954356846473029,
      "precision": 0.8106686701728024,
      "recall": 1.0,
      "auc": 0.9997613743014063,
      "pr_auc": 0.9997100564922462,
      "ece": 0.11696528371671022,
      "mce": 0.7574806331882101,
      "mae": 0.11892075438238317,
      "rmse": 0.2432935048907974,
      "encryption_time": 0.4107990264892578,
      "aggregation_time": 0.39032459259033203,
      "decryption_time": 0.0,
      "total_time": 0.8011236190795898,
      "is_encrypted": true,
      "improvement": -0.03259999999999996,
      "best_accuracy": 0.9318
    },
    {
      "round": 33,
      "accuracy": 0.8969,
      "f1_score": 0.8933043568250025,
      "precision": 0.8071815971572844,
      "recall": 1.0,
      "auc": 0.9997490639220119,
      "pr_auc": 0.9996958071863125,
      "ece": 0.11740408681360982,
      "mce": 0.7796900176409653,
      "mae": 0.11967659204683327,
      "rmse": 0.24598794920141567,
      "encryption_time": 0.43332386016845703,
      "aggregation_time": 0.41503190994262695,
      "decryption_time": 0.0,
      "total_time": 0.848355770111084,
      "is_encrypted": true,
      "improvement": -0.03489999999999993,
      "best_accuracy": 0.9318
    },
    {
      "round": 34,
      "accuracy": 0.8972,
      "f1_score": 0.8935817805383023,
      "precision": 0.8076347305389222,
      "recall": 1.0,
      "auc": 0.9997423380524751,
      "pr_auc": 0.9996884643111569,
      "ece": 0.1183325086637778,
      "mce": 0.7939180222389293,
      "mae": 0.1206031431929981,
      "rmse": 0.2470249993141314,
      "encryption_time": 0.3956935405731201,
      "aggregation_time": 0.3790562152862549,
      "decryption_time": 0.0,
      "total_time": 0.774749755859375,
      "is_encrypted": true,
      "improvement": -0.034599999999999964,
      "best_accuracy": 0.9318
    },
    {
      "round": 35,
      "accuracy": 0.8981,
      "f1_score": 0.8944150865195316,
      "precision": 0.8089971883786317,
      "recall": 1.0,
      "auc": 0.9997435201749998,
      "pr_auc": 0.9996902342273555,
      "ece": 0.11797938952667399,
      "mce": 0.7920407294703696,
      "mae": 0.12024642793010162,
      "rmse": 0.24641849713831054,
      "encryption_time": 0.4277818202972412,
      "aggregation_time": 0.41058826446533203,
      "decryption_time": 0.0,
      "total_time": 0.8383700847625732,
      "is_encrypted": true,
      "improvement": -0.03369999999999995,
      "best_accuracy": 0.9318
    },
    {
      "round": 36,
      "accuracy": 0.8989,
      "f1_score": 0.8951571087835736,
      "precision": 0.8102121269006946,
      "recall": 1.0,
      "auc": 0.999765083720363,
      "pr_auc": 0.9997138762530038,
      "ece": 0.11681093612951082,
      "mce": 0.7700679944009228,
      "mae": 0.11893020726438995,
      "rmse": 0.24359258176277943,
      "encryption_time": 0.40360546112060547,
      "aggregation_time": 0.38266658782958984,
      "decryption_time": 0.0,
      "total_time": 0.7862720489501953,
      "is_encrypted": true,
      "improvement": -0.03289999999999993,
      "best_accuracy": 0.9318
    },
    {
      "round": 37,
      "accuracy": 0.8977,
      "f1_score": 0.8940445365095805,
      "precision": 0.8083910844727477,
      "recall": 1.0,
      "auc": 0.999747025779728,
      "pr_auc": 0.9996934927780031,
      "ece": 0.11782776899746762,
      "mce": 0.7923773970741901,
      "mae": 0.12008526541160468,
      "rmse": 0.24631651626321507,
      "encryption_time": 0.42021608352661133,
      "aggregation_time": 0.3937995433807373,
      "decryption_time": 0.0,
      "total_time": 0.8140156269073486,
      "is_encrypted": true,
      "improvement": -0.03409999999999991,
      "best_accuracy": 0.9318
    },
    {
      "round": 38,
      "accuracy": 0.8985,
      "f1_score": 0.8947859438167306,
      "precision": 0.8096042018383043,
      "recall": 1.0,
      "auc": 0.9997236279063093,
      "pr_auc": 0.9996684715437124,
      "ece": 0.11731877903669197,
      "mce": 0.7983139800547654,
      "mae": 0.11996045989821084,
      "rmse": 0.24693128500803793,
      "encryption_time": 0.40914440155029297,
      "aggregation_time": 0.39421939849853516,
      "decryption_time": 0.0,
      "total_time": 0.8033638000488281,
      "is_encrypted": true,
      "improvement": -0.033299999999999996,
      "best_accuracy": 0.9318
    },
    {
      "round": 39,
      "accuracy": 0.8994,
      "f1_score": 0.8956214982361486,
      "precision": 0.8109733183013904,
      "recall": 1.0,
      "auc": 0.9997429087323146,
      "pr_auc": 0.9996890870418447,
      "ece": 0.11713048476888718,
      "mce": 0.792488359055679,
      "mae": 0.11939617641988826,
      "rmse": 0.24564952968981144,
      "encryption_time": 0.40190768241882324,
      "aggregation_time": 0.3831019401550293,
      "decryption_time": 0.0,
      "total_time": 0.7850096225738525,
      "is_encrypted": true,
      "improvement": -0.032399999999999984,
      "best_accuracy": 0.9318
    },
    {
      "round": 40,
      "accuracy": 0.8989,
      "f1_score": 0.8951571087835736,
      "precision": 0.8102121269006946,
      "recall": 1.0,
      "auc": 0.9997509797757587,
      "pr_auc": 0.9996988674263819,
      "ece": 0.11680987505478356,
      "mce": 0.7701864253818942,
      "mae": 0.11910838113378652,
      "rmse": 0.24500204254889724,
      "encryption_time": 0.49842071533203125,
      "aggregation_time": 0.48215460777282715,
      "decryption_time": 0.0,
      "total_time": 0.9805753231048584,
      "is_encrypted": true,
      "improvement": -0.03289999999999993,
      "best_accuracy": 0.9318
    },
    {
      "round": 41,
      "accuracy": 0.8978,
      "f1_score": 0.8941371452247773,
      "precision": 0.808542525290371,
      "recall": 1.0,
      "auc": 0.9997515504555983,
      "pr_auc": 0.9996987822459507,
      "ece": 0.11776534396441965,
      "mce": 0.7761218765276124,
      "mae": 0.11969308346497182,
      "rmse": 0.24493176400968591,
      "encryption_time": 0.3480513095855713,
      "aggregation_time": 0.32858896255493164,
      "decryption_time": 0.0,
      "total_time": 0.6766402721405029,
      "is_encrypted": true,
      "improvement": -0.03399999999999992,
      "best_accuracy": 0.9318
    },
    {
      "round": 42,
      "accuracy": 0.8989,
      "f1_score": 0.8951571087835736,
      "precision": 0.8102121269006946,
      "recall": 1.0,
      "auc": 0.9997552191117091,
      "pr_auc": 0.9997028846641434,
      "ece": 0.11718660680963033,
      "mce": 0.7657638389633143,
      "mae": 0.11930259195351275,
      "rmse": 0.2447620421018498,
      "encryption_time": 0.4138181209564209,
      "aggregation_time": 0.3965482711791992,
      "decryption_time": 0.0,
      "total_time": 0.8103663921356201,
      "is_encrypted": true,
      "improvement": -0.03289999999999993,
      "best_accuracy": 0.9318
    },
    {
      "round": 43,
      "accuracy": 0.8971,
      "f1_score": 0.8934892868233102,
      "precision": 0.8074836295603368,
      "recall": 1.0,
      "auc": 0.9997436424635369,
      "pr_auc": 0.9996901083893596,
      "ece": 0.11795023971334881,
      "mce": 0.7941467786749961,
      "mae": 0.12039387750748322,
      "rmse": 0.24707790267000204,
      "encryption_time": 0.3656649589538574,
      "aggregation_time": 0.3496716022491455,
      "decryption_time": 0.0,
      "total_time": 0.7153365612030029,
      "is_encrypted": true,
      "improvement": -0.03469999999999995,
      "best_accuracy": 0.9318
    },
    {
      "round": 44,
      "accuracy": 0.8978,
      "f1_score": 0.8941371452247773,
      "precision": 0.808542525290371,
      "recall": 1.0,
      "auc": 0.9997520396097463,
      "pr_auc": 0.9996992225574127,
      "ece": 0.11776538613446634,
      "mce": 0.7897258158367078,
      "mae": 0.12002273976526072,
      "rmse": 0.24605051743564008,
      "encryption_time": 0.36511707305908203,
      "aggregation_time": 0.3463709354400635,
      "decryption_time": 0.0,
      "total_time": 0.7114880084991455,
      "is_encrypted": true,
      "improvement": -0.03399999999999992,
      "best_accuracy": 0.9318
    },
    {
      "round": 45,
      "accuracy": 0.8976,
      "f1_score": 0.8939519469759735,
      "precision": 0.8082397003745319,
      "recall": 1.0,
      "auc": 0.9997470665425737,
      "pr_auc": 0.9996934451907321,
      "ece": 0.11820401637102088,
      "mce": 0.7921119984172003,
      "mae": 0.120109319026798,
      "rmse": 0.24617386316680365,
      "encryption_time": 0.3936166763305664,
      "aggregation_time": 0.37233829498291016,
      "decryption_time": 0.0,
      "total_time": 0.7659549713134766,
      "is_encrypted": true,
      "improvement": -0.03420000000000001,
      "best_accuracy": 0.9318
    },
    {
      "round": 46,
      "accuracy": 0.8989,
      "f1_score": 0.8951571087835736,
      "precision": 0.8102121269006946,
      "recall": 1.0,
      "auc": 0.9997363866770063,
      "pr_auc": 0.9996823075245557,
      "ece": 0.11762053647446855,
      "mce": 0.7974174012850965,
      "mae": 0.1198871252808407,
      "rmse": 0.24661737729288716,
      "encryption_time": 0.3614020347595215,
      "aggregation_time": 0.34125566482543945,
      "decryption_time": 0.0,
      "total_time": 0.7026576995849609,
      "is_encrypted": true,
      "improvement": -0.03289999999999993,
      "best_accuracy": 0.9318
    },
    {
      "round": 47,
      "accuracy": 0.8974,
      "f1_score": 0.8937668254296955,
      "precision": 0.8079371022089106,
      "recall": 1.0,
      "auc": 0.9997541592777215,
      "pr_auc": 0.9997015265462087,
      "ece": 0.11763321414913398,
      "mce": 0.7820612684998811,
      "mae": 0.11989017050557979,
      "rmse": 0.2466106316117697,
      "encryption_time": 0.37450194358825684,
      "aggregation_time": 0.3566911220550537,
      "decryption_time": 0.0,
      "total_time": 0.7311930656433105,
      "is_encrypted": true,
      "improvement": -0.034399999999999986,
      "best_accuracy": 0.9318
    },
    {
      "round": 48,
      "accuracy": 0.8993,
      "f1_score": 0.8955285818030916,
      "precision": 0.8108209656208905,
      "recall": 1.0,
      "auc": 0.9997432348350801,
      "pr_auc": 0.9996893427443381,
      "ece": 0.11731398214669544,
      "mce": 0.7820293183344216,
      "mae": 0.1192700670717912,
      "rmse": 0.24469974342025277,
      "encryption_time": 0.36669349670410156,
      "aggregation_time": 0.3478279113769531,
      "decryption_time": 0.0,
      "total_time": 0.7145214080810547,
      "is_encrypted": true,
      "improvement": -0.03249999999999997,
      "best_accuracy": 0.9318
    },
    {
      "round": 49,
      "accuracy": 0.9008,
      "f1_score": 0.8969243557772236,
      "precision": 0.813112283345893,
      "recall": 1.0,
      "auc": 0.9997227718865502,
      "pr_auc": 0.9996677446366499,
      "ece": 0.11568912449510327,
      "mce": 0.7864115999361428,
      "mae": 0.11890105538817386,
      "rmse": 0.2444586841699615,
      "encryption_time": 0.38053178787231445,
      "aggregation_time": 0.36086225509643555,
      "decryption_time": 0.0,
      "total_time": 0.74139404296875,
      "is_encrypted": true,
      "improvement": -0.030999999999999917,
      "best_accuracy": 0.9318
    },
    {
      "round": 50,
      "accuracy": 0.8974,
      "f1_score": 0.8937668254296955,
      "precision": 0.8079371022089106,
      "recall": 1.0,
      "auc": 0.9997530586808882,
      "pr_auc": 0.9997008070024682,
      "ece": 0.11803210344629922,
      "mce": 0.7702253743746403,
      "mae": 0.12032088765744092,
      "rmse": 0.24642737509329793,
      "encryption_time": 0.3696780204772949,
      "aggregation_time": 0.35307860374450684,
      "decryption_time": 0.0,
      "total_time": 0.7227566242218018,
      "is_encrypted": true,
      "improvement": -0.034399999999999986,
      "best_accuracy": 0.9318
    }
  ]
}