{
  "pipeline_info": {
    "type": "fhe",
    "rounds": 30,
    "clients": 10,
    "timestamp": "2025-09-16 12:01:29",
    "total_samples": 2000,
    "one_class_clients": 1,
    "one_class_percentage": 10.0
  },
  "final_performance": {
    "accuracy": 0.8525,
    "f1_score": 0.8358375069560379,
    "precision": 0.7179732313575525,
    "recall": 1.0,
    "auc": 0.9997835818588292,
    "pr_auc": 0.999650964878886,
    "mae": 0.15438669522820653,
    "rmse": 0.3120990740666209,
    "ece": 0.1509974417465284,
    "mce": 0.835082529015033
  },
  "performance_trends": {
    "initial_accuracy": 0.9155,
    "final_accuracy": 0.8525,
    "accuracy_improvement": -0.06299999999999994,
    "best_accuracy": 0.9155,
    "final_f1": 0.8358375069560379,
    "best_f1": 0.8988629563135847
  },
  "timing_statistics": {
    "total_encryption_time": 2.7074551582336426,
    "total_aggregation_time": 2.3431057929992676,
    "total_evaluation_time": 0,
    "total_time": 5.05056095123291,
    "avg_round_time": 0.16835203170776367,
    "avg_encryption_time": 0.09024850527445476,
    "avg_aggregation_time": 0.07810352643330892
  },
  "round_details": [
    {
      "round": 1,
      "accuracy": 0.9155,
      "f1_score": 0.8988629563135847,
      "precision": 0.816304347826087,
      "recall": 1.0,
      "auc": 0.9999925373054769,
      "pr_auc": 0.9999876729937406,
      "ece": 0.11104589731615808,
      "mce": 0.7507624984377697,
      "mae": 0.11138093832277308,
      "rmse": 0.22737337895286078,
      "encryption_time": 0.08501243591308594,
      "aggregation_time": 0.07628083229064941,
      "decryption_time": 0.0,
      "total_time": 0.16129326820373535,
      "is_encrypted": true,
      "improvement": 0.9155,
      "best_accuracy": 0.9155
    },
    {
      "round": 2,
      "accuracy": 0.8535,
      "f1_score": 0.8367688022284122,
      "precision": 0.7193486590038314,
      "recall": 1.0,
      "auc": 0.9997633259736951,
      "pr_auc": 0.9996164324656592,
      "ece": 0.14986512102038463,
      "mce": 0.8299555168708881,
      "mae": 0.15314873431824538,
      "rmse": 0.31133711801848213,
      "encryption_time": 0.08945631980895996,
      "aggregation_time": 0.07616066932678223,
      "decryption_time": 0.0,
      "total_time": 0.1656169891357422,
      "is_encrypted": true,
      "improvement": -0.061999999999999944,
      "best_accuracy": 0.9155
    },
    {
      "round": 3,
      "accuracy": 0.852,
      "f1_score": 0.8353726362625139,
      "precision": 0.7172874880611271,
      "recall": 1.0,
      "auc": 0.9996716414409824,
      "pr_auc": 0.999464409510377,
      "ece": 0.1519367516865374,
      "mce": 0.8341427651883346,
      "mae": 0.15531958840644847,
      "rmse": 0.31512037791036857,
      "encryption_time": 0.089019775390625,
      "aggregation_time": 0.08074140548706055,
      "decryption_time": 0.0,
      "total_time": 0.16976118087768555,
      "is_encrypted": true,
      "improvement": -0.0635,
      "best_accuracy": 0.9155
    },
    {
      "round": 4,
      "accuracy": 0.853,
      "f1_score": 0.8363028953229399,
      "precision": 0.7186602870813397,
      "recall": 1.0,
      "auc": 0.9997793174619589,
      "pr_auc": 0.999643321131561,
      "ece": 0.1486037975741693,
      "mce": 0.832423814592667,
      "mae": 0.15214981023226487,
      "rmse": 0.3083090294332258,
      "encryption_time": 0.07573580741882324,
      "aggregation_time": 0.06337499618530273,
      "decryption_time": 0.0,
      "total_time": 0.13911080360412598,
      "is_encrypted": true,
      "improvement": -0.0625,
      "best_accuracy": 0.9155
    },
    {
      "round": 5,
      "accuracy": 0.852,
      "f1_score": 0.8353726362625139,
      "precision": 0.7172874880611271,
      "recall": 1.0,
      "auc": 0.999597014495751,
      "pr_auc": 0.9993414967485738,
      "ece": 0.15457573240906147,
      "mce": 0.8339896122659524,
      "mae": 0.1582458506841673,
      "rmse": 0.3182846159163901,
      "encryption_time": 0.07519936561584473,
      "aggregation_time": 0.06618070602416992,
      "decryption_time": 0.0,
      "total_time": 0.14138007164001465,
      "is_encrypted": true,
      "improvement": -0.0635,
      "best_accuracy": 0.9155
    },
    {
      "round": 6,
      "accuracy": 0.852,
      "f1_score": 0.8353726362625139,
      "precision": 0.7172874880611271,
      "recall": 1.0,
      "auc": 0.9997835818588292,
      "pr_auc": 0.9996513075503743,
      "ece": 0.15195796049965166,
      "mce": 0.8339709419278036,
      "mae": 0.15522562297855708,
      "rmse": 0.3138289004704895,
      "encryption_time": 0.07714986801147461,
      "aggregation_time": 0.06882143020629883,
      "decryption_time": 0.0,
      "total_time": 0.14597129821777344,
      "is_encrypted": true,
      "improvement": -0.0635,
      "best_accuracy": 0.9155
    },
    {
      "round": 7,
      "accuracy": 0.852,
      "f1_score": 0.8353726362625139,
      "precision": 0.7172874880611271,
      "recall": 1.0,
      "auc": 0.9995447756340892,
      "pr_auc": 0.9992572247799265,
      "ece": 0.15299766917266588,
      "mce": 0.8350960920213422,
      "mae": 0.15655608163516843,
      "rmse": 0.3173025424353837,
      "encryption_time": 0.07687497138977051,
      "aggregation_time": 0.06593823432922363,
      "decryption_time": 0.0,
      "total_time": 0.14281320571899414,
      "is_encrypted": true,
      "improvement": -0.0635,
      "best_accuracy": 0.9155
    },
    {
      "round": 8,
      "accuracy": 0.853,
      "f1_score": 0.8363028953229399,
      "precision": 0.7186602870813397,
      "recall": 1.0,
      "auc": 0.9996535177542833,
      "pr_auc": 0.999436538882227,
      "ece": 0.1515618392259604,
      "mce": 0.8316151559499911,
      "mae": 0.15500486596609114,
      "rmse": 0.3144720280607196,
      "encryption_time": 0.07540583610534668,
      "aggregation_time": 0.06670737266540527,
      "decryption_time": 0.0,
      "total_time": 0.14211320877075195,
      "is_encrypted": true,
      "improvement": -0.0625,
      "best_accuracy": 0.9155
    },
    {
      "round": 9,
      "accuracy": 0.848,
      "f1_score": 0.831672203765227,
      "precision": 0.7118483412322275,
      "recall": 1.0,
      "auc": 0.9996364601668019,
      "pr_auc": 0.999413195122414,
      "ece": 0.15344645295251796,
      "mce": 0.8319498450838188,
      "mae": 0.15681348178299334,
      "rmse": 0.31765587609810475,
      "encryption_time": 0.07444500923156738,
      "aggregation_time": 0.06255292892456055,
      "decryption_time": 0.0,
      "total_time": 0.13699793815612793,
      "is_encrypted": true,
      "improvement": -0.0675,
      "best_accuracy": 0.9155
    },
    {
      "round": 10,
      "accuracy": 0.854,
      "f1_score": 0.8372352285395763,
      "precision": 0.7200383509108341,
      "recall": 1.0,
      "auc": 0.999578890809052,
      "pr_auc": 0.9993187085697358,
      "ece": 0.14934968215530287,
      "mce": 0.8371063571994255,
      "mae": 0.1529378399680445,
      "rmse": 0.3125231470877231,
      "encryption_time": 0.07593965530395508,
      "aggregation_time": 0.06710100173950195,
      "decryption_time": 0.0,
      "total_time": 0.14304065704345703,
      "is_encrypted": true,
      "improvement": -0.0615,
      "best_accuracy": 0.9155
    },
    {
      "round": 11,
      "accuracy": 0.854,
      "f1_score": 0.8372352285395763,
      "precision": 0.7200383509108341,
      "recall": 1.0,
      "auc": 0.9996577821511538,
      "pr_auc": 0.9994425481151628,
      "ece": 0.15143911221731896,
      "mce": 0.8340304633520084,
      "mae": 0.15494212734756638,
      "rmse": 0.314217064245889,
      "encryption_time": 0.07472610473632812,
      "aggregation_time": 0.06511211395263672,
      "decryption_time": 0.0,
      "total_time": 0.13983821868896484,
      "is_encrypted": true,
      "improvement": -0.0615,
      "best_accuracy": 0.9155
    },
    {
      "round": 12,
      "accuracy": 0.851,
      "f1_score": 0.8344444444444444,
      "precision": 0.7159199237368923,
      "recall": 1.0,
      "auc": 0.9998571427048429,
      "pr_auc": 0.9997681083112515,
      "ece": 0.15087249774708297,
      "mce": 0.8327380489178675,
      "mae": 0.15420502096372038,
      "rmse": 0.3111551470737192,
      "encryption_time": 0.07570385932922363,
      "aggregation_time": 0.0660557746887207,
      "decryption_time": 0.0,
      "total_time": 0.14175963401794434,
      "is_encrypted": true,
      "improvement": -0.0645,
      "best_accuracy": 0.9155
    },
    {
      "round": 13,
      "accuracy": 0.8525,
      "f1_score": 0.8358375069560379,
      "precision": 0.7179732313575525,
      "recall": 1.0,
      "auc": 0.9997409378901256,
      "pr_auc": 0.9995773869387757,
      "ece": 0.151247433670055,
      "mce": 0.8313556492502948,
      "mae": 0.15453243203300746,
      "rmse": 0.3137021375694051,
      "encryption_time": 0.0762324333190918,
      "aggregation_time": 0.06862664222717285,
      "decryption_time": 0.0,
      "total_time": 0.14485907554626465,
      "is_encrypted": true,
      "improvement": -0.06299999999999994,
      "best_accuracy": 0.9155
    },
    {
      "round": 14,
      "accuracy": 0.853,
      "f1_score": 0.8363028953229399,
      "precision": 0.7186602870813397,
      "recall": 1.0,
      "auc": 0.9997153515089036,
      "pr_auc": 0.9995395303069936,
      "ece": 0.15078264265190025,
      "mce": 0.8343147394401086,
      "mae": 0.15431550483555997,
      "rmse": 0.31254215208766317,
      "encryption_time": 0.07730484008789062,
      "aggregation_time": 0.06537508964538574,
      "decryption_time": 0.0,
      "total_time": 0.14267992973327637,
      "is_encrypted": true,
      "improvement": -0.0625,
      "best_accuracy": 0.9155
    },
    {
      "round": 15,
      "accuracy": 0.8525,
      "f1_score": 0.8358375069560379,
      "precision": 0.7179732313575525,
      "recall": 1.0,
      "auc": 0.99970362441751,
      "pr_auc": 0.9995200834282112,
      "ece": 0.15158147328004465,
      "mce": 0.832078105845436,
      "mae": 0.15492217871945252,
      "rmse": 0.31430255180058114,
      "encryption_time": 0.3025481700897217,
      "aggregation_time": 0.26068711280822754,
      "decryption_time": 0.0,
      "total_time": 0.5632352828979492,
      "is_encrypted": true,
      "improvement": -0.06299999999999994,
      "best_accuracy": 0.9155
    },
    {
      "round": 16,
      "accuracy": 0.8545,
      "f1_score": 0.8377021751254881,
      "precision": 0.7207293666026872,
      "recall": 1.0,
      "auc": 0.9998198292322273,
      "pr_auc": 0.9997088939488863,
      "ece": 0.15028475335693103,
      "mce": 0.8334406508726144,
      "mae": 0.15357448490051973,
      "rmse": 0.3111728244790646,
      "encryption_time": 0.12066960334777832,
      "aggregation_time": 0.09376025199890137,
      "decryption_time": 0.0,
      "total_time": 0.2144298553466797,
      "is_encrypted": true,
      "improvement": -0.06099999999999994,
      "best_accuracy": 0.9155
    },
    {
      "round": 17,
      "accuracy": 0.8515,
      "f1_score": 0.8349082823790995,
      "precision": 0.7166030534351145,
      "recall": 1.0,
      "auc": 0.9997750530650886,
      "pr_auc": 0.9996365516857519,
      "ece": 0.15287092660497614,
      "mce": 0.8313087186781156,
      "mae": 0.15616006053788453,
      "rmse": 0.3149820830622953,
      "encryption_time": 0.1043543815612793,
      "aggregation_time": 0.09613966941833496,
      "decryption_time": 0.0,
      "total_time": 0.20049405097961426,
      "is_encrypted": true,
      "improvement": -0.06399999999999995,
      "best_accuracy": 0.9155
    },
    {
      "round": 18,
      "accuracy": 0.852,
      "f1_score": 0.8353726362625139,
      "precision": 0.7172874880611271,
      "recall": 1.0,
      "auc": 0.9996375262660195,
      "pr_auc": 0.9994117336713806,
      "ece": 0.1502077949373053,
      "mce": 0.8349277929184512,
      "mae": 0.15364677410726807,
      "rmse": 0.31306889570598917,
      "encryption_time": 0.07584047317504883,
      "aggregation_time": 0.06543111801147461,
      "decryption_time": 0.0,
      "total_time": 0.14127159118652344,
      "is_encrypted": true,
      "improvement": -0.0635,
      "best_accuracy": 0.9155
    },
    {
      "round": 19,
      "accuracy": 0.8515,
      "f1_score": 0.8349082823790995,
      "precision": 0.7166030534351145,
      "recall": 1.0,
      "auc": 0.9996855007308111,
      "pr_auc": 0.9994908797216395,
      "ece": 0.15052746364893332,
      "mce": 0.8333310456652816,
      "mae": 0.15388462568977224,
      "rmse": 0.31304577764400077,
      "encryption_time": 0.08652520179748535,
      "aggregation_time": 0.07353091239929199,
      "decryption_time": 0.0,
      "total_time": 0.16005611419677734,
      "is_encrypted": true,
      "improvement": -0.06399999999999995,
      "best_accuracy": 0.9155
    },
    {
      "round": 20,
      "accuracy": 0.8535,
      "f1_score": 0.8367688022284122,
      "precision": 0.7193486590038314,
      "recall": 1.0,
      "auc": 0.9997697225690007,
      "pr_auc": 0.9996282501628415,
      "ece": 0.15037954443227725,
      "mce": 0.8325680208503701,
      "mae": 0.1536902738714009,
      "rmse": 0.3120638932679053,
      "encryption_time": 0.09756135940551758,
      "aggregation_time": 0.08652114868164062,
      "decryption_time": 0.0,
      "total_time": 0.1840825080871582,
      "is_encrypted": true,
      "improvement": -0.061999999999999944,
      "best_accuracy": 0.9155
    },
    {
      "round": 21,
      "accuracy": 0.8535,
      "f1_score": 0.8367688022284122,
      "precision": 0.7193486590038314,
      "recall": 1.0,
      "auc": 0.9995383790387836,
      "pr_auc": 0.9992521302738661,
      "ece": 0.15027105249069636,
      "mce": 0.83739153934345,
      "mae": 0.15396471933080516,
      "rmse": 0.31385096459529327,
      "encryption_time": 0.08677887916564941,
      "aggregation_time": 0.07656335830688477,
      "decryption_time": 0.0,
      "total_time": 0.16334223747253418,
      "is_encrypted": true,
      "improvement": -0.061999999999999944,
      "best_accuracy": 0.9155
    },
    {
      "round": 22,
      "accuracy": 0.8555,
      "f1_score": 0.8386376326074818,
      "precision": 0.7221153846153846,
      "recall": 1.0,
      "auc": 0.999578890809052,
      "pr_auc": 0.9993119782952887,
      "ece": 0.15064701890177004,
      "mce": 0.8338759042597634,
      "mae": 0.15421327810334737,
      "rmse": 0.31391068371609165,
      "encryption_time": 0.08907461166381836,
      "aggregation_time": 0.07566261291503906,
      "decryption_time": 0.0,
      "total_time": 0.16473722457885742,
      "is_encrypted": true,
      "improvement": -0.05999999999999994,
      "best_accuracy": 0.9155
    },
    {
      "round": 23,
      "accuracy": 0.853,
      "f1_score": 0.8363028953229399,
      "precision": 0.7186602870813397,
      "recall": 1.0,
      "auc": 0.9997345412948202,
      "pr_auc": 0.9995680880064381,
      "ece": 0.15001043616265797,
      "mce": 0.8318367621976196,
      "mae": 0.1534662983014267,
      "rmse": 0.31178094349069185,
      "encryption_time": 0.08275294303894043,
      "aggregation_time": 0.07061958312988281,
      "decryption_time": 0.0,
      "total_time": 0.15337252616882324,
      "is_encrypted": true,
      "improvement": -0.0625,
      "best_accuracy": 0.9155
    },
    {
      "round": 24,
      "accuracy": 0.852,
      "f1_score": 0.8353726362625139,
      "precision": 0.7172874880611271,
      "recall": 1.0,
      "auc": 0.9995927500988807,
      "pr_auc": 0.9993360288744848,
      "ece": 0.1520168706932078,
      "mce": 0.8340798390298665,
      "mae": 0.15565554610252896,
      "rmse": 0.31525741281870906,
      "encryption_time": 0.08108711242675781,
      "aggregation_time": 0.06914544105529785,
      "decryption_time": 0.0,
      "total_time": 0.15023255348205566,
      "is_encrypted": true,
      "improvement": -0.0635,
      "best_accuracy": 0.9155
    },
    {
      "round": 25,
      "accuracy": 0.853,
      "f1_score": 0.8363028953229399,
      "precision": 0.7186602870813397,
      "recall": 1.0,
      "auc": 0.9997611937752598,
      "pr_auc": 0.9996101552233104,
      "ece": 0.15035645466515957,
      "mce": 0.8342728088213733,
      "mae": 0.15384989516173442,
      "rmse": 0.3117192113110578,
      "encryption_time": 0.08194947242736816,
      "aggregation_time": 0.07117342948913574,
      "decryption_time": 0.0,
      "total_time": 0.1531229019165039,
      "is_encrypted": true,
      "improvement": -0.0625,
      "best_accuracy": 0.9155
    },
    {
      "round": 26,
      "accuracy": 0.852,
      "f1_score": 0.8353726362625139,
      "precision": 0.7172874880611271,
      "recall": 1.0,
      "auc": 0.9996929634253342,
      "pr_auc": 0.9995034184696768,
      "ece": 0.15075575024357266,
      "mce": 0.831983294227833,
      "mae": 0.15414155080778072,
      "rmse": 0.3133833689095973,
      "encryption_time": 0.08061003684997559,
      "aggregation_time": 0.06899714469909668,
      "decryption_time": 0.0,
      "total_time": 0.14960718154907227,
      "is_encrypted": true,
      "improvement": -0.0635,
      "best_accuracy": 0.9155
    },
    {
      "round": 27,
      "accuracy": 0.851,
      "f1_score": 0.8344444444444444,
      "precision": 0.7159199237368923,
      "recall": 1.0,
      "auc": 0.9997025583182925,
      "pr_auc": 0.9995190084070567,
      "ece": 0.15114847330843179,
      "mce": 0.83385517332578,
      "mae": 0.1545941219480995,
      "rmse": 0.31340445030865083,
      "encryption_time": 0.08096933364868164,
      "aggregation_time": 0.06773161888122559,
      "decryption_time": 0.0,
      "total_time": 0.14870095252990723,
      "is_encrypted": true,
      "improvement": -0.0645,
      "best_accuracy": 0.9155
    },
    {
      "round": 28,
      "accuracy": 0.852,
      "f1_score": 0.8353726362625139,
      "precision": 0.7172874880611271,
      "recall": 1.0,
      "auc": 0.9996023449918391,
      "pr_auc": 0.9993585634063271,
      "ece": 0.15097332351814796,
      "mce": 0.8365254507429366,
      "mae": 0.15442662994738365,
      "rmse": 0.3144972812278492,
      "encryption_time": 0.08273935317993164,
      "aggregation_time": 0.06984353065490723,
      "decryption_time": 0.0,
      "total_time": 0.15258288383483887,
      "is_encrypted": true,
      "improvement": -0.0635,
      "best_accuracy": 0.9155
    },
    {
      "round": 29,
      "accuracy": 0.8525,
      "f1_score": 0.8358375069560379,
      "precision": 0.7179732313575525,
      "recall": 1.0,
      "auc": 0.999786780156482,
      "pr_auc": 0.9996580676718333,
      "ece": 0.15026242239794646,
      "mce": 0.8342569186593654,
      "mae": 0.15369979521025925,
      "rmse": 0.3110286686277154,
      "encryption_time": 0.07818841934204102,
      "aggregation_time": 0.06859755516052246,
      "decryption_time": 0.0,
      "total_time": 0.14678597450256348,
      "is_encrypted": true,
      "improvement": -0.06299999999999994,
      "best_accuracy": 0.9155
    },
    {
      "round": 30,
      "accuracy": 0.8525,
      "f1_score": 0.8358375069560379,
      "precision": 0.7179732313575525,
      "recall": 1.0,
      "auc": 0.9997835818588292,
      "pr_auc": 0.999650964878886,
      "ece": 0.1509974417465284,
      "mce": 0.835082529015033,
      "mae": 0.15438669522820653,
      "rmse": 0.3120990740666209,
      "encryption_time": 0.07759952545166016,
      "aggregation_time": 0.0696721076965332,
      "decryption_time": 0.0,
      "total_time": 0.14727163314819336,
      "is_encrypted": true,
      "improvement": -0.06299999999999994,
      "best_accuracy": 0.9155
    }
  ]
}