{
  "pipeline_info": {
    "type": "fhe",
    "rounds": 40,
    "clients": 50,
    "timestamp": "2025-09-16 12:11:40",
    "total_samples": 10000,
    "one_class_clients": 13,
    "one_class_percentage": 26.0
  },
  "final_performance": {
    "accuracy": 0.8989,
    "f1_score": 0.8951571087835736,
    "precision": 0.8102121269006946,
    "recall": 1.0,
    "auc": 0.9997509797757587,
    "pr_auc": 0.9996988674263819,
    "mae": 0.11910838166326236,
    "rmse": 0.24500204386280794,
    "ece": 0.11680987557111439,
    "mce": 0.7701864334514095
  },
  "performance_trends": {
    "initial_accuracy": 0.9318,
    "final_accuracy": 0.8989,
    "accuracy_improvement": -0.03289999999999993,
    "best_accuracy": 0.9318,
    "final_f1": 0.8951571087835736,
    "best_f1": 0.9267768949967791
  },
  "timing_statistics": {
    "total_encryption_time": 15.975200176239014,
    "total_aggregation_time": 15.174530744552612,
    "total_evaluation_time": 0,
    "total_time": 31.149730920791626,
    "avg_round_time": 0.7787432730197906,
    "avg_encryption_time": 0.3993800044059753,
    "avg_aggregation_time": 0.3793632686138153
  },
  "round_details": [
    {
      "round": 1,
      "accuracy": 0.9318,
      "f1_score": 0.9267768949967791,
      "precision": 0.8635454181672669,
      "recall": 1.0,
      "auc": 0.9997430310208517,
      "pr_auc": 0.9996897675119667,
      "ece": 0.10784385257395773,
      "mce": 0.6937975235917293,
      "mae": 0.11024331624004469,
      "rmse": 0.2137624513061254,
      "encryption_time": 0.3512747287750244,
      "aggregation_time": 0.32927465438842773,
      "decryption_time": 0.0,
      "total_time": 0.6805493831634521,
      "is_encrypted": true,
      "improvement": 0.9318,
      "best_accuracy": 0.9318
    },
    {
      "round": 2,
      "accuracy": 0.8965,
      "f1_score": 0.8929347263887453,
      "precision": 0.8065782096804336,
      "recall": 1.0,
      "auc": 0.9997508574872217,
      "pr_auc": 0.9996983507469477,
      "ece": 0.11802649897051007,
      "mce": 0.7793494805932251,
      "mae": 0.12029092053485638,
      "rmse": 0.24678713031459415,
      "encryption_time": 0.3424198627471924,
      "aggregation_time": 0.3226137161254883,
      "decryption_time": 0.0,
      "total_time": 0.6650335788726807,
      "is_encrypted": true,
      "improvement": -0.0353,
      "best_accuracy": 0.9318
    },
    {
      "round": 3,
      "accuracy": 0.898,
      "f1_score": 0.8943224202237878,
      "precision": 0.8088455772113943,
      "recall": 1.0,
      "auc": 0.9997463328113516,
      "pr_auc": 0.9996935846028484,
      "ece": 0.11794494240729121,
      "mce": 0.7809978277045684,
      "mae": 0.12021229510230892,
      "rmse": 0.24648883475557512,
      "encryption_time": 0.3477146625518799,
      "aggregation_time": 0.3279116153717041,
      "decryption_time": 0.0,
      "total_time": 0.675626277923584,
      "is_encrypted": true,
      "improvement": -0.03379999999999994,
      "best_accuracy": 0.9318
    },
    {
      "round": 4,
      "accuracy": 0.8972,
      "f1_score": 0.8935817805383023,
      "precision": 0.8076347305389222,
      "recall": 1.0,
      "auc": 0.9997616596413261,
      "pr_auc": 0.9997104320116279,
      "ece": 0.11796259531991063,
      "mce": 0.7649718986136672,
      "mae": 0.12025147784845071,
      "rmse": 0.2459749232506492,
      "encryption_time": 0.7228987216949463,
      "aggregation_time": 0.7062525749206543,
      "decryption_time": 0.0,
      "total_time": 1.4291512966156006,
      "is_encrypted": true,
      "improvement": -0.034599999999999964,
      "best_accuracy": 0.9318
    },
    {
      "round": 5,
      "accuracy": 0.8957,
      "f1_score": 0.8921963824289406,
      "precision": 0.8053741369658518,
      "recall": 1.0,
      "auc": 0.9997508574872216,
      "pr_auc": 0.9996979959519778,
      "ece": 0.11874435273399807,
      "mce": 0.7998996102842639,
      "mae": 0.12116214244235382,
      "rmse": 0.24810324310452272,
      "encryption_time": 0.44734954833984375,
      "aggregation_time": 0.43355512619018555,
      "decryption_time": 0.0,
      "total_time": 0.8809046745300293,
      "is_encrypted": true,
      "improvement": -0.03609999999999991,
      "best_accuracy": 0.9318
    },
    {
      "round": 6,
      "accuracy": 0.8988,
      "f1_score": 0.8950642886768976,
      "precision": 0.81006006006006,
      "recall": 1.0,
      "auc": 0.9997469442540367,
      "pr_auc": 0.999693735161238,
      "ece": 0.11714656231128943,
      "mce": 0.7920479884323954,
      "mae": 0.11940505490520661,
      "rmse": 0.24564293371057053,
      "encryption_time": 0.38462185859680176,
      "aggregation_time": 0.3689887523651123,
      "decryption_time": 0.0,
      "total_time": 0.7536106109619141,
      "is_encrypted": true,
      "improvement": -0.03299999999999992,
      "best_accuracy": 0.9318
    },
    {
      "round": 7,
      "accuracy": 0.8992,
      "f1_score": 0.8954356846473029,
      "precision": 0.8106686701728024,
      "recall": 1.0,
      "auc": 0.999759662261888,
      "pr_auc": 0.9997076822744319,
      "ece": 0.11654956395867523,
      "mce": 0.7719655132386525,
      "mae": 0.11864828504067375,
      "rmse": 0.24365592454686238,
      "encryption_time": 0.3346090316772461,
      "aggregation_time": 0.3184385299682617,
      "decryption_time": 0.0,
      "total_time": 0.6530475616455078,
      "is_encrypted": true,
      "improvement": -0.03259999999999996,
      "best_accuracy": 0.9318
    },
    {
      "round": 8,
      "accuracy": 0.8985,
      "f1_score": 0.8947859438167306,
      "precision": 0.8096042018383043,
      "recall": 1.0,
      "auc": 0.9997420119497098,
      "pr_auc": 0.9996882807060389,
      "ece": 0.1174725318715483,
      "mce": 0.7909677795033085,
      "mae": 0.1197442837836043,
      "rmse": 0.24576862672476887,
      "encryption_time": 0.3435533046722412,
      "aggregation_time": 0.3276963233947754,
      "decryption_time": 0.0,
      "total_time": 0.6712496280670166,
      "is_encrypted": true,
      "improvement": -0.033299999999999996,
      "best_accuracy": 0.9318
    },
    {
      "round": 9,
      "accuracy": 0.8986,
      "f1_score": 0.894878706199461,
      "precision": 0.8097560975609757,
      "recall": 1.0,
      "auc": 0.9997464958627341,
      "pr_auc": 0.9996930651900368,
      "ece": 0.11747373566099796,
      "mce": 0.7895264007907541,
      "mae": 0.11904366571511157,
      "rmse": 0.24430901434636848,
      "encryption_time": 0.33922338485717773,
      "aggregation_time": 0.32234978675842285,
      "decryption_time": 0.0,
      "total_time": 0.6615731716156006,
      "is_encrypted": true,
      "improvement": -0.03320000000000001,
      "best_accuracy": 0.9318
    },
    {
      "round": 10,
      "accuracy": 0.9001,
      "f1_score": 0.8962724535354584,
      "precision": 0.812041392285983,
      "recall": 1.0,
      "auc": 0.9997589692935114,
      "pr_auc": 0.9997067344165476,
      "ece": 0.11631732767093873,
      "mce": 0.7840153893817898,
      "mae": 0.11841394048973813,
      "rmse": 0.242874338360664,
      "encryption_time": 0.3419961929321289,
      "aggregation_time": 0.3223733901977539,
      "decryption_time": 0.0,
      "total_time": 0.6643695831298828,
      "is_encrypted": true,
      "improvement": -0.03169999999999995,
      "best_accuracy": 0.9318
    },
    {
      "round": 11,
      "accuracy": 0.8974,
      "f1_score": 0.8937668254296955,
      "precision": 0.8079371022089106,
      "recall": 1.0,
      "auc": 0.9997445800089874,
      "pr_auc": 0.9996910606695649,
      "ece": 0.11792831614623016,
      "mce": 0.7995973804417911,
      "mae": 0.11964847740887076,
      "rmse": 0.24571441199542082,
      "encryption_time": 0.39588260650634766,
      "aggregation_time": 0.37248969078063965,
      "decryption_time": 0.0,
      "total_time": 0.7683722972869873,
      "is_encrypted": true,
      "improvement": -0.034399999999999986,
      "best_accuracy": 0.9318
    },
    {
      "round": 12,
      "accuracy": 0.8983,
      "f1_score": 0.8946004767333402,
      "precision": 0.8093005812863304,
      "recall": 1.0,
      "auc": 0.999708015736415,
      "pr_auc": 0.9996517063540195,
      "ece": 0.11637995985725799,
      "mce": 0.7978031160503134,
      "mae": 0.12049409156866625,
      "rmse": 0.24784688811077313,
      "encryption_time": 0.40860438346862793,
      "aggregation_time": 0.38687682151794434,
      "decryption_time": 0.0,
      "total_time": 0.7954812049865723,
      "is_encrypted": true,
      "improvement": -0.033499999999999974,
      "best_accuracy": 0.9318
    },
    {
      "round": 13,
      "accuracy": 0.8978,
      "f1_score": 0.8941371452247773,
      "precision": 0.808542525290371,
      "recall": 1.0,
      "auc": 0.9997645945662148,
      "pr_auc": 0.9997132800477538,
      "ece": 0.1178875116005443,
      "mce": 0.7718977035497484,
      "mae": 0.11946177147800131,
      "rmse": 0.24477983730378053,
      "encryption_time": 0.4016151428222656,
      "aggregation_time": 0.3838918209075928,
      "decryption_time": 0.0,
      "total_time": 0.7855069637298584,
      "is_encrypted": true,
      "improvement": -0.03399999999999992,
      "best_accuracy": 0.9318
    },
    {
      "round": 14,
      "accuracy": 0.8979,
      "f1_score": 0.8942297731275252,
      "precision": 0.8086940228592843,
      "recall": 1.0,
      "auc": 0.9997454767915923,
      "pr_auc": 0.9996921304837413,
      "ece": 0.11802502901946768,
      "mce": 0.7890668923179065,
      "mae": 0.11993880271924559,
      "rmse": 0.24599315533588803,
      "encryption_time": 0.33353447914123535,
      "aggregation_time": 0.31764769554138184,
      "decryption_time": 0.0,
      "total_time": 0.6511821746826172,
      "is_encrypted": true,
      "improvement": -0.03389999999999993,
      "best_accuracy": 0.9318
    },
    {
      "round": 15,
      "accuracy": 0.8983,
      "f1_score": 0.8946004767333402,
      "precision": 0.8093005812863304,
      "recall": 1.0,
      "auc": 0.999756115894314,
      "pr_auc": 0.9997039811584821,
      "ece": 0.1171985436470781,
      "mce": 0.7652736991039916,
      "mae": 0.11915111606685683,
      "rmse": 0.24407912697062784,
      "encryption_time": 0.3360772132873535,
      "aggregation_time": 0.31749677658081055,
      "decryption_time": 0.0,
      "total_time": 0.6535739898681641,
      "is_encrypted": true,
      "improvement": -0.033499999999999974,
      "best_accuracy": 0.9318
    },
    {
      "round": 16,
      "accuracy": 0.8974,
      "f1_score": 0.8937668254296955,
      "precision": 0.8079371022089106,
      "recall": 1.0,
      "auc": 0.9997396884675062,
      "pr_auc": 0.9996855019373396,
      "ece": 0.1176895675210861,
      "mce": 0.7930187452250992,
      "mae": 0.1197821328829091,
      "rmse": 0.24598482364270136,
      "encryption_time": 0.34592580795288086,
      "aggregation_time": 0.3262925148010254,
      "decryption_time": 0.0,
      "total_time": 0.6722183227539062,
      "is_encrypted": true,
      "improvement": -0.034399999999999986,
      "best_accuracy": 0.9318
    },
    {
      "round": 17,
      "accuracy": 0.8965,
      "f1_score": 0.8929347263887453,
      "precision": 0.8065782096804336,
      "recall": 1.0,
      "auc": 0.9997401368588086,
      "pr_auc": 0.9996861289012553,
      "ece": 0.11776410328425152,
      "mce": 0.8046150338622706,
      "mae": 0.12018957803798107,
      "rmse": 0.2474681538854337,
      "encryption_time": 0.3759610652923584,
      "aggregation_time": 0.34953856468200684,
      "decryption_time": 0.0,
      "total_time": 0.7254996299743652,
      "is_encrypted": true,
      "improvement": -0.0353,
      "best_accuracy": 0.9318
    },
    {
      "round": 18,
      "accuracy": 0.8976,
      "f1_score": 0.8939519469759735,
      "precision": 0.8082397003745319,
      "recall": 1.0,
      "auc": 0.9997580317480609,
      "pr_auc": 0.9997057528347213,
      "ece": 0.11858547315184385,
      "mce": 0.7750788223370233,
      "mae": 0.12049450405300936,
      "rmse": 0.24626348689487929,
      "encryption_time": 0.4378232955932617,
      "aggregation_time": 0.4194507598876953,
      "decryption_time": 0.0,
      "total_time": 0.857274055480957,
      "is_encrypted": true,
      "improvement": -0.03420000000000001,
      "best_accuracy": 0.9318
    },
    {
      "round": 19,
      "accuracy": 0.8971,
      "f1_score": 0.8934892868233102,
      "precision": 0.8074836295603368,
      "recall": 1.0,
      "auc": 0.9997614965899434,
      "pr_auc": 0.9997096850889077,
      "ece": 0.11772906957542316,
      "mce": 0.777544488488715,
      "mae": 0.11981332192370532,
      "rmse": 0.2456636351034889,
      "encryption_time": 0.41117382049560547,
      "aggregation_time": 0.3830602169036865,
      "decryption_time": 0.0,
      "total_time": 0.794234037399292,
      "is_encrypted": true,
      "improvement": -0.03469999999999995,
      "best_accuracy": 0.9318
    },
    {
      "round": 20,
      "accuracy": 0.8968,
      "f1_score": 0.8932119205298014,
      "precision": 0.8070306656694092,
      "recall": 1.0,
      "auc": 0.9997676517796407,
      "pr_auc": 0.9997164382642548,
      "ece": 0.11802097583377813,
      "mce": 0.7633057371436347,
      "mae": 0.11994286090405253,
      "rmse": 0.2455313527438098,
      "encryption_time": 0.41289186477661133,
      "aggregation_time": 0.38884949684143066,
      "decryption_time": 0.0,
      "total_time": 0.801741361618042,
      "is_encrypted": true,
      "improvement": -0.03499999999999992,
      "best_accuracy": 0.9318
    },
    {
      "round": 21,
      "accuracy": 0.898,
      "f1_score": 0.8943224202237878,
      "precision": 0.8088455772113943,
      "recall": 1.0,
      "auc": 0.9997772310483748,
      "pr_auc": 0.999727135201865,
      "ece": 0.11759449011852535,
      "mce": 0.7711120577385371,
      "mae": 0.11898294823941995,
      "rmse": 0.24362089958045077,
      "encryption_time": 0.39751100540161133,
      "aggregation_time": 0.38083982467651367,
      "decryption_time": 0.0,
      "total_time": 0.778350830078125,
      "is_encrypted": true,
      "improvement": -0.03379999999999994,
      "best_accuracy": 0.9318
    },
    {
      "round": 22,
      "accuracy": 0.8978,
      "f1_score": 0.8941371452247773,
      "precision": 0.808542525290371,
      "recall": 1.0,
      "auc": 0.9997381802422161,
      "pr_auc": 0.9996839307379352,
      "ece": 0.11790426050552871,
      "mce": 0.8028695153059783,
      "mae": 0.12016688982308794,
      "rmse": 0.24681867306617503,
      "encryption_time": 0.34407663345336914,
      "aggregation_time": 0.3264002799987793,
      "decryption_time": 0.0,
      "total_time": 0.6704769134521484,
      "is_encrypted": true,
      "improvement": -0.03399999999999992,
      "best_accuracy": 0.9318
    },
    {
      "round": 23,
      "accuracy": 0.8988,
      "f1_score": 0.8950642886768976,
      "precision": 0.81006006006006,
      "recall": 1.0,
      "auc": 0.9997550560603263,
      "pr_auc": 0.9997029893581921,
      "ece": 0.11760464367665406,
      "mce": 0.7676587393124048,
      "mae": 0.11973227846866358,
      "rmse": 0.24523245503367422,
      "encryption_time": 0.3457367420196533,
      "aggregation_time": 0.32903361320495605,
      "decryption_time": 0.0,
      "total_time": 0.6747703552246094,
      "is_encrypted": true,
      "improvement": -0.03299999999999992,
      "best_accuracy": 0.9318
    },
    {
      "round": 24,
      "accuracy": 0.8975,
      "f1_score": 0.8938593766179973,
      "precision": 0.8080883729638645,
      "recall": 1.0,
      "auc": 0.9997458436572033,
      "pr_auc": 0.9996924846956744,
      "ece": 0.11810073388329534,
      "mce": 0.7896181547348649,
      "mae": 0.11983430258920919,
      "rmse": 0.24601884795047463,
      "encryption_time": 0.3444252014160156,
      "aggregation_time": 0.3277401924133301,
      "decryption_time": 0.0,
      "total_time": 0.6721653938293457,
      "is_encrypted": true,
      "improvement": -0.0343,
      "best_accuracy": 0.9318
    },
    {
      "round": 25,
      "accuracy": 0.8989,
      "f1_score": 0.8951571087835736,
      "precision": 0.8102121269006946,
      "recall": 1.0,
      "auc": 0.9997230979893156,
      "pr_auc": 0.9996682083317149,
      "ece": 0.11743116364578114,
      "mce": 0.7956503605197148,
      "mae": 0.12027039835430667,
      "rmse": 0.24666332373180258,
      "encryption_time": 0.45087766647338867,
      "aggregation_time": 0.4298415184020996,
      "decryption_time": 0.0,
      "total_time": 0.8807191848754883,
      "is_encrypted": true,
      "improvement": -0.03289999999999993,
      "best_accuracy": 0.9318
    },
    {
      "round": 26,
      "accuracy": 0.8979,
      "f1_score": 0.8942297731275252,
      "precision": 0.8086940228592843,
      "recall": 1.0,
      "auc": 0.9997546891947153,
      "pr_auc": 0.9997021484196676,
      "ece": 0.11785233418329408,
      "mce": 0.7716216284064062,
      "mae": 0.12014322963342917,
      "rmse": 0.24624352996866697,
      "encryption_time": 0.4369473457336426,
      "aggregation_time": 0.4134557247161865,
      "decryption_time": 0.0,
      "total_time": 0.8504030704498291,
      "is_encrypted": true,
      "improvement": -0.03389999999999993,
      "best_accuracy": 0.9318
    },
    {
      "round": 27,
      "accuracy": 0.8985,
      "f1_score": 0.8947859438167306,
      "precision": 0.8096042018383043,
      "recall": 1.0,
      "auc": 0.9997471073054194,
      "pr_auc": 0.9996945158780538,
      "ece": 0.11725802175920258,
      "mce": 0.7807477577765221,
      "mae": 0.11953072449501767,
      "rmse": 0.24573214844669042,
      "encryption_time": 0.4242575168609619,
      "aggregation_time": 0.40636205673217773,
      "decryption_time": 0.0,
      "total_time": 0.8306195735931396,
      "is_encrypted": true,
      "improvement": -0.033299999999999996,
      "best_accuracy": 0.9318
    },
    {
      "round": 28,
      "accuracy": 0.8968,
      "f1_score": 0.8932119205298014,
      "precision": 0.8070306656694092,
      "recall": 1.0,
      "auc": 0.9997374872738396,
      "pr_auc": 0.9996832264360778,
      "ece": 0.11843920073367785,
      "mce": 0.8021364316257615,
      "mae": 0.12051172945444942,
      "rmse": 0.2475523520141378,
      "encryption_time": 0.40183234214782715,
      "aggregation_time": 0.3711869716644287,
      "decryption_time": 0.0,
      "total_time": 0.7730193138122559,
      "is_encrypted": true,
      "improvement": -0.03499999999999992,
      "best_accuracy": 0.9318
    },
    {
      "round": 29,
      "accuracy": 0.8971,
      "f1_score": 0.8934892868233102,
      "precision": 0.8074836295603368,
      "recall": 1.0,
      "auc": 0.9997726248468132,
      "pr_auc": 0.9997224572425932,
      "ece": 0.11743177841698049,
      "mce": 0.7568523417479396,
      "mae": 0.11953813928326461,
      "rmse": 0.24444549737090898,
      "encryption_time": 0.425919771194458,
      "aggregation_time": 0.40553832054138184,
      "decryption_time": 0.0,
      "total_time": 0.8314580917358398,
      "is_encrypted": true,
      "improvement": -0.03469999999999995,
      "best_accuracy": 0.9318
    },
    {
      "round": 30,
      "accuracy": 0.8983,
      "f1_score": 0.8946004767333402,
      "precision": 0.8093005812863304,
      "recall": 1.0,
      "auc": 0.9997615781156348,
      "pr_auc": 0.9997098905704535,
      "ece": 0.11738215006128377,
      "mce": 0.7609964672350016,
      "mae": 0.11914496172000799,
      "rmse": 0.24397434342018806,
      "encryption_time": 0.3888211250305176,
      "aggregation_time": 0.36907052993774414,
      "decryption_time": 0.0,
      "total_time": 0.7578916549682617,
      "is_encrypted": true,
      "improvement": -0.033499999999999974,
      "best_accuracy": 0.9318
    },
    {
      "round": 31,
      "accuracy": 0.8968,
      "f1_score": 0.8932119205298014,
      "precision": 0.8070306656694092,
      "recall": 1.0,
      "auc": 0.9997588062421287,
      "pr_auc": 0.999707255029461,
      "ece": 0.11862092951384613,
      "mce": 0.7691519915060466,
      "mae": 0.12053600859702644,
      "rmse": 0.24705747990520985,
      "encryption_time": 0.4072842597961426,
      "aggregation_time": 0.3911597728729248,
      "decryption_time": 0.0,
      "total_time": 0.7984440326690674,
      "is_encrypted": true,
      "improvement": -0.03499999999999992,
      "best_accuracy": 0.9318
    },
    {
      "round": 32,
      "accuracy": 0.8992,
      "f1_score": 0.8954356846473029,
      "precision": 0.8106686701728024,
      "recall": 1.0,
      "auc": 0.9997613743014063,
      "pr_auc": 0.9997100564922462,
      "ece": 0.11696528385319686,
      "mce": 0.757480630158537,
      "mae": 0.11892075452631944,
      "rmse": 0.24329350465544602,
      "encryption_time": 0.3844146728515625,
      "aggregation_time": 0.36110877990722656,
      "decryption_time": 0.0,
      "total_time": 0.7455234527587891,
      "is_encrypted": true,
      "improvement": -0.03259999999999996,
      "best_accuracy": 0.9318
    },
    {
      "round": 33,
      "accuracy": 0.8969,
      "f1_score": 0.8933043568250025,
      "precision": 0.8071815971572844,
      "recall": 1.0,
      "auc": 0.9997490639220119,
      "pr_auc": 0.9996958071863125,
      "ece": 0.11740408715432976,
      "mce": 0.7796900334392285,
      "mae": 0.11967659241855931,
      "rmse": 0.24598795044282462,
      "encryption_time": 0.4131641387939453,
      "aggregation_time": 0.3988773822784424,
      "decryption_time": 0.0,
      "total_time": 0.8120415210723877,
      "is_encrypted": true,
      "improvement": -0.03489999999999993,
      "best_accuracy": 0.9318
    },
    {
      "round": 34,
      "accuracy": 0.8972,
      "f1_score": 0.8935817805383023,
      "precision": 0.8076347305389222,
      "recall": 1.0,
      "auc": 0.9997423380524751,
      "pr_auc": 0.9996884643111569,
      "ece": 0.11833250914434214,
      "mce": 0.7939180294361756,
      "mae": 0.12060314368496136,
      "rmse": 0.2470250001834555,
      "encryption_time": 0.44589948654174805,
      "aggregation_time": 0.42699456214904785,
      "decryption_time": 0.0,
      "total_time": 0.8728940486907959,
      "is_encrypted": true,
      "improvement": -0.034599999999999964,
      "best_accuracy": 0.9318
    },
    {
      "round": 35,
      "accuracy": 0.8981,
      "f1_score": 0.8944150865195316,
      "precision": 0.8089971883786317,
      "recall": 1.0,
      "auc": 0.9997435201749998,
      "pr_auc": 0.9996902342273555,
      "ece": 0.11797938911118482,
      "mce": 0.7920407293524789,
      "mae": 0.12024642750695953,
      "rmse": 0.2464184968684598,
      "encryption_time": 0.39649128913879395,
      "aggregation_time": 0.37459802627563477,
      "decryption_time": 0.0,
      "total_time": 0.7710893154144287,
      "is_encrypted": true,
      "improvement": -0.03369999999999995,
      "best_accuracy": 0.9318
    },
    {
      "round": 36,
      "accuracy": 0.8989,
      "f1_score": 0.8951571087835736,
      "precision": 0.8102121269006946,
      "recall": 1.0,
      "auc": 0.999765083720363,
      "pr_auc": 0.9997138762530038,
      "ece": 0.11681093632822333,
      "mce": 0.7700679963355136,
      "mae": 0.11893020747317194,
      "rmse": 0.24359258203494583,
      "encryption_time": 0.3693397045135498,
      "aggregation_time": 0.3536524772644043,
      "decryption_time": 0.0,
      "total_time": 0.7229921817779541,
      "is_encrypted": true,
      "improvement": -0.03289999999999993,
      "best_accuracy": 0.9318
    },
    {
      "round": 37,
      "accuracy": 0.8977,
      "f1_score": 0.8940445365095805,
      "precision": 0.8083910844727477,
      "recall": 1.0,
      "auc": 0.999747025779728,
      "pr_auc": 0.9996934927780031,
      "ece": 0.11782776877160897,
      "mce": 0.7923773942941513,
      "mae": 0.12008526520356887,
      "rmse": 0.24631651563415985,
      "encryption_time": 0.38742947578430176,
      "aggregation_time": 0.36519694328308105,
      "decryption_time": 0.0,
      "total_time": 0.7526264190673828,
      "is_encrypted": true,
      "improvement": -0.03409999999999991,
      "best_accuracy": 0.9318
    },
    {
      "round": 38,
      "accuracy": 0.8985,
      "f1_score": 0.8947859438167306,
      "precision": 0.8096042018383043,
      "recall": 1.0,
      "auc": 0.9997236279063093,
      "pr_auc": 0.9996684715437124,
      "ece": 0.11731877887467818,
      "mce": 0.7983139762635724,
      "mae": 0.11996045974342637,
      "rmse": 0.24693128466992573,
      "encryption_time": 0.38568735122680664,
      "aggregation_time": 0.36823010444641113,
      "decryption_time": 0.0,
      "total_time": 0.7539174556732178,
      "is_encrypted": true,
      "improvement": -0.033299999999999996,
      "best_accuracy": 0.9318
    },
    {
      "round": 39,
      "accuracy": 0.8994,
      "f1_score": 0.8956214982361486,
      "precision": 0.8109733183013904,
      "recall": 1.0,
      "auc": 0.9997429087323146,
      "pr_auc": 0.9996890870418447,
      "ece": 0.11713048456376676,
      "mce": 0.7924883604440061,
      "mae": 0.11939617622109104,
      "rmse": 0.24564952945568172,
      "encryption_time": 0.4125525951385498,
      "aggregation_time": 0.38956618309020996,
      "decryption_time": 0.0,
      "total_time": 0.8021187782287598,
      "is_encrypted": true,
      "improvement": -0.032399999999999984,
      "best_accuracy": 0.9318
    },
    {
      "round": 40,
      "accuracy": 0.8989,
      "f1_score": 0.8951571087835736,
      "precision": 0.8102121269006946,
      "recall": 1.0,
      "auc": 0.9997509797757587,
      "pr_auc": 0.9996988674263819,
      "ece": 0.11680987557111439,
      "mce": 0.7701864334514095,
      "mae": 0.11910838166326236,
      "rmse": 0.24500204386280794,
      "encryption_time": 0.5973808765411377,
      "aggregation_time": 0.5606286525726318,
      "decryption_time": 0.0,
      "total_time": 1.1580095291137695,
      "is_encrypted": true,
      "improvement": -0.03289999999999993,
      "best_accuracy": 0.9318
    }
  ]
}