{
  "pipeline_info": {
    "type": "fhe",
    "rounds": 50,
    "clients": 10,
    "timestamp": "2025-09-16 12:01:54",
    "total_samples": 2000,
    "one_class_clients": 1,
    "one_class_percentage": 10.0
  },
  "final_performance": {
    "accuracy": 0.851,
    "f1_score": 0.8344444444444444,
    "precision": 0.7159199237368923,
    "recall": 1.0,
    "auc": 0.9995341146419132,
    "pr_auc": 0.9992480912596777,
    "mae": 0.15602541092523234,
    "rmse": 0.3167378817555802,
    "ece": 0.15239632914473514,
    "mce": 0.8350134885642658
  },
  "performance_trends": {
    "initial_accuracy": 0.9155,
    "final_accuracy": 0.851,
    "accuracy_improvement": -0.0645,
    "best_accuracy": 0.9155,
    "final_f1": 0.8344444444444444,
    "best_f1": 0.8988629563135847
  },
  "timing_statistics": {
    "total_encryption_time": 5.128249645233154,
    "total_aggregation_time": 4.470369815826416,
    "total_evaluation_time": 0,
    "total_time": 9.59861946105957,
    "avg_round_time": 0.19197238922119142,
    "avg_encryption_time": 0.10256499290466309,
    "avg_aggregation_time": 0.08940739631652832
  },
  "round_details": [
    {
      "round": 1,
      "accuracy": 0.9155,
      "f1_score": 0.8988629563135847,
      "precision": 0.816304347826087,
      "recall": 1.0,
      "auc": 0.9999925373054769,
      "pr_auc": 0.9999876729937406,
      "ece": 0.11104589729805014,
      "mce": 0.7507625027360674,
      "mae": 0.11138093830260398,
      "rmse": 0.22737337897952944,
      "encryption_time": 0.09486675262451172,
      "aggregation_time": 0.0818796157836914,
      "decryption_time": 0.0,
      "total_time": 0.17674636840820312,
      "is_encrypted": true,
      "improvement": 0.9155,
      "best_accuracy": 0.9155
    },
    {
      "round": 2,
      "accuracy": 0.8535,
      "f1_score": 0.8367688022284122,
      "precision": 0.7193486590038314,
      "recall": 1.0,
      "auc": 0.9997633259736951,
      "pr_auc": 0.9996164324656592,
      "ece": 0.14986512104839125,
      "mce": 0.8299555204086896,
      "mae": 0.1531487344085836,
      "rmse": 0.31133711841394845,
      "encryption_time": 0.08964991569519043,
      "aggregation_time": 0.0760343074798584,
      "decryption_time": 0.0,
      "total_time": 0.16568422317504883,
      "is_encrypted": true,
      "improvement": -0.061999999999999944,
      "best_accuracy": 0.9155
    },
    {
      "round": 3,
      "accuracy": 0.852,
      "f1_score": 0.8353726362625139,
      "precision": 0.7172874880611271,
      "recall": 1.0,
      "auc": 0.9996716414409824,
      "pr_auc": 0.999464409510377,
      "ece": 0.15193675145687818,
      "mce": 0.8341427638180938,
      "mae": 0.15531958817859323,
      "rmse": 0.3151203775083805,
      "encryption_time": 0.09084630012512207,
      "aggregation_time": 0.0795290470123291,
      "decryption_time": 0.0,
      "total_time": 0.17037534713745117,
      "is_encrypted": true,
      "improvement": -0.0635,
      "best_accuracy": 0.9155
    },
    {
      "round": 4,
      "accuracy": 0.853,
      "f1_score": 0.8363028953229399,
      "precision": 0.7186602870813397,
      "recall": 1.0,
      "auc": 0.9997793174619589,
      "pr_auc": 0.999643321131561,
      "ece": 0.14860379726168965,
      "mce": 0.8324238158551798,
      "mae": 0.15214980990041507,
      "rmse": 0.30830902930769594,
      "encryption_time": 0.0830082893371582,
      "aggregation_time": 0.07242608070373535,
      "decryption_time": 0.0,
      "total_time": 0.15543437004089355,
      "is_encrypted": true,
      "improvement": -0.0625,
      "best_accuracy": 0.9155
    },
    {
      "round": 5,
      "accuracy": 0.852,
      "f1_score": 0.8353726362625139,
      "precision": 0.7172874880611271,
      "recall": 1.0,
      "auc": 0.999597014495751,
      "pr_auc": 0.9993414967485738,
      "ece": 0.15457573253552565,
      "mce": 0.8339896120159258,
      "mae": 0.1582458508284973,
      "rmse": 0.31828461602725405,
      "encryption_time": 0.07508993148803711,
      "aggregation_time": 0.06387448310852051,
      "decryption_time": 0.0,
      "total_time": 0.13896441459655762,
      "is_encrypted": true,
      "improvement": -0.0635,
      "best_accuracy": 0.9155
    },
    {
      "round": 6,
      "accuracy": 0.852,
      "f1_score": 0.8353726362625139,
      "precision": 0.7172874880611271,
      "recall": 1.0,
      "auc": 0.9997835818588292,
      "pr_auc": 0.9996513075503743,
      "ece": 0.15195796012402826,
      "mce": 0.8339709433777431,
      "mae": 0.1552256226184127,
      "rmse": 0.313828900273905,
      "encryption_time": 0.07872414588928223,
      "aggregation_time": 0.07092833518981934,
      "decryption_time": 0.0,
      "total_time": 0.14965248107910156,
      "is_encrypted": true,
      "improvement": -0.0635,
      "best_accuracy": 0.9155
    },
    {
      "round": 7,
      "accuracy": 0.852,
      "f1_score": 0.8353726362625139,
      "precision": 0.7172874880611271,
      "recall": 1.0,
      "auc": 0.9995447756340892,
      "pr_auc": 0.9992572247799265,
      "ece": 0.15299766909738124,
      "mce": 0.8350960913991144,
      "mae": 0.15655608151106504,
      "rmse": 0.31730254239174316,
      "encryption_time": 0.09215855598449707,
      "aggregation_time": 0.07876396179199219,
      "decryption_time": 0.0,
      "total_time": 0.17092251777648926,
      "is_encrypted": true,
      "improvement": -0.0635,
      "best_accuracy": 0.9155
    },
    {
      "round": 8,
      "accuracy": 0.853,
      "f1_score": 0.8363028953229399,
      "precision": 0.7186602870813397,
      "recall": 1.0,
      "auc": 0.9996535177542833,
      "pr_auc": 0.999436538882227,
      "ece": 0.15156183861137704,
      "mce": 0.8316151529839987,
      "mae": 0.15500486540194985,
      "rmse": 0.31447202689841497,
      "encryption_time": 0.0941917896270752,
      "aggregation_time": 0.07765436172485352,
      "decryption_time": 0.0,
      "total_time": 0.1718461513519287,
      "is_encrypted": true,
      "improvement": -0.0625,
      "best_accuracy": 0.9155
    },
    {
      "round": 9,
      "accuracy": 0.848,
      "f1_score": 0.831672203765227,
      "precision": 0.7118483412322275,
      "recall": 1.0,
      "auc": 0.9996364601668019,
      "pr_auc": 0.999413195122414,
      "ece": 0.15344645303433352,
      "mce": 0.8319498492575637,
      "mae": 0.15681348189537386,
      "rmse": 0.3176558766740468,
      "encryption_time": 0.08600544929504395,
      "aggregation_time": 0.07378077507019043,
      "decryption_time": 0.0,
      "total_time": 0.15978622436523438,
      "is_encrypted": true,
      "improvement": -0.0675,
      "best_accuracy": 0.9155
    },
    {
      "round": 10,
      "accuracy": 0.854,
      "f1_score": 0.8372352285395763,
      "precision": 0.7200383509108341,
      "recall": 1.0,
      "auc": 0.999578890809052,
      "pr_auc": 0.9993187085697358,
      "ece": 0.14934968227912265,
      "mce": 0.8371063563213176,
      "mae": 0.1529378400654107,
      "rmse": 0.31252314724365304,
      "encryption_time": 0.09713959693908691,
      "aggregation_time": 0.08355283737182617,
      "decryption_time": 0.0,
      "total_time": 0.18069243431091309,
      "is_encrypted": true,
      "improvement": -0.0615,
      "best_accuracy": 0.9155
    },
    {
      "round": 11,
      "accuracy": 0.854,
      "f1_score": 0.8372352285395763,
      "precision": 0.7200383509108341,
      "recall": 1.0,
      "auc": 0.9996577821511538,
      "pr_auc": 0.9994425481151628,
      "ece": 0.1514391114986435,
      "mce": 0.8340304621193464,
      "mae": 0.15494212662122364,
      "rmse": 0.3142170632476731,
      "encryption_time": 0.10647296905517578,
      "aggregation_time": 0.09470295906066895,
      "decryption_time": 0.0,
      "total_time": 0.20117592811584473,
      "is_encrypted": true,
      "improvement": -0.0615,
      "best_accuracy": 0.9155
    },
    {
      "round": 12,
      "accuracy": 0.851,
      "f1_score": 0.8344444444444444,
      "precision": 0.7159199237368923,
      "recall": 1.0,
      "auc": 0.9998571427048429,
      "pr_auc": 0.9997681083112515,
      "ece": 0.15087249742175296,
      "mce": 0.8327380488885321,
      "mae": 0.15420502064046007,
      "rmse": 0.3111551467138822,
      "encryption_time": 0.11576008796691895,
      "aggregation_time": 0.10340118408203125,
      "decryption_time": 0.0,
      "total_time": 0.2191612720489502,
      "is_encrypted": true,
      "improvement": -0.0645,
      "best_accuracy": 0.9155
    },
    {
      "round": 13,
      "accuracy": 0.8525,
      "f1_score": 0.8358375069560379,
      "precision": 0.7179732313575525,
      "recall": 1.0,
      "auc": 0.9997409378901256,
      "pr_auc": 0.9995773869387757,
      "ece": 0.15124743409766356,
      "mce": 0.8313556486166129,
      "mae": 0.1545324324369588,
      "rmse": 0.3137021380612425,
      "encryption_time": 0.10495114326477051,
      "aggregation_time": 0.09451651573181152,
      "decryption_time": 0.0,
      "total_time": 0.19946765899658203,
      "is_encrypted": true,
      "improvement": -0.06299999999999994,
      "best_accuracy": 0.9155
    },
    {
      "round": 14,
      "accuracy": 0.853,
      "f1_score": 0.8363028953229399,
      "precision": 0.7186602870813397,
      "recall": 1.0,
      "auc": 0.9997153515089036,
      "pr_auc": 0.9995395303069936,
      "ece": 0.15078264239279976,
      "mce": 0.834314739437547,
      "mae": 0.1543155046264461,
      "rmse": 0.31254215168728555,
      "encryption_time": 0.10323047637939453,
      "aggregation_time": 0.08847975730895996,
      "decryption_time": 0.0,
      "total_time": 0.1917102336883545,
      "is_encrypted": true,
      "improvement": -0.0625,
      "best_accuracy": 0.9155
    },
    {
      "round": 15,
      "accuracy": 0.8525,
      "f1_score": 0.8358375069560379,
      "precision": 0.7179732313575525,
      "recall": 1.0,
      "auc": 0.99970362441751,
      "pr_auc": 0.9995200834282112,
      "ece": 0.15158147339772432,
      "mce": 0.8320781059038188,
      "mae": 0.1549221788483428,
      "rmse": 0.31430255192254075,
      "encryption_time": 0.12434744834899902,
      "aggregation_time": 0.10904526710510254,
      "decryption_time": 0.0,
      "total_time": 0.23339271545410156,
      "is_encrypted": true,
      "improvement": -0.06299999999999994,
      "best_accuracy": 0.9155
    },
    {
      "round": 16,
      "accuracy": 0.8545,
      "f1_score": 0.8377021751254881,
      "precision": 0.7207293666026872,
      "recall": 1.0,
      "auc": 0.9998198292322273,
      "pr_auc": 0.9997088939488863,
      "ece": 0.15028475323534973,
      "mce": 0.8334406483907355,
      "mae": 0.15357448474413413,
      "rmse": 0.3111728240696556,
      "encryption_time": 0.10305380821228027,
      "aggregation_time": 0.09243893623352051,
      "decryption_time": 0.0,
      "total_time": 0.19549274444580078,
      "is_encrypted": true,
      "improvement": -0.06099999999999994,
      "best_accuracy": 0.9155
    },
    {
      "round": 17,
      "accuracy": 0.8515,
      "f1_score": 0.8349082823790995,
      "precision": 0.7166030534351145,
      "recall": 1.0,
      "auc": 0.9997750530650886,
      "pr_auc": 0.9996365516857519,
      "ece": 0.1528709266600608,
      "mce": 0.8313087203618612,
      "mae": 0.1561600606174033,
      "rmse": 0.31498208331917193,
      "encryption_time": 0.09942436218261719,
      "aggregation_time": 0.08562088012695312,
      "decryption_time": 0.0,
      "total_time": 0.1850452423095703,
      "is_encrypted": true,
      "improvement": -0.06399999999999995,
      "best_accuracy": 0.9155
    },
    {
      "round": 18,
      "accuracy": 0.852,
      "f1_score": 0.8353726362625139,
      "precision": 0.7172874880611271,
      "recall": 1.0,
      "auc": 0.9996375262660195,
      "pr_auc": 0.9994117336713806,
      "ece": 0.1502077949959775,
      "mce": 0.8349277977046882,
      "mae": 0.1536467742128118,
      "rmse": 0.3130688963882647,
      "encryption_time": 0.08669853210449219,
      "aggregation_time": 0.07499814033508301,
      "decryption_time": 0.0,
      "total_time": 0.1616966724395752,
      "is_encrypted": true,
      "improvement": -0.0635,
      "best_accuracy": 0.9155
    },
    {
      "round": 19,
      "accuracy": 0.8515,
      "f1_score": 0.8349082823790995,
      "precision": 0.7166030534351145,
      "recall": 1.0,
      "auc": 0.9996855007308111,
      "pr_auc": 0.9994908797216395,
      "ece": 0.150527464172714,
      "mce": 0.8333310451847209,
      "mae": 0.1538846261472445,
      "rmse": 0.31304577832016933,
      "encryption_time": 0.08831930160522461,
      "aggregation_time": 0.08066344261169434,
      "decryption_time": 0.0,
      "total_time": 0.16898274421691895,
      "is_encrypted": true,
      "improvement": -0.06399999999999995,
      "best_accuracy": 0.9155
    },
    {
      "round": 20,
      "accuracy": 0.8535,
      "f1_score": 0.8367688022284122,
      "precision": 0.7193486590038314,
      "recall": 1.0,
      "auc": 0.9997697225690007,
      "pr_auc": 0.9996282501628415,
      "ece": 0.15037954473202764,
      "mce": 0.8325680201722285,
      "mae": 0.15369027408060917,
      "rmse": 0.3120638936189757,
      "encryption_time": 0.07689404487609863,
      "aggregation_time": 0.06625723838806152,
      "decryption_time": 0.0,
      "total_time": 0.14315128326416016,
      "is_encrypted": true,
      "improvement": -0.061999999999999944,
      "best_accuracy": 0.9155
    },
    {
      "round": 21,
      "accuracy": 0.8535,
      "f1_score": 0.8367688022284122,
      "precision": 0.7193486590038314,
      "recall": 1.0,
      "auc": 0.9995383790387836,
      "pr_auc": 0.9992521302738661,
      "ece": 0.15027105228465043,
      "mce": 0.8373915409950828,
      "mae": 0.15396471914916282,
      "rmse": 0.31385096458018585,
      "encryption_time": 0.08052659034729004,
      "aggregation_time": 0.07051730155944824,
      "decryption_time": 0.0,
      "total_time": 0.15104389190673828,
      "is_encrypted": true,
      "improvement": -0.061999999999999944,
      "best_accuracy": 0.9155
    },
    {
      "round": 22,
      "accuracy": 0.8555,
      "f1_score": 0.8386376326074818,
      "precision": 0.7221153846153846,
      "recall": 1.0,
      "auc": 0.999578890809052,
      "pr_auc": 0.9993119782952887,
      "ece": 0.15064701849888046,
      "mce": 0.8338759031991712,
      "mae": 0.15421327770628618,
      "rmse": 0.313910683243917,
      "encryption_time": 0.07164430618286133,
      "aggregation_time": 0.06411170959472656,
      "decryption_time": 0.0,
      "total_time": 0.1357560157775879,
      "is_encrypted": true,
      "improvement": -0.05999999999999994,
      "best_accuracy": 0.9155
    },
    {
      "round": 23,
      "accuracy": 0.853,
      "f1_score": 0.8363028953229399,
      "precision": 0.7186602870813397,
      "recall": 1.0,
      "auc": 0.9997345412948202,
      "pr_auc": 0.9995680880064381,
      "ece": 0.15001043579786244,
      "mce": 0.8318367606492947,
      "mae": 0.15346629793279778,
      "rmse": 0.3117809429625076,
      "encryption_time": 0.08484911918640137,
      "aggregation_time": 0.07353734970092773,
      "decryption_time": 0.0,
      "total_time": 0.1583864688873291,
      "is_encrypted": true,
      "improvement": -0.0625,
      "best_accuracy": 0.9155
    },
    {
      "round": 24,
      "accuracy": 0.852,
      "f1_score": 0.8353726362625139,
      "precision": 0.7172874880611271,
      "recall": 1.0,
      "auc": 0.9995927500988807,
      "pr_auc": 0.9993360288744848,
      "ece": 0.1520168712514516,
      "mce": 0.8340798406107648,
      "mae": 0.15565554665610334,
      "rmse": 0.3152574137026482,
      "encryption_time": 0.08433723449707031,
      "aggregation_time": 0.0748910903930664,
      "decryption_time": 0.0,
      "total_time": 0.15922832489013672,
      "is_encrypted": true,
      "improvement": -0.0635,
      "best_accuracy": 0.9155
    },
    {
      "round": 25,
      "accuracy": 0.853,
      "f1_score": 0.8363028953229399,
      "precision": 0.7186602870813397,
      "recall": 1.0,
      "auc": 0.9997611937752598,
      "pr_auc": 0.9996101552233104,
      "ece": 0.15035645430940073,
      "mce": 0.8342728081973145,
      "mae": 0.15384989480943886,
      "rmse": 0.31171921074058534,
      "encryption_time": 0.10701203346252441,
      "aggregation_time": 0.09248709678649902,
      "decryption_time": 0.0,
      "total_time": 0.19949913024902344,
      "is_encrypted": true,
      "improvement": -0.0625,
      "best_accuracy": 0.9155
    },
    {
      "round": 26,
      "accuracy": 0.852,
      "f1_score": 0.8353726362625139,
      "precision": 0.7172874880611271,
      "recall": 1.0,
      "auc": 0.9996929634253342,
      "pr_auc": 0.9995034184696768,
      "ece": 0.15075575022559162,
      "mce": 0.8319832961496534,
      "mae": 0.1541415507986806,
      "rmse": 0.313383369106585,
      "encryption_time": 0.10023140907287598,
      "aggregation_time": 0.08370447158813477,
      "decryption_time": 0.0,
      "total_time": 0.18393588066101074,
      "is_encrypted": true,
      "improvement": -0.0635,
      "best_accuracy": 0.9155
    },
    {
      "round": 27,
      "accuracy": 0.851,
      "f1_score": 0.8344444444444444,
      "precision": 0.7159199237368923,
      "recall": 1.0,
      "auc": 0.9997025583182925,
      "pr_auc": 0.9995190084070567,
      "ece": 0.15114847376230273,
      "mce": 0.8338551748599584,
      "mae": 0.15459412238487774,
      "rmse": 0.3134044510739384,
      "encryption_time": 0.07919144630432129,
      "aggregation_time": 0.06840276718139648,
      "decryption_time": 0.0,
      "total_time": 0.14759421348571777,
      "is_encrypted": true,
      "improvement": -0.0645,
      "best_accuracy": 0.9155
    },
    {
      "round": 28,
      "accuracy": 0.852,
      "f1_score": 0.8353726362625139,
      "precision": 0.7172874880611271,
      "recall": 1.0,
      "auc": 0.9996023449918391,
      "pr_auc": 0.9993585634063271,
      "ece": 0.15097332401469607,
      "mce": 0.8365254535941028,
      "mae": 0.15442663042155963,
      "rmse": 0.3144972821066734,
      "encryption_time": 0.10387659072875977,
      "aggregation_time": 0.08894968032836914,
      "decryption_time": 0.0,
      "total_time": 0.1928262710571289,
      "is_encrypted": true,
      "improvement": -0.0635,
      "best_accuracy": 0.9155
    },
    {
      "round": 29,
      "accuracy": 0.8525,
      "f1_score": 0.8358375069560379,
      "precision": 0.7179732313575525,
      "recall": 1.0,
      "auc": 0.999786780156482,
      "pr_auc": 0.9996580676718333,
      "ece": 0.15026242317207908,
      "mce": 0.8342569222001499,
      "mae": 0.1536997960571142,
      "rmse": 0.31102866991703454,
      "encryption_time": 0.10530972480773926,
      "aggregation_time": 0.0908818244934082,
      "decryption_time": 0.0,
      "total_time": 0.19619154930114746,
      "is_encrypted": true,
      "improvement": -0.06299999999999994,
      "best_accuracy": 0.9155
    },
    {
      "round": 30,
      "accuracy": 0.8525,
      "f1_score": 0.8358375069560379,
      "precision": 0.7179732313575525,
      "recall": 1.0,
      "auc": 0.9997835818588292,
      "pr_auc": 0.999650964878886,
      "ece": 0.15099744130412165,
      "mce": 0.8350825279746623,
      "mae": 0.1543866947776995,
      "rmse": 0.3120990734064902,
      "encryption_time": 0.10343670845031738,
      "aggregation_time": 0.08773660659790039,
      "decryption_time": 0.0,
      "total_time": 0.19117331504821777,
      "is_encrypted": true,
      "improvement": -0.06299999999999994,
      "best_accuracy": 0.9155
    },
    {
      "round": 31,
      "accuracy": 0.8505,
      "f1_score": 0.8339811215991116,
      "precision": 0.7152380952380952,
      "recall": 1.0,
      "auc": 0.9996663109448944,
      "pr_auc": 0.999458006922816,
      "ece": 0.1517224491818584,
      "mce": 0.8350819598189513,
      "mae": 0.15503481463716992,
      "rmse": 0.3150721546543758,
      "encryption_time": 0.11034822463989258,
      "aggregation_time": 0.09427547454833984,
      "decryption_time": 0.0,
      "total_time": 0.20462369918823242,
      "is_encrypted": true,
      "improvement": -0.06499999999999995,
      "best_accuracy": 0.9155
    },
    {
      "round": 32,
      "accuracy": 0.8525,
      "f1_score": 0.8358375069560379,
      "precision": 0.7179732313575525,
      "recall": 1.0,
      "auc": 0.9997206820049915,
      "pr_auc": 0.9995438796644261,
      "ece": 0.15183380213927855,
      "mce": 0.8335701148644172,
      "mae": 0.15543348449581348,
      "rmse": 0.31374163177944964,
      "encryption_time": 0.10053253173828125,
      "aggregation_time": 0.08823680877685547,
      "decryption_time": 0.0,
      "total_time": 0.18876934051513672,
      "is_encrypted": true,
      "improvement": -0.06299999999999994,
      "best_accuracy": 0.9155
    },
    {
      "round": 33,
      "accuracy": 0.8515,
      "f1_score": 0.8349082823790995,
      "precision": 0.7166030534351145,
      "recall": 1.0,
      "auc": 0.9997228142034267,
      "pr_auc": 0.9995522231900877,
      "ece": 0.14982444466809258,
      "mce": 0.8310342913319164,
      "mae": 0.15324934993329117,
      "rmse": 0.31149890859702234,
      "encryption_time": 0.10529828071594238,
      "aggregation_time": 0.09312796592712402,
      "decryption_time": 0.0,
      "total_time": 0.1984262466430664,
      "is_encrypted": true,
      "improvement": -0.06399999999999995,
      "best_accuracy": 0.9155
    },
    {
      "round": 34,
      "accuracy": 0.852,
      "f1_score": 0.8353726362625139,
      "precision": 0.7172874880611271,
      "recall": 1.0,
      "auc": 0.9996460550597601,
      "pr_auc": 0.9994265334857712,
      "ece": 0.150857657543274,
      "mce": 0.833002991401185,
      "mae": 0.15422661756998607,
      "rmse": 0.3140635861728813,
      "encryption_time": 0.10207009315490723,
      "aggregation_time": 0.0883481502532959,
      "decryption_time": 0.0,
      "total_time": 0.19041824340820312,
      "is_encrypted": true,
      "improvement": -0.0635,
      "best_accuracy": 0.9155
    },
    {
      "round": 35,
      "accuracy": 0.852,
      "f1_score": 0.8353726362625139,
      "precision": 0.7172874880611271,
      "recall": 1.0,
      "auc": 0.9996897651276814,
      "pr_auc": 0.9994959812862039,
      "ece": 0.15225390800514232,
      "mce": 0.8345266534498883,
      "mae": 0.15576665237176315,
      "rmse": 0.3148650130155751,
      "encryption_time": 0.08130192756652832,
      "aggregation_time": 0.07367324829101562,
      "decryption_time": 0.0,
      "total_time": 0.15497517585754395,
      "is_encrypted": true,
      "improvement": -0.0635,
      "best_accuracy": 0.9155
    },
    {
      "round": 36,
      "accuracy": 0.852,
      "f1_score": 0.8353726362625139,
      "precision": 0.7172874880611271,
      "recall": 1.0,
      "auc": 0.9997963750494404,
      "pr_auc": 0.9996721644197611,
      "ece": 0.15158403388176303,
      "mce": 0.831793303614851,
      "mae": 0.15481832872434012,
      "rmse": 0.31327147483646584,
      "encryption_time": 0.08647632598876953,
      "aggregation_time": 0.07722353935241699,
      "decryption_time": 0.0,
      "total_time": 0.16369986534118652,
      "is_encrypted": true,
      "improvement": -0.0635,
      "best_accuracy": 0.9155
    },
    {
      "round": 37,
      "accuracy": 0.853,
      "f1_score": 0.8363028953229399,
      "precision": 0.7186602870813397,
      "recall": 1.0,
      "auc": 0.9997814496603942,
      "pr_auc": 0.9996476189697909,
      "ece": 0.14950169440071392,
      "mce": 0.8329286485925196,
      "mae": 0.15287771238949188,
      "rmse": 0.3103224293058972,
      "encryption_time": 0.09231781959533691,
      "aggregation_time": 0.08141565322875977,
      "decryption_time": 0.0,
      "total_time": 0.17373347282409668,
      "is_encrypted": true,
      "improvement": -0.0625,
      "best_accuracy": 0.9155
    },
    {
      "round": 38,
      "accuracy": 0.85,
      "f1_score": 0.8335183129855716,
      "precision": 0.7145575642245481,
      "recall": 1.0,
      "auc": 0.9996311296707139,
      "pr_auc": 0.9993992005782522,
      "ece": 0.15176028989284251,
      "mce": 0.8355502045485697,
      "mae": 0.15529883289271923,
      "rmse": 0.31510274825807955,
      "encryption_time": 0.09212803840637207,
      "aggregation_time": 0.08144497871398926,
      "decryption_time": 0.0,
      "total_time": 0.17357301712036133,
      "is_encrypted": true,
      "improvement": -0.0655,
      "best_accuracy": 0.9155
    },
    {
      "round": 39,
      "accuracy": 0.8515,
      "f1_score": 0.8349082823790995,
      "precision": 0.7166030534351145,
      "recall": 1.0,
      "auc": 0.999757995477607,
      "pr_auc": 0.9996092210173273,
      "ece": 0.15153369969355704,
      "mce": 0.8322424135509185,
      "mae": 0.15498052776877647,
      "rmse": 0.3131239548366086,
      "encryption_time": 0.1029655933380127,
      "aggregation_time": 0.09104394912719727,
      "decryption_time": 0.0,
      "total_time": 0.19400954246520996,
      "is_encrypted": true,
      "improvement": -0.06399999999999995,
      "best_accuracy": 0.9155
    },
    {
      "round": 40,
      "accuracy": 0.8515,
      "f1_score": 0.8349082823790995,
      "precision": 0.7166030534351145,
      "recall": 1.0,
      "auc": 0.9997100210128156,
      "pr_auc": 0.9995333502402601,
      "ece": 0.15013869643049316,
      "mce": 0.8334165954074806,
      "mae": 0.15350730694270137,
      "rmse": 0.31239207450929024,
      "encryption_time": 0.08495235443115234,
      "aggregation_time": 0.07101750373840332,
      "decryption_time": 0.0,
      "total_time": 0.15596985816955566,
      "is_encrypted": true,
      "improvement": -0.06399999999999995,
      "best_accuracy": 0.9155
    },
    {
      "round": 41,
      "accuracy": 0.8515,
      "f1_score": 0.8349082823790995,
      "precision": 0.7166030534351145,
      "recall": 1.0,
      "auc": 0.9996791041355055,
      "pr_auc": 0.9994766837784297,
      "ece": 0.1520122621617339,
      "mce": 0.8338812977522632,
      "mae": 0.15549091752762603,
      "rmse": 0.31485404174954795,
      "encryption_time": 0.07918119430541992,
      "aggregation_time": 0.06778883934020996,
      "decryption_time": 0.0,
      "total_time": 0.14697003364562988,
      "is_encrypted": true,
      "improvement": -0.06399999999999995,
      "best_accuracy": 0.9155
    },
    {
      "round": 42,
      "accuracy": 0.851,
      "f1_score": 0.8344444444444444,
      "precision": 0.7159199237368923,
      "recall": 1.0,
      "auc": 0.9997345412948202,
      "pr_auc": 0.9995716083304947,
      "ece": 0.15252754760502324,
      "mce": 0.8322921788351664,
      "mae": 0.15581951182331222,
      "rmse": 0.315536930331878,
      "encryption_time": 0.1067507266998291,
      "aggregation_time": 0.09151554107666016,
      "decryption_time": 0.0,
      "total_time": 0.19826626777648926,
      "is_encrypted": true,
      "improvement": -0.0645,
      "best_accuracy": 0.9155
    },
    {
      "round": 43,
      "accuracy": 0.852,
      "f1_score": 0.8353726362625139,
      "precision": 0.7172874880611271,
      "recall": 1.0,
      "auc": 0.9996791041355055,
      "pr_auc": 0.999485352105873,
      "ece": 0.14956758183196997,
      "mce": 0.8328883722789051,
      "mae": 0.152855037154819,
      "rmse": 0.3121403952365801,
      "encryption_time": 0.09156441688537598,
      "aggregation_time": 0.07843995094299316,
      "decryption_time": 0.0,
      "total_time": 0.17000436782836914,
      "is_encrypted": true,
      "improvement": -0.0635,
      "best_accuracy": 0.9155
    },
    {
      "round": 44,
      "accuracy": 0.8505,
      "f1_score": 0.8339811215991116,
      "precision": 0.7152380952380952,
      "recall": 1.0,
      "auc": 0.999633261869149,
      "pr_auc": 0.999404846669772,
      "ece": 0.15084693095091262,
      "mce": 0.8354861115470911,
      "mae": 0.15435221615325853,
      "rmse": 0.3138579426229809,
      "encryption_time": 0.23143410682678223,
      "aggregation_time": 0.2158825397491455,
      "decryption_time": 0.0,
      "total_time": 0.44731664657592773,
      "is_encrypted": true,
      "improvement": -0.06499999999999995,
      "best_accuracy": 0.9155
    },
    {
      "round": 45,
      "accuracy": 0.853,
      "f1_score": 0.8363028953229399,
      "precision": 0.7186602870813397,
      "recall": 1.0,
      "auc": 0.9998006394463107,
      "pr_auc": 0.9996827715286936,
      "ece": 0.14969196352538588,
      "mce": 0.835003554318454,
      "mae": 0.15301291983336937,
      "rmse": 0.3104284920493956,
      "encryption_time": 0.23449230194091797,
      "aggregation_time": 0.194627046585083,
      "decryption_time": 0.0,
      "total_time": 0.429119348526001,
      "is_encrypted": true,
      "improvement": -0.0625,
      "best_accuracy": 0.9155
    },
    {
      "round": 46,
      "accuracy": 0.8525,
      "f1_score": 0.8358375069560379,
      "precision": 0.7179732313575525,
      "recall": 1.0,
      "auc": 0.9998422173157967,
      "pr_auc": 0.9997488119438606,
      "ece": 0.14930331352464904,
      "mce": 0.8347762080945339,
      "mae": 0.15263749260498977,
      "rmse": 0.30918808057263447,
      "encryption_time": 0.1670370101928711,
      "aggregation_time": 0.15300631523132324,
      "decryption_time": 0.0,
      "total_time": 0.32004332542419434,
      "is_encrypted": true,
      "improvement": -0.06299999999999994,
      "best_accuracy": 0.9155
    },
    {
      "round": 47,
      "accuracy": 0.853,
      "f1_score": 0.8363028953229399,
      "precision": 0.7186602870813397,
      "recall": 1.0,
      "auc": 0.9997366734932553,
      "pr_auc": 0.9995793435249718,
      "ece": 0.14890047009899332,
      "mce": 0.8336779302641162,
      "mae": 0.15225063887555418,
      "rmse": 0.31045024755643646,
      "encryption_time": 0.09815263748168945,
      "aggregation_time": 0.08437776565551758,
      "decryption_time": 0.0,
      "total_time": 0.18253040313720703,
      "is_encrypted": true,
      "improvement": -0.0625,
      "best_accuracy": 0.9155
    },
    {
      "round": 48,
      "accuracy": 0.853,
      "f1_score": 0.8363028953229399,
      "precision": 0.7186602870813397,
      "recall": 1.0,
      "auc": 0.999649253357413,
      "pr_auc": 0.9994288189130764,
      "ece": 0.15021986571459559,
      "mce": 0.8331979016655223,
      "mae": 0.15375619865012596,
      "rmse": 0.3124689400682524,
      "encryption_time": 0.11777448654174805,
      "aggregation_time": 0.09801197052001953,
      "decryption_time": 0.0,
      "total_time": 0.21578645706176758,
      "is_encrypted": true,
      "improvement": -0.0625,
      "best_accuracy": 0.9155
    },
    {
      "round": 49,
      "accuracy": 0.8525,
      "f1_score": 0.8358375069560379,
      "precision": 0.7179732313575525,
      "recall": 1.0,
      "auc": 0.9996844346315934,
      "pr_auc": 0.9994916784816918,
      "ece": 0.14993378648473912,
      "mce": 0.8320617451090694,
      "mae": 0.15335473976758304,
      "rmse": 0.3123384068421068,
      "encryption_time": 0.11218929290771484,
      "aggregation_time": 0.09919261932373047,
      "decryption_time": 0.0,
      "total_time": 0.2113819122314453,
      "is_encrypted": true,
      "improvement": -0.06299999999999994,
      "best_accuracy": 0.9155
    },
    {
      "round": 50,
      "accuracy": 0.851,
      "f1_score": 0.8344444444444444,
      "precision": 0.7159199237368923,
      "recall": 1.0,
      "auc": 0.9995341146419132,
      "pr_auc": 0.9992480912596777,
      "ece": 0.15239632914473514,
      "mce": 0.8350134885642658,
      "mae": 0.15602541092523234,
      "rmse": 0.3167378817555802,
      "encryption_time": 0.12003421783447266,
      "aggregation_time": 0.10395193099975586,
      "decryption_time": 0.0,
      "total_time": 0.22398614883422852,
      "is_encrypted": true,
      "improvement": -0.0645,
      "best_accuracy": 0.9155
    }
  ]
}