{
  "pipeline_info": {
    "type": "fhe",
    "rounds": 60,
    "clients": 50,
    "timestamp": "2025-09-16 12:12:50",
    "total_samples": 10000,
    "one_class_clients": 13,
    "one_class_percentage": 26.0
  },
  "final_performance": {
    "accuracy": 0.8968,
    "f1_score": 0.8932119205298014,
    "precision": 0.8070306656694092,
    "recall": 1.0,
    "auc": 0.9997634532065358,
    "pr_auc": 0.9997116283807361,
    "mae": 0.11965067843201886,
    "rmse": 0.24483476601361237,
    "ece": 0.11753429853915769,
    "mce": 0.7598062523829944
  },
  "performance_trends": {
    "initial_accuracy": 0.9318,
    "final_accuracy": 0.8968,
    "accuracy_improvement": -0.03499999999999992,
    "best_accuracy": 0.9318,
    "final_f1": 0.8932119205298014,
    "best_f1": 0.9267768949967791
  },
  "timing_statistics": {
    "total_encryption_time": 24.602616786956787,
    "total_aggregation_time": 23.29476261138916,
    "total_evaluation_time": 0,
    "total_time": 47.89737939834595,
    "avg_round_time": 0.7982896566390991,
    "avg_encryption_time": 0.41004361311594645,
    "avg_aggregation_time": 0.3882460435231527
  },
  "round_details": [
    {
      "round": 1,
      "accuracy": 0.9318,
      "f1_score": 0.9267768949967791,
      "precision": 0.8635454181672669,
      "recall": 1.0,
      "auc": 0.9997430310208517,
      "pr_auc": 0.9996897675119667,
      "ece": 0.10784385293688807,
      "mce": 0.69379753599713,
      "mae": 0.11024331663561476,
      "rmse": 0.21376245263465662,
      "encryption_time": 0.42473530769348145,
      "aggregation_time": 0.39760708808898926,
      "decryption_time": 0.0,
      "total_time": 0.8223423957824707,
      "is_encrypted": true,
      "improvement": 0.9318,
      "best_accuracy": 0.9318
    },
    {
      "round": 2,
      "accuracy": 0.8965,
      "f1_score": 0.8929347263887453,
      "precision": 0.8065782096804336,
      "recall": 1.0,
      "auc": 0.9997508574872217,
      "pr_auc": 0.9996983507469477,
      "ece": 0.11802649945422657,
      "mce": 0.779349473415105,
      "mae": 0.12029092097693242,
      "rmse": 0.24678713093487697,
      "encryption_time": 0.362781286239624,
      "aggregation_time": 0.3443899154663086,
      "decryption_time": 0.0,
      "total_time": 0.7071712017059326,
      "is_encrypted": true,
      "improvement": -0.0353,
      "best_accuracy": 0.9318
    },
    {
      "round": 3,
      "accuracy": 0.898,
      "f1_score": 0.8943224202237878,
      "precision": 0.8088455772113943,
      "recall": 1.0,
      "auc": 0.9997463328113516,
      "pr_auc": 0.9996935846028484,
      "ece": 0.1179449417247952,
      "mce": 0.780997833244256,
      "mae": 0.12021229443109924,
      "rmse": 0.24648883432905289,
      "encryption_time": 0.40692710876464844,
      "aggregation_time": 0.3894627094268799,
      "decryption_time": 0.0,
      "total_time": 0.7963898181915283,
      "is_encrypted": true,
      "improvement": -0.03379999999999994,
      "best_accuracy": 0.9318
    },
    {
      "round": 4,
      "accuracy": 0.8972,
      "f1_score": 0.8935817805383023,
      "precision": 0.8076347305389222,
      "recall": 1.0,
      "auc": 0.9997616596413261,
      "pr_auc": 0.9997104320116279,
      "ece": 0.11796259525558543,
      "mce": 0.7649719035179904,
      "mae": 0.1202514777979706,
      "rmse": 0.2459749233578367,
      "encryption_time": 0.37313365936279297,
      "aggregation_time": 0.35573482513427734,
      "decryption_time": 0.0,
      "total_time": 0.7288684844970703,
      "is_encrypted": true,
      "improvement": -0.034599999999999964,
      "best_accuracy": 0.9318
    },
    {
      "round": 5,
      "accuracy": 0.8957,
      "f1_score": 0.8921963824289406,
      "precision": 0.8053741369658518,
      "recall": 1.0,
      "auc": 0.9997508574872216,
      "pr_auc": 0.9996979959519778,
      "ece": 0.11874435261404198,
      "mce": 0.7998996087503276,
      "mae": 0.12116214230213727,
      "rmse": 0.2481032425718778,
      "encryption_time": 0.33841776847839355,
      "aggregation_time": 0.3229799270629883,
      "decryption_time": 0.0,
      "total_time": 0.6613976955413818,
      "is_encrypted": true,
      "improvement": -0.03609999999999991,
      "best_accuracy": 0.9318
    },
    {
      "round": 6,
      "accuracy": 0.8988,
      "f1_score": 0.8950642886768976,
      "precision": 0.81006006006006,
      "recall": 1.0,
      "auc": 0.9997469442540367,
      "pr_auc": 0.999693735161238,
      "ece": 0.11714656192504685,
      "mce": 0.792047982991878,
      "mae": 0.11940505451371677,
      "rmse": 0.24564293265656034,
      "encryption_time": 0.34023475646972656,
      "aggregation_time": 0.3249845504760742,
      "decryption_time": 0.0,
      "total_time": 0.6652193069458008,
      "is_encrypted": true,
      "improvement": -0.03299999999999992,
      "best_accuracy": 0.9318
    },
    {
      "round": 7,
      "accuracy": 0.8992,
      "f1_score": 0.8954356846473029,
      "precision": 0.8106686701728024,
      "recall": 1.0,
      "auc": 0.999759662261888,
      "pr_auc": 0.9997076822744319,
      "ece": 0.11654956424788022,
      "mce": 0.7719655121103881,
      "mae": 0.11864828532903315,
      "rmse": 0.24365592479795628,
      "encryption_time": 0.35725831985473633,
      "aggregation_time": 0.3338491916656494,
      "decryption_time": 0.0,
      "total_time": 0.6911075115203857,
      "is_encrypted": true,
      "improvement": -0.03259999999999996,
      "best_accuracy": 0.9318
    },
    {
      "round": 8,
      "accuracy": 0.8985,
      "f1_score": 0.8947859438167306,
      "precision": 0.8096042018383043,
      "recall": 1.0,
      "auc": 0.9997420119497098,
      "pr_auc": 0.9996882807060389,
      "ece": 0.11747253231294916,
      "mce": 0.7909677873290614,
      "mae": 0.11974428423944439,
      "rmse": 0.24576862803096478,
      "encryption_time": 0.3765389919281006,
      "aggregation_time": 0.3576679229736328,
      "decryption_time": 0.0,
      "total_time": 0.7342069149017334,
      "is_encrypted": true,
      "improvement": -0.033299999999999996,
      "best_accuracy": 0.9318
    },
    {
      "round": 9,
      "accuracy": 0.8986,
      "f1_score": 0.894878706199461,
      "precision": 0.8097560975609757,
      "recall": 1.0,
      "auc": 0.9997464958627341,
      "pr_auc": 0.9996930651900368,
      "ece": 0.11747373582371659,
      "mce": 0.7895263955344238,
      "mae": 0.11904366587012653,
      "rmse": 0.24430901460458182,
      "encryption_time": 0.3564765453338623,
      "aggregation_time": 0.3383047580718994,
      "decryption_time": 0.0,
      "total_time": 0.6947813034057617,
      "is_encrypted": true,
      "improvement": -0.03320000000000001,
      "best_accuracy": 0.9318
    },
    {
      "round": 10,
      "accuracy": 0.9001,
      "f1_score": 0.8962724535354584,
      "precision": 0.812041392285983,
      "recall": 1.0,
      "auc": 0.9997589692935114,
      "pr_auc": 0.9997067344165476,
      "ece": 0.11631732819258794,
      "mce": 0.7840153949782406,
      "mae": 0.11841394099811375,
      "rmse": 0.2428743399496655,
      "encryption_time": 0.363008975982666,
      "aggregation_time": 0.34632229804992676,
      "decryption_time": 0.0,
      "total_time": 0.7093312740325928,
      "is_encrypted": true,
      "improvement": -0.03169999999999995,
      "best_accuracy": 0.9318
    },
    {
      "round": 11,
      "accuracy": 0.8974,
      "f1_score": 0.8937668254296955,
      "precision": 0.8079371022089106,
      "recall": 1.0,
      "auc": 0.9997445800089874,
      "pr_auc": 0.9996910606695649,
      "ece": 0.11792831559576525,
      "mce": 0.7995973778953186,
      "mae": 0.1196484768668642,
      "rmse": 0.2457144104723127,
      "encryption_time": 0.46224212646484375,
      "aggregation_time": 0.41866111755371094,
      "decryption_time": 0.0,
      "total_time": 0.8809032440185547,
      "is_encrypted": true,
      "improvement": -0.034399999999999986,
      "best_accuracy": 0.9318
    },
    {
      "round": 12,
      "accuracy": 0.8983,
      "f1_score": 0.8946004767333402,
      "precision": 0.8093005812863304,
      "recall": 1.0,
      "auc": 0.999708015736415,
      "pr_auc": 0.9996517063540195,
      "ece": 0.11637995879517868,
      "mce": 0.7978031049279211,
      "mae": 0.12049409049105625,
      "rmse": 0.2478468853271713,
      "encryption_time": 0.5366339683532715,
      "aggregation_time": 0.5079960823059082,
      "decryption_time": 0.0,
      "total_time": 1.0446300506591797,
      "is_encrypted": true,
      "improvement": -0.033499999999999974,
      "best_accuracy": 0.9318
    },
    {
      "round": 13,
      "accuracy": 0.8978,
      "f1_score": 0.8941371452247773,
      "precision": 0.808542525290371,
      "recall": 1.0,
      "auc": 0.9997645945662148,
      "pr_auc": 0.9997132800477538,
      "ece": 0.11788751174577501,
      "mce": 0.7718977081613517,
      "mae": 0.11946177161226423,
      "rmse": 0.24477983853108948,
      "encryption_time": 0.48120999336242676,
      "aggregation_time": 0.46230340003967285,
      "decryption_time": 0.0,
      "total_time": 0.9435133934020996,
      "is_encrypted": true,
      "improvement": -0.03399999999999992,
      "best_accuracy": 0.9318
    },
    {
      "round": 14,
      "accuracy": 0.8979,
      "f1_score": 0.8942297731275252,
      "precision": 0.8086940228592843,
      "recall": 1.0,
      "auc": 0.9997454767915923,
      "pr_auc": 0.9996921304837413,
      "ece": 0.11802502896308398,
      "mce": 0.789066895234062,
      "mae": 0.11993880265848118,
      "rmse": 0.24599315553488257,
      "encryption_time": 0.3798866271972656,
      "aggregation_time": 0.3619403839111328,
      "decryption_time": 0.0,
      "total_time": 0.7418270111083984,
      "is_encrypted": true,
      "improvement": -0.03389999999999993,
      "best_accuracy": 0.9318
    },
    {
      "round": 15,
      "accuracy": 0.8983,
      "f1_score": 0.8946004767333402,
      "precision": 0.8093005812863304,
      "recall": 1.0,
      "auc": 0.999756115894314,
      "pr_auc": 0.9997039811584821,
      "ece": 0.11719854298587115,
      "mce": 0.7652736945777407,
      "mae": 0.11915111541337278,
      "rmse": 0.24407912511060673,
      "encryption_time": 0.36116862297058105,
      "aggregation_time": 0.3412187099456787,
      "decryption_time": 0.0,
      "total_time": 0.7023873329162598,
      "is_encrypted": true,
      "improvement": -0.033499999999999974,
      "best_accuracy": 0.9318
    },
    {
      "round": 16,
      "accuracy": 0.8974,
      "f1_score": 0.8937668254296955,
      "precision": 0.8079371022089106,
      "recall": 1.0,
      "auc": 0.9997396884675062,
      "pr_auc": 0.9996855019373396,
      "ece": 0.11768956798034486,
      "mce": 0.7930187541246794,
      "mae": 0.11978213335187152,
      "rmse": 0.24598482489973061,
      "encryption_time": 0.4150068759918213,
      "aggregation_time": 0.35692620277404785,
      "decryption_time": 0.0,
      "total_time": 0.7719330787658691,
      "is_encrypted": true,
      "improvement": -0.034399999999999986,
      "best_accuracy": 0.9318
    },
    {
      "round": 17,
      "accuracy": 0.8965,
      "f1_score": 0.8929347263887453,
      "precision": 0.8065782096804336,
      "recall": 1.0,
      "auc": 0.9997401368588086,
      "pr_auc": 0.9996861289012553,
      "ece": 0.11776410353437118,
      "mce": 0.8046150319565049,
      "mae": 0.1201895782720509,
      "rmse": 0.24746815431789038,
      "encryption_time": 0.7087581157684326,
      "aggregation_time": 0.6862516403198242,
      "decryption_time": 0.0,
      "total_time": 1.3950097560882568,
      "is_encrypted": true,
      "improvement": -0.0353,
      "best_accuracy": 0.9318
    },
    {
      "round": 18,
      "accuracy": 0.8976,
      "f1_score": 0.8939519469759735,
      "precision": 0.8082397003745319,
      "recall": 1.0,
      "auc": 0.9997580317480609,
      "pr_auc": 0.9997057528347213,
      "ece": 0.11858547347665532,
      "mce": 0.7750788247804571,
      "mae": 0.1204945043761339,
      "rmse": 0.24626348755795566,
      "encryption_time": 0.4097433090209961,
      "aggregation_time": 0.3930518627166748,
      "decryption_time": 0.0,
      "total_time": 0.8027951717376709,
      "is_encrypted": true,
      "improvement": -0.03420000000000001,
      "best_accuracy": 0.9318
    },
    {
      "round": 19,
      "accuracy": 0.8971,
      "f1_score": 0.8934892868233102,
      "precision": 0.8074836295603368,
      "recall": 1.0,
      "auc": 0.9997614965899434,
      "pr_auc": 0.9997096850889077,
      "ece": 0.1177290701190498,
      "mce": 0.7775445011202172,
      "mae": 0.11981332249198806,
      "rmse": 0.24566363697429738,
      "encryption_time": 0.35111188888549805,
      "aggregation_time": 0.3346405029296875,
      "decryption_time": 0.0,
      "total_time": 0.6857523918151855,
      "is_encrypted": true,
      "improvement": -0.03469999999999995,
      "best_accuracy": 0.9318
    },
    {
      "round": 20,
      "accuracy": 0.8968,
      "f1_score": 0.8932119205298014,
      "precision": 0.8070306656694092,
      "recall": 1.0,
      "auc": 0.9997676517796407,
      "pr_auc": 0.9997164382642548,
      "ece": 0.11802097592421068,
      "mce": 0.7633057485483221,
      "mae": 0.11994286100583859,
      "rmse": 0.24553135360153308,
      "encryption_time": 0.33510732650756836,
      "aggregation_time": 0.3183877468109131,
      "decryption_time": 0.0,
      "total_time": 0.6534950733184814,
      "is_encrypted": true,
      "improvement": -0.03499999999999992,
      "best_accuracy": 0.9318
    },
    {
      "round": 21,
      "accuracy": 0.898,
      "f1_score": 0.8943224202237878,
      "precision": 0.8088455772113943,
      "recall": 1.0,
      "auc": 0.9997772310483748,
      "pr_auc": 0.999727135201865,
      "ece": 0.11759448988673196,
      "mce": 0.7711120547690375,
      "mae": 0.11898294799174827,
      "rmse": 0.2436208987118873,
      "encryption_time": 0.37286901473999023,
      "aggregation_time": 0.35065245628356934,
      "decryption_time": 0.0,
      "total_time": 0.7235214710235596,
      "is_encrypted": true,
      "improvement": -0.03379999999999994,
      "best_accuracy": 0.9318
    },
    {
      "round": 22,
      "accuracy": 0.8978,
      "f1_score": 0.8941371452247773,
      "precision": 0.808542525290371,
      "recall": 1.0,
      "auc": 0.9997381802422161,
      "pr_auc": 0.9996839307379352,
      "ece": 0.11790426103705431,
      "mce": 0.802869517468658,
      "mae": 0.1201668903545154,
      "rmse": 0.24681867448914255,
      "encryption_time": 0.40503859519958496,
      "aggregation_time": 0.3831655979156494,
      "decryption_time": 0.0,
      "total_time": 0.7882041931152344,
      "is_encrypted": true,
      "improvement": -0.03399999999999992,
      "best_accuracy": 0.9318
    },
    {
      "round": 23,
      "accuracy": 0.8988,
      "f1_score": 0.8950642886768976,
      "precision": 0.81006006006006,
      "recall": 1.0,
      "auc": 0.9997550560603263,
      "pr_auc": 0.9997029893581921,
      "ece": 0.11760464447645365,
      "mce": 0.7676587511108085,
      "mae": 0.1197322792692427,
      "rmse": 0.24523245677573935,
      "encryption_time": 0.4288613796234131,
      "aggregation_time": 0.40813302993774414,
      "decryption_time": 0.0,
      "total_time": 0.8369944095611572,
      "is_encrypted": true,
      "improvement": -0.03299999999999992,
      "best_accuracy": 0.9318
    },
    {
      "round": 24,
      "accuracy": 0.8975,
      "f1_score": 0.8938593766179973,
      "precision": 0.8080883729638645,
      "recall": 1.0,
      "auc": 0.9997458436572033,
      "pr_auc": 0.9996924846956744,
      "ece": 0.11810073317546438,
      "mce": 0.7896181513472134,
      "mae": 0.11983430188342818,
      "rmse": 0.24601884657477682,
      "encryption_time": 0.4132504463195801,
      "aggregation_time": 0.3873875141143799,
      "decryption_time": 0.0,
      "total_time": 0.80063796043396,
      "is_encrypted": true,
      "improvement": -0.0343,
      "best_accuracy": 0.9318
    },
    {
      "round": 25,
      "accuracy": 0.8989,
      "f1_score": 0.8951571087835736,
      "precision": 0.8102121269006946,
      "recall": 1.0,
      "auc": 0.9997230979893156,
      "pr_auc": 0.9996682083317149,
      "ece": 0.11743116380674735,
      "mce": 0.795650357706386,
      "mae": 0.12027039851915935,
      "rmse": 0.24666332364338447,
      "encryption_time": 0.5834307670593262,
      "aggregation_time": 0.5569887161254883,
      "decryption_time": 0.0,
      "total_time": 1.1404194831848145,
      "is_encrypted": true,
      "improvement": -0.03289999999999993,
      "best_accuracy": 0.9318
    },
    {
      "round": 26,
      "accuracy": 0.8979,
      "f1_score": 0.8942297731275252,
      "precision": 0.8086940228592843,
      "recall": 1.0,
      "auc": 0.9997546891947153,
      "pr_auc": 0.9997021484196676,
      "ece": 0.11785233398089724,
      "mce": 0.7716216214092547,
      "mae": 0.12014322940899629,
      "rmse": 0.24624352961886437,
      "encryption_time": 0.4642603397369385,
      "aggregation_time": 0.440920352935791,
      "decryption_time": 0.0,
      "total_time": 0.9051806926727295,
      "is_encrypted": true,
      "improvement": -0.03389999999999993,
      "best_accuracy": 0.9318
    },
    {
      "round": 27,
      "accuracy": 0.8985,
      "f1_score": 0.8947859438167306,
      "precision": 0.8096042018383043,
      "recall": 1.0,
      "auc": 0.9997471073054194,
      "pr_auc": 0.9996945158780538,
      "ece": 0.11725802156944672,
      "mce": 0.7807477551182207,
      "mae": 0.11953072430677468,
      "rmse": 0.24573214773686808,
      "encryption_time": 0.4555342197418213,
      "aggregation_time": 0.4368622303009033,
      "decryption_time": 0.0,
      "total_time": 0.8923964500427246,
      "is_encrypted": true,
      "improvement": -0.033299999999999996,
      "best_accuracy": 0.9318
    },
    {
      "round": 28,
      "accuracy": 0.8968,
      "f1_score": 0.8932119205298014,
      "precision": 0.8070306656694092,
      "recall": 1.0,
      "auc": 0.9997374872738396,
      "pr_auc": 0.9996832264360778,
      "ece": 0.11843920083084557,
      "mce": 0.8021364366312312,
      "mae": 0.12051172954955947,
      "rmse": 0.247552352828388,
      "encryption_time": 0.4617133140563965,
      "aggregation_time": 0.43404722213745117,
      "decryption_time": 0.0,
      "total_time": 0.8957605361938477,
      "is_encrypted": true,
      "improvement": -0.03499999999999992,
      "best_accuracy": 0.9318
    },
    {
      "round": 29,
      "accuracy": 0.8971,
      "f1_score": 0.8934892868233102,
      "precision": 0.8074836295603368,
      "recall": 1.0,
      "auc": 0.9997726248468132,
      "pr_auc": 0.9997224572425932,
      "ece": 0.11743177814441737,
      "mce": 0.7568523357351374,
      "mae": 0.11953813901784649,
      "rmse": 0.24444549656763154,
      "encryption_time": 0.44985008239746094,
      "aggregation_time": 0.4305148124694824,
      "decryption_time": 0.0,
      "total_time": 0.8803648948669434,
      "is_encrypted": true,
      "improvement": -0.03469999999999995,
      "best_accuracy": 0.9318
    },
    {
      "round": 30,
      "accuracy": 0.8983,
      "f1_score": 0.8946004767333402,
      "precision": 0.8093005812863304,
      "recall": 1.0,
      "auc": 0.9997615781156348,
      "pr_auc": 0.9997098905704535,
      "ece": 0.11738214950575937,
      "mce": 0.7609964696727471,
      "mae": 0.11914496117248427,
      "rmse": 0.24397434273525354,
      "encryption_time": 0.5631906986236572,
      "aggregation_time": 0.49380946159362793,
      "decryption_time": 0.0,
      "total_time": 1.0570001602172852,
      "is_encrypted": true,
      "improvement": -0.033499999999999974,
      "best_accuracy": 0.9318
    },
    {
      "round": 31,
      "accuracy": 0.8968,
      "f1_score": 0.8932119205298014,
      "precision": 0.8070306656694092,
      "recall": 1.0,
      "auc": 0.9997588062421287,
      "pr_auc": 0.999707255029461,
      "ece": 0.11862092939828188,
      "mce": 0.7691519892190853,
      "mae": 0.12053600846779863,
      "rmse": 0.24705747971206238,
      "encryption_time": 0.5060062408447266,
      "aggregation_time": 0.4821624755859375,
      "decryption_time": 0.0,
      "total_time": 0.9881687164306641,
      "is_encrypted": true,
      "improvement": -0.03499999999999992,
      "best_accuracy": 0.9318
    },
    {
      "round": 32,
      "accuracy": 0.8992,
      "f1_score": 0.8954356846473029,
      "precision": 0.8106686701728024,
      "recall": 1.0,
      "auc": 0.9997613743014063,
      "pr_auc": 0.9997100564922462,
      "ece": 0.11696528375149759,
      "mce": 0.7574806221784844,
      "mae": 0.11892075441859938,
      "rmse": 0.24329350452335255,
      "encryption_time": 0.4469022750854492,
      "aggregation_time": 0.4304177761077881,
      "decryption_time": 0.0,
      "total_time": 0.8773200511932373,
      "is_encrypted": true,
      "improvement": -0.03259999999999996,
      "best_accuracy": 0.9318
    },
    {
      "round": 33,
      "accuracy": 0.8969,
      "f1_score": 0.8933043568250025,
      "precision": 0.8071815971572844,
      "recall": 1.0,
      "auc": 0.9997490639220119,
      "pr_auc": 0.9996958071863125,
      "ece": 0.11740408739386493,
      "mce": 0.7796900317177768,
      "mae": 0.11967659264210496,
      "rmse": 0.24598795093889203,
      "encryption_time": 0.3961217403411865,
      "aggregation_time": 0.38069701194763184,
      "decryption_time": 0.0,
      "total_time": 0.7768187522888184,
      "is_encrypted": true,
      "improvement": -0.03489999999999993,
      "best_accuracy": 0.9318
    },
    {
      "round": 34,
      "accuracy": 0.8972,
      "f1_score": 0.8935817805383023,
      "precision": 0.8076347305389222,
      "recall": 1.0,
      "auc": 0.9997423380524751,
      "pr_auc": 0.9996884643111569,
      "ece": 0.11833250885381286,
      "mce": 0.7939180289306426,
      "mae": 0.1206031433911573,
      "rmse": 0.2470249999775915,
      "encryption_time": 0.3673241138458252,
      "aggregation_time": 0.3477449417114258,
      "decryption_time": 0.0,
      "total_time": 0.715069055557251,
      "is_encrypted": true,
      "improvement": -0.034599999999999964,
      "best_accuracy": 0.9318
    },
    {
      "round": 35,
      "accuracy": 0.8981,
      "f1_score": 0.8944150865195316,
      "precision": 0.8089971883786317,
      "recall": 1.0,
      "auc": 0.9997435201749998,
      "pr_auc": 0.9996902342273555,
      "ece": 0.1179793887445532,
      "mce": 0.792040719600324,
      "mae": 0.12024642712117128,
      "rmse": 0.2464184957894307,
      "encryption_time": 0.36414265632629395,
      "aggregation_time": 0.34385156631469727,
      "decryption_time": 0.0,
      "total_time": 0.7079942226409912,
      "is_encrypted": true,
      "improvement": -0.03369999999999995,
      "best_accuracy": 0.9318
    },
    {
      "round": 36,
      "accuracy": 0.8989,
      "f1_score": 0.8951571087835736,
      "precision": 0.8102121269006946,
      "recall": 1.0,
      "auc": 0.999765083720363,
      "pr_auc": 0.9997138762530038,
      "ece": 0.11681093694499864,
      "mce": 0.7700680021365056,
      "mae": 0.11893020809050327,
      "rmse": 0.24359258316211727,
      "encryption_time": 0.3639686107635498,
      "aggregation_time": 0.34261059761047363,
      "decryption_time": 0.0,
      "total_time": 0.7065792083740234,
      "is_encrypted": true,
      "improvement": -0.03289999999999993,
      "best_accuracy": 0.9318
    },
    {
      "round": 37,
      "accuracy": 0.8977,
      "f1_score": 0.8940445365095805,
      "precision": 0.8083910844727477,
      "recall": 1.0,
      "auc": 0.999747025779728,
      "pr_auc": 0.9996934927780031,
      "ece": 0.11782776924381691,
      "mce": 0.7923774002034297,
      "mae": 0.12008526567603552,
      "rmse": 0.24631651679790653,
      "encryption_time": 0.3617997169494629,
      "aggregation_time": 0.34192347526550293,
      "decryption_time": 0.0,
      "total_time": 0.7037231922149658,
      "is_encrypted": true,
      "improvement": -0.03409999999999991,
      "best_accuracy": 0.9318
    },
    {
      "round": 38,
      "accuracy": 0.8985,
      "f1_score": 0.8947859438167306,
      "precision": 0.8096042018383043,
      "recall": 1.0,
      "auc": 0.9997236279063093,
      "pr_auc": 0.9996684715437124,
      "ece": 0.1173187789428658,
      "mce": 0.7983139828665331,
      "mae": 0.11996045980537258,
      "rmse": 0.24693128556933622,
      "encryption_time": 0.3613107204437256,
      "aggregation_time": 0.34154200553894043,
      "decryption_time": 0.0,
      "total_time": 0.702852725982666,
      "is_encrypted": true,
      "improvement": -0.033299999999999996,
      "best_accuracy": 0.9318
    },
    {
      "round": 39,
      "accuracy": 0.8994,
      "f1_score": 0.8956214982361486,
      "precision": 0.8109733183013904,
      "recall": 1.0,
      "auc": 0.9997429087323146,
      "pr_auc": 0.9996890870418447,
      "ece": 0.11713048456029626,
      "mce": 0.7924883676744376,
      "mae": 0.1193961762316575,
      "rmse": 0.24564953017039062,
      "encryption_time": 0.3726522922515869,
      "aggregation_time": 0.3523685932159424,
      "decryption_time": 0.0,
      "total_time": 0.7250208854675293,
      "is_encrypted": true,
      "improvement": -0.032399999999999984,
      "best_accuracy": 0.9318
    },
    {
      "round": 40,
      "accuracy": 0.8989,
      "f1_score": 0.8951571087835736,
      "precision": 0.8102121269006946,
      "recall": 1.0,
      "auc": 0.9997509797757587,
      "pr_auc": 0.9996988674263819,
      "ece": 0.1168098753065912,
      "mce": 0.7701864278551394,
      "mae": 0.11910838138515008,
      "rmse": 0.2450020428695063,
      "encryption_time": 0.36400413513183594,
      "aggregation_time": 0.34757447242736816,
      "decryption_time": 0.0,
      "total_time": 0.7115786075592041,
      "is_encrypted": true,
      "improvement": -0.03289999999999993,
      "best_accuracy": 0.9318
    },
    {
      "round": 41,
      "accuracy": 0.8978,
      "f1_score": 0.8941371452247773,
      "precision": 0.808542525290371,
      "recall": 1.0,
      "auc": 0.9997515504555983,
      "pr_auc": 0.9996987822459507,
      "ece": 0.11776534353681253,
      "mce": 0.7761218764933743,
      "mae": 0.11969308303651952,
      "rmse": 0.24493176332273117,
      "encryption_time": 0.36291980743408203,
      "aggregation_time": 0.3431413173675537,
      "decryption_time": 0.0,
      "total_time": 0.7060611248016357,
      "is_encrypted": true,
      "improvement": -0.03399999999999992,
      "best_accuracy": 0.9318
    },
    {
      "round": 42,
      "accuracy": 0.8989,
      "f1_score": 0.8951571087835736,
      "precision": 0.8102121269006946,
      "recall": 1.0,
      "auc": 0.9997552191117091,
      "pr_auc": 0.9997028846641434,
      "ece": 0.11718660662036487,
      "mce": 0.7657638441585707,
      "mae": 0.11930259176503626,
      "rmse": 0.24476204232441373,
      "encryption_time": 0.33388543128967285,
      "aggregation_time": 0.31800389289855957,
      "decryption_time": 0.0,
      "total_time": 0.6518893241882324,
      "is_encrypted": true,
      "improvement": -0.03289999999999993,
      "best_accuracy": 0.9318
    },
    {
      "round": 43,
      "accuracy": 0.8971,
      "f1_score": 0.8934892868233102,
      "precision": 0.8074836295603368,
      "recall": 1.0,
      "auc": 0.9997436424635369,
      "pr_auc": 0.9996901083893596,
      "ece": 0.11795023982438113,
      "mce": 0.7941467738234393,
      "mae": 0.12039387761906262,
      "rmse": 0.2470779025043844,
      "encryption_time": 0.3434791564941406,
      "aggregation_time": 0.3272066116333008,
      "decryption_time": 0.0,
      "total_time": 0.6706857681274414,
      "is_encrypted": true,
      "improvement": -0.03469999999999995,
      "best_accuracy": 0.9318
    },
    {
      "round": 44,
      "accuracy": 0.8978,
      "f1_score": 0.8941371452247773,
      "precision": 0.808542525290371,
      "recall": 1.0,
      "auc": 0.9997520396097463,
      "pr_auc": 0.9996992225574127,
      "ece": 0.11776538644339637,
      "mce": 0.7897258251942432,
      "mae": 0.12002274007617661,
      "rmse": 0.24605051870406947,
      "encryption_time": 0.33978891372680664,
      "aggregation_time": 0.31917405128479004,
      "decryption_time": 0.0,
      "total_time": 0.6589629650115967,
      "is_encrypted": true,
      "improvement": -0.03399999999999992,
      "best_accuracy": 0.9318
    },
    {
      "round": 45,
      "accuracy": 0.8976,
      "f1_score": 0.8939519469759735,
      "precision": 0.8082397003745319,
      "recall": 1.0,
      "auc": 0.9997470665425737,
      "pr_auc": 0.9996934451907321,
      "ece": 0.11820401658573022,
      "mce": 0.7921120021091094,
      "mae": 0.1201093192434547,
      "rmse": 0.24617386381830728,
      "encryption_time": 0.35277462005615234,
      "aggregation_time": 0.3360927104949951,
      "decryption_time": 0.0,
      "total_time": 0.6888673305511475,
      "is_encrypted": true,
      "improvement": -0.03420000000000001,
      "best_accuracy": 0.9318
    },
    {
      "round": 46,
      "accuracy": 0.8989,
      "f1_score": 0.8951571087835736,
      "precision": 0.8102121269006946,
      "recall": 1.0,
      "auc": 0.9997363866770063,
      "pr_auc": 0.9996823075245557,
      "ece": 0.11762053646594821,
      "mce": 0.7974174072408503,
      "mae": 0.1198871252715307,
      "rmse": 0.24661737758979518,
      "encryption_time": 0.3729257583618164,
      "aggregation_time": 0.3482394218444824,
      "decryption_time": 0.0,
      "total_time": 0.7211651802062988,
      "is_encrypted": true,
      "improvement": -0.03289999999999993,
      "best_accuracy": 0.9318
    },
    {
      "round": 47,
      "accuracy": 0.8974,
      "f1_score": 0.8937668254296955,
      "precision": 0.8079371022089106,
      "recall": 1.0,
      "auc": 0.9997541592777215,
      "pr_auc": 0.9997015265462087,
      "ece": 0.11763321475674046,
      "mce": 0.7820612617098213,
      "mae": 0.11989017111699543,
      "rmse": 0.24661063144280962,
      "encryption_time": 0.4077761173248291,
      "aggregation_time": 0.38390207290649414,
      "decryption_time": 0.0,
      "total_time": 0.7916781902313232,
      "is_encrypted": true,
      "improvement": -0.034399999999999986,
      "best_accuracy": 0.9318
    },
    {
      "round": 48,
      "accuracy": 0.8993,
      "f1_score": 0.8955285818030916,
      "precision": 0.8108209656208905,
      "recall": 1.0,
      "auc": 0.9997432348350801,
      "pr_auc": 0.9996893427443381,
      "ece": 0.11731398257004562,
      "mce": 0.7820293133345162,
      "mae": 0.11927006750368678,
      "rmse": 0.2446997433340334,
      "encryption_time": 0.3998398780822754,
      "aggregation_time": 0.3771626949310303,
      "decryption_time": 0.0,
      "total_time": 0.7770025730133057,
      "is_encrypted": true,
      "improvement": -0.03249999999999997,
      "best_accuracy": 0.9318
    },
    {
      "round": 49,
      "accuracy": 0.9008,
      "f1_score": 0.8969243557772236,
      "precision": 0.813112283345893,
      "recall": 1.0,
      "auc": 0.9997227718865502,
      "pr_auc": 0.9996677446366499,
      "ece": 0.11568912474294588,
      "mce": 0.7864115954325746,
      "mae": 0.11890105561982917,
      "rmse": 0.24445868428361953,
      "encryption_time": 0.5272607803344727,
      "aggregation_time": 0.5110523700714111,
      "decryption_time": 0.0,
      "total_time": 1.0383131504058838,
      "is_encrypted": true,
      "improvement": -0.030999999999999917,
      "best_accuracy": 0.9318
    },
    {
      "round": 50,
      "accuracy": 0.8974,
      "f1_score": 0.8937668254296955,
      "precision": 0.8079371022089106,
      "recall": 1.0,
      "auc": 0.9997530586808882,
      "pr_auc": 0.9997008070024682,
      "ece": 0.11803210320215402,
      "mce": 0.7702253798176393,
      "mae": 0.12032088741731536,
      "rmse": 0.24642737500686177,
      "encryption_time": 0.44753050804138184,
      "aggregation_time": 0.42768263816833496,
      "decryption_time": 0.0,
      "total_time": 0.8752131462097168,
      "is_encrypted": true,
      "improvement": -0.034399999999999986,
      "best_accuracy": 0.9318
    },
    {
      "round": 51,
      "accuracy": 0.898,
      "f1_score": 0.8943224202237878,
      "precision": 0.8088455772113943,
      "recall": 1.0,
      "auc": 0.9997291716533214,
      "pr_auc": 0.9996738862350957,
      "ece": 0.11762746054299505,
      "mce": 0.8030069572083334,
      "mae": 0.12007903342900154,
      "rmse": 0.24666882529385678,
      "encryption_time": 0.6788389682769775,
      "aggregation_time": 0.6540279388427734,
      "decryption_time": 0.0,
      "total_time": 1.332866907119751,
      "is_encrypted": true,
      "improvement": -0.03379999999999994,
      "best_accuracy": 0.9318
    },
    {
      "round": 52,
      "accuracy": 0.8989,
      "f1_score": 0.8951571087835736,
      "precision": 0.8102121269006946,
      "recall": 1.0,
      "auc": 0.9997470665425737,
      "pr_auc": 0.9996936929478193,
      "ece": 0.11671490657298306,
      "mce": 0.796756057757339,
      "mae": 0.11898743713635226,
      "rmse": 0.2442695354701745,
      "encryption_time": 0.4750981330871582,
      "aggregation_time": 0.4558901786804199,
      "decryption_time": 0.0,
      "total_time": 0.9309883117675781,
      "is_encrypted": true,
      "improvement": -0.03289999999999993,
      "best_accuracy": 0.9318
    },
    {
      "round": 53,
      "accuracy": 0.8982,
      "f1_score": 0.8945077720207254,
      "precision": 0.8091488563929509,
      "recall": 1.0,
      "auc": 0.9997486155307094,
      "pr_auc": 0.9996953114092707,
      "ece": 0.1177224180976906,
      "mce": 0.7918524001871392,
      "mae": 0.1196303061596153,
      "rmse": 0.2460571673255252,
      "encryption_time": 0.3625216484069824,
      "aggregation_time": 0.3428463935852051,
      "decryption_time": 0.0,
      "total_time": 0.7053680419921875,
      "is_encrypted": true,
      "improvement": -0.03359999999999996,
      "best_accuracy": 0.9318
    },
    {
      "round": 54,
      "accuracy": 0.8975,
      "f1_score": 0.8938593766179973,
      "precision": 0.8080883729638645,
      "recall": 1.0,
      "auc": 0.999753221732271,
      "pr_auc": 0.9997007882905885,
      "ece": 0.11808940538100278,
      "mce": 0.777773041510391,
      "mae": 0.12018453705459564,
      "rmse": 0.2460491244219817,
      "encryption_time": 0.3607964515686035,
      "aggregation_time": 0.3411414623260498,
      "decryption_time": 0.0,
      "total_time": 0.7019379138946533,
      "is_encrypted": true,
      "improvement": -0.0343,
      "best_accuracy": 0.9318
    },
    {
      "round": 55,
      "accuracy": 0.8973,
      "f1_score": 0.8936742934051144,
      "precision": 0.8077858880778589,
      "recall": 1.0,
      "auc": 0.9997376503252223,
      "pr_auc": 0.9996835033025432,
      "ece": 0.1181715133052801,
      "mce": 0.8040061160444539,
      "mae": 0.12006807086084337,
      "rmse": 0.24664839372041725,
      "encryption_time": 0.36646223068237305,
      "aggregation_time": 0.34847140312194824,
      "decryption_time": 0.0,
      "total_time": 0.7149336338043213,
      "is_encrypted": true,
      "improvement": -0.034499999999999975,
      "best_accuracy": 0.9318
    },
    {
      "round": 56,
      "accuracy": 0.8981,
      "f1_score": 0.8944150865195316,
      "precision": 0.8089971883786317,
      "recall": 1.0,
      "auc": 0.9997420119497098,
      "pr_auc": 0.9996882166254291,
      "ece": 0.11718829369011277,
      "mce": 0.8025997758137495,
      "mae": 0.11998870579329741,
      "rmse": 0.24658622850049067,
      "encryption_time": 0.3667447566986084,
      "aggregation_time": 0.3497302532196045,
      "decryption_time": 0.0,
      "total_time": 0.7164750099182129,
      "is_encrypted": true,
      "improvement": -0.03369999999999995,
      "best_accuracy": 0.9318
    },
    {
      "round": 57,
      "accuracy": 0.8967,
      "f1_score": 0.8931195033626488,
      "precision": 0.8068797906150682,
      "recall": 1.0,
      "auc": 0.9997658582144308,
      "pr_auc": 0.999714884771631,
      "ece": 0.11848947125439938,
      "mce": 0.7662666908465698,
      "mae": 0.12076354961892703,
      "rmse": 0.2471951299772617,
      "encryption_time": 0.363675594329834,
      "aggregation_time": 0.3403346538543701,
      "decryption_time": 0.0,
      "total_time": 0.7040102481842041,
      "is_encrypted": true,
      "improvement": -0.03509999999999991,
      "best_accuracy": 0.9318
    },
    {
      "round": 58,
      "accuracy": 0.8988,
      "f1_score": 0.8950642886768976,
      "precision": 0.81006006006006,
      "recall": 1.0,
      "auc": 0.9997559936057769,
      "pr_auc": 0.9997035771907622,
      "ece": 0.11736791434139356,
      "mce": 0.7674395771648226,
      "mae": 0.11949059213126845,
      "rmse": 0.2448348914228114,
      "encryption_time": 0.3669123649597168,
      "aggregation_time": 0.350461483001709,
      "decryption_time": 0.0,
      "total_time": 0.7173738479614258,
      "is_encrypted": true,
      "improvement": -0.03299999999999992,
      "best_accuracy": 0.9318
    },
    {
      "round": 59,
      "accuracy": 0.8977,
      "f1_score": 0.8940445365095805,
      "precision": 0.8083910844727477,
      "recall": 1.0,
      "auc": 0.9997434794121541,
      "pr_auc": 0.9996898648286223,
      "ece": 0.11836916553174849,
      "mce": 0.7727846936670524,
      "mae": 0.12049621456397767,
      "rmse": 0.24670402384938997,
      "encryption_time": 0.370119571685791,
      "aggregation_time": 0.35102391242980957,
      "decryption_time": 0.0,
      "total_time": 0.7211434841156006,
      "is_encrypted": true,
      "improvement": -0.03409999999999991,
      "best_accuracy": 0.9318
    },
    {
      "round": 60,
      "accuracy": 0.8968,
      "f1_score": 0.8932119205298014,
      "precision": 0.8070306656694092,
      "recall": 1.0,
      "auc": 0.9997634532065358,
      "pr_auc": 0.9997116283807361,
      "ece": 0.11753429853915769,
      "mce": 0.7598062523829944,
      "mae": 0.11965067843201886,
      "rmse": 0.24483476601361237,
      "encryption_time": 0.3606531620025635,
      "aggregation_time": 0.3431220054626465,
      "decryption_time": 0.0,
      "total_time": 0.70377516746521,
      "is_encrypted": true,
      "improvement": -0.03499999999999992,
      "best_accuracy": 0.9318
    }
  ]
}