{
  "pipeline_info": {
    "type": "fhe",
    "rounds": 20,
    "clients": 20,
    "timestamp": "2025-09-16 12:02:40",
    "total_samples": 4000,
    "one_class_clients": 4,
    "one_class_percentage": 20.0
  },
  "final_performance": {
    "accuracy": 0.8895,
    "f1_score": 0.8835002635740643,
    "precision": 0.7913125590179415,
    "recall": 1.0,
    "auc": 0.9999419772509746,
    "pr_auc": 0.999922912971628,
    "mae": 0.12205736084767331,
    "rmse": 0.25748919755489147,
    "ece": 0.11801423995918497,
    "mce": 0.8046944623733513
  },
  "performance_trends": {
    "initial_accuracy": 0.93475,
    "final_accuracy": 0.8895,
    "accuracy_improvement": -0.04525000000000001,
    "best_accuracy": 0.93475,
    "final_f1": 0.8835002635740643,
    "best_f1": 0.9277608635482978
  },
  "timing_statistics": {
    "total_encryption_time": 2.9041929244995117,
    "total_aggregation_time": 2.6561877727508545,
    "total_evaluation_time": 0,
    "total_time": 5.560380697250366,
    "avg_round_time": 0.27801903486251833,
    "avg_encryption_time": 0.1452096462249756,
    "avg_aggregation_time": 0.1328093886375427
  },
  "round_details": [
    {
      "round": 1,
      "accuracy": 0.93475,
      "f1_score": 0.9277608635482978,
      "precision": 0.8652555498193082,
      "recall": 1.0,
      "auc": 0.9999540439288692,
      "pr_auc": 0.9999385614426968,
      "ece": 0.09648509571383773,
      "mce": 0.829595960935175,
      "mae": 0.09714323036101424,
      "rmse": 0.2011537256115454,
      "encryption_time": 0.14803671836853027,
      "aggregation_time": 0.13502264022827148,
      "decryption_time": 0.0,
      "total_time": 0.28305935859680176,
      "is_encrypted": true,
      "improvement": 0.93475,
      "best_accuracy": 0.93475
    },
    {
      "round": 2,
      "accuracy": 0.8865,
      "f1_score": 0.8807146610614819,
      "precision": 0.7868544600938967,
      "recall": 1.0,
      "auc": 0.9999507063371111,
      "pr_auc": 0.9999336587873452,
      "ece": 0.12049908144259781,
      "mce": 0.8031098182361335,
      "mae": 0.12360626404255255,
      "rmse": 0.2595367481381925,
      "encryption_time": 0.14636754989624023,
      "aggregation_time": 0.1347970962524414,
      "decryption_time": 0.0,
      "total_time": 0.28116464614868164,
      "is_encrypted": true,
      "improvement": -0.048250000000000015,
      "best_accuracy": 0.93475
    },
    {
      "round": 3,
      "accuracy": 0.88825,
      "f1_score": 0.8823374572255857,
      "precision": 0.7894488930758361,
      "recall": 1.0,
      "auc": 0.9999427474644572,
      "pr_auc": 0.9999238481788657,
      "ece": 0.11902980774156113,
      "mce": 0.8089013596330256,
      "mae": 0.12371740291670343,
      "rmse": 0.2612294766686168,
      "encryption_time": 0.13701915740966797,
      "aggregation_time": 0.12475156784057617,
      "decryption_time": 0.0,
      "total_time": 0.26177072525024414,
      "is_encrypted": true,
      "improvement": -0.046499999999999986,
      "best_accuracy": 0.93475
    },
    {
      "round": 4,
      "accuracy": 0.88675,
      "f1_score": 0.880946123521682,
      "precision": 0.787224048849225,
      "recall": 1.0,
      "auc": 0.9999609758502129,
      "pr_auc": 0.9999470608767698,
      "ece": 0.12082995386588129,
      "mce": 0.7719479240038771,
      "mae": 0.12390587451138486,
      "rmse": 0.2606937993938236,
      "encryption_time": 0.14530324935913086,
      "aggregation_time": 0.1332249641418457,
      "decryption_time": 0.0,
      "total_time": 0.27852821350097656,
      "is_encrypted": true,
      "improvement": -0.04799999999999993,
      "best_accuracy": 0.93475
    },
    {
      "round": 5,
      "accuracy": 0.88625,
      "f1_score": 0.8804833201996323,
      "precision": 0.7864852182074143,
      "recall": 1.0,
      "auc": 0.9999517332884214,
      "pr_auc": 0.9999348987553699,
      "ece": 0.12122293397489038,
      "mce": 0.7688864094595191,
      "mae": 0.12432494333288736,
      "rmse": 0.2608789854826868,
      "encryption_time": 0.14162564277648926,
      "aggregation_time": 0.1323719024658203,
      "decryption_time": 0.0,
      "total_time": 0.27399754524230957,
      "is_encrypted": true,
      "improvement": -0.04849999999999999,
      "best_accuracy": 0.93475
    },
    {
      "round": 6,
      "accuracy": 0.888,
      "f1_score": 0.8821052631578947,
      "precision": 0.7890772128060264,
      "recall": 1.0,
      "auc": 0.9999532737153867,
      "pr_auc": 0.9999371337064206,
      "ece": 0.1203583979066617,
      "mce": 0.7890717567145595,
      "mae": 0.12389003976855503,
      "rmse": 0.26031163056994555,
      "encryption_time": 0.1405012607574463,
      "aggregation_time": 0.1288893222808838,
      "decryption_time": 0.0,
      "total_time": 0.2693905830383301,
      "is_encrypted": true,
      "improvement": -0.04674999999999996,
      "best_accuracy": 0.93475
    },
    {
      "round": 7,
      "accuracy": 0.889,
      "f1_score": 0.8830347734457323,
      "precision": 0.7905660377358491,
      "recall": 1.0,
      "auc": 0.9999548141423519,
      "pr_auc": 0.9999390177923915,
      "ece": 0.11952251585968816,
      "mce": 0.7841899954303162,
      "mae": 0.12263146050259878,
      "rmse": 0.2582909440455333,
      "encryption_time": 0.14392733573913574,
      "aggregation_time": 0.13301849365234375,
      "decryption_time": 0.0,
      "total_time": 0.2769458293914795,
      "is_encrypted": true,
      "improvement": -0.04574999999999996,
      "best_accuracy": 0.93475
    },
    {
      "round": 8,
      "accuracy": 0.889,
      "f1_score": 0.8830347734457323,
      "precision": 0.7905660377358491,
      "recall": 1.0,
      "auc": 0.999950192861456,
      "pr_auc": 0.9999330505581824,
      "ece": 0.11898888963257032,
      "mce": 0.7996118434073157,
      "mae": 0.12256726753833241,
      "rmse": 0.2573654537369014,
      "encryption_time": 0.15938758850097656,
      "aggregation_time": 0.13419008255004883,
      "decryption_time": 0.0,
      "total_time": 0.2935776710510254,
      "is_encrypted": true,
      "improvement": -0.04574999999999996,
      "best_accuracy": 0.93475
    },
    {
      "round": 9,
      "accuracy": 0.88975,
      "f1_score": 0.8837331927234379,
      "precision": 0.7916863486065187,
      "recall": 1.0,
      "auc": 0.9999573815206274,
      "pr_auc": 0.9999424320842502,
      "ece": 0.11946127451728975,
      "mce": 0.7831872717878116,
      "mae": 0.12210558532978959,
      "rmse": 0.2573504847449756,
      "encryption_time": 0.18048787117004395,
      "aggregation_time": 0.16707634925842285,
      "decryption_time": 0.0,
      "total_time": 0.3475642204284668,
      "is_encrypted": true,
      "improvement": -0.04499999999999993,
      "best_accuracy": 0.93475
    },
    {
      "round": 10,
      "accuracy": 0.89025,
      "f1_score": 0.8841994196781852,
      "precision": 0.7924349881796691,
      "recall": 1.0,
      "auc": 0.9999545574045243,
      "pr_auc": 0.999938849203856,
      "ece": 0.11959980400453118,
      "mce": 0.787822496303683,
      "mae": 0.12225646308707366,
      "rmse": 0.25766429300410315,
      "encryption_time": 0.14314842224121094,
      "aggregation_time": 0.13046836853027344,
      "decryption_time": 0.0,
      "total_time": 0.2736167907714844,
      "is_encrypted": true,
      "improvement": -0.044499999999999984,
      "best_accuracy": 0.93475
    },
    {
      "round": 11,
      "accuracy": 0.88675,
      "f1_score": 0.880946123521682,
      "precision": 0.787224048849225,
      "recall": 1.0,
      "auc": 0.9999558410936621,
      "pr_auc": 0.9999403081253729,
      "ece": 0.1211624192030501,
      "mce": 0.7705214093134095,
      "mae": 0.12424835638882327,
      "rmse": 0.2607312519880891,
      "encryption_time": 0.1434943675994873,
      "aggregation_time": 0.1343395709991455,
      "decryption_time": 0.0,
      "total_time": 0.2778339385986328,
      "is_encrypted": true,
      "improvement": -0.04799999999999993,
      "best_accuracy": 0.93475
    },
    {
      "round": 12,
      "accuracy": 0.88925,
      "f1_score": 0.8832674571805007,
      "precision": 0.7909391222274658,
      "recall": 1.0,
      "auc": 0.9999535304532142,
      "pr_auc": 0.9999373902274561,
      "ece": 0.11925796913231193,
      "mce": 0.802376603470852,
      "mae": 0.12282003359447463,
      "rmse": 0.25830939767987976,
      "encryption_time": 0.14159393310546875,
      "aggregation_time": 0.12966227531433105,
      "decryption_time": 0.0,
      "total_time": 0.2712562084197998,
      "is_encrypted": true,
      "improvement": -0.045499999999999985,
      "best_accuracy": 0.93475
    },
    {
      "round": 13,
      "accuracy": 0.8865,
      "f1_score": 0.8807146610614819,
      "precision": 0.7868544600938967,
      "recall": 1.0,
      "auc": 0.9999571247827999,
      "pr_auc": 0.9999421268538,
      "ece": 0.12146681177925706,
      "mce": 0.7745870504060628,
      "mae": 0.12409937097631805,
      "rmse": 0.2608890591261227,
      "encryption_time": 0.14403891563415527,
      "aggregation_time": 0.13264060020446777,
      "decryption_time": 0.0,
      "total_time": 0.27667951583862305,
      "is_encrypted": true,
      "improvement": -0.048250000000000015,
      "best_accuracy": 0.93475
    },
    {
      "round": 14,
      "accuracy": 0.88475,
      "f1_score": 0.8790978232362969,
      "precision": 0.7842770238652317,
      "recall": 1.0,
      "auc": 0.9999566113071446,
      "pr_auc": 0.9999412771855968,
      "ece": 0.12158837906816429,
      "mce": 0.7700336593609707,
      "mae": 0.12467968906334272,
      "rmse": 0.26145416724323167,
      "encryption_time": 0.14240264892578125,
      "aggregation_time": 0.13030314445495605,
      "decryption_time": 0.0,
      "total_time": 0.2727057933807373,
      "is_encrypted": true,
      "improvement": -0.04999999999999993,
      "best_accuracy": 0.93475
    },
    {
      "round": 15,
      "accuracy": 0.887,
      "f1_score": 0.8811777076761304,
      "precision": 0.7875939849624061,
      "recall": 1.0,
      "auc": 0.9999537871910417,
      "pr_auc": 0.9999376153282029,
      "ece": 0.12072986726403827,
      "mce": 0.7715500739285783,
      "mae": 0.12381691544881059,
      "rmse": 0.259767241983526,
      "encryption_time": 0.14901161193847656,
      "aggregation_time": 0.13724350929260254,
      "decryption_time": 0.0,
      "total_time": 0.2862551212310791,
      "is_encrypted": true,
      "improvement": -0.04774999999999996,
      "best_accuracy": 0.93475
    },
    {
      "round": 16,
      "accuracy": 0.88875,
      "f1_score": 0.8828022122728469,
      "precision": 0.7901933050447902,
      "recall": 1.0,
      "auc": 0.9999563545693172,
      "pr_auc": 0.9999412427218943,
      "ece": 0.11997526546738942,
      "mce": 0.8037158898245298,
      "mae": 0.12263523572579668,
      "rmse": 0.2577899493711208,
      "encryption_time": 0.13904094696044922,
      "aggregation_time": 0.12803077697753906,
      "decryption_time": 0.0,
      "total_time": 0.2670717239379883,
      "is_encrypted": true,
      "improvement": -0.04599999999999993,
      "best_accuracy": 0.93475
    },
    {
      "round": 17,
      "accuracy": 0.8905,
      "f1_score": 0.8844327176781003,
      "precision": 0.7928098391674551,
      "recall": 1.0,
      "auc": 0.9999558410936621,
      "pr_auc": 0.9999404640547,
      "ece": 0.12025501828074182,
      "mce": 0.7888510478585222,
      "mae": 0.12290549602660035,
      "rmse": 0.25812551744215373,
      "encryption_time": 0.13604426383972168,
      "aggregation_time": 0.1249380111694336,
      "decryption_time": 0.0,
      "total_time": 0.2609822750091553,
      "is_encrypted": true,
      "improvement": -0.04425000000000001,
      "best_accuracy": 0.93475
    },
    {
      "round": 18,
      "accuracy": 0.8885,
      "f1_score": 0.8825697735650342,
      "precision": 0.7898209236569275,
      "recall": 1.0,
      "auc": 0.9999509630749387,
      "pr_auc": 0.9999339362598743,
      "ece": 0.11984464426518443,
      "mce": 0.780168733400266,
      "mae": 0.12249266124650787,
      "rmse": 0.25743733106680705,
      "encryption_time": 0.14666485786437988,
      "aggregation_time": 0.13323068618774414,
      "decryption_time": 0.0,
      "total_time": 0.279895544052124,
      "is_encrypted": true,
      "improvement": -0.04625000000000001,
      "best_accuracy": 0.93475
    },
    {
      "round": 19,
      "accuracy": 0.88825,
      "f1_score": 0.8823374572255857,
      "precision": 0.7894488930758361,
      "recall": 1.0,
      "auc": 0.999946855269698,
      "pr_auc": 0.9999288611043919,
      "ece": 0.11986134491798087,
      "mce": 0.8062305446681214,
      "mae": 0.12298869459399207,
      "rmse": 0.258798132694941,
      "encryption_time": 0.13718032836914062,
      "aggregation_time": 0.12404727935791016,
      "decryption_time": 0.0,
      "total_time": 0.2612276077270508,
      "is_encrypted": true,
      "improvement": -0.046499999999999986,
      "best_accuracy": 0.93475
    },
    {
      "round": 20,
      "accuracy": 0.8895,
      "f1_score": 0.8835002635740643,
      "precision": 0.7913125590179415,
      "recall": 1.0,
      "auc": 0.9999419772509746,
      "pr_auc": 0.999922912971628,
      "ece": 0.11801423995918497,
      "mce": 0.8046944623733513,
      "mae": 0.12205736084767331,
      "rmse": 0.25748919755489147,
      "encryption_time": 0.1389162540435791,
      "aggregation_time": 0.12794113159179688,
      "decryption_time": 0.0,
      "total_time": 0.266857385635376,
      "is_encrypted": true,
      "improvement": -0.04525000000000001,
      "best_accuracy": 0.93475
    }
  ]
}