{
  "pipeline_info": {
    "type": "fhe",
    "rounds": 40,
    "clients": 10,
    "timestamp": "2025-09-16 12:01:41",
    "total_samples": 2000,
    "one_class_clients": 1,
    "one_class_percentage": 10.0
  },
  "final_performance": {
    "accuracy": 0.8515,
    "f1_score": 0.8349082823790995,
    "precision": 0.7166030534351145,
    "recall": 1.0,
    "auc": 0.9997100210128156,
    "pr_auc": 0.9995333502402601,
    "mae": 0.1535073068664746,
    "rmse": 0.3123920745521192,
    "ece": 0.1501386964223494,
    "mce": 0.8334165957723999
  },
  "performance_trends": {
    "initial_accuracy": 0.9155,
    "final_accuracy": 0.8515,
    "accuracy_improvement": -0.06399999999999995,
    "best_accuracy": 0.9155,
    "final_f1": 0.8349082823790995,
    "best_f1": 0.8988629563135847
  },
  "timing_statistics": {
    "total_encryption_time": 3.30666184425354,
    "total_aggregation_time": 2.89509654045105,
    "total_evaluation_time": 0,
    "total_time": 6.20175838470459,
    "avg_round_time": 0.15504395961761475,
    "avg_encryption_time": 0.0826665461063385,
    "avg_aggregation_time": 0.07237741351127625
  },
  "round_details": [
    {
      "round": 1,
      "accuracy": 0.9155,
      "f1_score": 0.8988629563135847,
      "precision": 0.816304347826087,
      "recall": 1.0,
      "auc": 0.9999925373054769,
      "pr_auc": 0.9999876729937406,
      "ece": 0.11104589735199868,
      "mce": 0.7507625022285849,
      "mae": 0.11138093835358738,
      "rmse": 0.22737337936228702,
      "encryption_time": 0.08574604988098145,
      "aggregation_time": 0.07630276679992676,
      "decryption_time": 0.0,
      "total_time": 0.1620488166809082,
      "is_encrypted": true,
      "improvement": 0.9155,
      "best_accuracy": 0.9155
    },
    {
      "round": 2,
      "accuracy": 0.8535,
      "f1_score": 0.8367688022284122,
      "precision": 0.7193486590038314,
      "recall": 1.0,
      "auc": 0.9997633259736951,
      "pr_auc": 0.9996164324656592,
      "ece": 0.14986512096000515,
      "mce": 0.8299555188386852,
      "mae": 0.15314873433293827,
      "rmse": 0.31133711803491,
      "encryption_time": 0.08948564529418945,
      "aggregation_time": 0.07841968536376953,
      "decryption_time": 0.0,
      "total_time": 0.16790533065795898,
      "is_encrypted": true,
      "improvement": -0.061999999999999944,
      "best_accuracy": 0.9155
    },
    {
      "round": 3,
      "accuracy": 0.852,
      "f1_score": 0.8353726362625139,
      "precision": 0.7172874880611271,
      "recall": 1.0,
      "auc": 0.9996716414409824,
      "pr_auc": 0.999464409510377,
      "ece": 0.1519367514638523,
      "mce": 0.8341427639231662,
      "mae": 0.1553195882238747,
      "rmse": 0.3151203775112348,
      "encryption_time": 0.07970499992370605,
      "aggregation_time": 0.06844449043273926,
      "decryption_time": 0.0,
      "total_time": 0.1481494903564453,
      "is_encrypted": true,
      "improvement": -0.0635,
      "best_accuracy": 0.9155
    },
    {
      "round": 4,
      "accuracy": 0.853,
      "f1_score": 0.8363028953229399,
      "precision": 0.7186602870813397,
      "recall": 1.0,
      "auc": 0.9997793174619589,
      "pr_auc": 0.999643321131561,
      "ece": 0.14860379694547277,
      "mce": 0.8324238129996808,
      "mae": 0.15214980959373958,
      "rmse": 0.30830902850058695,
      "encryption_time": 0.08156991004943848,
      "aggregation_time": 0.07128477096557617,
      "decryption_time": 0.0,
      "total_time": 0.15285468101501465,
      "is_encrypted": true,
      "improvement": -0.0625,
      "best_accuracy": 0.9155
    },
    {
      "round": 5,
      "accuracy": 0.852,
      "f1_score": 0.8353726362625139,
      "precision": 0.7172874880611271,
      "recall": 1.0,
      "auc": 0.999597014495751,
      "pr_auc": 0.9993414967485738,
      "ece": 0.1545757321693102,
      "mce": 0.8339896128712123,
      "mae": 0.15824585046154113,
      "rmse": 0.3182846156589524,
      "encryption_time": 0.07488727569580078,
      "aggregation_time": 0.06609630584716797,
      "decryption_time": 0.0,
      "total_time": 0.14098358154296875,
      "is_encrypted": true,
      "improvement": -0.0635,
      "best_accuracy": 0.9155
    },
    {
      "round": 6,
      "accuracy": 0.852,
      "f1_score": 0.8353726362625139,
      "precision": 0.7172874880611271,
      "recall": 1.0,
      "auc": 0.9997835818588292,
      "pr_auc": 0.9996513075503743,
      "ece": 0.1519579596643289,
      "mce": 0.8339709423946571,
      "mae": 0.15522562220529088,
      "rmse": 0.3138288996458286,
      "encryption_time": 0.07835030555725098,
      "aggregation_time": 0.06896376609802246,
      "decryption_time": 0.0,
      "total_time": 0.14731407165527344,
      "is_encrypted": true,
      "improvement": -0.0635,
      "best_accuracy": 0.9155
    },
    {
      "round": 7,
      "accuracy": 0.852,
      "f1_score": 0.8353726362625139,
      "precision": 0.7172874880611271,
      "recall": 1.0,
      "auc": 0.9995447756340892,
      "pr_auc": 0.9992572247799265,
      "ece": 0.1529976690898987,
      "mce": 0.8350960916605542,
      "mae": 0.1565560815062618,
      "rmse": 0.31730254238659755,
      "encryption_time": 0.07693648338317871,
      "aggregation_time": 0.0659942626953125,
      "decryption_time": 0.0,
      "total_time": 0.1429307460784912,
      "is_encrypted": true,
      "improvement": -0.0635,
      "best_accuracy": 0.9155
    },
    {
      "round": 8,
      "accuracy": 0.853,
      "f1_score": 0.8363028953229399,
      "precision": 0.7186602870813397,
      "recall": 1.0,
      "auc": 0.9996535177542833,
      "pr_auc": 0.999436538882227,
      "ece": 0.15156183823780955,
      "mce": 0.8316151545888387,
      "mae": 0.15500486501107566,
      "rmse": 0.314472026785079,
      "encryption_time": 0.07456541061401367,
      "aggregation_time": 0.06586551666259766,
      "decryption_time": 0.0,
      "total_time": 0.14043092727661133,
      "is_encrypted": true,
      "improvement": -0.0625,
      "best_accuracy": 0.9155
    },
    {
      "round": 9,
      "accuracy": 0.848,
      "f1_score": 0.831672203765227,
      "precision": 0.7118483412322275,
      "recall": 1.0,
      "auc": 0.9996364601668019,
      "pr_auc": 0.999413195122414,
      "ece": 0.15344645345460953,
      "mce": 0.8319498496958077,
      "mae": 0.15681348234019327,
      "rmse": 0.3176558772557943,
      "encryption_time": 0.07735729217529297,
      "aggregation_time": 0.06760764122009277,
      "decryption_time": 0.0,
      "total_time": 0.14496493339538574,
      "is_encrypted": true,
      "improvement": -0.0675,
      "best_accuracy": 0.9155
    },
    {
      "round": 10,
      "accuracy": 0.854,
      "f1_score": 0.8372352285395763,
      "precision": 0.7200383509108341,
      "recall": 1.0,
      "auc": 0.999578890809052,
      "pr_auc": 0.9993187085697358,
      "ece": 0.14934968253049208,
      "mce": 0.8371063562802309,
      "mae": 0.15293784030911264,
      "rmse": 0.31252314723938845,
      "encryption_time": 0.0789794921875,
      "aggregation_time": 0.06701803207397461,
      "decryption_time": 0.0,
      "total_time": 0.1459975242614746,
      "is_encrypted": true,
      "improvement": -0.0615,
      "best_accuracy": 0.9155
    },
    {
      "round": 11,
      "accuracy": 0.854,
      "f1_score": 0.8372352285395763,
      "precision": 0.7200383509108341,
      "recall": 1.0,
      "auc": 0.9996577821511538,
      "pr_auc": 0.9994425481151628,
      "ece": 0.1514391115408434,
      "mce": 0.8340304659965947,
      "mae": 0.15494212673343832,
      "rmse": 0.3142170637882954,
      "encryption_time": 0.07961845397949219,
      "aggregation_time": 0.06800675392150879,
      "decryption_time": 0.0,
      "total_time": 0.14762520790100098,
      "is_encrypted": true,
      "improvement": -0.0615,
      "best_accuracy": 0.9155
    },
    {
      "round": 12,
      "accuracy": 0.851,
      "f1_score": 0.8344444444444444,
      "precision": 0.7159199237368923,
      "recall": 1.0,
      "auc": 0.9998571427048429,
      "pr_auc": 0.9997681083112515,
      "ece": 0.1508724983623958,
      "mce": 0.8327380510502668,
      "mae": 0.15420502155321616,
      "rmse": 0.3111551481198449,
      "encryption_time": 0.08277201652526855,
      "aggregation_time": 0.07016801834106445,
      "decryption_time": 0.0,
      "total_time": 0.152940034866333,
      "is_encrypted": true,
      "improvement": -0.0645,
      "best_accuracy": 0.9155
    },
    {
      "round": 13,
      "accuracy": 0.8525,
      "f1_score": 0.8358375069560379,
      "precision": 0.7179732313575525,
      "recall": 1.0,
      "auc": 0.9997409378901256,
      "pr_auc": 0.9995773869387757,
      "ece": 0.15124743358339238,
      "mce": 0.8313556439605094,
      "mae": 0.1545324318932457,
      "rmse": 0.3137021370186271,
      "encryption_time": 0.07941699028015137,
      "aggregation_time": 0.06756091117858887,
      "decryption_time": 0.0,
      "total_time": 0.14697790145874023,
      "is_encrypted": true,
      "improvement": -0.06299999999999994,
      "best_accuracy": 0.9155
    },
    {
      "round": 14,
      "accuracy": 0.853,
      "f1_score": 0.8363028953229399,
      "precision": 0.7186602870813397,
      "recall": 1.0,
      "auc": 0.9997153515089036,
      "pr_auc": 0.9995395303069936,
      "ece": 0.15078264211714637,
      "mce": 0.8343147386907392,
      "mae": 0.1543155043206718,
      "rmse": 0.312542151343413,
      "encryption_time": 0.07647943496704102,
      "aggregation_time": 0.06805801391601562,
      "decryption_time": 0.0,
      "total_time": 0.14453744888305664,
      "is_encrypted": true,
      "improvement": -0.0625,
      "best_accuracy": 0.9155
    },
    {
      "round": 15,
      "accuracy": 0.8525,
      "f1_score": 0.8358375069560379,
      "precision": 0.7179732313575525,
      "recall": 1.0,
      "auc": 0.99970362441751,
      "pr_auc": 0.9995200834282112,
      "ece": 0.1515814732543609,
      "mce": 0.832078105408528,
      "mae": 0.1549221786967171,
      "rmse": 0.3143025517425775,
      "encryption_time": 0.08051824569702148,
      "aggregation_time": 0.07230806350708008,
      "decryption_time": 0.0,
      "total_time": 0.15282630920410156,
      "is_encrypted": true,
      "improvement": -0.06299999999999994,
      "best_accuracy": 0.9155
    },
    {
      "round": 16,
      "accuracy": 0.8545,
      "f1_score": 0.8377021751254881,
      "precision": 0.7207293666026872,
      "recall": 1.0,
      "auc": 0.9998198292322273,
      "pr_auc": 0.9997088939488863,
      "ece": 0.15028475259771906,
      "mce": 0.83344064577729,
      "mae": 0.15357448413449276,
      "rmse": 0.31117282298364174,
      "encryption_time": 0.07431745529174805,
      "aggregation_time": 0.06264376640319824,
      "decryption_time": 0.0,
      "total_time": 0.1369612216949463,
      "is_encrypted": true,
      "improvement": -0.06099999999999994,
      "best_accuracy": 0.9155
    },
    {
      "round": 17,
      "accuracy": 0.8515,
      "f1_score": 0.8349082823790995,
      "precision": 0.7166030534351145,
      "recall": 1.0,
      "auc": 0.9997750530650886,
      "pr_auc": 0.9996365516857519,
      "ece": 0.15287092639650188,
      "mce": 0.8313087163605438,
      "mae": 0.15616006042536557,
      "rmse": 0.31498208227762403,
      "encryption_time": 0.07581782341003418,
      "aggregation_time": 0.06711864471435547,
      "decryption_time": 0.0,
      "total_time": 0.14293646812438965,
      "is_encrypted": true,
      "improvement": -0.06399999999999995,
      "best_accuracy": 0.9155
    },
    {
      "round": 18,
      "accuracy": 0.852,
      "f1_score": 0.8353726362625139,
      "precision": 0.7172874880611271,
      "recall": 1.0,
      "auc": 0.9996375262660195,
      "pr_auc": 0.9994117336713806,
      "ece": 0.15020779492810377,
      "mce": 0.8349277963152832,
      "mae": 0.15364677410314254,
      "rmse": 0.31306889625269735,
      "encryption_time": 0.07648611068725586,
      "aggregation_time": 0.06779861450195312,
      "decryption_time": 0.0,
      "total_time": 0.14428472518920898,
      "is_encrypted": true,
      "improvement": -0.0635,
      "best_accuracy": 0.9155
    },
    {
      "round": 19,
      "accuracy": 0.8515,
      "f1_score": 0.8349082823790995,
      "precision": 0.7166030534351145,
      "recall": 1.0,
      "auc": 0.9996855007308111,
      "pr_auc": 0.9994908797216395,
      "ece": 0.15052746474051876,
      "mce": 0.8333310462482458,
      "mae": 0.1538846267509816,
      "rmse": 0.31304577891287444,
      "encryption_time": 0.0914773941040039,
      "aggregation_time": 0.08194303512573242,
      "decryption_time": 0.0,
      "total_time": 0.17342042922973633,
      "is_encrypted": true,
      "improvement": -0.06399999999999995,
      "best_accuracy": 0.9155
    },
    {
      "round": 20,
      "accuracy": 0.8535,
      "f1_score": 0.8367688022284122,
      "precision": 0.7193486590038314,
      "recall": 1.0,
      "auc": 0.9997697225690007,
      "pr_auc": 0.9996282501628415,
      "ece": 0.1503795439884842,
      "mce": 0.8325680186703291,
      "mae": 0.15369027334738752,
      "rmse": 0.31206389262975975,
      "encryption_time": 0.07603263854980469,
      "aggregation_time": 0.06558942794799805,
      "decryption_time": 0.0,
      "total_time": 0.14162206649780273,
      "is_encrypted": true,
      "improvement": -0.061999999999999944,
      "best_accuracy": 0.9155
    },
    {
      "round": 21,
      "accuracy": 0.8535,
      "f1_score": 0.8367688022284122,
      "precision": 0.7193486590038314,
      "recall": 1.0,
      "auc": 0.9995383790387836,
      "pr_auc": 0.9992521302738661,
      "ece": 0.15027105207952252,
      "mce": 0.8373915377567617,
      "mae": 0.15396471889653415,
      "rmse": 0.31385096384972466,
      "encryption_time": 0.0796058177947998,
      "aggregation_time": 0.0695028305053711,
      "decryption_time": 0.0,
      "total_time": 0.1491086483001709,
      "is_encrypted": true,
      "improvement": -0.061999999999999944,
      "best_accuracy": 0.9155
    },
    {
      "round": 22,
      "accuracy": 0.8555,
      "f1_score": 0.8386376326074818,
      "precision": 0.7221153846153846,
      "recall": 1.0,
      "auc": 0.999578890809052,
      "pr_auc": 0.9993119782952887,
      "ece": 0.1506470185104781,
      "mce": 0.8338759037484063,
      "mae": 0.15421327773937327,
      "rmse": 0.3139106832245721,
      "encryption_time": 0.07894778251647949,
      "aggregation_time": 0.06909584999084473,
      "decryption_time": 0.0,
      "total_time": 0.14804363250732422,
      "is_encrypted": true,
      "improvement": -0.05999999999999994,
      "best_accuracy": 0.9155
    },
    {
      "round": 23,
      "accuracy": 0.853,
      "f1_score": 0.8363028953229399,
      "precision": 0.7186602870813397,
      "recall": 1.0,
      "auc": 0.9997345412948202,
      "pr_auc": 0.9995680880064381,
      "ece": 0.15001043579654777,
      "mce": 0.8318367609020346,
      "mae": 0.15346629791691782,
      "rmse": 0.31178094305338777,
      "encryption_time": 0.07413959503173828,
      "aggregation_time": 0.06557106971740723,
      "decryption_time": 0.0,
      "total_time": 0.1397106647491455,
      "is_encrypted": true,
      "improvement": -0.0625,
      "best_accuracy": 0.9155
    },
    {
      "round": 24,
      "accuracy": 0.852,
      "f1_score": 0.8353726362625139,
      "precision": 0.7172874880611271,
      "recall": 1.0,
      "auc": 0.9995927500988807,
      "pr_auc": 0.9993360288744848,
      "ece": 0.15201687093300684,
      "mce": 0.8340798408292041,
      "mae": 0.15565554631975267,
      "rmse": 0.3152574133673463,
      "encryption_time": 0.07834076881408691,
      "aggregation_time": 0.0692901611328125,
      "decryption_time": 0.0,
      "total_time": 0.14763092994689941,
      "is_encrypted": true,
      "improvement": -0.0635,
      "best_accuracy": 0.9155
    },
    {
      "round": 25,
      "accuracy": 0.853,
      "f1_score": 0.8363028953229399,
      "precision": 0.7186602870813397,
      "recall": 1.0,
      "auc": 0.9997611937752598,
      "pr_auc": 0.9996101552233104,
      "ece": 0.15035645462372368,
      "mce": 0.8342728101790668,
      "mae": 0.15384989515744854,
      "rmse": 0.3117192114163629,
      "encryption_time": 0.08020257949829102,
      "aggregation_time": 0.0679318904876709,
      "decryption_time": 0.0,
      "total_time": 0.14813446998596191,
      "is_encrypted": true,
      "improvement": -0.0625,
      "best_accuracy": 0.9155
    },
    {
      "round": 26,
      "accuracy": 0.852,
      "f1_score": 0.8353726362625139,
      "precision": 0.7172874880611271,
      "recall": 1.0,
      "auc": 0.9996929634253342,
      "pr_auc": 0.9995034184696768,
      "ece": 0.15075575065342173,
      "mce": 0.8319832957675667,
      "mae": 0.15414155109032002,
      "rmse": 0.3133833696857567,
      "encryption_time": 0.07540774345397949,
      "aggregation_time": 0.06434369087219238,
      "decryption_time": 0.0,
      "total_time": 0.13975143432617188,
      "is_encrypted": true,
      "improvement": -0.0635,
      "best_accuracy": 0.9155
    },
    {
      "round": 27,
      "accuracy": 0.851,
      "f1_score": 0.8344444444444444,
      "precision": 0.7159199237368923,
      "recall": 1.0,
      "auc": 0.9997025583182925,
      "pr_auc": 0.9995190084070567,
      "ece": 0.1511484736492911,
      "mce": 0.8338551751333692,
      "mae": 0.15459412233391032,
      "rmse": 0.3134044510528633,
      "encryption_time": 0.07892727851867676,
      "aggregation_time": 0.07117080688476562,
      "decryption_time": 0.0,
      "total_time": 0.15009808540344238,
      "is_encrypted": true,
      "improvement": -0.0645,
      "best_accuracy": 0.9155
    },
    {
      "round": 28,
      "accuracy": 0.852,
      "f1_score": 0.8353726362625139,
      "precision": 0.7172874880611271,
      "recall": 1.0,
      "auc": 0.9996023449918391,
      "pr_auc": 0.9993585634063271,
      "ece": 0.15097332424256543,
      "mce": 0.8365254543466392,
      "mae": 0.15442663073130714,
      "rmse": 0.31449728248902875,
      "encryption_time": 0.0780034065246582,
      "aggregation_time": 0.06946325302124023,
      "decryption_time": 0.0,
      "total_time": 0.14746665954589844,
      "is_encrypted": true,
      "improvement": -0.0635,
      "best_accuracy": 0.9155
    },
    {
      "round": 29,
      "accuracy": 0.8525,
      "f1_score": 0.8358375069560379,
      "precision": 0.7179732313575525,
      "recall": 1.0,
      "auc": 0.999786780156482,
      "pr_auc": 0.9996580676718333,
      "ece": 0.15026242278911853,
      "mce": 0.8342569199313843,
      "mae": 0.15369979563273514,
      "rmse": 0.3110286689470082,
      "encryption_time": 0.09764432907104492,
      "aggregation_time": 0.08572006225585938,
      "decryption_time": 0.0,
      "total_time": 0.1833643913269043,
      "is_encrypted": true,
      "improvement": -0.06299999999999994,
      "best_accuracy": 0.9155
    },
    {
      "round": 30,
      "accuracy": 0.8525,
      "f1_score": 0.8358375069560379,
      "precision": 0.7179732313575525,
      "recall": 1.0,
      "auc": 0.9997835818588292,
      "pr_auc": 0.999650964878886,
      "ece": 0.15099744152278877,
      "mce": 0.8350825292674554,
      "mae": 0.15438669504388344,
      "rmse": 0.3120990738142069,
      "encryption_time": 0.08690738677978516,
      "aggregation_time": 0.07863497734069824,
      "decryption_time": 0.0,
      "total_time": 0.1655423641204834,
      "is_encrypted": true,
      "improvement": -0.06299999999999994,
      "best_accuracy": 0.9155
    },
    {
      "round": 31,
      "accuracy": 0.8505,
      "f1_score": 0.8339811215991116,
      "precision": 0.7152380952380952,
      "recall": 1.0,
      "auc": 0.9996663109448944,
      "pr_auc": 0.999458006922816,
      "ece": 0.1517224492476611,
      "mce": 0.8350819578901403,
      "mae": 0.15503481472850827,
      "rmse": 0.3150721543749213,
      "encryption_time": 0.07873249053955078,
      "aggregation_time": 0.06882929801940918,
      "decryption_time": 0.0,
      "total_time": 0.14756178855895996,
      "is_encrypted": true,
      "improvement": -0.06499999999999995,
      "best_accuracy": 0.9155
    },
    {
      "round": 32,
      "accuracy": 0.8525,
      "f1_score": 0.8358375069560379,
      "precision": 0.7179732313575525,
      "recall": 1.0,
      "auc": 0.9997206820049915,
      "pr_auc": 0.9995438796644261,
      "ece": 0.15183380196699695,
      "mce": 0.8335701127492487,
      "mae": 0.15543348428243398,
      "rmse": 0.3137416314324778,
      "encryption_time": 0.1003258228302002,
      "aggregation_time": 0.0880589485168457,
      "decryption_time": 0.0,
      "total_time": 0.1883847713470459,
      "is_encrypted": true,
      "improvement": -0.06299999999999994,
      "best_accuracy": 0.9155
    },
    {
      "round": 33,
      "accuracy": 0.8515,
      "f1_score": 0.8349082823790995,
      "precision": 0.7166030534351145,
      "recall": 1.0,
      "auc": 0.9997228142034267,
      "pr_auc": 0.9995522231900877,
      "ece": 0.14982444474854692,
      "mce": 0.8310342938249249,
      "mae": 0.15324935001838158,
      "rmse": 0.31149890895808285,
      "encryption_time": 0.12142634391784668,
      "aggregation_time": 0.11033368110656738,
      "decryption_time": 0.0,
      "total_time": 0.23176002502441406,
      "is_encrypted": true,
      "improvement": -0.06399999999999995,
      "best_accuracy": 0.9155
    },
    {
      "round": 34,
      "accuracy": 0.852,
      "f1_score": 0.8353726362625139,
      "precision": 0.7172874880611271,
      "recall": 1.0,
      "auc": 0.9996460550597601,
      "pr_auc": 0.9994265334857712,
      "ece": 0.15085765753918456,
      "mce": 0.8330029871404534,
      "mae": 0.15422661755201938,
      "rmse": 0.31406358555381914,
      "encryption_time": 0.09003567695617676,
      "aggregation_time": 0.0793156623840332,
      "decryption_time": 0.0,
      "total_time": 0.16935133934020996,
      "is_encrypted": true,
      "improvement": -0.0635,
      "best_accuracy": 0.9155
    },
    {
      "round": 35,
      "accuracy": 0.852,
      "f1_score": 0.8353726362625139,
      "precision": 0.7172874880611271,
      "recall": 1.0,
      "auc": 0.9996897651276814,
      "pr_auc": 0.9994959812862039,
      "ece": 0.15225390821870097,
      "mce": 0.8345266488848082,
      "mae": 0.15576665251974264,
      "rmse": 0.314865012556553,
      "encryption_time": 0.09189128875732422,
      "aggregation_time": 0.08019447326660156,
      "decryption_time": 0.0,
      "total_time": 0.17208576202392578,
      "is_encrypted": true,
      "improvement": -0.0635,
      "best_accuracy": 0.9155
    },
    {
      "round": 36,
      "accuracy": 0.852,
      "f1_score": 0.8353726362625139,
      "precision": 0.7172874880611271,
      "recall": 1.0,
      "auc": 0.9997963750494404,
      "pr_auc": 0.9996721644197611,
      "ece": 0.1515840338344637,
      "mce": 0.8317933056691066,
      "mae": 0.1548183287063377,
      "rmse": 0.3132714748594809,
      "encryption_time": 0.09221577644348145,
      "aggregation_time": 0.08225107192993164,
      "decryption_time": 0.0,
      "total_time": 0.17446684837341309,
      "is_encrypted": true,
      "improvement": -0.0635,
      "best_accuracy": 0.9155
    },
    {
      "round": 37,
      "accuracy": 0.853,
      "f1_score": 0.8363028953229399,
      "precision": 0.7186602870813397,
      "recall": 1.0,
      "auc": 0.9997814496603942,
      "pr_auc": 0.9996476189697909,
      "ece": 0.14950169453475115,
      "mce": 0.8329286485779899,
      "mae": 0.15287771253443996,
      "rmse": 0.31032242945466365,
      "encryption_time": 0.07662773132324219,
      "aggregation_time": 0.0654287338256836,
      "decryption_time": 0.0,
      "total_time": 0.14205646514892578,
      "is_encrypted": true,
      "improvement": -0.0625,
      "best_accuracy": 0.9155
    },
    {
      "round": 38,
      "accuracy": 0.85,
      "f1_score": 0.8335183129855716,
      "precision": 0.7145575642245481,
      "recall": 1.0,
      "auc": 0.9996311296707139,
      "pr_auc": 0.9993992005782522,
      "ece": 0.15176028992245907,
      "mce": 0.8355502049342811,
      "mae": 0.15529883293080304,
      "rmse": 0.31510274819527107,
      "encryption_time": 0.08954358100891113,
      "aggregation_time": 0.07800722122192383,
      "decryption_time": 0.0,
      "total_time": 0.16755080223083496,
      "is_encrypted": true,
      "improvement": -0.0655,
      "best_accuracy": 0.9155
    },
    {
      "round": 39,
      "accuracy": 0.8515,
      "f1_score": 0.8349082823790995,
      "precision": 0.7166030534351145,
      "recall": 1.0,
      "auc": 0.999757995477607,
      "pr_auc": 0.9996092210173273,
      "ece": 0.15153369996856061,
      "mce": 0.83224241677194,
      "mae": 0.15498052807507878,
      "rmse": 0.31312395546281935,
      "encryption_time": 0.08897733688354492,
      "aggregation_time": 0.07543563842773438,
      "decryption_time": 0.0,
      "total_time": 0.1644129753112793,
      "is_encrypted": true,
      "improvement": -0.06399999999999995,
      "best_accuracy": 0.9155
    },
    {
      "round": 40,
      "accuracy": 0.8515,
      "f1_score": 0.8349082823790995,
      "precision": 0.7166030534351145,
      "recall": 1.0,
      "auc": 0.9997100210128156,
      "pr_auc": 0.9995333502402601,
      "ece": 0.1501386964223494,
      "mce": 0.8334165957723999,
      "mae": 0.1535073068664746,
      "rmse": 0.3123920745521192,
      "encryption_time": 0.07823967933654785,
      "aggregation_time": 0.06932473182678223,
      "decryption_time": 0.0,
      "total_time": 0.14756441116333008,
      "is_encrypted": true,
      "improvement": -0.06399999999999995,
      "best_accuracy": 0.9155
    }
  ]
}