{
  "pipeline_info": {
    "type": "fhe",
    "rounds": 20,
    "clients": 10,
    "timestamp": "2025-09-16 12:01:07",
    "total_samples": 2000,
    "one_class_clients": 1,
    "one_class_percentage": 10.0
  },
  "final_performance": {
    "accuracy": 0.8535,
    "f1_score": 0.8367688022284122,
    "precision": 0.7193486590038314,
    "recall": 1.0,
    "auc": 0.9997697225690007,
    "pr_auc": 0.9996282501628415,
    "mae": 0.15369027323433004,
    "rmse": 0.3120638924770661,
    "ece": 0.150379543845283,
    "mce": 0.8325680189995627
  },
  "performance_trends": {
    "initial_accuracy": 0.9155,
    "final_accuracy": 0.8535,
    "accuracy_improvement": -0.061999999999999944,
    "best_accuracy": 0.9155,
    "final_f1": 0.8367688022284122,
    "best_f1": 0.8988629563135847
  },
  "timing_statistics": {
    "total_encryption_time": 1.6343262195587158,
    "total_aggregation_time": 1.4093561172485352,
    "total_evaluation_time": 0,
    "total_time": 3.043682336807251,
    "avg_round_time": 0.15218411684036254,
    "avg_encryption_time": 0.08171631097793579,
    "avg_aggregation_time": 0.07046780586242676
  },
  "round_details": [
    {
      "round": 1,
      "accuracy": 0.9155,
      "f1_score": 0.8988629563135847,
      "precision": 0.816304347826087,
      "recall": 1.0,
      "auc": 0.9999925373054769,
      "pr_auc": 0.9999876729937406,
      "ece": 0.11104589704312341,
      "mce": 0.7507624990507117,
      "mae": 0.11138093804402885,
      "rmse": 0.2273733785235389,
      "encryption_time": 0.08687543869018555,
      "aggregation_time": 0.07468891143798828,
      "decryption_time": 0.0,
      "total_time": 0.16156435012817383,
      "is_encrypted": true,
      "improvement": 0.9155,
      "best_accuracy": 0.9155
    },
    {
      "round": 2,
      "accuracy": 0.8535,
      "f1_score": 0.8367688022284122,
      "precision": 0.7193486590038314,
      "recall": 1.0,
      "auc": 0.9997633259736951,
      "pr_auc": 0.9996164324656592,
      "ece": 0.14986512097890672,
      "mce": 0.8299555187276171,
      "mae": 0.1531487343884317,
      "rmse": 0.31133711810654374,
      "encryption_time": 0.09103107452392578,
      "aggregation_time": 0.08269548416137695,
      "decryption_time": 0.0,
      "total_time": 0.17372655868530273,
      "is_encrypted": true,
      "improvement": -0.061999999999999944,
      "best_accuracy": 0.9155
    },
    {
      "round": 3,
      "accuracy": 0.852,
      "f1_score": 0.8353726362625139,
      "precision": 0.7172874880611271,
      "recall": 1.0,
      "auc": 0.9996716414409824,
      "pr_auc": 0.999464409510377,
      "ece": 0.15193675153128666,
      "mce": 0.8341427637494345,
      "mae": 0.15531958828810172,
      "rmse": 0.3151203776615368,
      "encryption_time": 0.0844113826751709,
      "aggregation_time": 0.07551217079162598,
      "decryption_time": 0.0,
      "total_time": 0.15992355346679688,
      "is_encrypted": true,
      "improvement": -0.0635,
      "best_accuracy": 0.9155
    },
    {
      "round": 4,
      "accuracy": 0.853,
      "f1_score": 0.8363028953229399,
      "precision": 0.7186602870813397,
      "recall": 1.0,
      "auc": 0.9997793174619589,
      "pr_auc": 0.999643321131561,
      "ece": 0.14860379646580557,
      "mce": 0.8324238135520257,
      "mae": 0.15214980914322274,
      "rmse": 0.3083090280735301,
      "encryption_time": 0.07252955436706543,
      "aggregation_time": 0.06207871437072754,
      "decryption_time": 0.0,
      "total_time": 0.13460826873779297,
      "is_encrypted": true,
      "improvement": -0.0625,
      "best_accuracy": 0.9155
    },
    {
      "round": 5,
      "accuracy": 0.852,
      "f1_score": 0.8353726362625139,
      "precision": 0.7172874880611271,
      "recall": 1.0,
      "auc": 0.999597014495751,
      "pr_auc": 0.9993414967485738,
      "ece": 0.15457573258257734,
      "mce": 0.8339896105276937,
      "mae": 0.15824585084187312,
      "rmse": 0.3182846158395222,
      "encryption_time": 0.07328605651855469,
      "aggregation_time": 0.06448698043823242,
      "decryption_time": 0.0,
      "total_time": 0.1377730369567871,
      "is_encrypted": true,
      "improvement": -0.0635,
      "best_accuracy": 0.9155
    },
    {
      "round": 6,
      "accuracy": 0.852,
      "f1_score": 0.8353726362625139,
      "precision": 0.7172874880611271,
      "recall": 1.0,
      "auc": 0.9997835818588292,
      "pr_auc": 0.9996513075503743,
      "ece": 0.15195796007970813,
      "mce": 0.833970944848651,
      "mae": 0.15522562254355904,
      "rmse": 0.3138289004205026,
      "encryption_time": 0.0764322280883789,
      "aggregation_time": 0.06576108932495117,
      "decryption_time": 0.0,
      "total_time": 0.14219331741333008,
      "is_encrypted": true,
      "improvement": -0.0635,
      "best_accuracy": 0.9155
    },
    {
      "round": 7,
      "accuracy": 0.852,
      "f1_score": 0.8353726362625139,
      "precision": 0.7172874880611271,
      "recall": 1.0,
      "auc": 0.9995447756340892,
      "pr_auc": 0.9992572247799265,
      "ece": 0.15299766892927305,
      "mce": 0.8350960920835773,
      "mae": 0.15655608137997773,
      "rmse": 0.3173025422877561,
      "encryption_time": 0.07759618759155273,
      "aggregation_time": 0.06634283065795898,
      "decryption_time": 0.0,
      "total_time": 0.14393901824951172,
      "is_encrypted": true,
      "improvement": -0.0635,
      "best_accuracy": 0.9155
    },
    {
      "round": 8,
      "accuracy": 0.853,
      "f1_score": 0.8363028953229399,
      "precision": 0.7186602870813397,
      "recall": 1.0,
      "auc": 0.9996535177542833,
      "pr_auc": 0.999436538882227,
      "ece": 0.15156183804929596,
      "mce": 0.8316151543722454,
      "mae": 0.15500486478901912,
      "rmse": 0.3144720263793857,
      "encryption_time": 0.07581806182861328,
      "aggregation_time": 0.06530380249023438,
      "decryption_time": 0.0,
      "total_time": 0.14112186431884766,
      "is_encrypted": true,
      "improvement": -0.0625,
      "best_accuracy": 0.9155
    },
    {
      "round": 9,
      "accuracy": 0.848,
      "f1_score": 0.831672203765227,
      "precision": 0.7118483412322275,
      "recall": 1.0,
      "auc": 0.9996364601668019,
      "pr_auc": 0.999413195122414,
      "ece": 0.15344645291626072,
      "mce": 0.8319498465821326,
      "mae": 0.15681348178345694,
      "rmse": 0.31765587630857933,
      "encryption_time": 0.07964062690734863,
      "aggregation_time": 0.06680536270141602,
      "decryption_time": 0.0,
      "total_time": 0.14644598960876465,
      "is_encrypted": true,
      "improvement": -0.0675,
      "best_accuracy": 0.9155
    },
    {
      "round": 10,
      "accuracy": 0.854,
      "f1_score": 0.8372352285395763,
      "precision": 0.7200383509108341,
      "recall": 1.0,
      "auc": 0.999578890809052,
      "pr_auc": 0.9993187085697358,
      "ece": 0.14934968209115185,
      "mce": 0.8371063567200003,
      "mae": 0.1529378399283549,
      "rmse": 0.31252314693090305,
      "encryption_time": 0.07703733444213867,
      "aggregation_time": 0.06624579429626465,
      "decryption_time": 0.0,
      "total_time": 0.14328312873840332,
      "is_encrypted": true,
      "improvement": -0.0615,
      "best_accuracy": 0.9155
    },
    {
      "round": 11,
      "accuracy": 0.854,
      "f1_score": 0.8372352285395763,
      "precision": 0.7200383509108341,
      "recall": 1.0,
      "auc": 0.9996577821511538,
      "pr_auc": 0.9994425481151628,
      "ece": 0.15143911153417564,
      "mce": 0.8340304640829244,
      "mae": 0.15494212660591514,
      "rmse": 0.3142170636213386,
      "encryption_time": 0.0751645565032959,
      "aggregation_time": 0.06448054313659668,
      "decryption_time": 0.0,
      "total_time": 0.13964509963989258,
      "is_encrypted": true,
      "improvement": -0.0615,
      "best_accuracy": 0.9155
    },
    {
      "round": 12,
      "accuracy": 0.851,
      "f1_score": 0.8344444444444444,
      "precision": 0.7159199237368923,
      "recall": 1.0,
      "auc": 0.9998571427048429,
      "pr_auc": 0.9997681083112515,
      "ece": 0.1508724977520513,
      "mce": 0.8327380495804844,
      "mae": 0.15420502097393568,
      "rmse": 0.31115514718530196,
      "encryption_time": 0.0790553092956543,
      "aggregation_time": 0.06724691390991211,
      "decryption_time": 0.0,
      "total_time": 0.1463022232055664,
      "is_encrypted": true,
      "improvement": -0.0645,
      "best_accuracy": 0.9155
    },
    {
      "round": 13,
      "accuracy": 0.8525,
      "f1_score": 0.8358375069560379,
      "precision": 0.7179732313575525,
      "recall": 1.0,
      "auc": 0.9997409378901256,
      "pr_auc": 0.9995773869387757,
      "ece": 0.15124743340985844,
      "mce": 0.8313556480940183,
      "mae": 0.15453243179935242,
      "rmse": 0.3137021371045499,
      "encryption_time": 0.07485389709472656,
      "aggregation_time": 0.06519603729248047,
      "decryption_time": 0.0,
      "total_time": 0.14004993438720703,
      "is_encrypted": true,
      "improvement": -0.06299999999999994,
      "best_accuracy": 0.9155
    },
    {
      "round": 14,
      "accuracy": 0.853,
      "f1_score": 0.8363028953229399,
      "precision": 0.7186602870813397,
      "recall": 1.0,
      "auc": 0.9997153515089036,
      "pr_auc": 0.9995395303069936,
      "ece": 0.1507826426550085,
      "mce": 0.8343147371485456,
      "mae": 0.15431550476808623,
      "rmse": 0.3125421517735764,
      "encryption_time": 0.08617377281188965,
      "aggregation_time": 0.06718325614929199,
      "decryption_time": 0.0,
      "total_time": 0.15335702896118164,
      "is_encrypted": true,
      "improvement": -0.0625,
      "best_accuracy": 0.9155
    },
    {
      "round": 15,
      "accuracy": 0.8525,
      "f1_score": 0.8358375069560379,
      "precision": 0.7179732313575525,
      "recall": 1.0,
      "auc": 0.99970362441751,
      "pr_auc": 0.9995200834282112,
      "ece": 0.1515814739736008,
      "mce": 0.8320781061844943,
      "mae": 0.15492217940723033,
      "rmse": 0.3143025526034784,
      "encryption_time": 0.13753437995910645,
      "aggregation_time": 0.11979985237121582,
      "decryption_time": 0.0,
      "total_time": 0.25733423233032227,
      "is_encrypted": true,
      "improvement": -0.06299999999999994,
      "best_accuracy": 0.9155
    },
    {
      "round": 16,
      "accuracy": 0.8545,
      "f1_score": 0.8377021751254881,
      "precision": 0.7207293666026872,
      "recall": 1.0,
      "auc": 0.9998198292322273,
      "pr_auc": 0.9997088939488863,
      "ece": 0.15028475286492915,
      "mce": 0.8334406478821916,
      "mae": 0.15357448432377596,
      "rmse": 0.3111728236104377,
      "encryption_time": 0.08044266700744629,
      "aggregation_time": 0.06931924819946289,
      "decryption_time": 0.0,
      "total_time": 0.14976191520690918,
      "is_encrypted": true,
      "improvement": -0.06099999999999994,
      "best_accuracy": 0.9155
    },
    {
      "round": 17,
      "accuracy": 0.8515,
      "f1_score": 0.8349082823790995,
      "precision": 0.7166030534351145,
      "recall": 1.0,
      "auc": 0.9997750530650886,
      "pr_auc": 0.9996365516857519,
      "ece": 0.15287092689353482,
      "mce": 0.8313087209652875,
      "mae": 0.15616006085670886,
      "rmse": 0.314982083484151,
      "encryption_time": 0.07927441596984863,
      "aggregation_time": 0.06741976737976074,
      "decryption_time": 0.0,
      "total_time": 0.14669418334960938,
      "is_encrypted": true,
      "improvement": -0.06399999999999995,
      "best_accuracy": 0.9155
    },
    {
      "round": 18,
      "accuracy": 0.852,
      "f1_score": 0.8353726362625139,
      "precision": 0.7172874880611271,
      "recall": 1.0,
      "auc": 0.9996375262660195,
      "pr_auc": 0.9994117336713806,
      "ece": 0.150207794495656,
      "mce": 0.8349277938469406,
      "mae": 0.15364677363010595,
      "rmse": 0.3130688954881465,
      "encryption_time": 0.07264900207519531,
      "aggregation_time": 0.0640559196472168,
      "decryption_time": 0.0,
      "total_time": 0.1367049217224121,
      "is_encrypted": true,
      "improvement": -0.0635,
      "best_accuracy": 0.9155
    },
    {
      "round": 19,
      "accuracy": 0.8515,
      "f1_score": 0.8349082823790995,
      "precision": 0.7166030534351145,
      "recall": 1.0,
      "auc": 0.9996855007308111,
      "pr_auc": 0.9994908797216395,
      "ece": 0.15052746447534016,
      "mce": 0.8333310475580398,
      "mae": 0.15388462644194978,
      "rmse": 0.313045778893807,
      "encryption_time": 0.07603597640991211,
      "aggregation_time": 0.067291259765625,
      "decryption_time": 0.0,
      "total_time": 0.1433272361755371,
      "is_encrypted": true,
      "improvement": -0.06399999999999995,
      "best_accuracy": 0.9155
    },
    {
      "round": 20,
      "accuracy": 0.8535,
      "f1_score": 0.8367688022284122,
      "precision": 0.7193486590038314,
      "recall": 1.0,
      "auc": 0.9997697225690007,
      "pr_auc": 0.9996282501628415,
      "ece": 0.150379543845283,
      "mce": 0.8325680189995627,
      "mae": 0.15369027323433004,
      "rmse": 0.3120638924770661,
      "encryption_time": 0.07848429679870605,
      "aggregation_time": 0.06744217872619629,
      "decryption_time": 0.0,
      "total_time": 0.14592647552490234,
      "is_encrypted": true,
      "improvement": -0.061999999999999944,
      "best_accuracy": 0.9155
    }
  ]
}