{
  "pipeline_info": {
    "type": "fhe",
    "rounds": 40,
    "clients": 20,
    "timestamp": "2025-09-16 12:03:14",
    "total_samples": 4000,
    "one_class_clients": 4,
    "one_class_percentage": 20.0
  },
  "final_performance": {
    "accuracy": 0.88775,
    "f1_score": 0.8818731912654565,
    "precision": 0.7887058823529411,
    "recall": 1.0,
    "auc": 0.9999532737153867,
    "pr_auc": 0.9999370661198332,
    "mae": 0.1232420766551409,
    "rmse": 0.25898010557997986,
    "ece": 0.1205943700618858,
    "mce": 0.785145247946399
  },
  "performance_trends": {
    "initial_accuracy": 0.93475,
    "final_accuracy": 0.88775,
    "accuracy_improvement": -0.04699999999999993,
    "best_accuracy": 0.93475,
    "final_f1": 0.8818731912654565,
    "best_f1": 0.9277608635482978
  },
  "timing_statistics": {
    "total_encryption_time": 9.321178436279297,
    "total_aggregation_time": 8.516185998916626,
    "total_evaluation_time": 0,
    "total_time": 17.837364435195923,
    "avg_round_time": 0.4459341108798981,
    "avg_encryption_time": 0.23302946090698243,
    "avg_aggregation_time": 0.21290464997291564
  },
  "round_details": [
    {
      "round": 1,
      "accuracy": 0.93475,
      "f1_score": 0.9277608635482978,
      "precision": 0.8652555498193082,
      "recall": 1.0,
      "auc": 0.9999540439288692,
      "pr_auc": 0.9999385614426968,
      "ece": 0.09648509631597572,
      "mce": 0.8295959541244295,
      "mae": 0.09714323095581257,
      "rmse": 0.2011537266330057,
      "encryption_time": 0.18883442878723145,
      "aggregation_time": 0.16640830039978027,
      "decryption_time": 0.0,
      "total_time": 0.3552427291870117,
      "is_encrypted": true,
      "improvement": 0.93475,
      "best_accuracy": 0.93475
    },
    {
      "round": 2,
      "accuracy": 0.8865,
      "f1_score": 0.8807146610614819,
      "precision": 0.7868544600938967,
      "recall": 1.0,
      "auc": 0.9999507063371111,
      "pr_auc": 0.9999336587873452,
      "ece": 0.12049908094169016,
      "mce": 0.8031098137854117,
      "mae": 0.12360626353620972,
      "rmse": 0.25953674703921004,
      "encryption_time": 0.24539399147033691,
      "aggregation_time": 0.20356988906860352,
      "decryption_time": 0.0,
      "total_time": 0.44896388053894043,
      "is_encrypted": true,
      "improvement": -0.048250000000000015,
      "best_accuracy": 0.93475
    },
    {
      "round": 3,
      "accuracy": 0.88825,
      "f1_score": 0.8823374572255857,
      "precision": 0.7894488930758361,
      "recall": 1.0,
      "auc": 0.9999427474644572,
      "pr_auc": 0.9999238481788657,
      "ece": 0.11902980710574373,
      "mce": 0.8089013550910988,
      "mae": 0.12371740233365738,
      "rmse": 0.26122947532902796,
      "encryption_time": 0.20696592330932617,
      "aggregation_time": 0.19292616844177246,
      "decryption_time": 0.0,
      "total_time": 0.39989209175109863,
      "is_encrypted": true,
      "improvement": -0.046499999999999986,
      "best_accuracy": 0.93475
    },
    {
      "round": 4,
      "accuracy": 0.88675,
      "f1_score": 0.880946123521682,
      "precision": 0.787224048849225,
      "recall": 1.0,
      "auc": 0.9999609758502129,
      "pr_auc": 0.9999470608767698,
      "ece": 0.12082995391372657,
      "mce": 0.7719479184406394,
      "mae": 0.12390587453935809,
      "rmse": 0.2606937990495632,
      "encryption_time": 0.1812913417816162,
      "aggregation_time": 0.16486859321594238,
      "decryption_time": 0.0,
      "total_time": 0.3461599349975586,
      "is_encrypted": true,
      "improvement": -0.04799999999999993,
      "best_accuracy": 0.93475
    },
    {
      "round": 5,
      "accuracy": 0.88625,
      "f1_score": 0.8804833201996323,
      "precision": 0.7864852182074143,
      "recall": 1.0,
      "auc": 0.9999517332884214,
      "pr_auc": 0.9999348987553699,
      "ece": 0.12122293286692713,
      "mce": 0.7688864082225751,
      "mae": 0.1243249422479302,
      "rmse": 0.26087898369079815,
      "encryption_time": 0.17456746101379395,
      "aggregation_time": 0.16021203994750977,
      "decryption_time": 0.0,
      "total_time": 0.3347795009613037,
      "is_encrypted": true,
      "improvement": -0.04849999999999999,
      "best_accuracy": 0.93475
    },
    {
      "round": 6,
      "accuracy": 0.888,
      "f1_score": 0.8821052631578947,
      "precision": 0.7890772128060264,
      "recall": 1.0,
      "auc": 0.9999532737153867,
      "pr_auc": 0.9999371337064206,
      "ece": 0.12035839735640064,
      "mce": 0.7890717589167732,
      "mae": 0.12389003922845607,
      "rmse": 0.26031162971014327,
      "encryption_time": 0.20398879051208496,
      "aggregation_time": 0.15389728546142578,
      "decryption_time": 0.0,
      "total_time": 0.35788607597351074,
      "is_encrypted": true,
      "improvement": -0.04674999999999996,
      "best_accuracy": 0.93475
    },
    {
      "round": 7,
      "accuracy": 0.889,
      "f1_score": 0.8830347734457323,
      "precision": 0.7905660377358491,
      "recall": 1.0,
      "auc": 0.9999548141423519,
      "pr_auc": 0.9999390177923915,
      "ece": 0.11952251643598417,
      "mce": 0.7841899954470986,
      "mae": 0.12263146108354951,
      "rmse": 0.25829094505780703,
      "encryption_time": 0.2734706401824951,
      "aggregation_time": 0.25850820541381836,
      "decryption_time": 0.0,
      "total_time": 0.5319788455963135,
      "is_encrypted": true,
      "improvement": -0.04574999999999996,
      "best_accuracy": 0.93475
    },
    {
      "round": 8,
      "accuracy": 0.889,
      "f1_score": 0.8830347734457323,
      "precision": 0.7905660377358491,
      "recall": 1.0,
      "auc": 0.999950192861456,
      "pr_auc": 0.9999330505581824,
      "ece": 0.11898888851237158,
      "mce": 0.799611846729214,
      "mae": 0.12256726643787771,
      "rmse": 0.2573654522905918,
      "encryption_time": 0.18283867835998535,
      "aggregation_time": 0.16961169242858887,
      "decryption_time": 0.0,
      "total_time": 0.3524503707885742,
      "is_encrypted": true,
      "improvement": -0.04574999999999996,
      "best_accuracy": 0.93475
    },
    {
      "round": 9,
      "accuracy": 0.88975,
      "f1_score": 0.8837331927234379,
      "precision": 0.7916863486065187,
      "recall": 1.0,
      "auc": 0.9999573815206274,
      "pr_auc": 0.9999424320842502,
      "ece": 0.11946127413024019,
      "mce": 0.7831872725554839,
      "mae": 0.12210558494964943,
      "rmse": 0.2573504841053493,
      "encryption_time": 0.15809035301208496,
      "aggregation_time": 0.145585298538208,
      "decryption_time": 0.0,
      "total_time": 0.30367565155029297,
      "is_encrypted": true,
      "improvement": -0.04499999999999993,
      "best_accuracy": 0.93475
    },
    {
      "round": 10,
      "accuracy": 0.89025,
      "f1_score": 0.8841994196781852,
      "precision": 0.7924349881796691,
      "recall": 1.0,
      "auc": 0.9999545574045243,
      "pr_auc": 0.999938849203856,
      "ece": 0.11959980433896693,
      "mce": 0.7878224999826323,
      "mae": 0.122256463406221,
      "rmse": 0.257664293887704,
      "encryption_time": 0.15084362030029297,
      "aggregation_time": 0.13727974891662598,
      "decryption_time": 0.0,
      "total_time": 0.28812336921691895,
      "is_encrypted": true,
      "improvement": -0.044499999999999984,
      "best_accuracy": 0.93475
    },
    {
      "round": 11,
      "accuracy": 0.88675,
      "f1_score": 0.880946123521682,
      "precision": 0.787224048849225,
      "recall": 1.0,
      "auc": 0.9999558410936621,
      "pr_auc": 0.9999403081253729,
      "ece": 0.1211624188467355,
      "mce": 0.7705214071131147,
      "mae": 0.1242483560232177,
      "rmse": 0.2607312513120032,
      "encryption_time": 0.15064287185668945,
      "aggregation_time": 0.1386258602142334,
      "decryption_time": 0.0,
      "total_time": 0.28926873207092285,
      "is_encrypted": true,
      "improvement": -0.04799999999999993,
      "best_accuracy": 0.93475
    },
    {
      "round": 12,
      "accuracy": 0.88925,
      "f1_score": 0.8832674571805007,
      "precision": 0.7909391222274658,
      "recall": 1.0,
      "auc": 0.9999535304532142,
      "pr_auc": 0.9999373902274561,
      "ece": 0.11925796918543854,
      "mce": 0.802376601248158,
      "mae": 0.1228200336430486,
      "rmse": 0.2583093976224759,
      "encryption_time": 0.14251947402954102,
      "aggregation_time": 0.13297724723815918,
      "decryption_time": 0.0,
      "total_time": 0.2754967212677002,
      "is_encrypted": true,
      "improvement": -0.045499999999999985,
      "best_accuracy": 0.93475
    },
    {
      "round": 13,
      "accuracy": 0.8865,
      "f1_score": 0.8807146610614819,
      "precision": 0.7868544600938967,
      "recall": 1.0,
      "auc": 0.9999571247827999,
      "pr_auc": 0.9999421268538,
      "ece": 0.12146681312339405,
      "mce": 0.7745870528627974,
      "mae": 0.12409937230598952,
      "rmse": 0.2608890616169992,
      "encryption_time": 0.14414310455322266,
      "aggregation_time": 0.1325397491455078,
      "decryption_time": 0.0,
      "total_time": 0.27668285369873047,
      "is_encrypted": true,
      "improvement": -0.048250000000000015,
      "best_accuracy": 0.93475
    },
    {
      "round": 14,
      "accuracy": 0.88475,
      "f1_score": 0.8790978232362969,
      "precision": 0.7842770238652317,
      "recall": 1.0,
      "auc": 0.9999566113071446,
      "pr_auc": 0.9999412771855968,
      "ece": 0.1215883796536772,
      "mce": 0.7700336587503966,
      "mae": 0.12467968965429942,
      "rmse": 0.26145416815534817,
      "encryption_time": 0.15729594230651855,
      "aggregation_time": 0.14395761489868164,
      "decryption_time": 0.0,
      "total_time": 0.3012535572052002,
      "is_encrypted": true,
      "improvement": -0.04999999999999993,
      "best_accuracy": 0.93475
    },
    {
      "round": 15,
      "accuracy": 0.887,
      "f1_score": 0.8811777076761304,
      "precision": 0.7875939849624061,
      "recall": 1.0,
      "auc": 0.9999537871910417,
      "pr_auc": 0.9999376153282029,
      "ece": 0.1207298682007069,
      "mce": 0.7715500775647893,
      "mae": 0.12381691637589991,
      "rmse": 0.25976724378113064,
      "encryption_time": 0.14158248901367188,
      "aggregation_time": 0.12943339347839355,
      "decryption_time": 0.0,
      "total_time": 0.27101588249206543,
      "is_encrypted": true,
      "improvement": -0.04774999999999996,
      "best_accuracy": 0.93475
    },
    {
      "round": 16,
      "accuracy": 0.88875,
      "f1_score": 0.8828022122728469,
      "precision": 0.7901933050447902,
      "recall": 1.0,
      "auc": 0.9999563545693172,
      "pr_auc": 0.9999412427218943,
      "ece": 0.11997526471753381,
      "mce": 0.8037158869796119,
      "mae": 0.12263523497758809,
      "rmse": 0.25778994782924297,
      "encryption_time": 0.14506173133850098,
      "aggregation_time": 0.13272690773010254,
      "decryption_time": 0.0,
      "total_time": 0.2777886390686035,
      "is_encrypted": true,
      "improvement": -0.04599999999999993,
      "best_accuracy": 0.93475
    },
    {
      "round": 17,
      "accuracy": 0.8905,
      "f1_score": 0.8844327176781003,
      "precision": 0.7928098391674551,
      "recall": 1.0,
      "auc": 0.9999558410936621,
      "pr_auc": 0.9999404640547,
      "ece": 0.12025501769486631,
      "mce": 0.7888510507400817,
      "mae": 0.12290549545696781,
      "rmse": 0.2581255166786599,
      "encryption_time": 0.1429767608642578,
      "aggregation_time": 0.1315758228302002,
      "decryption_time": 0.0,
      "total_time": 0.274552583694458,
      "is_encrypted": true,
      "improvement": -0.04425000000000001,
      "best_accuracy": 0.93475
    },
    {
      "round": 18,
      "accuracy": 0.8885,
      "f1_score": 0.8825697735650342,
      "precision": 0.7898209236569275,
      "recall": 1.0,
      "auc": 0.9999509630749387,
      "pr_auc": 0.9999339362598743,
      "ece": 0.11984464387772649,
      "mce": 0.78016873178362,
      "mae": 0.12249266086302517,
      "rmse": 0.25743733032536575,
      "encryption_time": 0.15003657341003418,
      "aggregation_time": 0.1372509002685547,
      "decryption_time": 0.0,
      "total_time": 0.28728747367858887,
      "is_encrypted": true,
      "improvement": -0.04625000000000001,
      "best_accuracy": 0.93475
    },
    {
      "round": 19,
      "accuracy": 0.88825,
      "f1_score": 0.8823374572255857,
      "precision": 0.7894488930758361,
      "recall": 1.0,
      "auc": 0.999946855269698,
      "pr_auc": 0.9999288611043919,
      "ece": 0.11986134384011966,
      "mce": 0.806230542928908,
      "mae": 0.12298869350930747,
      "rmse": 0.25879813108357536,
      "encryption_time": 0.1432967185974121,
      "aggregation_time": 0.1318981647491455,
      "decryption_time": 0.0,
      "total_time": 0.2751948833465576,
      "is_encrypted": true,
      "improvement": -0.046499999999999986,
      "best_accuracy": 0.93475
    },
    {
      "round": 20,
      "accuracy": 0.8895,
      "f1_score": 0.8835002635740643,
      "precision": 0.7913125590179415,
      "recall": 1.0,
      "auc": 0.9999419772509746,
      "pr_auc": 0.999922912971628,
      "ece": 0.11801423798167185,
      "mce": 0.8046944571920776,
      "mae": 0.1220573588846474,
      "rmse": 0.2574891937596811,
      "encryption_time": 0.15256094932556152,
      "aggregation_time": 0.13897943496704102,
      "decryption_time": 0.0,
      "total_time": 0.29154038429260254,
      "is_encrypted": true,
      "improvement": -0.04525000000000001,
      "best_accuracy": 0.93475
    },
    {
      "round": 21,
      "accuracy": 0.887,
      "f1_score": 0.8811777076761304,
      "precision": 0.7875939849624061,
      "recall": 1.0,
      "auc": 0.9999537871910418,
      "pr_auc": 0.9999375495545398,
      "ece": 0.12050732326885136,
      "mce": 0.7635818792864008,
      "mae": 0.12316179390123287,
      "rmse": 0.25894987986599133,
      "encryption_time": 0.1531815528869629,
      "aggregation_time": 0.14099764823913574,
      "decryption_time": 0.0,
      "total_time": 0.29417920112609863,
      "is_encrypted": true,
      "improvement": -0.04774999999999996,
      "best_accuracy": 0.93475
    },
    {
      "round": 22,
      "accuracy": 0.887,
      "f1_score": 0.8811777076761304,
      "precision": 0.7875939849624061,
      "recall": 1.0,
      "auc": 0.9999435176779399,
      "pr_auc": 0.9999247607591248,
      "ece": 0.1194013714111197,
      "mce": 0.8037419432416162,
      "mae": 0.12298712672388633,
      "rmse": 0.25911035405327365,
      "encryption_time": 0.15741395950317383,
      "aggregation_time": 0.14697909355163574,
      "decryption_time": 0.0,
      "total_time": 0.30439305305480957,
      "is_encrypted": true,
      "improvement": -0.04774999999999996,
      "best_accuracy": 0.93475
    },
    {
      "round": 23,
      "accuracy": 0.88775,
      "f1_score": 0.8818731912654565,
      "precision": 0.7887058823529411,
      "recall": 1.0,
      "auc": 0.9999586652097651,
      "pr_auc": 0.9999440660960638,
      "ece": 0.12112704117121703,
      "mce": 0.7665264368797504,
      "mae": 0.12375243527393753,
      "rmse": 0.2599341945651082,
      "encryption_time": 0.17535400390625,
      "aggregation_time": 0.1634817123413086,
      "decryption_time": 0.0,
      "total_time": 0.3388357162475586,
      "is_encrypted": true,
      "improvement": -0.04699999999999993,
      "best_accuracy": 0.93475
    },
    {
      "round": 24,
      "accuracy": 0.88675,
      "f1_score": 0.880946123521682,
      "precision": 0.787224048849225,
      "recall": 1.0,
      "auc": 0.9999545574045243,
      "pr_auc": 0.9999388157582244,
      "ece": 0.12068592806564159,
      "mce": 0.7831789040867544,
      "mae": 0.12378218682897181,
      "rmse": 0.2593053316806531,
      "encryption_time": 0.18274998664855957,
      "aggregation_time": 0.1711409091949463,
      "decryption_time": 0.0,
      "total_time": 0.35389089584350586,
      "is_encrypted": true,
      "improvement": -0.04799999999999993,
      "best_accuracy": 0.93475
    },
    {
      "round": 25,
      "accuracy": 0.8905,
      "f1_score": 0.8844327176781003,
      "precision": 0.7928098391674551,
      "recall": 1.0,
      "auc": 0.9999507063371111,
      "pr_auc": 0.9999341301141187,
      "ece": 0.1184047127572159,
      "mce": 0.8045305698324761,
      "mae": 0.12196791939161573,
      "rmse": 0.25710034671073845,
      "encryption_time": 0.15744495391845703,
      "aggregation_time": 0.14008831977844238,
      "decryption_time": 0.0,
      "total_time": 0.2975332736968994,
      "is_encrypted": true,
      "improvement": -0.04425000000000001,
      "best_accuracy": 0.93475
    },
    {
      "round": 26,
      "accuracy": 0.88475,
      "f1_score": 0.8790978232362969,
      "precision": 0.7842770238652317,
      "recall": 1.0,
      "auc": 0.9999543006666968,
      "pr_auc": 0.9999383720905228,
      "ece": 0.12244260257584276,
      "mce": 0.7791395865473694,
      "mae": 0.12552266810524926,
      "rmse": 0.26323659711303177,
      "encryption_time": 0.16974210739135742,
      "aggregation_time": 0.15720057487487793,
      "decryption_time": 0.0,
      "total_time": 0.32694268226623535,
      "is_encrypted": true,
      "improvement": -0.04999999999999993,
      "best_accuracy": 0.93475
    },
    {
      "round": 27,
      "accuracy": 0.88775,
      "f1_score": 0.8818731912654565,
      "precision": 0.7887058823529411,
      "recall": 1.0,
      "auc": 0.9999509630749387,
      "pr_auc": 0.9999339450398981,
      "ece": 0.1201650386665877,
      "mce": 0.7847465737750081,
      "mae": 0.12326963455179764,
      "rmse": 0.2591004080132749,
      "encryption_time": 0.23604416847229004,
      "aggregation_time": 0.20584702491760254,
      "decryption_time": 0.0,
      "total_time": 0.4418911933898926,
      "is_encrypted": true,
      "improvement": -0.04699999999999993,
      "best_accuracy": 0.93475
    },
    {
      "round": 28,
      "accuracy": 0.88725,
      "f1_score": 0.8814094136208257,
      "precision": 0.7879642689233662,
      "recall": 1.0,
      "auc": 0.9999499361236285,
      "pr_auc": 0.9999327001645866,
      "ece": 0.11982946150092,
      "mce": 0.7880602125411179,
      "mae": 0.1233828008023394,
      "rmse": 0.25943817169856376,
      "encryption_time": 0.4011683464050293,
      "aggregation_time": 0.335737943649292,
      "decryption_time": 0.0,
      "total_time": 0.7369062900543213,
      "is_encrypted": true,
      "improvement": -0.04749999999999999,
      "best_accuracy": 0.93475
    },
    {
      "round": 29,
      "accuracy": 0.8885,
      "f1_score": 0.8825697735650342,
      "precision": 0.7898209236569275,
      "recall": 1.0,
      "auc": 0.9999596921610753,
      "pr_auc": 0.9999453745403557,
      "ece": 0.12050758578189633,
      "mce": 0.7602088463035978,
      "mae": 0.12268486271884686,
      "rmse": 0.25793808746075225,
      "encryption_time": 0.7114043235778809,
      "aggregation_time": 0.6953117847442627,
      "decryption_time": 0.0,
      "total_time": 1.4067161083221436,
      "is_encrypted": true,
      "improvement": -0.04625000000000001,
      "best_accuracy": 0.93475
    },
    {
      "round": 30,
      "accuracy": 0.88675,
      "f1_score": 0.880946123521682,
      "precision": 0.787224048849225,
      "recall": 1.0,
      "auc": 0.9999548141423519,
      "pr_auc": 0.9999389874331279,
      "ece": 0.12080734445021822,
      "mce": 0.783616630241968,
      "mae": 0.1239047769237709,
      "rmse": 0.2599135467882448,
      "encryption_time": 0.23064565658569336,
      "aggregation_time": 0.21178269386291504,
      "decryption_time": 0.0,
      "total_time": 0.4424283504486084,
      "is_encrypted": true,
      "improvement": -0.04799999999999993,
      "best_accuracy": 0.93475
    },
    {
      "round": 31,
      "accuracy": 0.889,
      "f1_score": 0.8830347734457323,
      "precision": 0.7905660377358491,
      "recall": 1.0,
      "auc": 0.9999517332884214,
      "pr_auc": 0.9999350645680724,
      "ece": 0.11905159615410228,
      "mce": 0.7888785260835425,
      "mae": 0.12216679141234954,
      "rmse": 0.2582850312110535,
      "encryption_time": 0.29807496070861816,
      "aggregation_time": 0.27686023712158203,
      "decryption_time": 0.0,
      "total_time": 0.5749351978302002,
      "is_encrypted": true,
      "improvement": -0.04574999999999996,
      "best_accuracy": 0.93475
    },
    {
      "round": 32,
      "accuracy": 0.88675,
      "f1_score": 0.880946123521682,
      "precision": 0.787224048849225,
      "recall": 1.0,
      "auc": 0.9999527602397316,
      "pr_auc": 0.9999362680855783,
      "ece": 0.12073088238655072,
      "mce": 0.763356405919176,
      "mae": 0.12338694180343472,
      "rmse": 0.25865668794242747,
      "encryption_time": 0.20969653129577637,
      "aggregation_time": 0.19420766830444336,
      "decryption_time": 0.0,
      "total_time": 0.4039041996002197,
      "is_encrypted": true,
      "improvement": -0.04799999999999993,
      "best_accuracy": 0.93475
    },
    {
      "round": 33,
      "accuracy": 0.89025,
      "f1_score": 0.8841994196781852,
      "precision": 0.7924349881796691,
      "recall": 1.0,
      "auc": 0.9999496793858009,
      "pr_auc": 0.9999326539427641,
      "ece": 0.11768621684255602,
      "mce": 0.803931102674584,
      "mae": 0.12217675706179558,
      "rmse": 0.2581842665951023,
      "encryption_time": 0.19896268844604492,
      "aggregation_time": 0.1810472011566162,
      "decryption_time": 0.0,
      "total_time": 0.38000988960266113,
      "is_encrypted": true,
      "improvement": -0.044499999999999984,
      "best_accuracy": 0.93475
    },
    {
      "round": 34,
      "accuracy": 0.889,
      "f1_score": 0.8830347734457323,
      "precision": 0.7905660377358491,
      "recall": 1.0,
      "auc": 0.9999514765505938,
      "pr_auc": 0.9999348241315531,
      "ece": 0.11920373701836086,
      "mce": 0.8008690564014758,
      "mae": 0.12277218671345881,
      "rmse": 0.25856595544428074,
      "encryption_time": 0.4357738494873047,
      "aggregation_time": 0.3840031623840332,
      "decryption_time": 0.0,
      "total_time": 0.8197770118713379,
      "is_encrypted": true,
      "improvement": -0.04574999999999996,
      "best_accuracy": 0.93475
    },
    {
      "round": 35,
      "accuracy": 0.8895,
      "f1_score": 0.8835002635740643,
      "precision": 0.7913125590179415,
      "recall": 1.0,
      "auc": 0.9999530169775591,
      "pr_auc": 0.9999368079689362,
      "ece": 0.1195795659585139,
      "mce": 0.7876885412373433,
      "mae": 0.12268222096104338,
      "rmse": 0.25854885346916645,
      "encryption_time": 0.663111686706543,
      "aggregation_time": 0.6166286468505859,
      "decryption_time": 0.0,
      "total_time": 1.279740333557129,
      "is_encrypted": true,
      "improvement": -0.04525000000000001,
      "best_accuracy": 0.93475
    },
    {
      "round": 36,
      "accuracy": 0.885,
      "f1_score": 0.8793284365162645,
      "precision": 0.7846441947565543,
      "recall": 1.0,
      "auc": 0.9999568680449722,
      "pr_auc": 0.999941618359502,
      "ece": 0.1225451504390037,
      "mce": 0.767395942223444,
      "mae": 0.12518070851082858,
      "rmse": 0.26199778224199055,
      "encryption_time": 0.3959076404571533,
      "aggregation_time": 0.37617921829223633,
      "decryption_time": 0.0,
      "total_time": 0.7720868587493896,
      "is_encrypted": true,
      "improvement": -0.04974999999999996,
      "best_accuracy": 0.93475
    },
    {
      "round": 37,
      "accuracy": 0.888,
      "f1_score": 0.8821052631578947,
      "precision": 0.7890772128060264,
      "recall": 1.0,
      "auc": 0.9999504495992837,
      "pr_auc": 0.9999333215370513,
      "ece": 0.12049724438501486,
      "mce": 0.7904112159147757,
      "mae": 0.12358826325687787,
      "rmse": 0.26001719542079055,
      "encryption_time": 0.29425716400146484,
      "aggregation_time": 0.2732865810394287,
      "decryption_time": 0.0,
      "total_time": 0.5675437450408936,
      "is_encrypted": true,
      "improvement": -0.04674999999999996,
      "best_accuracy": 0.93475
    },
    {
      "round": 38,
      "accuracy": 0.88725,
      "f1_score": 0.8814094136208257,
      "precision": 0.7879642689233662,
      "recall": 1.0,
      "auc": 0.9999519900262489,
      "pr_auc": 0.9999353227708063,
      "ece": 0.12012674509688859,
      "mce": 0.7852463882771146,
      "mae": 0.12321198491839686,
      "rmse": 0.25898615745058023,
      "encryption_time": 0.2824702262878418,
      "aggregation_time": 0.25570201873779297,
      "decryption_time": 0.0,
      "total_time": 0.5381722450256348,
      "is_encrypted": true,
      "improvement": -0.04749999999999999,
      "best_accuracy": 0.93475
    },
    {
      "round": 39,
      "accuracy": 0.8905,
      "f1_score": 0.8844327176781003,
      "precision": 0.7928098391674551,
      "recall": 1.0,
      "auc": 0.9999450581049051,
      "pr_auc": 0.9999269492966205,
      "ece": 0.11823473527315063,
      "mce": 0.8113155852527969,
      "mae": 0.12180655490126273,
      "rmse": 0.2578327526688023,
      "encryption_time": 0.27755045890808105,
      "aggregation_time": 0.25324034690856934,
      "decryption_time": 0.0,
      "total_time": 0.5307908058166504,
      "is_encrypted": true,
      "improvement": -0.04425000000000001,
      "best_accuracy": 0.93475
    },
    {
      "round": 40,
      "accuracy": 0.88775,
      "f1_score": 0.8818731912654565,
      "precision": 0.7887058823529411,
      "recall": 1.0,
      "auc": 0.9999532737153867,
      "pr_auc": 0.9999370661198332,
      "ece": 0.1205943700618858,
      "mce": 0.785145247946399,
      "mae": 0.1232420766551409,
      "rmse": 0.25898010557997986,
      "encryption_time": 0.25382232666015625,
      "aggregation_time": 0.23363089561462402,
      "decryption_time": 0.0,
      "total_time": 0.4874532222747803,
      "is_encrypted": true,
      "improvement": -0.04699999999999993,
      "best_accuracy": 0.93475
    }
  ]
}