{
  "pipeline_info": {
    "type": "fhe",
    "rounds": 30,
    "clients": 50,
    "timestamp": "2025-09-16 12:11:12",
    "total_samples": 10000,
    "one_class_clients": 13,
    "one_class_percentage": 26.0
  },
  "final_performance": {
    "accuracy": 0.8983,
    "f1_score": 0.8946004767333402,
    "precision": 0.8093005812863304,
    "recall": 1.0,
    "auc": 0.9997615781156348,
    "pr_auc": 0.9997098905704535,
    "mae": 0.11914496151997385,
    "rmse": 0.24397434331810375,
    "ece": 0.1173821498569791,
    "mce": 0.7609964699408103
  },
  "performance_trends": {
    "initial_accuracy": 0.9318,
    "final_accuracy": 0.8983,
    "accuracy_improvement": -0.033499999999999974,
    "best_accuracy": 0.9318,
    "final_f1": 0.8946004767333402,
    "best_f1": 0.9267768949967791
  },
  "timing_statistics": {
    "total_encryption_time": 11.715612411499023,
    "total_aggregation_time": 11.134160995483398,
    "total_evaluation_time": 0,
    "total_time": 22.849773406982422,
    "avg_round_time": 0.7616591135660807,
    "avg_encryption_time": 0.3905204137166341,
    "avg_aggregation_time": 0.37113869984944664
  },
  "round_details": [
    {
      "round": 1,
      "accuracy": 0.9318,
      "f1_score": 0.9267768949967791,
      "precision": 0.8635454181672669,
      "recall": 1.0,
      "auc": 0.9997430310208517,
      "pr_auc": 0.9996897675119667,
      "ece": 0.10784385315565947,
      "mce": 0.6937975262873064,
      "mae": 0.11024331681446334,
      "rmse": 0.2137624525677558,
      "encryption_time": 0.34044337272644043,
      "aggregation_time": 0.32469725608825684,
      "decryption_time": 0.0,
      "total_time": 0.6651406288146973,
      "is_encrypted": true,
      "improvement": 0.9318,
      "best_accuracy": 0.9318
    },
    {
      "round": 2,
      "accuracy": 0.8965,
      "f1_score": 0.8929347263887453,
      "precision": 0.8065782096804336,
      "recall": 1.0,
      "auc": 0.9997508574872217,
      "pr_auc": 0.9996983507469477,
      "ece": 0.11802650069911304,
      "mce": 0.7793494841905779,
      "mae": 0.12029092222542119,
      "rmse": 0.2467871340687151,
      "encryption_time": 0.3501906394958496,
      "aggregation_time": 0.3293149471282959,
      "decryption_time": 0.0,
      "total_time": 0.6795055866241455,
      "is_encrypted": true,
      "improvement": -0.0353,
      "best_accuracy": 0.9318
    },
    {
      "round": 3,
      "accuracy": 0.898,
      "f1_score": 0.8943224202237878,
      "precision": 0.8088455772113943,
      "recall": 1.0,
      "auc": 0.9997463328113516,
      "pr_auc": 0.9996935846028484,
      "ece": 0.1179449431109098,
      "mce": 0.7809978293992488,
      "mae": 0.12021229579188178,
      "rmse": 0.2464888363693537,
      "encryption_time": 0.36070823669433594,
      "aggregation_time": 0.34195542335510254,
      "decryption_time": 0.0,
      "total_time": 0.7026636600494385,
      "is_encrypted": true,
      "improvement": -0.03379999999999994,
      "best_accuracy": 0.9318
    },
    {
      "round": 4,
      "accuracy": 0.8972,
      "f1_score": 0.8935817805383023,
      "precision": 0.8076347305389222,
      "recall": 1.0,
      "auc": 0.9997616596413261,
      "pr_auc": 0.9997104320116279,
      "ece": 0.11796259628503895,
      "mce": 0.7649718960247026,
      "mae": 0.12025147880441323,
      "rmse": 0.24597492434323023,
      "encryption_time": 0.5457642078399658,
      "aggregation_time": 0.5222265720367432,
      "decryption_time": 0.0,
      "total_time": 1.067990779876709,
      "is_encrypted": true,
      "improvement": -0.034599999999999964,
      "best_accuracy": 0.9318
    },
    {
      "round": 5,
      "accuracy": 0.8957,
      "f1_score": 0.8921963824289406,
      "precision": 0.8053741369658518,
      "recall": 1.0,
      "auc": 0.9997508574872216,
      "pr_auc": 0.9996979959519778,
      "ece": 0.11874435225558089,
      "mce": 0.7998996040210482,
      "mae": 0.12116214194681708,
      "rmse": 0.2481032421164924,
      "encryption_time": 0.42678236961364746,
      "aggregation_time": 0.40754103660583496,
      "decryption_time": 0.0,
      "total_time": 0.8343234062194824,
      "is_encrypted": true,
      "improvement": -0.03609999999999991,
      "best_accuracy": 0.9318
    },
    {
      "round": 6,
      "accuracy": 0.8988,
      "f1_score": 0.8950642886768976,
      "precision": 0.81006006006006,
      "recall": 1.0,
      "auc": 0.9997469442540367,
      "pr_auc": 0.999693735161238,
      "ece": 0.11714656281154912,
      "mce": 0.7920479854073915,
      "mae": 0.11940505539644242,
      "rmse": 0.24564293398675116,
      "encryption_time": 0.4058046340942383,
      "aggregation_time": 0.388960599899292,
      "decryption_time": 0.0,
      "total_time": 0.7947652339935303,
      "is_encrypted": true,
      "improvement": -0.03299999999999992,
      "best_accuracy": 0.9318
    },
    {
      "round": 7,
      "accuracy": 0.8992,
      "f1_score": 0.8954356846473029,
      "precision": 0.8106686701728024,
      "recall": 1.0,
      "auc": 0.999759662261888,
      "pr_auc": 0.9997076822744319,
      "ece": 0.11654956438920927,
      "mce": 0.7719655144937732,
      "mae": 0.1186482854751225,
      "rmse": 0.24365592529368482,
      "encryption_time": 0.3419961929321289,
      "aggregation_time": 0.32441234588623047,
      "decryption_time": 0.0,
      "total_time": 0.6664085388183594,
      "is_encrypted": true,
      "improvement": -0.03259999999999996,
      "best_accuracy": 0.9318
    },
    {
      "round": 8,
      "accuracy": 0.8985,
      "f1_score": 0.8947859438167306,
      "precision": 0.8096042018383043,
      "recall": 1.0,
      "auc": 0.9997420119497098,
      "pr_auc": 0.9996882807060389,
      "ece": 0.11747253236222151,
      "mce": 0.7909677751825906,
      "mae": 0.11974428424374556,
      "rmse": 0.24576862737692615,
      "encryption_time": 0.3428618907928467,
      "aggregation_time": 0.32526516914367676,
      "decryption_time": 0.0,
      "total_time": 0.6681270599365234,
      "is_encrypted": true,
      "improvement": -0.033299999999999996,
      "best_accuracy": 0.9318
    },
    {
      "round": 9,
      "accuracy": 0.8986,
      "f1_score": 0.894878706199461,
      "precision": 0.8097560975609757,
      "recall": 1.0,
      "auc": 0.9997464958627341,
      "pr_auc": 0.9996930651900368,
      "ece": 0.11747373515731228,
      "mce": 0.7895263985633156,
      "mae": 0.11904366521659568,
      "rmse": 0.24430901326747936,
      "encryption_time": 0.34558820724487305,
      "aggregation_time": 0.32854628562927246,
      "decryption_time": 0.0,
      "total_time": 0.6741344928741455,
      "is_encrypted": true,
      "improvement": -0.03320000000000001,
      "best_accuracy": 0.9318
    },
    {
      "round": 10,
      "accuracy": 0.9001,
      "f1_score": 0.8962724535354584,
      "precision": 0.812041392285983,
      "recall": 1.0,
      "auc": 0.9997589692935114,
      "pr_auc": 0.9997067344165476,
      "ece": 0.1163173296262425,
      "mce": 0.7840153942227308,
      "mae": 0.11841394239808632,
      "rmse": 0.24287434231908667,
      "encryption_time": 0.3446950912475586,
      "aggregation_time": 0.3245670795440674,
      "decryption_time": 0.0,
      "total_time": 0.669262170791626,
      "is_encrypted": true,
      "improvement": -0.03169999999999995,
      "best_accuracy": 0.9318
    },
    {
      "round": 11,
      "accuracy": 0.8974,
      "f1_score": 0.8937668254296955,
      "precision": 0.8079371022089106,
      "recall": 1.0,
      "auc": 0.9997445800089874,
      "pr_auc": 0.9996910606695649,
      "ece": 0.11792831593924381,
      "mce": 0.7995973739976627,
      "mae": 0.11964847720258803,
      "rmse": 0.24571441074457623,
      "encryption_time": 0.33915019035339355,
      "aggregation_time": 0.323056697845459,
      "decryption_time": 0.0,
      "total_time": 0.6622068881988525,
      "is_encrypted": true,
      "improvement": -0.034399999999999986,
      "best_accuracy": 0.9318
    },
    {
      "round": 12,
      "accuracy": 0.8983,
      "f1_score": 0.8946004767333402,
      "precision": 0.8093005812863304,
      "recall": 1.0,
      "auc": 0.999708015736415,
      "pr_auc": 0.9996517063540195,
      "ece": 0.11637995777878915,
      "mce": 0.7978030998361098,
      "mae": 0.12049408947189535,
      "rmse": 0.24784688347971884,
      "encryption_time": 0.34903883934020996,
      "aggregation_time": 0.3312511444091797,
      "decryption_time": 0.0,
      "total_time": 0.6802899837493896,
      "is_encrypted": true,
      "improvement": -0.033499999999999974,
      "best_accuracy": 0.9318
    },
    {
      "round": 13,
      "accuracy": 0.8978,
      "f1_score": 0.8941371452247773,
      "precision": 0.808542525290371,
      "recall": 1.0,
      "auc": 0.9997645945662148,
      "pr_auc": 0.9997132800477538,
      "ece": 0.11788751225119103,
      "mce": 0.771897700591988,
      "mae": 0.11946177210717131,
      "rmse": 0.24477983868397074,
      "encryption_time": 0.3430759906768799,
      "aggregation_time": 0.32521486282348633,
      "decryption_time": 0.0,
      "total_time": 0.6682908535003662,
      "is_encrypted": true,
      "improvement": -0.03399999999999992,
      "best_accuracy": 0.9318
    },
    {
      "round": 14,
      "accuracy": 0.8979,
      "f1_score": 0.8942297731275252,
      "precision": 0.8086940228592843,
      "recall": 1.0,
      "auc": 0.9997454767915923,
      "pr_auc": 0.9996921304837413,
      "ece": 0.11802502984526023,
      "mce": 0.7890669004991786,
      "mae": 0.11993880353373633,
      "rmse": 0.2459931568986998,
      "encryption_time": 0.3497166633605957,
      "aggregation_time": 0.32651758193969727,
      "decryption_time": 0.0,
      "total_time": 0.676234245300293,
      "is_encrypted": true,
      "improvement": -0.03389999999999993,
      "best_accuracy": 0.9318
    },
    {
      "round": 15,
      "accuracy": 0.8983,
      "f1_score": 0.8946004767333402,
      "precision": 0.8093005812863304,
      "recall": 1.0,
      "auc": 0.999756115894314,
      "pr_auc": 0.9997039811584821,
      "ece": 0.117198541921304,
      "mce": 0.765273684742404,
      "mae": 0.11915111434271107,
      "rmse": 0.24407912332100337,
      "encryption_time": 0.3642997741699219,
      "aggregation_time": 0.3464946746826172,
      "decryption_time": 0.0,
      "total_time": 0.7107944488525391,
      "is_encrypted": true,
      "improvement": -0.033499999999999974,
      "best_accuracy": 0.9318
    },
    {
      "round": 16,
      "accuracy": 0.8974,
      "f1_score": 0.8937668254296955,
      "precision": 0.8079371022089106,
      "recall": 1.0,
      "auc": 0.9997396884675062,
      "pr_auc": 0.9996855019373396,
      "ece": 0.11768956730843189,
      "mce": 0.7930187528884378,
      "mae": 0.11978213268830282,
      "rmse": 0.24598482387715365,
      "encryption_time": 0.3740718364715576,
      "aggregation_time": 0.3550691604614258,
      "decryption_time": 0.0,
      "total_time": 0.7291409969329834,
      "is_encrypted": true,
      "improvement": -0.034399999999999986,
      "best_accuracy": 0.9318
    },
    {
      "round": 17,
      "accuracy": 0.8965,
      "f1_score": 0.8929347263887453,
      "precision": 0.8065782096804336,
      "recall": 1.0,
      "auc": 0.9997401368588086,
      "pr_auc": 0.9996861289012553,
      "ece": 0.11776410533662456,
      "mce": 0.8046150339392344,
      "mae": 0.12018958007270135,
      "rmse": 0.24746815709743641,
      "encryption_time": 0.3748142719268799,
      "aggregation_time": 0.35705041885375977,
      "decryption_time": 0.0,
      "total_time": 0.7318646907806396,
      "is_encrypted": true,
      "improvement": -0.0353,
      "best_accuracy": 0.9318
    },
    {
      "round": 18,
      "accuracy": 0.8976,
      "f1_score": 0.8939519469759735,
      "precision": 0.8082397003745319,
      "recall": 1.0,
      "auc": 0.9997580317480609,
      "pr_auc": 0.9997057528347213,
      "ece": 0.1185854742766938,
      "mce": 0.7750788313741397,
      "mae": 0.12049450516810971,
      "rmse": 0.24626348953182817,
      "encryption_time": 0.36710357666015625,
      "aggregation_time": 0.35015082359313965,
      "decryption_time": 0.0,
      "total_time": 0.7172544002532959,
      "is_encrypted": true,
      "improvement": -0.03420000000000001,
      "best_accuracy": 0.9318
    },
    {
      "round": 19,
      "accuracy": 0.8971,
      "f1_score": 0.8934892868233102,
      "precision": 0.8074836295603368,
      "recall": 1.0,
      "auc": 0.9997614965899434,
      "pr_auc": 0.9997096850889077,
      "ece": 0.11772906941694553,
      "mce": 0.7775444913301861,
      "mae": 0.11981332177214185,
      "rmse": 0.24566363510399575,
      "encryption_time": 0.3667929172515869,
      "aggregation_time": 0.3501131534576416,
      "decryption_time": 0.0,
      "total_time": 0.7169060707092285,
      "is_encrypted": true,
      "improvement": -0.03469999999999995,
      "best_accuracy": 0.9318
    },
    {
      "round": 20,
      "accuracy": 0.8968,
      "f1_score": 0.8932119205298014,
      "precision": 0.8070306656694092,
      "recall": 1.0,
      "auc": 0.9997676517796407,
      "pr_auc": 0.9997164382642548,
      "ece": 0.11802097664879413,
      "mce": 0.7633057434958788,
      "mae": 0.11994286172607976,
      "rmse": 0.24553135440160748,
      "encryption_time": 0.3643767833709717,
      "aggregation_time": 0.34654998779296875,
      "decryption_time": 0.0,
      "total_time": 0.7109267711639404,
      "is_encrypted": true,
      "improvement": -0.03499999999999992,
      "best_accuracy": 0.9318
    },
    {
      "round": 21,
      "accuracy": 0.898,
      "f1_score": 0.8943224202237878,
      "precision": 0.8088455772113943,
      "recall": 1.0,
      "auc": 0.9997772310483748,
      "pr_auc": 0.999727135201865,
      "ece": 0.11759448984724721,
      "mce": 0.7711120574707272,
      "mae": 0.11898294795692493,
      "rmse": 0.2436208988049263,
      "encryption_time": 0.3644282817840576,
      "aggregation_time": 0.3465747833251953,
      "decryption_time": 0.0,
      "total_time": 0.7110030651092529,
      "is_encrypted": true,
      "improvement": -0.03379999999999994,
      "best_accuracy": 0.9318
    },
    {
      "round": 22,
      "accuracy": 0.8978,
      "f1_score": 0.8941371452247773,
      "precision": 0.808542525290371,
      "recall": 1.0,
      "auc": 0.9997381802422161,
      "pr_auc": 0.9996839307379352,
      "ece": 0.1179042601506456,
      "mce": 0.8028695155918357,
      "mae": 0.12016688948187478,
      "rmse": 0.2468186732038181,
      "encryption_time": 0.45096659660339355,
      "aggregation_time": 0.42780089378356934,
      "decryption_time": 0.0,
      "total_time": 0.8787674903869629,
      "is_encrypted": true,
      "improvement": -0.03399999999999992,
      "best_accuracy": 0.9318
    },
    {
      "round": 23,
      "accuracy": 0.8988,
      "f1_score": 0.8950642886768976,
      "precision": 0.81006006006006,
      "recall": 1.0,
      "auc": 0.9997550560603263,
      "pr_auc": 0.9997029893581921,
      "ece": 0.11760464458527695,
      "mce": 0.7676587470615102,
      "mae": 0.1197322793980822,
      "rmse": 0.2452324568258805,
      "encryption_time": 0.4824824333190918,
      "aggregation_time": 0.46199584007263184,
      "decryption_time": 0.0,
      "total_time": 0.9444782733917236,
      "is_encrypted": true,
      "improvement": -0.03299999999999992,
      "best_accuracy": 0.9318
    },
    {
      "round": 24,
      "accuracy": 0.8975,
      "f1_score": 0.8938593766179973,
      "precision": 0.8080883729638645,
      "recall": 1.0,
      "auc": 0.9997458436572033,
      "pr_auc": 0.9996924846956744,
      "ece": 0.11810073358160907,
      "mce": 0.7896181459293319,
      "mae": 0.11983430226306818,
      "rmse": 0.24601884710069663,
      "encryption_time": 0.4055440425872803,
      "aggregation_time": 0.3836402893066406,
      "decryption_time": 0.0,
      "total_time": 0.7891843318939209,
      "is_encrypted": true,
      "improvement": -0.0343,
      "best_accuracy": 0.9318
    },
    {
      "round": 25,
      "accuracy": 0.8989,
      "f1_score": 0.8951571087835736,
      "precision": 0.8102121269006946,
      "recall": 1.0,
      "auc": 0.9997230979893156,
      "pr_auc": 0.9996682083317149,
      "ece": 0.11743116420891625,
      "mce": 0.7956503605298448,
      "mae": 0.12027039892007466,
      "rmse": 0.24666332464745766,
      "encryption_time": 0.4109818935394287,
      "aggregation_time": 0.3935704231262207,
      "decryption_time": 0.0,
      "total_time": 0.8045523166656494,
      "is_encrypted": true,
      "improvement": -0.03289999999999993,
      "best_accuracy": 0.9318
    },
    {
      "round": 26,
      "accuracy": 0.8979,
      "f1_score": 0.8942297731275252,
      "precision": 0.8086940228592843,
      "recall": 1.0,
      "auc": 0.9997546891947153,
      "pr_auc": 0.9997021484196676,
      "ece": 0.11785233531664199,
      "mce": 0.7716216342153719,
      "mae": 0.12014323074808203,
      "rmse": 0.24624353279375488,
      "encryption_time": 0.41081666946411133,
      "aggregation_time": 0.38399624824523926,
      "decryption_time": 0.0,
      "total_time": 0.7948129177093506,
      "is_encrypted": true,
      "improvement": -0.03389999999999993,
      "best_accuracy": 0.9318
    },
    {
      "round": 27,
      "accuracy": 0.8985,
      "f1_score": 0.8947859438167306,
      "precision": 0.8096042018383043,
      "recall": 1.0,
      "auc": 0.9997471073054194,
      "pr_auc": 0.9996945158780538,
      "ece": 0.11725802129388503,
      "mce": 0.7807477517765689,
      "mae": 0.11953072402251005,
      "rmse": 0.24573214724839967,
      "encryption_time": 0.3963301181793213,
      "aggregation_time": 0.37474775314331055,
      "decryption_time": 0.0,
      "total_time": 0.7710778713226318,
      "is_encrypted": true,
      "improvement": -0.033299999999999996,
      "best_accuracy": 0.9318
    },
    {
      "round": 28,
      "accuracy": 0.8968,
      "f1_score": 0.8932119205298014,
      "precision": 0.8070306656694092,
      "recall": 1.0,
      "auc": 0.9997374872738396,
      "pr_auc": 0.9996832264360778,
      "ece": 0.1184392006528866,
      "mce": 0.802136432715702,
      "mae": 0.12051172937322067,
      "rmse": 0.24755235219722985,
      "encryption_time": 0.4003629684448242,
      "aggregation_time": 0.37018918991088867,
      "decryption_time": 0.0,
      "total_time": 0.7705521583557129,
      "is_encrypted": true,
      "improvement": -0.03499999999999992,
      "best_accuracy": 0.9318
    },
    {
      "round": 29,
      "accuracy": 0.8971,
      "f1_score": 0.8934892868233102,
      "precision": 0.8074836295603368,
      "recall": 1.0,
      "auc": 0.9997726248468132,
      "pr_auc": 0.9997224572425932,
      "ece": 0.1174317782997627,
      "mce": 0.7568523430279985,
      "mae": 0.11953813918160054,
      "rmse": 0.24444549641327984,
      "encryption_time": 0.6206433773040771,
      "aggregation_time": 0.6060287952423096,
      "decryption_time": 0.0,
      "total_time": 1.2266721725463867,
      "is_encrypted": true,
      "improvement": -0.03469999999999995,
      "best_accuracy": 0.9318
    },
    {
      "round": 30,
      "accuracy": 0.8983,
      "f1_score": 0.8946004767333402,
      "precision": 0.8093005812863304,
      "recall": 1.0,
      "auc": 0.9997615781156348,
      "pr_auc": 0.9997098905704535,
      "ece": 0.1173821498569791,
      "mce": 0.7609964699408103,
      "mae": 0.11914496151997385,
      "rmse": 0.24397434331810375,
      "encryption_time": 0.3757803440093994,
      "aggregation_time": 0.3566615581512451,
      "decryption_time": 0.0,
      "total_time": 0.7324419021606445,
      "is_encrypted": true,
      "improvement": -0.033499999999999974,
      "best_accuracy": 0.9318
    }
  ]
}