{
  "pipeline_info": {
    "type": "fhe",
    "rounds": 60,
    "clients": 10,
    "timestamp": "2025-09-16 12:02:11",
    "total_samples": 2000,
    "one_class_clients": 1,
    "one_class_percentage": 10.0
  },
  "final_performance": {
    "accuracy": 0.854,
    "f1_score": 0.8372352285395763,
    "precision": 0.7200383509108341,
    "recall": 1.0,
    "auc": 0.999519189252867,
    "pr_auc": 0.9992177084363998,
    "mae": 0.15465983474745026,
    "rmse": 0.3141272228287436,
    "ece": 0.1508833195651194,
    "mce": 0.8349768181027876
  },
  "performance_trends": {
    "initial_accuracy": 0.9155,
    "final_accuracy": 0.854,
    "accuracy_improvement": -0.0615,
    "best_accuracy": 0.9155,
    "final_f1": 0.8372352285395763,
    "best_f1": 0.8988629563135847
  },
  "timing_statistics": {
    "total_encryption_time": 4.75342059135437,
    "total_aggregation_time": 4.13730788230896,
    "total_evaluation_time": 0,
    "total_time": 8.89072847366333,
    "avg_round_time": 0.14817880789438884,
    "avg_encryption_time": 0.07922367652257284,
    "avg_aggregation_time": 0.068955131371816
  },
  "round_details": [
    {
      "round": 1,
      "accuracy": 0.9155,
      "f1_score": 0.8988629563135847,
      "precision": 0.816304347826087,
      "recall": 1.0,
      "auc": 0.9999925373054769,
      "pr_auc": 0.9999876729937406,
      "ece": 0.11104589781793414,
      "mce": 0.7507625062907053,
      "mae": 0.1113809388092462,
      "rmse": 0.2273733800851647,
      "encryption_time": 0.08552050590515137,
      "aggregation_time": 0.0730600357055664,
      "decryption_time": 0.0,
      "total_time": 0.15858054161071777,
      "is_encrypted": true,
      "improvement": 0.9155,
      "best_accuracy": 0.9155
    },
    {
      "round": 2,
      "accuracy": 0.8535,
      "f1_score": 0.8367688022284122,
      "precision": 0.7193486590038314,
      "recall": 1.0,
      "auc": 0.9997633259736951,
      "pr_auc": 0.9996164324656592,
      "ece": 0.1498651207807776,
      "mce": 0.8299555185928104,
      "mae": 0.15314873415260735,
      "rmse": 0.3113371179301811,
      "encryption_time": 0.08479428291320801,
      "aggregation_time": 0.07217144966125488,
      "decryption_time": 0.0,
      "total_time": 0.1569657325744629,
      "is_encrypted": true,
      "improvement": -0.061999999999999944,
      "best_accuracy": 0.9155
    },
    {
      "round": 3,
      "accuracy": 0.852,
      "f1_score": 0.8353726362625139,
      "precision": 0.7172874880611271,
      "recall": 1.0,
      "auc": 0.9996716414409824,
      "pr_auc": 0.999464409510377,
      "ece": 0.15193675140788193,
      "mce": 0.8341427640332806,
      "mae": 0.1553195881509604,
      "rmse": 0.3151203776299761,
      "encryption_time": 0.08298921585083008,
      "aggregation_time": 0.07273364067077637,
      "decryption_time": 0.0,
      "total_time": 0.15572285652160645,
      "is_encrypted": true,
      "improvement": -0.0635,
      "best_accuracy": 0.9155
    },
    {
      "round": 4,
      "accuracy": 0.853,
      "f1_score": 0.8363028953229399,
      "precision": 0.7186602870813397,
      "recall": 1.0,
      "auc": 0.9997793174619589,
      "pr_auc": 0.999643321131561,
      "ece": 0.14860379739433216,
      "mce": 0.8324238163987899,
      "mae": 0.1521498100582701,
      "rmse": 0.3083090294842116,
      "encryption_time": 0.07657074928283691,
      "aggregation_time": 0.06694555282592773,
      "decryption_time": 0.0,
      "total_time": 0.14351630210876465,
      "is_encrypted": true,
      "improvement": -0.0625,
      "best_accuracy": 0.9155
    },
    {
      "round": 5,
      "accuracy": 0.852,
      "f1_score": 0.8353726362625139,
      "precision": 0.7172874880611271,
      "recall": 1.0,
      "auc": 0.999597014495751,
      "pr_auc": 0.9993414967485738,
      "ece": 0.15457573208257808,
      "mce": 0.8339896094115224,
      "mae": 0.15824585039088723,
      "rmse": 0.3182846151463136,
      "encryption_time": 0.07071733474731445,
      "aggregation_time": 0.061905860900878906,
      "decryption_time": 0.0,
      "total_time": 0.13262319564819336,
      "is_encrypted": true,
      "improvement": -0.0635,
      "best_accuracy": 0.9155
    },
    {
      "round": 6,
      "accuracy": 0.852,
      "f1_score": 0.8353726362625139,
      "precision": 0.7172874880611271,
      "recall": 1.0,
      "auc": 0.9997835818588292,
      "pr_auc": 0.9996513075503743,
      "ece": 0.15195795985479169,
      "mce": 0.8339709431074187,
      "mae": 0.15522562233851867,
      "rmse": 0.31382889992849006,
      "encryption_time": 0.07908868789672852,
      "aggregation_time": 0.06704974174499512,
      "decryption_time": 0.0,
      "total_time": 0.14613842964172363,
      "is_encrypted": true,
      "improvement": -0.0635,
      "best_accuracy": 0.9155
    },
    {
      "round": 7,
      "accuracy": 0.852,
      "f1_score": 0.8353726362625139,
      "precision": 0.7172874880611271,
      "recall": 1.0,
      "auc": 0.9995447756340892,
      "pr_auc": 0.9992572247799265,
      "ece": 0.1529976691241497,
      "mce": 0.8350960913256105,
      "mae": 0.1565560815326786,
      "rmse": 0.3173025423769488,
      "encryption_time": 0.07532548904418945,
      "aggregation_time": 0.0647275447845459,
      "decryption_time": 0.0,
      "total_time": 0.14005303382873535,
      "is_encrypted": true,
      "improvement": -0.0635,
      "best_accuracy": 0.9155
    },
    {
      "round": 8,
      "accuracy": 0.853,
      "f1_score": 0.8363028953229399,
      "precision": 0.7186602870813397,
      "recall": 1.0,
      "auc": 0.9996535177542833,
      "pr_auc": 0.999436538882227,
      "ece": 0.15156183906527196,
      "mce": 0.831615156758089,
      "mae": 0.15500486588687745,
      "rmse": 0.3144720277819306,
      "encryption_time": 0.07568597793579102,
      "aggregation_time": 0.06434345245361328,
      "decryption_time": 0.0,
      "total_time": 0.1400294303894043,
      "is_encrypted": true,
      "improvement": -0.0625,
      "best_accuracy": 0.9155
    },
    {
      "round": 9,
      "accuracy": 0.848,
      "f1_score": 0.831672203765227,
      "precision": 0.7118483412322275,
      "recall": 1.0,
      "auc": 0.9996364601668019,
      "pr_auc": 0.999413195122414,
      "ece": 0.15344645377347851,
      "mce": 0.831949846433905,
      "mae": 0.15681348254041408,
      "rmse": 0.3176558772698127,
      "encryption_time": 0.07833480834960938,
      "aggregation_time": 0.06862759590148926,
      "decryption_time": 0.0,
      "total_time": 0.14696240425109863,
      "is_encrypted": true,
      "improvement": -0.0675,
      "best_accuracy": 0.9155
    },
    {
      "round": 10,
      "accuracy": 0.854,
      "f1_score": 0.8372352285395763,
      "precision": 0.7200383509108341,
      "recall": 1.0,
      "auc": 0.999578890809052,
      "pr_auc": 0.9993187085697358,
      "ece": 0.1493496818966288,
      "mce": 0.8371063544099097,
      "mae": 0.15293783961229016,
      "rmse": 0.31252314651149704,
      "encryption_time": 0.0753169059753418,
      "aggregation_time": 0.06816458702087402,
      "decryption_time": 0.0,
      "total_time": 0.14348149299621582,
      "is_encrypted": true,
      "improvement": -0.0615,
      "best_accuracy": 0.9155
    },
    {
      "round": 11,
      "accuracy": 0.854,
      "f1_score": 0.8372352285395763,
      "precision": 0.7200383509108341,
      "recall": 1.0,
      "auc": 0.9996577821511538,
      "pr_auc": 0.9994425481151628,
      "ece": 0.15143911171977625,
      "mce": 0.834030462657092,
      "mae": 0.15494212685737688,
      "rmse": 0.31421706354591794,
      "encryption_time": 0.07761359214782715,
      "aggregation_time": 0.07045960426330566,
      "decryption_time": 0.0,
      "total_time": 0.1480731964111328,
      "is_encrypted": true,
      "improvement": -0.0615,
      "best_accuracy": 0.9155
    },
    {
      "round": 12,
      "accuracy": 0.851,
      "f1_score": 0.8344444444444444,
      "precision": 0.7159199237368923,
      "recall": 1.0,
      "auc": 0.9998571427048429,
      "pr_auc": 0.9997681083112515,
      "ece": 0.15087249803027186,
      "mce": 0.8327380515006764,
      "mae": 0.15420502128893404,
      "rmse": 0.31115514772965747,
      "encryption_time": 0.07513141632080078,
      "aggregation_time": 0.06565046310424805,
      "decryption_time": 0.0,
      "total_time": 0.14078187942504883,
      "is_encrypted": true,
      "improvement": -0.0645,
      "best_accuracy": 0.9155
    },
    {
      "round": 13,
      "accuracy": 0.8525,
      "f1_score": 0.8358375069560379,
      "precision": 0.7179732313575525,
      "recall": 1.0,
      "auc": 0.9997409378901256,
      "pr_auc": 0.9995773869387757,
      "ece": 0.1512474334200525,
      "mce": 0.8313556459413295,
      "mae": 0.15453243172060735,
      "rmse": 0.313702136926176,
      "encryption_time": 0.07156133651733398,
      "aggregation_time": 0.0628213882446289,
      "decryption_time": 0.0,
      "total_time": 0.1343827247619629,
      "is_encrypted": true,
      "improvement": -0.06299999999999994,
      "best_accuracy": 0.9155
    },
    {
      "round": 14,
      "accuracy": 0.853,
      "f1_score": 0.8363028953229399,
      "precision": 0.7186602870813397,
      "recall": 1.0,
      "auc": 0.9997153515089036,
      "pr_auc": 0.9995395303069936,
      "ece": 0.15078264267056352,
      "mce": 0.8343147391511928,
      "mae": 0.15431550488029205,
      "rmse": 0.3125421520233549,
      "encryption_time": 0.07836008071899414,
      "aggregation_time": 0.06749582290649414,
      "decryption_time": 0.0,
      "total_time": 0.14585590362548828,
      "is_encrypted": true,
      "improvement": -0.0625,
      "best_accuracy": 0.9155
    },
    {
      "round": 15,
      "accuracy": 0.8525,
      "f1_score": 0.8358375069560379,
      "precision": 0.7179732313575525,
      "recall": 1.0,
      "auc": 0.99970362441751,
      "pr_auc": 0.9995200834282112,
      "ece": 0.1515814742892663,
      "mce": 0.8320781069524639,
      "mae": 0.15492217966083077,
      "rmse": 0.31430255317840516,
      "encryption_time": 0.08058643341064453,
      "aggregation_time": 0.06947064399719238,
      "decryption_time": 0.0,
      "total_time": 0.15005707740783691,
      "is_encrypted": true,
      "improvement": -0.06299999999999994,
      "best_accuracy": 0.9155
    },
    {
      "round": 16,
      "accuracy": 0.8545,
      "f1_score": 0.8377021751254881,
      "precision": 0.7207293666026872,
      "recall": 1.0,
      "auc": 0.9998198292322273,
      "pr_auc": 0.9997088939488863,
      "ece": 0.15028475376623204,
      "mce": 0.8334406510758108,
      "mae": 0.15357448522231043,
      "rmse": 0.31117282496261534,
      "encryption_time": 0.07562136650085449,
      "aggregation_time": 0.0683448314666748,
      "decryption_time": 0.0,
      "total_time": 0.1439661979675293,
      "is_encrypted": true,
      "improvement": -0.06099999999999994,
      "best_accuracy": 0.9155
    },
    {
      "round": 17,
      "accuracy": 0.8515,
      "f1_score": 0.8349082823790995,
      "precision": 0.7166030534351145,
      "recall": 1.0,
      "auc": 0.9997750530650886,
      "pr_auc": 0.9996365516857519,
      "ece": 0.15287092693835957,
      "mce": 0.831308718738382,
      "mae": 0.15616006088724374,
      "rmse": 0.3149820834323935,
      "encryption_time": 0.07737398147583008,
      "aggregation_time": 0.0675814151763916,
      "decryption_time": 0.0,
      "total_time": 0.14495539665222168,
      "is_encrypted": true,
      "improvement": -0.06399999999999995,
      "best_accuracy": 0.9155
    },
    {
      "round": 18,
      "accuracy": 0.852,
      "f1_score": 0.8353726362625139,
      "precision": 0.7172874880611271,
      "recall": 1.0,
      "auc": 0.9996375262660195,
      "pr_auc": 0.9994117336713806,
      "ece": 0.15020779421636,
      "mce": 0.8349277918658599,
      "mae": 0.1536467733971878,
      "rmse": 0.31306889476007926,
      "encryption_time": 0.0708620548248291,
      "aggregation_time": 0.06144261360168457,
      "decryption_time": 0.0,
      "total_time": 0.13230466842651367,
      "is_encrypted": true,
      "improvement": -0.0635,
      "best_accuracy": 0.9155
    },
    {
      "round": 19,
      "accuracy": 0.8515,
      "f1_score": 0.8349082823790995,
      "precision": 0.7166030534351145,
      "recall": 1.0,
      "auc": 0.9996855007308111,
      "pr_auc": 0.9994908797216395,
      "ece": 0.15052746430111386,
      "mce": 0.8333310457486641,
      "mae": 0.15388462629293487,
      "rmse": 0.31304577839364905,
      "encryption_time": 0.07358264923095703,
      "aggregation_time": 0.06208443641662598,
      "decryption_time": 0.0,
      "total_time": 0.135667085647583,
      "is_encrypted": true,
      "improvement": -0.06399999999999995,
      "best_accuracy": 0.9155
    },
    {
      "round": 20,
      "accuracy": 0.8535,
      "f1_score": 0.8367688022284122,
      "precision": 0.7193486590038314,
      "recall": 1.0,
      "auc": 0.9997697225690007,
      "pr_auc": 0.9996282501628415,
      "ece": 0.15037954421131766,
      "mce": 0.832568019465513,
      "mae": 0.15369027360692025,
      "rmse": 0.3120638929139272,
      "encryption_time": 0.07451772689819336,
      "aggregation_time": 0.06598591804504395,
      "decryption_time": 0.0,
      "total_time": 0.1405036449432373,
      "is_encrypted": true,
      "improvement": -0.061999999999999944,
      "best_accuracy": 0.9155
    },
    {
      "round": 21,
      "accuracy": 0.8535,
      "f1_score": 0.8367688022284122,
      "precision": 0.7193486590038314,
      "recall": 1.0,
      "auc": 0.9995383790387836,
      "pr_auc": 0.9992521302738661,
      "ece": 0.15027105128409604,
      "mce": 0.8373915391978445,
      "mae": 0.15396471820694574,
      "rmse": 0.31385096310530614,
      "encryption_time": 0.07786202430725098,
      "aggregation_time": 0.06843829154968262,
      "decryption_time": 0.0,
      "total_time": 0.1463003158569336,
      "is_encrypted": true,
      "improvement": -0.061999999999999944,
      "best_accuracy": 0.9155
    },
    {
      "round": 22,
      "accuracy": 0.8555,
      "f1_score": 0.8386376326074818,
      "precision": 0.7221153846153846,
      "recall": 1.0,
      "auc": 0.999578890809052,
      "pr_auc": 0.9993119782952887,
      "ece": 0.1506470178283878,
      "mce": 0.8338759042652444,
      "mae": 0.1542132771313277,
      "rmse": 0.31391068238218567,
      "encryption_time": 0.07755446434020996,
      "aggregation_time": 0.06671261787414551,
      "decryption_time": 0.0,
      "total_time": 0.14426708221435547,
      "is_encrypted": true,
      "improvement": -0.05999999999999994,
      "best_accuracy": 0.9155
    },
    {
      "round": 23,
      "accuracy": 0.853,
      "f1_score": 0.8363028953229399,
      "precision": 0.7186602870813397,
      "recall": 1.0,
      "auc": 0.9997345412948202,
      "pr_auc": 0.9995680880064381,
      "ece": 0.1500104363180551,
      "mce": 0.8318367602370799,
      "mae": 0.15346629845812912,
      "rmse": 0.3117809434801072,
      "encryption_time": 0.07295417785644531,
      "aggregation_time": 0.06573724746704102,
      "decryption_time": 0.0,
      "total_time": 0.13869142532348633,
      "is_encrypted": true,
      "improvement": -0.0625,
      "best_accuracy": 0.9155
    },
    {
      "round": 24,
      "accuracy": 0.852,
      "f1_score": 0.8353726362625139,
      "precision": 0.7172874880611271,
      "recall": 1.0,
      "auc": 0.9995927500988807,
      "pr_auc": 0.9993360288744848,
      "ece": 0.15201687160340369,
      "mce": 0.8340798407265404,
      "mae": 0.15565554692111788,
      "rmse": 0.31525741417589653,
      "encryption_time": 0.07672500610351562,
      "aggregation_time": 0.06480526924133301,
      "decryption_time": 0.0,
      "total_time": 0.14153027534484863,
      "is_encrypted": true,
      "improvement": -0.0635,
      "best_accuracy": 0.9155
    },
    {
      "round": 25,
      "accuracy": 0.853,
      "f1_score": 0.8363028953229399,
      "precision": 0.7186602870813397,
      "recall": 1.0,
      "auc": 0.9997611937752598,
      "pr_auc": 0.9996101552233104,
      "ece": 0.15035645475738402,
      "mce": 0.8342728074190466,
      "mae": 0.1538498952191975,
      "rmse": 0.31171921130142105,
      "encryption_time": 0.0729985237121582,
      "aggregation_time": 0.06441187858581543,
      "decryption_time": 0.0,
      "total_time": 0.13741040229797363,
      "is_encrypted": true,
      "improvement": -0.0625,
      "best_accuracy": 0.9155
    },
    {
      "round": 26,
      "accuracy": 0.852,
      "f1_score": 0.8353726362625139,
      "precision": 0.7172874880611271,
      "recall": 1.0,
      "auc": 0.9996929634253342,
      "pr_auc": 0.9995034184696768,
      "ece": 0.15075575003409641,
      "mce": 0.8319832946252022,
      "mae": 0.15414155058620913,
      "rmse": 0.3133833687588828,
      "encryption_time": 0.12500953674316406,
      "aggregation_time": 0.10819602012634277,
      "decryption_time": 0.0,
      "total_time": 0.23320555686950684,
      "is_encrypted": true,
      "improvement": -0.0635,
      "best_accuracy": 0.9155
    },
    {
      "round": 27,
      "accuracy": 0.851,
      "f1_score": 0.8344444444444444,
      "precision": 0.7159199237368923,
      "recall": 1.0,
      "auc": 0.9997025583182925,
      "pr_auc": 0.9995190084070567,
      "ece": 0.15114847371208184,
      "mce": 0.8338551748910604,
      "mae": 0.15459412239044337,
      "rmse": 0.3134044510015662,
      "encryption_time": 0.10036683082580566,
      "aggregation_time": 0.09096980094909668,
      "decryption_time": 0.0,
      "total_time": 0.19133663177490234,
      "is_encrypted": true,
      "improvement": -0.0645,
      "best_accuracy": 0.9155
    },
    {
      "round": 28,
      "accuracy": 0.852,
      "f1_score": 0.8353726362625139,
      "precision": 0.7172874880611271,
      "recall": 1.0,
      "auc": 0.9996023449918391,
      "pr_auc": 0.9993585634063271,
      "ece": 0.15097332390569607,
      "mce": 0.836525451712477,
      "mae": 0.15442663031700438,
      "rmse": 0.31449728171952396,
      "encryption_time": 0.0739138126373291,
      "aggregation_time": 0.0633392333984375,
      "decryption_time": 0.0,
      "total_time": 0.1372530460357666,
      "is_encrypted": true,
      "improvement": -0.0635,
      "best_accuracy": 0.9155
    },
    {
      "round": 29,
      "accuracy": 0.8525,
      "f1_score": 0.8358375069560379,
      "precision": 0.7179732313575525,
      "recall": 1.0,
      "auc": 0.999786780156482,
      "pr_auc": 0.9996580676718333,
      "ece": 0.1502624232628124,
      "mce": 0.8342569230297757,
      "mae": 0.1536997960882567,
      "rmse": 0.31102867003853063,
      "encryption_time": 0.11606621742248535,
      "aggregation_time": 0.09728002548217773,
      "decryption_time": 0.0,
      "total_time": 0.21334624290466309,
      "is_encrypted": true,
      "improvement": -0.06299999999999994,
      "best_accuracy": 0.9155
    },
    {
      "round": 30,
      "accuracy": 0.8525,
      "f1_score": 0.8358375069560379,
      "precision": 0.7179732313575525,
      "recall": 1.0,
      "auc": 0.9997835818588292,
      "pr_auc": 0.999650964878886,
      "ece": 0.15099744099062556,
      "mce": 0.8350825279784755,
      "mae": 0.15438669446161685,
      "rmse": 0.3120990730682289,
      "encryption_time": 0.1215829849243164,
      "aggregation_time": 0.11054039001464844,
      "decryption_time": 0.0,
      "total_time": 0.23212337493896484,
      "is_encrypted": true,
      "improvement": -0.06299999999999994,
      "best_accuracy": 0.9155
    },
    {
      "round": 31,
      "accuracy": 0.8505,
      "f1_score": 0.8339811215991116,
      "precision": 0.7152380952380952,
      "recall": 1.0,
      "auc": 0.9996663109448944,
      "pr_auc": 0.999458006922816,
      "ece": 0.15172244990132458,
      "mce": 0.835081960322689,
      "mae": 0.15503481524933702,
      "rmse": 0.3150721554335153,
      "encryption_time": 0.07602071762084961,
      "aggregation_time": 0.06520962715148926,
      "decryption_time": 0.0,
      "total_time": 0.14123034477233887,
      "is_encrypted": true,
      "improvement": -0.06499999999999995,
      "best_accuracy": 0.9155
    },
    {
      "round": 32,
      "accuracy": 0.8525,
      "f1_score": 0.8358375069560379,
      "precision": 0.7179732313575525,
      "recall": 1.0,
      "auc": 0.9997206820049915,
      "pr_auc": 0.9995438796644261,
      "ece": 0.15183380201175117,
      "mce": 0.8335701125832277,
      "mae": 0.15543348426331588,
      "rmse": 0.31374163150684964,
      "encryption_time": 0.07527446746826172,
      "aggregation_time": 0.06669044494628906,
      "decryption_time": 0.0,
      "total_time": 0.14196491241455078,
      "is_encrypted": true,
      "improvement": -0.06299999999999994,
      "best_accuracy": 0.9155
    },
    {
      "round": 33,
      "accuracy": 0.8515,
      "f1_score": 0.8349082823790995,
      "precision": 0.7166030534351145,
      "recall": 1.0,
      "auc": 0.9997228142034267,
      "pr_auc": 0.9995522231900877,
      "ece": 0.1498244447158415,
      "mce": 0.8310342937657798,
      "mae": 0.15324934997308845,
      "rmse": 0.31149890890457654,
      "encryption_time": 0.0761864185333252,
      "aggregation_time": 0.06424427032470703,
      "decryption_time": 0.0,
      "total_time": 0.14043068885803223,
      "is_encrypted": true,
      "improvement": -0.06399999999999995,
      "best_accuracy": 0.9155
    },
    {
      "round": 34,
      "accuracy": 0.852,
      "f1_score": 0.8353726362625139,
      "precision": 0.7172874880611271,
      "recall": 1.0,
      "auc": 0.9996460550597601,
      "pr_auc": 0.9994265334857712,
      "ece": 0.15085765832718068,
      "mce": 0.8330029906341481,
      "mae": 0.15422661833995954,
      "rmse": 0.31406358702963083,
      "encryption_time": 0.0751798152923584,
      "aggregation_time": 0.06489396095275879,
      "decryption_time": 0.0,
      "total_time": 0.1400737762451172,
      "is_encrypted": true,
      "improvement": -0.0635,
      "best_accuracy": 0.9155
    },
    {
      "round": 35,
      "accuracy": 0.852,
      "f1_score": 0.8353726362625139,
      "precision": 0.7172874880611271,
      "recall": 1.0,
      "auc": 0.9996897651276814,
      "pr_auc": 0.9994959812862039,
      "ece": 0.15225390836622224,
      "mce": 0.8345266519440357,
      "mae": 0.15576665271007584,
      "rmse": 0.3148650132033218,
      "encryption_time": 0.08052206039428711,
      "aggregation_time": 0.07179975509643555,
      "decryption_time": 0.0,
      "total_time": 0.15232181549072266,
      "is_encrypted": true,
      "improvement": -0.0635,
      "best_accuracy": 0.9155
    },
    {
      "round": 36,
      "accuracy": 0.852,
      "f1_score": 0.8353726362625139,
      "precision": 0.7172874880611271,
      "recall": 1.0,
      "auc": 0.9997963750494404,
      "pr_auc": 0.9996721644197611,
      "ece": 0.15158403383308483,
      "mce": 0.8317933046042975,
      "mae": 0.1548183287004735,
      "rmse": 0.3132714749013164,
      "encryption_time": 0.07499814033508301,
      "aggregation_time": 0.06635093688964844,
      "decryption_time": 0.0,
      "total_time": 0.14134907722473145,
      "is_encrypted": true,
      "improvement": -0.0635,
      "best_accuracy": 0.9155
    },
    {
      "round": 37,
      "accuracy": 0.853,
      "f1_score": 0.8363028953229399,
      "precision": 0.7186602870813397,
      "recall": 1.0,
      "auc": 0.9997814496603942,
      "pr_auc": 0.9996476189697909,
      "ece": 0.14950169465652696,
      "mce": 0.8329286465946457,
      "mae": 0.15287771267487715,
      "rmse": 0.31032242934107307,
      "encryption_time": 0.0786738395690918,
      "aggregation_time": 0.06763696670532227,
      "decryption_time": 0.0,
      "total_time": 0.14631080627441406,
      "is_encrypted": true,
      "improvement": -0.0625,
      "best_accuracy": 0.9155
    },
    {
      "round": 38,
      "accuracy": 0.85,
      "f1_score": 0.8335183129855716,
      "precision": 0.7145575642245481,
      "recall": 1.0,
      "auc": 0.9996311296707139,
      "pr_auc": 0.9993992005782522,
      "ece": 0.15176029018635245,
      "mce": 0.8355502007412278,
      "mae": 0.15529883309921003,
      "rmse": 0.3151027482731065,
      "encryption_time": 0.07522082328796387,
      "aggregation_time": 0.06599974632263184,
      "decryption_time": 0.0,
      "total_time": 0.1412205696105957,
      "is_encrypted": true,
      "improvement": -0.0655,
      "best_accuracy": 0.9155
    },
    {
      "round": 39,
      "accuracy": 0.8515,
      "f1_score": 0.8349082823790995,
      "precision": 0.7166030534351145,
      "recall": 1.0,
      "auc": 0.999757995477607,
      "pr_auc": 0.9996092210173273,
      "ece": 0.15153369957556684,
      "mce": 0.8322424165367057,
      "mae": 0.15498052765270984,
      "rmse": 0.31312395501849677,
      "encryption_time": 0.07396125793457031,
      "aggregation_time": 0.06142783164978027,
      "decryption_time": 0.0,
      "total_time": 0.13538908958435059,
      "is_encrypted": true,
      "improvement": -0.06399999999999995,
      "best_accuracy": 0.9155
    },
    {
      "round": 40,
      "accuracy": 0.8515,
      "f1_score": 0.8349082823790995,
      "precision": 0.7166030534351145,
      "recall": 1.0,
      "auc": 0.9997100210128156,
      "pr_auc": 0.9995333502402601,
      "ece": 0.15013869688339737,
      "mce": 0.833416596344615,
      "mae": 0.15350730737421475,
      "rmse": 0.31239207512086675,
      "encryption_time": 0.07542300224304199,
      "aggregation_time": 0.0664823055267334,
      "decryption_time": 0.0,
      "total_time": 0.1419053077697754,
      "is_encrypted": true,
      "improvement": -0.06399999999999995,
      "best_accuracy": 0.9155
    },
    {
      "round": 41,
      "accuracy": 0.8515,
      "f1_score": 0.8349082823790995,
      "precision": 0.7166030534351145,
      "recall": 1.0,
      "auc": 0.9996791041355055,
      "pr_auc": 0.9994766837784297,
      "ece": 0.15201226246091137,
      "mce": 0.833881300792221,
      "mae": 0.15549091784128002,
      "rmse": 0.31485404240461295,
      "encryption_time": 0.07476592063903809,
      "aggregation_time": 0.06539201736450195,
      "decryption_time": 0.0,
      "total_time": 0.14015793800354004,
      "is_encrypted": true,
      "improvement": -0.06399999999999995,
      "best_accuracy": 0.9155
    },
    {
      "round": 42,
      "accuracy": 0.851,
      "f1_score": 0.8344444444444444,
      "precision": 0.7159199237368923,
      "recall": 1.0,
      "auc": 0.9997345412948202,
      "pr_auc": 0.9995716083304947,
      "ece": 0.15252754812637825,
      "mce": 0.8322921778488658,
      "mae": 0.15581951228580607,
      "rmse": 0.3155369308683064,
      "encryption_time": 0.07129549980163574,
      "aggregation_time": 0.06354475021362305,
      "decryption_time": 0.0,
      "total_time": 0.1348402500152588,
      "is_encrypted": true,
      "improvement": -0.0645,
      "best_accuracy": 0.9155
    },
    {
      "round": 43,
      "accuracy": 0.852,
      "f1_score": 0.8353726362625139,
      "precision": 0.7172874880611271,
      "recall": 1.0,
      "auc": 0.9996791041355055,
      "pr_auc": 0.999485352105873,
      "ece": 0.14956758145261292,
      "mce": 0.8328883709625937,
      "mae": 0.15285503673860443,
      "rmse": 0.3121403946539079,
      "encryption_time": 0.07614755630493164,
      "aggregation_time": 0.06345868110656738,
      "decryption_time": 0.0,
      "total_time": 0.13960623741149902,
      "is_encrypted": true,
      "improvement": -0.0635,
      "best_accuracy": 0.9155
    },
    {
      "round": 44,
      "accuracy": 0.8505,
      "f1_score": 0.8339811215991116,
      "precision": 0.7152380952380952,
      "recall": 1.0,
      "auc": 0.999633261869149,
      "pr_auc": 0.999404846669772,
      "ece": 0.15084693100126836,
      "mce": 0.8354861098531432,
      "mae": 0.15435221628242232,
      "rmse": 0.3138579425898597,
      "encryption_time": 0.07627582550048828,
      "aggregation_time": 0.06505131721496582,
      "decryption_time": 0.0,
      "total_time": 0.1413271427154541,
      "is_encrypted": true,
      "improvement": -0.06499999999999995,
      "best_accuracy": 0.9155
    },
    {
      "round": 45,
      "accuracy": 0.853,
      "f1_score": 0.8363028953229399,
      "precision": 0.7186602870813397,
      "recall": 1.0,
      "auc": 0.9998006394463107,
      "pr_auc": 0.9996827715286936,
      "ece": 0.14969196321591893,
      "mce": 0.8350035540665537,
      "mae": 0.15301291952628504,
      "rmse": 0.3104284917722551,
      "encryption_time": 0.07458376884460449,
      "aggregation_time": 0.06591606140136719,
      "decryption_time": 0.0,
      "total_time": 0.14049983024597168,
      "is_encrypted": true,
      "improvement": -0.0625,
      "best_accuracy": 0.9155
    },
    {
      "round": 46,
      "accuracy": 0.8525,
      "f1_score": 0.8358375069560379,
      "precision": 0.7179732313575525,
      "recall": 1.0,
      "auc": 0.9998422173157967,
      "pr_auc": 0.9997488119438606,
      "ece": 0.14930331306042194,
      "mce": 0.8347762034563956,
      "mae": 0.15263749212310185,
      "rmse": 0.3091880793514916,
      "encryption_time": 0.07721900939941406,
      "aggregation_time": 0.0656125545501709,
      "decryption_time": 0.0,
      "total_time": 0.14283156394958496,
      "is_encrypted": true,
      "improvement": -0.06299999999999994,
      "best_accuracy": 0.9155
    },
    {
      "round": 47,
      "accuracy": 0.853,
      "f1_score": 0.8363028953229399,
      "precision": 0.7186602870813397,
      "recall": 1.0,
      "auc": 0.9997366734932553,
      "pr_auc": 0.9995793435249718,
      "ece": 0.1489004706219011,
      "mce": 0.8336779288532914,
      "mae": 0.15225063934578872,
      "rmse": 0.3104502479540741,
      "encryption_time": 0.07763671875,
      "aggregation_time": 0.06774687767028809,
      "decryption_time": 0.0,
      "total_time": 0.14538359642028809,
      "is_encrypted": true,
      "improvement": -0.0625,
      "best_accuracy": 0.9155
    },
    {
      "round": 48,
      "accuracy": 0.853,
      "f1_score": 0.8363028953229399,
      "precision": 0.7186602870813397,
      "recall": 1.0,
      "auc": 0.999649253357413,
      "pr_auc": 0.9994288189130764,
      "ece": 0.15021986552713357,
      "mce": 0.8331978996181636,
      "mae": 0.1537561984679292,
      "rmse": 0.3124689396129673,
      "encryption_time": 0.0732266902923584,
      "aggregation_time": 0.06498336791992188,
      "decryption_time": 0.0,
      "total_time": 0.13821005821228027,
      "is_encrypted": true,
      "improvement": -0.0625,
      "best_accuracy": 0.9155
    },
    {
      "round": 49,
      "accuracy": 0.8525,
      "f1_score": 0.8358375069560379,
      "precision": 0.7179732313575525,
      "recall": 1.0,
      "auc": 0.9996844346315934,
      "pr_auc": 0.9994916784816918,
      "ece": 0.14993378575773297,
      "mce": 0.8320617470611268,
      "mae": 0.15335473905853117,
      "rmse": 0.3123384061223374,
      "encryption_time": 0.07962822914123535,
      "aggregation_time": 0.06852293014526367,
      "decryption_time": 0.0,
      "total_time": 0.14815115928649902,
      "is_encrypted": true,
      "improvement": -0.06299999999999994,
      "best_accuracy": 0.9155
    },
    {
      "round": 50,
      "accuracy": 0.851,
      "f1_score": 0.8344444444444444,
      "precision": 0.7159199237368923,
      "recall": 1.0,
      "auc": 0.9995341146419132,
      "pr_auc": 0.9992480912596777,
      "ece": 0.15239632998328406,
      "mce": 0.8350134868044398,
      "mae": 0.15602541165281322,
      "rmse": 0.31673788236273626,
      "encryption_time": 0.08134841918945312,
      "aggregation_time": 0.06871914863586426,
      "decryption_time": 0.0,
      "total_time": 0.15006756782531738,
      "is_encrypted": true,
      "improvement": -0.0645,
      "best_accuracy": 0.9155
    },
    {
      "round": 51,
      "accuracy": 0.8545,
      "f1_score": 0.8377021751254881,
      "precision": 0.7207293666026872,
      "recall": 1.0,
      "auc": 0.9997633259736951,
      "pr_auc": 0.9996239148218952,
      "ece": 0.14864392939375748,
      "mce": 0.8343995945105998,
      "mae": 0.1521925962101724,
      "rmse": 0.30896039606432674,
      "encryption_time": 0.07751893997192383,
      "aggregation_time": 0.06791925430297852,
      "decryption_time": 0.0,
      "total_time": 0.14543819427490234,
      "is_encrypted": true,
      "improvement": -0.06099999999999994,
      "best_accuracy": 0.9155
    },
    {
      "round": 52,
      "accuracy": 0.852,
      "f1_score": 0.8353726362625139,
      "precision": 0.7172874880611271,
      "recall": 1.0,
      "auc": 0.9997547971799543,
      "pr_auc": 0.9996045310093418,
      "ece": 0.15053373073058887,
      "mce": 0.8302502908128871,
      "mae": 0.1539991856926691,
      "rmse": 0.31193064138029936,
      "encryption_time": 0.0772712230682373,
      "aggregation_time": 0.06752967834472656,
      "decryption_time": 0.0,
      "total_time": 0.14480090141296387,
      "is_encrypted": true,
      "improvement": -0.0635,
      "best_accuracy": 0.9155
    },
    {
      "round": 53,
      "accuracy": 0.853,
      "f1_score": 0.8363028953229399,
      "precision": 0.7186602870813397,
      "recall": 1.0,
      "auc": 0.9996119398847974,
      "pr_auc": 0.999365821269785,
      "ece": 0.15280020709110997,
      "mce": 0.8364511897982632,
      "mae": 0.15645810317084735,
      "rmse": 0.31597725419024497,
      "encryption_time": 0.07845163345336914,
      "aggregation_time": 0.06730461120605469,
      "decryption_time": 0.0,
      "total_time": 0.14575624465942383,
      "is_encrypted": true,
      "improvement": -0.0625,
      "best_accuracy": 0.9155
    },
    {
      "round": 54,
      "accuracy": 0.851,
      "f1_score": 0.8344444444444444,
      "precision": 0.7159199237368923,
      "recall": 1.0,
      "auc": 0.9996588482503712,
      "pr_auc": 0.9994478862754885,
      "ece": 0.15037942377790453,
      "mce": 0.8326642931074527,
      "mae": 0.15396766161022202,
      "rmse": 0.3125268168614652,
      "encryption_time": 0.0751805305480957,
      "aggregation_time": 0.06633591651916504,
      "decryption_time": 0.0,
      "total_time": 0.14151644706726074,
      "is_encrypted": true,
      "improvement": -0.0645,
      "best_accuracy": 0.9155
    },
    {
      "round": 55,
      "accuracy": 0.854,
      "f1_score": 0.8372352285395763,
      "precision": 0.7200383509108341,
      "recall": 1.0,
      "auc": 0.9995916839996631,
      "pr_auc": 0.9993345887868931,
      "ece": 0.1495084911788644,
      "mce": 0.8350091022532892,
      "mae": 0.15308633429298088,
      "rmse": 0.3122645359354877,
      "encryption_time": 0.07707715034484863,
      "aggregation_time": 0.06835174560546875,
      "decryption_time": 0.0,
      "total_time": 0.14542889595031738,
      "is_encrypted": true,
      "improvement": -0.0615,
      "best_accuracy": 0.9155
    },
    {
      "round": 56,
      "accuracy": 0.853,
      "f1_score": 0.8363028953229399,
      "precision": 0.7186602870813397,
      "recall": 1.0,
      "auc": 0.9998038377439635,
      "pr_auc": 0.9996869813957034,
      "ece": 0.14906912238873296,
      "mce": 0.8325656600638351,
      "mae": 0.15233136547723325,
      "rmse": 0.3099437369474821,
      "encryption_time": 0.07381510734558105,
      "aggregation_time": 0.06375575065612793,
      "decryption_time": 0.0,
      "total_time": 0.13757085800170898,
      "is_encrypted": true,
      "improvement": -0.0625,
      "best_accuracy": 0.9155
    },
    {
      "round": 57,
      "accuracy": 0.851,
      "f1_score": 0.8344444444444444,
      "precision": 0.7159199237368923,
      "recall": 1.0,
      "auc": 0.9997174837073387,
      "pr_auc": 0.9995450998740361,
      "ece": 0.15120140990525494,
      "mce": 0.8344424088122148,
      "mae": 0.15464671034833577,
      "rmse": 0.3133961786955294,
      "encryption_time": 0.07542586326599121,
      "aggregation_time": 0.06502485275268555,
      "decryption_time": 0.0,
      "total_time": 0.14045071601867676,
      "is_encrypted": true,
      "improvement": -0.0645,
      "best_accuracy": 0.9155
    },
    {
      "round": 58,
      "accuracy": 0.8545,
      "f1_score": 0.8377021751254881,
      "precision": 0.7207293666026872,
      "recall": 1.0,
      "auc": 0.9996375262660194,
      "pr_auc": 0.9994086551121565,
      "ece": 0.15154955956615598,
      "mce": 0.8333565340428492,
      "mae": 0.1550571967421931,
      "rmse": 0.3145169347678986,
      "encryption_time": 0.07902860641479492,
      "aggregation_time": 0.06675934791564941,
      "decryption_time": 0.0,
      "total_time": 0.14578795433044434,
      "is_encrypted": true,
      "improvement": -0.06099999999999994,
      "best_accuracy": 0.9155
    },
    {
      "round": 59,
      "accuracy": 0.851,
      "f1_score": 0.8344444444444444,
      "precision": 0.7159199237368923,
      "recall": 1.0,
      "auc": 0.9997100210128156,
      "pr_auc": 0.9995296263875896,
      "ece": 0.15118121512464286,
      "mce": 0.8330761631202287,
      "mae": 0.15457849391485604,
      "rmse": 0.3137198634948952,
      "encryption_time": 0.0759882926940918,
      "aggregation_time": 0.06721138954162598,
      "decryption_time": 0.0,
      "total_time": 0.14319968223571777,
      "is_encrypted": true,
      "improvement": -0.0645,
      "best_accuracy": 0.9155
    },
    {
      "round": 60,
      "accuracy": 0.854,
      "f1_score": 0.8372352285395763,
      "precision": 0.7200383509108341,
      "recall": 1.0,
      "auc": 0.999519189252867,
      "pr_auc": 0.9992177084363998,
      "ece": 0.1508833195651194,
      "mce": 0.8349768181027876,
      "mae": 0.15465983474745026,
      "rmse": 0.3141272228287436,
      "encryption_time": 0.08548688888549805,
      "aggregation_time": 0.07593441009521484,
      "decryption_time": 0.0,
      "total_time": 0.1614212989807129,
      "is_encrypted": true,
      "improvement": -0.0615,
      "best_accuracy": 0.9155
    }
  ]
}