{
  "pipeline_info": {
    "type": "fhe",
    "rounds": 30,
    "clients": 20,
    "timestamp": "2025-09-16 12:02:53",
    "total_samples": 4000,
    "one_class_clients": 4,
    "one_class_percentage": 20.0
  },
  "final_performance": {
    "accuracy": 0.88675,
    "f1_score": 0.880946123521682,
    "precision": 0.787224048849225,
    "recall": 1.0,
    "auc": 0.9999548141423519,
    "pr_auc": 0.9999389874331279,
    "mae": 0.12390477719335116,
    "rmse": 0.2599135475356429,
    "ece": 0.12080734472329549,
    "mce": 0.7836166322643124
  },
  "performance_trends": {
    "initial_accuracy": 0.93475,
    "final_accuracy": 0.88675,
    "accuracy_improvement": -0.04799999999999993,
    "best_accuracy": 0.93475,
    "final_f1": 0.880946123521682,
    "best_f1": 0.9277608635482978
  },
  "timing_statistics": {
    "total_encryption_time": 5.058169841766357,
    "total_aggregation_time": 4.608641862869263,
    "total_evaluation_time": 0,
    "total_time": 9.66681170463562,
    "avg_round_time": 0.32222705682118735,
    "avg_encryption_time": 0.16860566139221192,
    "avg_aggregation_time": 0.15362139542897543
  },
  "round_details": [
    {
      "round": 1,
      "accuracy": 0.93475,
      "f1_score": 0.9277608635482978,
      "precision": 0.8652555498193082,
      "recall": 1.0,
      "auc": 0.9999540439288692,
      "pr_auc": 0.9999385614426968,
      "ece": 0.09648509597106238,
      "mce": 0.8295959639698542,
      "mae": 0.09714323060670406,
      "rmse": 0.20115372634335285,
      "encryption_time": 0.21343302726745605,
      "aggregation_time": 0.1851356029510498,
      "decryption_time": 0.0,
      "total_time": 0.39856863021850586,
      "is_encrypted": true,
      "improvement": 0.93475,
      "best_accuracy": 0.93475
    },
    {
      "round": 2,
      "accuracy": 0.8865,
      "f1_score": 0.8807146610614819,
      "precision": 0.7868544600938967,
      "recall": 1.0,
      "auc": 0.9999507063371111,
      "pr_auc": 0.9999336587873452,
      "ece": 0.12049908059349197,
      "mce": 0.8031098163686,
      "mae": 0.12360626319679034,
      "rmse": 0.2595367467570296,
      "encryption_time": 0.17926263809204102,
      "aggregation_time": 0.16823792457580566,
      "decryption_time": 0.0,
      "total_time": 0.3475005626678467,
      "is_encrypted": true,
      "improvement": -0.048250000000000015,
      "best_accuracy": 0.93475
    },
    {
      "round": 3,
      "accuracy": 0.88825,
      "f1_score": 0.8823374572255857,
      "precision": 0.7894488930758361,
      "recall": 1.0,
      "auc": 0.9999427474644572,
      "pr_auc": 0.9999238481788657,
      "ece": 0.11902980722068099,
      "mce": 0.8089013558092105,
      "mae": 0.12371740248192456,
      "rmse": 0.2612294754317744,
      "encryption_time": 0.29036784172058105,
      "aggregation_time": 0.2648966312408447,
      "decryption_time": 0.0,
      "total_time": 0.5552644729614258,
      "is_encrypted": true,
      "improvement": -0.046499999999999986,
      "best_accuracy": 0.93475
    },
    {
      "round": 4,
      "accuracy": 0.88675,
      "f1_score": 0.880946123521682,
      "precision": 0.787224048849225,
      "recall": 1.0,
      "auc": 0.9999609758502129,
      "pr_auc": 0.9999470608767698,
      "ece": 0.12082995491754289,
      "mce": 0.7719479227476792,
      "mae": 0.12390587554407739,
      "rmse": 0.2606938009571217,
      "encryption_time": 0.18276596069335938,
      "aggregation_time": 0.16850924491882324,
      "decryption_time": 0.0,
      "total_time": 0.3512752056121826,
      "is_encrypted": true,
      "improvement": -0.04799999999999993,
      "best_accuracy": 0.93475
    },
    {
      "round": 5,
      "accuracy": 0.88625,
      "f1_score": 0.8804833201996323,
      "precision": 0.7864852182074143,
      "recall": 1.0,
      "auc": 0.9999517332884214,
      "pr_auc": 0.9999348987553699,
      "ece": 0.12122293284733196,
      "mce": 0.7688864050068756,
      "mae": 0.12432494222188507,
      "rmse": 0.26087898344945104,
      "encryption_time": 0.1540236473083496,
      "aggregation_time": 0.1421220302581787,
      "decryption_time": 0.0,
      "total_time": 0.2961456775665283,
      "is_encrypted": true,
      "improvement": -0.04849999999999999,
      "best_accuracy": 0.93475
    },
    {
      "round": 6,
      "accuracy": 0.888,
      "f1_score": 0.8821052631578947,
      "precision": 0.7890772128060264,
      "recall": 1.0,
      "auc": 0.9999532737153867,
      "pr_auc": 0.9999371337064206,
      "ece": 0.12035839736321728,
      "mce": 0.789071755424682,
      "mae": 0.12389003921100823,
      "rmse": 0.26031162958381826,
      "encryption_time": 0.14771771430969238,
      "aggregation_time": 0.13399600982666016,
      "decryption_time": 0.0,
      "total_time": 0.28171372413635254,
      "is_encrypted": true,
      "improvement": -0.04674999999999996,
      "best_accuracy": 0.93475
    },
    {
      "round": 7,
      "accuracy": 0.889,
      "f1_score": 0.8830347734457323,
      "precision": 0.7905660377358491,
      "recall": 1.0,
      "auc": 0.9999548141423519,
      "pr_auc": 0.9999390177923915,
      "ece": 0.11952251660565952,
      "mce": 0.7841899967702991,
      "mae": 0.12263146125350466,
      "rmse": 0.25829094539074177,
      "encryption_time": 0.1437089443206787,
      "aggregation_time": 0.13127660751342773,
      "decryption_time": 0.0,
      "total_time": 0.27498555183410645,
      "is_encrypted": true,
      "improvement": -0.04574999999999996,
      "best_accuracy": 0.93475
    },
    {
      "round": 8,
      "accuracy": 0.889,
      "f1_score": 0.8830347734457323,
      "precision": 0.7905660377358491,
      "recall": 1.0,
      "auc": 0.999950192861456,
      "pr_auc": 0.9999330505581824,
      "ece": 0.11898888902092032,
      "mce": 0.7996118455926943,
      "mae": 0.12256726693334295,
      "rmse": 0.25736545299935576,
      "encryption_time": 0.14484071731567383,
      "aggregation_time": 0.13300728797912598,
      "decryption_time": 0.0,
      "total_time": 0.2778480052947998,
      "is_encrypted": true,
      "improvement": -0.04574999999999996,
      "best_accuracy": 0.93475
    },
    {
      "round": 9,
      "accuracy": 0.88975,
      "f1_score": 0.8837331927234379,
      "precision": 0.7916863486065187,
      "recall": 1.0,
      "auc": 0.9999573815206274,
      "pr_auc": 0.9999424320842502,
      "ece": 0.11946127418003569,
      "mce": 0.7831872705334607,
      "mae": 0.12210558500671102,
      "rmse": 0.2573504840849843,
      "encryption_time": 0.14279699325561523,
      "aggregation_time": 0.13357043266296387,
      "decryption_time": 0.0,
      "total_time": 0.2763674259185791,
      "is_encrypted": true,
      "improvement": -0.04499999999999993,
      "best_accuracy": 0.93475
    },
    {
      "round": 10,
      "accuracy": 0.89025,
      "f1_score": 0.8841994196781852,
      "precision": 0.7924349881796691,
      "recall": 1.0,
      "auc": 0.9999545574045243,
      "pr_auc": 0.999938849203856,
      "ece": 0.11959980424757496,
      "mce": 0.7878224982135317,
      "mae": 0.1222564633204187,
      "rmse": 0.2576642934705611,
      "encryption_time": 0.14649033546447754,
      "aggregation_time": 0.13566255569458008,
      "decryption_time": 0.0,
      "total_time": 0.2821528911590576,
      "is_encrypted": true,
      "improvement": -0.044499999999999984,
      "best_accuracy": 0.93475
    },
    {
      "round": 11,
      "accuracy": 0.88675,
      "f1_score": 0.880946123521682,
      "precision": 0.787224048849225,
      "recall": 1.0,
      "auc": 0.9999558410936621,
      "pr_auc": 0.9999403081253729,
      "ece": 0.12116241930723332,
      "mce": 0.7705214092652949,
      "mae": 0.12424835648584175,
      "rmse": 0.26073125208766074,
      "encryption_time": 0.1452786922454834,
      "aggregation_time": 0.12929773330688477,
      "decryption_time": 0.0,
      "total_time": 0.27457642555236816,
      "is_encrypted": true,
      "improvement": -0.04799999999999993,
      "best_accuracy": 0.93475
    },
    {
      "round": 12,
      "accuracy": 0.88925,
      "f1_score": 0.8832674571805007,
      "precision": 0.7909391222274658,
      "recall": 1.0,
      "auc": 0.9999535304532142,
      "pr_auc": 0.9999373902274561,
      "ece": 0.11925796886219989,
      "mce": 0.8023765987720539,
      "mae": 0.12282003331059382,
      "rmse": 0.2583093968809877,
      "encryption_time": 0.14783287048339844,
      "aggregation_time": 0.13523435592651367,
      "decryption_time": 0.0,
      "total_time": 0.2830672264099121,
      "is_encrypted": true,
      "improvement": -0.045499999999999985,
      "best_accuracy": 0.93475
    },
    {
      "round": 13,
      "accuracy": 0.8865,
      "f1_score": 0.8807146610614819,
      "precision": 0.7868544600938967,
      "recall": 1.0,
      "auc": 0.9999571247827999,
      "pr_auc": 0.9999421268538,
      "ece": 0.12146681232415348,
      "mce": 0.7745870535407473,
      "mae": 0.12409937149085075,
      "rmse": 0.26088906040677,
      "encryption_time": 0.1400432586669922,
      "aggregation_time": 0.1268596649169922,
      "decryption_time": 0.0,
      "total_time": 0.2669029235839844,
      "is_encrypted": true,
      "improvement": -0.048250000000000015,
      "best_accuracy": 0.93475
    },
    {
      "round": 14,
      "accuracy": 0.88475,
      "f1_score": 0.8790978232362969,
      "precision": 0.7842770238652317,
      "recall": 1.0,
      "auc": 0.9999566113071446,
      "pr_auc": 0.9999412771855968,
      "ece": 0.12158837947675924,
      "mce": 0.7700336610854409,
      "mae": 0.1246796894792833,
      "rmse": 0.26145416808673216,
      "encryption_time": 0.14381980895996094,
      "aggregation_time": 0.13019275665283203,
      "decryption_time": 0.0,
      "total_time": 0.27401256561279297,
      "is_encrypted": true,
      "improvement": -0.04999999999999993,
      "best_accuracy": 0.93475
    },
    {
      "round": 15,
      "accuracy": 0.887,
      "f1_score": 0.8811777076761304,
      "precision": 0.7875939849624061,
      "recall": 1.0,
      "auc": 0.9999537871910417,
      "pr_auc": 0.9999376153282029,
      "ece": 0.12072986766702867,
      "mce": 0.7715500759031957,
      "mae": 0.1238169158546261,
      "rmse": 0.2597672428726282,
      "encryption_time": 0.14763784408569336,
      "aggregation_time": 0.13394713401794434,
      "decryption_time": 0.0,
      "total_time": 0.2815849781036377,
      "is_encrypted": true,
      "improvement": -0.04774999999999996,
      "best_accuracy": 0.93475
    },
    {
      "round": 16,
      "accuracy": 0.88875,
      "f1_score": 0.8828022122728469,
      "precision": 0.7901933050447902,
      "recall": 1.0,
      "auc": 0.9999563545693172,
      "pr_auc": 0.9999412427218943,
      "ece": 0.11997526420939023,
      "mce": 0.8037158876724104,
      "mae": 0.12263523448233633,
      "rmse": 0.2577899470549647,
      "encryption_time": 0.14855146408081055,
      "aggregation_time": 0.13265752792358398,
      "decryption_time": 0.0,
      "total_time": 0.28120899200439453,
      "is_encrypted": true,
      "improvement": -0.04599999999999993,
      "best_accuracy": 0.93475
    },
    {
      "round": 17,
      "accuracy": 0.8905,
      "f1_score": 0.8844327176781003,
      "precision": 0.7928098391674551,
      "recall": 1.0,
      "auc": 0.9999558410936621,
      "pr_auc": 0.9999404640547,
      "ece": 0.12025501810483626,
      "mce": 0.7888510486187164,
      "mae": 0.12290549585474238,
      "rmse": 0.25812551705129827,
      "encryption_time": 0.17212128639221191,
      "aggregation_time": 0.154923677444458,
      "decryption_time": 0.0,
      "total_time": 0.3270449638366699,
      "is_encrypted": true,
      "improvement": -0.04425000000000001,
      "best_accuracy": 0.93475
    },
    {
      "round": 18,
      "accuracy": 0.8885,
      "f1_score": 0.8825697735650342,
      "precision": 0.7898209236569275,
      "recall": 1.0,
      "auc": 0.9999509630749387,
      "pr_auc": 0.9999339362598743,
      "ece": 0.11984464405785178,
      "mce": 0.7801687322999327,
      "mae": 0.12249266103387389,
      "rmse": 0.25743733052862455,
      "encryption_time": 0.18971943855285645,
      "aggregation_time": 0.16942811012268066,
      "decryption_time": 0.0,
      "total_time": 0.3591475486755371,
      "is_encrypted": true,
      "improvement": -0.04625000000000001,
      "best_accuracy": 0.93475
    },
    {
      "round": 19,
      "accuracy": 0.88825,
      "f1_score": 0.8823374572255857,
      "precision": 0.7894488930758361,
      "recall": 1.0,
      "auc": 0.999946855269698,
      "pr_auc": 0.9999288611043919,
      "ece": 0.11986134393430267,
      "mce": 0.806230541343696,
      "mae": 0.12298869360379025,
      "rmse": 0.2587981310504099,
      "encryption_time": 0.16800475120544434,
      "aggregation_time": 0.15651822090148926,
      "decryption_time": 0.0,
      "total_time": 0.3245229721069336,
      "is_encrypted": true,
      "improvement": -0.046499999999999986,
      "best_accuracy": 0.93475
    },
    {
      "round": 20,
      "accuracy": 0.8895,
      "f1_score": 0.8835002635740643,
      "precision": 0.7913125590179415,
      "recall": 1.0,
      "auc": 0.9999419772509746,
      "pr_auc": 0.999922912971628,
      "ece": 0.11801423926115857,
      "mce": 0.8046944601102278,
      "mae": 0.12205736014766279,
      "rmse": 0.2574891960351901,
      "encryption_time": 0.15831804275512695,
      "aggregation_time": 0.1413283348083496,
      "decryption_time": 0.0,
      "total_time": 0.29964637756347656,
      "is_encrypted": true,
      "improvement": -0.04525000000000001,
      "best_accuracy": 0.93475
    },
    {
      "round": 21,
      "accuracy": 0.887,
      "f1_score": 0.8811777076761304,
      "precision": 0.7875939849624061,
      "recall": 1.0,
      "auc": 0.9999537871910418,
      "pr_auc": 0.9999375495545398,
      "ece": 0.12050732355263859,
      "mce": 0.7635818825281563,
      "mae": 0.12316179419728221,
      "rmse": 0.2589498808985882,
      "encryption_time": 0.17194557189941406,
      "aggregation_time": 0.15990471839904785,
      "decryption_time": 0.0,
      "total_time": 0.3318502902984619,
      "is_encrypted": true,
      "improvement": -0.04774999999999996,
      "best_accuracy": 0.93475
    },
    {
      "round": 22,
      "accuracy": 0.887,
      "f1_score": 0.8811777076761304,
      "precision": 0.7875939849624061,
      "recall": 1.0,
      "auc": 0.9999435176779399,
      "pr_auc": 0.9999247607591248,
      "ece": 0.11940137072168108,
      "mce": 0.803741944317542,
      "mae": 0.12298712604465006,
      "rmse": 0.2591103528974659,
      "encryption_time": 0.17021417617797852,
      "aggregation_time": 0.15132880210876465,
      "decryption_time": 0.0,
      "total_time": 0.32154297828674316,
      "is_encrypted": true,
      "improvement": -0.04774999999999996,
      "best_accuracy": 0.93475
    },
    {
      "round": 23,
      "accuracy": 0.88775,
      "f1_score": 0.8818731912654565,
      "precision": 0.7887058823529411,
      "recall": 1.0,
      "auc": 0.9999586652097651,
      "pr_auc": 0.9999440660960638,
      "ece": 0.12112704015507328,
      "mce": 0.7665264345076357,
      "mae": 0.12375243427728791,
      "rmse": 0.2599341927195774,
      "encryption_time": 0.19510674476623535,
      "aggregation_time": 0.18195366859436035,
      "decryption_time": 0.0,
      "total_time": 0.3770604133605957,
      "is_encrypted": true,
      "improvement": -0.04699999999999993,
      "best_accuracy": 0.93475
    },
    {
      "round": 24,
      "accuracy": 0.88675,
      "f1_score": 0.880946123521682,
      "precision": 0.787224048849225,
      "recall": 1.0,
      "auc": 0.9999545574045243,
      "pr_auc": 0.9999388157582244,
      "ece": 0.1206859281158852,
      "mce": 0.7831789013274896,
      "mae": 0.12378218686452974,
      "rmse": 0.25930533158672653,
      "encryption_time": 0.18362808227539062,
      "aggregation_time": 0.16959643363952637,
      "decryption_time": 0.0,
      "total_time": 0.353224515914917,
      "is_encrypted": true,
      "improvement": -0.04799999999999993,
      "best_accuracy": 0.93475
    },
    {
      "round": 25,
      "accuracy": 0.8905,
      "f1_score": 0.8844327176781003,
      "precision": 0.7928098391674551,
      "recall": 1.0,
      "auc": 0.9999507063371111,
      "pr_auc": 0.9999341301141187,
      "ece": 0.11840471332740601,
      "mce": 0.804530572830791,
      "mae": 0.12196791996910122,
      "rmse": 0.2571003478178223,
      "encryption_time": 0.14856457710266113,
      "aggregation_time": 0.13383245468139648,
      "decryption_time": 0.0,
      "total_time": 0.2823970317840576,
      "is_encrypted": true,
      "improvement": -0.04425000000000001,
      "best_accuracy": 0.93475
    },
    {
      "round": 26,
      "accuracy": 0.88475,
      "f1_score": 0.8790978232362969,
      "precision": 0.7842770238652317,
      "recall": 1.0,
      "auc": 0.9999543006666968,
      "pr_auc": 0.9999383720905228,
      "ece": 0.12244260130719987,
      "mce": 0.7791395863974919,
      "mae": 0.12552266684101673,
      "rmse": 0.2632365952165862,
      "encryption_time": 0.17772507667541504,
      "aggregation_time": 0.16439485549926758,
      "decryption_time": 0.0,
      "total_time": 0.3421199321746826,
      "is_encrypted": true,
      "improvement": -0.04999999999999993,
      "best_accuracy": 0.93475
    },
    {
      "round": 27,
      "accuracy": 0.88775,
      "f1_score": 0.8818731912654565,
      "precision": 0.7887058823529411,
      "recall": 1.0,
      "auc": 0.9999509630749387,
      "pr_auc": 0.9999339450398981,
      "ece": 0.1201650388685916,
      "mce": 0.7847465768539119,
      "mae": 0.12326963476280592,
      "rmse": 0.25910040863267275,
      "encryption_time": 0.16749954223632812,
      "aggregation_time": 0.15487003326416016,
      "decryption_time": 0.0,
      "total_time": 0.3223695755004883,
      "is_encrypted": true,
      "improvement": -0.04699999999999993,
      "best_accuracy": 0.93475
    },
    {
      "round": 28,
      "accuracy": 0.88725,
      "f1_score": 0.8814094136208257,
      "precision": 0.7879642689233662,
      "recall": 1.0,
      "auc": 0.9999499361236285,
      "pr_auc": 0.9999327001645866,
      "ece": 0.1198294608609687,
      "mce": 0.7880602110116891,
      "mae": 0.12338280017182282,
      "rmse": 0.25943817051975143,
      "encryption_time": 0.16747045516967773,
      "aggregation_time": 0.15215492248535156,
      "decryption_time": 0.0,
      "total_time": 0.3196253776550293,
      "is_encrypted": true,
      "improvement": -0.04749999999999999,
      "best_accuracy": 0.93475
    },
    {
      "round": 29,
      "accuracy": 0.8885,
      "f1_score": 0.8825697735650342,
      "precision": 0.7898209236569275,
      "recall": 1.0,
      "auc": 0.9999596921610753,
      "pr_auc": 0.9999453745403557,
      "ece": 0.12050758719911524,
      "mce": 0.7602088472212963,
      "mae": 0.12268486414079575,
      "rmse": 0.2579380893760582,
      "encryption_time": 0.1839447021484375,
      "aggregation_time": 0.1580343246459961,
      "decryption_time": 0.0,
      "total_time": 0.3419790267944336,
      "is_encrypted": true,
      "improvement": -0.04625000000000001,
      "best_accuracy": 0.93475
    },
    {
      "round": 30,
      "accuracy": 0.88675,
      "f1_score": 0.880946123521682,
      "precision": 0.787224048849225,
      "recall": 1.0,
      "auc": 0.9999548141423519,
      "pr_auc": 0.9999389874331279,
      "ece": 0.12080734472329549,
      "mce": 0.7836166322643124,
      "mae": 0.12390477719335116,
      "rmse": 0.2599135475356429,
      "encryption_time": 0.18533563613891602,
      "aggregation_time": 0.17576980590820312,
      "decryption_time": 0.0,
      "total_time": 0.36110544204711914,
      "is_encrypted": true,
      "improvement": -0.04799999999999993,
      "best_accuracy": 0.93475
    }
  ]
}