{
  "pipeline_info": {
    "type": "fhe",
    "rounds": 50,
    "clients": 20,
    "timestamp": "2025-09-16 12:03:37",
    "total_samples": 4000,
    "one_class_clients": 4,
    "one_class_percentage": 20.0
  },
  "final_performance": {
    "accuracy": 0.88875,
    "f1_score": 0.8828022122728469,
    "precision": 0.7901933050447902,
    "recall": 1.0,
    "auc": 0.9999532737153866,
    "pr_auc": 0.9999370592308492,
    "mae": 0.12280773430140188,
    "rmse": 0.25881625951352966,
    "ece": 0.11970879173831983,
    "mce": 0.7876893516522333
  },
  "performance_trends": {
    "initial_accuracy": 0.93475,
    "final_accuracy": 0.88875,
    "accuracy_improvement": -0.04599999999999993,
    "best_accuracy": 0.93475,
    "final_f1": 0.8828022122728469,
    "best_f1": 0.9277608635482978
  },
  "timing_statistics": {
    "total_encryption_time": 8.310796737670898,
    "total_aggregation_time": 7.588558673858643,
    "total_evaluation_time": 0,
    "total_time": 15.899355411529541,
    "avg_round_time": 0.31798710823059084,
    "avg_encryption_time": 0.16621593475341798,
    "avg_aggregation_time": 0.15177117347717284
  },
  "round_details": [
    {
      "round": 1,
      "accuracy": 0.93475,
      "f1_score": 0.9277608635482978,
      "precision": 0.8652555498193082,
      "recall": 1.0,
      "auc": 0.9999540439288692,
      "pr_auc": 0.9999385614426968,
      "ece": 0.0964850961086325,
      "mce": 0.8295959595975569,
      "mae": 0.09714323074968788,
      "rmse": 0.2011537264300841,
      "encryption_time": 0.15625619888305664,
      "aggregation_time": 0.14155793190002441,
      "decryption_time": 0.0,
      "total_time": 0.29781413078308105,
      "is_encrypted": true,
      "improvement": 0.93475,
      "best_accuracy": 0.93475
    },
    {
      "round": 2,
      "accuracy": 0.8865,
      "f1_score": 0.8807146610614819,
      "precision": 0.7868544600938967,
      "recall": 1.0,
      "auc": 0.9999507063371111,
      "pr_auc": 0.9999336587873452,
      "ece": 0.12049908140628249,
      "mce": 0.8031098157689509,
      "mae": 0.12360626399956337,
      "rmse": 0.25953674792656783,
      "encryption_time": 0.14335203170776367,
      "aggregation_time": 0.13390827178955078,
      "decryption_time": 0.0,
      "total_time": 0.27726030349731445,
      "is_encrypted": true,
      "improvement": -0.048250000000000015,
      "best_accuracy": 0.93475
    },
    {
      "round": 3,
      "accuracy": 0.88825,
      "f1_score": 0.8823374572255857,
      "precision": 0.7894488930758361,
      "recall": 1.0,
      "auc": 0.9999427474644572,
      "pr_auc": 0.9999238481788657,
      "ece": 0.11902980660501487,
      "mce": 0.8089013557266188,
      "mae": 0.12371740182297136,
      "rmse": 0.26122947466757107,
      "encryption_time": 0.13973760604858398,
      "aggregation_time": 0.12683510780334473,
      "decryption_time": 0.0,
      "total_time": 0.2665727138519287,
      "is_encrypted": true,
      "improvement": -0.046499999999999986,
      "best_accuracy": 0.93475
    },
    {
      "round": 4,
      "accuracy": 0.88675,
      "f1_score": 0.880946123521682,
      "precision": 0.787224048849225,
      "recall": 1.0,
      "auc": 0.9999609758502129,
      "pr_auc": 0.9999470608767698,
      "ece": 0.12082995404294519,
      "mce": 0.771947921956945,
      "mae": 0.12390587468179776,
      "rmse": 0.26069379944314197,
      "encryption_time": 0.14641070365905762,
      "aggregation_time": 0.13417553901672363,
      "decryption_time": 0.0,
      "total_time": 0.28058624267578125,
      "is_encrypted": true,
      "improvement": -0.04799999999999993,
      "best_accuracy": 0.93475
    },
    {
      "round": 5,
      "accuracy": 0.88625,
      "f1_score": 0.8804833201996323,
      "precision": 0.7864852182074143,
      "recall": 1.0,
      "auc": 0.9999517332884214,
      "pr_auc": 0.9999348987553699,
      "ece": 0.12122293363436734,
      "mce": 0.768886406543797,
      "mae": 0.12432494299654118,
      "rmse": 0.2608789847387671,
      "encryption_time": 0.14178037643432617,
      "aggregation_time": 0.12880659103393555,
      "decryption_time": 0.0,
      "total_time": 0.2705869674682617,
      "is_encrypted": true,
      "improvement": -0.04849999999999999,
      "best_accuracy": 0.93475
    },
    {
      "round": 6,
      "accuracy": 0.888,
      "f1_score": 0.8821052631578947,
      "precision": 0.7890772128060264,
      "recall": 1.0,
      "auc": 0.9999532737153867,
      "pr_auc": 0.9999371337064206,
      "ece": 0.12035839725076956,
      "mce": 0.7890717578735914,
      "mae": 0.12389003911558549,
      "rmse": 0.26031162965969556,
      "encryption_time": 0.1428220272064209,
      "aggregation_time": 0.12957477569580078,
      "decryption_time": 0.0,
      "total_time": 0.2723968029022217,
      "is_encrypted": true,
      "improvement": -0.04674999999999996,
      "best_accuracy": 0.93475
    },
    {
      "round": 7,
      "accuracy": 0.889,
      "f1_score": 0.8830347734457323,
      "precision": 0.7905660377358491,
      "recall": 1.0,
      "auc": 0.9999548141423519,
      "pr_auc": 0.9999390177923915,
      "ece": 0.11952251715459566,
      "mce": 0.7841899957724457,
      "mae": 0.12263146180417463,
      "rmse": 0.25829094604334024,
      "encryption_time": 0.15021705627441406,
      "aggregation_time": 0.13864588737487793,
      "decryption_time": 0.0,
      "total_time": 0.288862943649292,
      "is_encrypted": true,
      "improvement": -0.04574999999999996,
      "best_accuracy": 0.93475
    },
    {
      "round": 8,
      "accuracy": 0.889,
      "f1_score": 0.8830347734457323,
      "precision": 0.7905660377358491,
      "recall": 1.0,
      "auc": 0.999950192861456,
      "pr_auc": 0.9999330505581824,
      "ece": 0.11898888947962631,
      "mce": 0.799611846202947,
      "mae": 0.1225672673827122,
      "rmse": 0.25736545378871445,
      "encryption_time": 0.14573287963867188,
      "aggregation_time": 0.1320948600769043,
      "decryption_time": 0.0,
      "total_time": 0.27782773971557617,
      "is_encrypted": true,
      "improvement": -0.04574999999999996,
      "best_accuracy": 0.93475
    },
    {
      "round": 9,
      "accuracy": 0.88975,
      "f1_score": 0.8837331927234379,
      "precision": 0.7916863486065187,
      "recall": 1.0,
      "auc": 0.9999573815206274,
      "pr_auc": 0.9999424320842502,
      "ece": 0.11946127384639715,
      "mce": 0.783187270640305,
      "mae": 0.12210558468343442,
      "rmse": 0.25735048356759477,
      "encryption_time": 0.1408240795135498,
      "aggregation_time": 0.12903881072998047,
      "decryption_time": 0.0,
      "total_time": 0.2698628902435303,
      "is_encrypted": true,
      "improvement": -0.04499999999999993,
      "best_accuracy": 0.93475
    },
    {
      "round": 10,
      "accuracy": 0.89025,
      "f1_score": 0.8841994196781852,
      "precision": 0.7924349881796691,
      "recall": 1.0,
      "auc": 0.9999545574045243,
      "pr_auc": 0.999938849203856,
      "ece": 0.11959980393493644,
      "mce": 0.7878224960670859,
      "mae": 0.12225646302411707,
      "rmse": 0.2576642926944422,
      "encryption_time": 0.14259123802185059,
      "aggregation_time": 0.13124442100524902,
      "decryption_time": 0.0,
      "total_time": 0.2738356590270996,
      "is_encrypted": true,
      "improvement": -0.044499999999999984,
      "best_accuracy": 0.93475
    },
    {
      "round": 11,
      "accuracy": 0.88675,
      "f1_score": 0.880946123521682,
      "precision": 0.787224048849225,
      "recall": 1.0,
      "auc": 0.9999558410936621,
      "pr_auc": 0.9999403081253729,
      "ece": 0.12116241957865515,
      "mce": 0.7705214107438794,
      "mae": 0.12424835674852427,
      "rmse": 0.2607312527207259,
      "encryption_time": 0.15784859657287598,
      "aggregation_time": 0.13933014869689941,
      "decryption_time": 0.0,
      "total_time": 0.2971787452697754,
      "is_encrypted": true,
      "improvement": -0.04799999999999993,
      "best_accuracy": 0.93475
    },
    {
      "round": 12,
      "accuracy": 0.88925,
      "f1_score": 0.8832674571805007,
      "precision": 0.7909391222274658,
      "recall": 1.0,
      "auc": 0.9999535304532142,
      "pr_auc": 0.9999373902274561,
      "ece": 0.11925796889537195,
      "mce": 0.8023765998579593,
      "mae": 0.12282003335841093,
      "rmse": 0.2583093969910516,
      "encryption_time": 0.16104626655578613,
      "aggregation_time": 0.14865326881408691,
      "decryption_time": 0.0,
      "total_time": 0.30969953536987305,
      "is_encrypted": true,
      "improvement": -0.045499999999999985,
      "best_accuracy": 0.93475
    },
    {
      "round": 13,
      "accuracy": 0.8865,
      "f1_score": 0.8807146610614819,
      "precision": 0.7868544600938967,
      "recall": 1.0,
      "auc": 0.9999571247827999,
      "pr_auc": 0.9999421268538,
      "ece": 0.12146681245517094,
      "mce": 0.7745870552617228,
      "mae": 0.12409937163967619,
      "rmse": 0.26088906068322965,
      "encryption_time": 0.1967010498046875,
      "aggregation_time": 0.17989635467529297,
      "decryption_time": 0.0,
      "total_time": 0.37659740447998047,
      "is_encrypted": true,
      "improvement": -0.048250000000000015,
      "best_accuracy": 0.93475
    },
    {
      "round": 14,
      "accuracy": 0.88475,
      "f1_score": 0.8790978232362969,
      "precision": 0.7842770238652317,
      "recall": 1.0,
      "auc": 0.9999566113071446,
      "pr_auc": 0.9999412771855968,
      "ece": 0.12158837929172024,
      "mce": 0.7700336603848554,
      "mae": 0.12467968930001393,
      "rmse": 0.26145416785489994,
      "encryption_time": 0.15215396881103516,
      "aggregation_time": 0.13974475860595703,
      "decryption_time": 0.0,
      "total_time": 0.2918987274169922,
      "is_encrypted": true,
      "improvement": -0.04999999999999993,
      "best_accuracy": 0.93475
    },
    {
      "round": 15,
      "accuracy": 0.887,
      "f1_score": 0.8811777076761304,
      "precision": 0.7875939849624061,
      "recall": 1.0,
      "auc": 0.9999537871910417,
      "pr_auc": 0.9999376153282029,
      "ece": 0.12072986771334146,
      "mce": 0.7715500776350513,
      "mae": 0.12381691590302736,
      "rmse": 0.2597672430378642,
      "encryption_time": 0.16499757766723633,
      "aggregation_time": 0.1499626636505127,
      "decryption_time": 0.0,
      "total_time": 0.314960241317749,
      "is_encrypted": true,
      "improvement": -0.04774999999999996,
      "best_accuracy": 0.93475
    },
    {
      "round": 16,
      "accuracy": 0.88875,
      "f1_score": 0.8828022122728469,
      "precision": 0.7901933050447902,
      "recall": 1.0,
      "auc": 0.9999563545693172,
      "pr_auc": 0.9999412427218943,
      "ece": 0.11997526456058544,
      "mce": 0.803715888495365,
      "mae": 0.12263523483025242,
      "rmse": 0.25778994781403647,
      "encryption_time": 0.15226984024047852,
      "aggregation_time": 0.14008212089538574,
      "decryption_time": 0.0,
      "total_time": 0.29235196113586426,
      "is_encrypted": true,
      "improvement": -0.04599999999999993,
      "best_accuracy": 0.93475
    },
    {
      "round": 17,
      "accuracy": 0.8905,
      "f1_score": 0.8844327176781003,
      "precision": 0.7928098391674551,
      "recall": 1.0,
      "auc": 0.9999558410936621,
      "pr_auc": 0.9999404640547,
      "ece": 0.12025501797005558,
      "mce": 0.7888510495706407,
      "mae": 0.1229054957191895,
      "rmse": 0.2581255170340293,
      "encryption_time": 0.17446231842041016,
      "aggregation_time": 0.1617598533630371,
      "decryption_time": 0.0,
      "total_time": 0.33622217178344727,
      "is_encrypted": true,
      "improvement": -0.04425000000000001,
      "best_accuracy": 0.93475
    },
    {
      "round": 18,
      "accuracy": 0.8885,
      "f1_score": 0.8825697735650342,
      "precision": 0.7898209236569275,
      "recall": 1.0,
      "auc": 0.9999509630749387,
      "pr_auc": 0.9999339362598743,
      "ece": 0.11984464396715257,
      "mce": 0.7801687331466199,
      "mae": 0.12249266095301636,
      "rmse": 0.2574373304607726,
      "encryption_time": 0.14132928848266602,
      "aggregation_time": 0.12715697288513184,
      "decryption_time": 0.0,
      "total_time": 0.26848626136779785,
      "is_encrypted": true,
      "improvement": -0.04625000000000001,
      "best_accuracy": 0.93475
    },
    {
      "round": 19,
      "accuracy": 0.88825,
      "f1_score": 0.8823374572255857,
      "precision": 0.7894488930758361,
      "recall": 1.0,
      "auc": 0.999946855269698,
      "pr_auc": 0.9999288611043919,
      "ece": 0.11986134392450508,
      "mce": 0.8062305432987309,
      "mae": 0.12298869360308726,
      "rmse": 0.2587981309067505,
      "encryption_time": 0.14034795761108398,
      "aggregation_time": 0.1262037754058838,
      "decryption_time": 0.0,
      "total_time": 0.2665517330169678,
      "is_encrypted": true,
      "improvement": -0.046499999999999986,
      "best_accuracy": 0.93475
    },
    {
      "round": 20,
      "accuracy": 0.8895,
      "f1_score": 0.8835002635740643,
      "precision": 0.7913125590179415,
      "recall": 1.0,
      "auc": 0.9999419772509746,
      "pr_auc": 0.999922912971628,
      "ece": 0.11801423889583332,
      "mce": 0.8046944582562545,
      "mae": 0.12205735978726363,
      "rmse": 0.2574891953823029,
      "encryption_time": 0.16176223754882812,
      "aggregation_time": 0.1471090316772461,
      "decryption_time": 0.0,
      "total_time": 0.3088712692260742,
      "is_encrypted": true,
      "improvement": -0.04525000000000001,
      "best_accuracy": 0.93475
    },
    {
      "round": 21,
      "accuracy": 0.887,
      "f1_score": 0.8811777076761304,
      "precision": 0.7875939849624061,
      "recall": 1.0,
      "auc": 0.9999537871910418,
      "pr_auc": 0.9999375495545398,
      "ece": 0.12050732330886349,
      "mce": 0.7635818791243437,
      "mae": 0.12316179395213975,
      "rmse": 0.2589498802977453,
      "encryption_time": 0.1682276725769043,
      "aggregation_time": 0.15425586700439453,
      "decryption_time": 0.0,
      "total_time": 0.32248353958129883,
      "is_encrypted": true,
      "improvement": -0.04774999999999996,
      "best_accuracy": 0.93475
    },
    {
      "round": 22,
      "accuracy": 0.887,
      "f1_score": 0.8811777076761304,
      "precision": 0.7875939849624061,
      "recall": 1.0,
      "auc": 0.9999435176779399,
      "pr_auc": 0.9999247607591248,
      "ece": 0.1194013712768137,
      "mce": 0.803741944988106,
      "mae": 0.12298712659726657,
      "rmse": 0.25911035390944864,
      "encryption_time": 0.14766502380371094,
      "aggregation_time": 0.13577699661254883,
      "decryption_time": 0.0,
      "total_time": 0.28344202041625977,
      "is_encrypted": true,
      "improvement": -0.04774999999999996,
      "best_accuracy": 0.93475
    },
    {
      "round": 23,
      "accuracy": 0.88775,
      "f1_score": 0.8818731912654565,
      "precision": 0.7887058823529411,
      "recall": 1.0,
      "auc": 0.9999586652097651,
      "pr_auc": 0.9999440660960638,
      "ece": 0.12112704064154953,
      "mce": 0.7665264373740653,
      "mae": 0.12375243476489267,
      "rmse": 0.25993419361207554,
      "encryption_time": 0.17978549003601074,
      "aggregation_time": 0.16357851028442383,
      "decryption_time": 0.0,
      "total_time": 0.34336400032043457,
      "is_encrypted": true,
      "improvement": -0.04699999999999993,
      "best_accuracy": 0.93475
    },
    {
      "round": 24,
      "accuracy": 0.88675,
      "f1_score": 0.880946123521682,
      "precision": 0.787224048849225,
      "recall": 1.0,
      "auc": 0.9999545574045243,
      "pr_auc": 0.9999388157582244,
      "ece": 0.12068592780554835,
      "mce": 0.7831789012311252,
      "mae": 0.12378218656075404,
      "rmse": 0.25930533123259564,
      "encryption_time": 0.15339994430541992,
      "aggregation_time": 0.1382460594177246,
      "decryption_time": 0.0,
      "total_time": 0.29164600372314453,
      "is_encrypted": true,
      "improvement": -0.04799999999999993,
      "best_accuracy": 0.93475
    },
    {
      "round": 25,
      "accuracy": 0.8905,
      "f1_score": 0.8844327176781003,
      "precision": 0.7928098391674551,
      "recall": 1.0,
      "auc": 0.9999507063371111,
      "pr_auc": 0.9999341301141187,
      "ece": 0.11840471251640719,
      "mce": 0.8045305705406498,
      "mae": 0.12196791915091626,
      "rmse": 0.25710034655183617,
      "encryption_time": 0.1561722755432129,
      "aggregation_time": 0.13982439041137695,
      "decryption_time": 0.0,
      "total_time": 0.29599666595458984,
      "is_encrypted": true,
      "improvement": -0.04425000000000001,
      "best_accuracy": 0.93475
    },
    {
      "round": 26,
      "accuracy": 0.88475,
      "f1_score": 0.8790978232362969,
      "precision": 0.7842770238652317,
      "recall": 1.0,
      "auc": 0.9999543006666968,
      "pr_auc": 0.9999383720905228,
      "ece": 0.12244260177623281,
      "mce": 0.7791395874988595,
      "mae": 0.12552266729530084,
      "rmse": 0.2632365960923892,
      "encryption_time": 0.1464240550994873,
      "aggregation_time": 0.13372564315795898,
      "decryption_time": 0.0,
      "total_time": 0.2801496982574463,
      "is_encrypted": true,
      "improvement": -0.04999999999999993,
      "best_accuracy": 0.93475
    },
    {
      "round": 27,
      "accuracy": 0.88775,
      "f1_score": 0.8818731912654565,
      "precision": 0.7887058823529411,
      "recall": 1.0,
      "auc": 0.9999509630749387,
      "pr_auc": 0.9999339450398981,
      "ece": 0.12016503891656552,
      "mce": 0.7847465765549249,
      "mae": 0.12326963480906247,
      "rmse": 0.2591004087406519,
      "encryption_time": 0.14876627922058105,
      "aggregation_time": 0.13465285301208496,
      "decryption_time": 0.0,
      "total_time": 0.283419132232666,
      "is_encrypted": true,
      "improvement": -0.04699999999999993,
      "best_accuracy": 0.93475
    },
    {
      "round": 28,
      "accuracy": 0.88725,
      "f1_score": 0.8814094136208257,
      "precision": 0.7879642689233662,
      "recall": 1.0,
      "auc": 0.9999499361236285,
      "pr_auc": 0.9999327001645866,
      "ece": 0.11982946067305207,
      "mce": 0.7880602131881285,
      "mae": 0.12338279998364056,
      "rmse": 0.25943817047622914,
      "encryption_time": 0.14253902435302734,
      "aggregation_time": 0.12914347648620605,
      "decryption_time": 0.0,
      "total_time": 0.2716825008392334,
      "is_encrypted": true,
      "improvement": -0.04749999999999999,
      "best_accuracy": 0.93475
    },
    {
      "round": 29,
      "accuracy": 0.8885,
      "f1_score": 0.8825697735650342,
      "precision": 0.7898209236569275,
      "recall": 1.0,
      "auc": 0.9999596921610753,
      "pr_auc": 0.9999453745403557,
      "ece": 0.1205075867652364,
      "mce": 0.7602088467137382,
      "mae": 0.12268486371259894,
      "rmse": 0.25793808875855856,
      "encryption_time": 0.2058885097503662,
      "aggregation_time": 0.1759018898010254,
      "decryption_time": 0.0,
      "total_time": 0.3817903995513916,
      "is_encrypted": true,
      "improvement": -0.04625000000000001,
      "best_accuracy": 0.93475
    },
    {
      "round": 30,
      "accuracy": 0.88675,
      "f1_score": 0.880946123521682,
      "precision": 0.787224048849225,
      "recall": 1.0,
      "auc": 0.9999548141423519,
      "pr_auc": 0.9999389874331279,
      "ece": 0.12080734429952068,
      "mce": 0.7836166323629029,
      "mae": 0.12390477677646969,
      "rmse": 0.25991354693952484,
      "encryption_time": 0.1858057975769043,
      "aggregation_time": 0.17272257804870605,
      "decryption_time": 0.0,
      "total_time": 0.35852837562561035,
      "is_encrypted": true,
      "improvement": -0.04799999999999993,
      "best_accuracy": 0.93475
    },
    {
      "round": 31,
      "accuracy": 0.889,
      "f1_score": 0.8830347734457323,
      "precision": 0.7905660377358491,
      "recall": 1.0,
      "auc": 0.9999517332884214,
      "pr_auc": 0.9999350645680724,
      "ece": 0.11905159629920842,
      "mce": 0.7888785282455555,
      "mae": 0.12216679155124352,
      "rmse": 0.25828503162744304,
      "encryption_time": 0.15077567100524902,
      "aggregation_time": 0.138169527053833,
      "decryption_time": 0.0,
      "total_time": 0.28894519805908203,
      "is_encrypted": true,
      "improvement": -0.04574999999999996,
      "best_accuracy": 0.93475
    },
    {
      "round": 32,
      "accuracy": 0.88675,
      "f1_score": 0.880946123521682,
      "precision": 0.787224048849225,
      "recall": 1.0,
      "auc": 0.9999527602397316,
      "pr_auc": 0.9999362680855783,
      "ece": 0.1207308818952413,
      "mce": 0.7633564091746162,
      "mae": 0.1233869413333766,
      "rmse": 0.25865668719832857,
      "encryption_time": 0.1456601619720459,
      "aggregation_time": 0.1315596103668213,
      "decryption_time": 0.0,
      "total_time": 0.2772197723388672,
      "is_encrypted": true,
      "improvement": -0.04799999999999993,
      "best_accuracy": 0.93475
    },
    {
      "round": 33,
      "accuracy": 0.89025,
      "f1_score": 0.8841994196781852,
      "precision": 0.7924349881796691,
      "recall": 1.0,
      "auc": 0.9999496793858009,
      "pr_auc": 0.9999326539427641,
      "ece": 0.11768621654243283,
      "mce": 0.803931102266,
      "mae": 0.12217675675496623,
      "rmse": 0.2581842660857098,
      "encryption_time": 0.29620838165283203,
      "aggregation_time": 0.2846553325653076,
      "decryption_time": 0.0,
      "total_time": 0.5808637142181396,
      "is_encrypted": true,
      "improvement": -0.044499999999999984,
      "best_accuracy": 0.93475
    },
    {
      "round": 34,
      "accuracy": 0.889,
      "f1_score": 0.8830347734457323,
      "precision": 0.7905660377358491,
      "recall": 1.0,
      "auc": 0.9999514765505938,
      "pr_auc": 0.9999348241315531,
      "ece": 0.11920373675419906,
      "mce": 0.8008690535015652,
      "mae": 0.12277218644134337,
      "rmse": 0.258565954838817,
      "encryption_time": 0.2052009105682373,
      "aggregation_time": 0.18596148490905762,
      "decryption_time": 0.0,
      "total_time": 0.3911623954772949,
      "is_encrypted": true,
      "improvement": -0.04574999999999996,
      "best_accuracy": 0.93475
    },
    {
      "round": 35,
      "accuracy": 0.8895,
      "f1_score": 0.8835002635740643,
      "precision": 0.7913125590179415,
      "recall": 1.0,
      "auc": 0.9999530169775591,
      "pr_auc": 0.9999368079689362,
      "ece": 0.11957956567532681,
      "mce": 0.7876885371641726,
      "mae": 0.1226822206703704,
      "rmse": 0.2585488528039006,
      "encryption_time": 0.19427275657653809,
      "aggregation_time": 0.18059635162353516,
      "decryption_time": 0.0,
      "total_time": 0.37486910820007324,
      "is_encrypted": true,
      "improvement": -0.04525000000000001,
      "best_accuracy": 0.93475
    },
    {
      "round": 36,
      "accuracy": 0.885,
      "f1_score": 0.8793284365162645,
      "precision": 0.7846441947565543,
      "recall": 1.0,
      "auc": 0.9999568680449722,
      "pr_auc": 0.999941618359502,
      "ece": 0.12254515102584998,
      "mce": 0.7673959474028995,
      "mae": 0.12518070907819945,
      "rmse": 0.2619977834945378,
      "encryption_time": 0.1757807731628418,
      "aggregation_time": 0.16035914421081543,
      "decryption_time": 0.0,
      "total_time": 0.3361399173736572,
      "is_encrypted": true,
      "improvement": -0.04974999999999996,
      "best_accuracy": 0.93475
    },
    {
      "round": 37,
      "accuracy": 0.888,
      "f1_score": 0.8821052631578947,
      "precision": 0.7890772128060264,
      "recall": 1.0,
      "auc": 0.9999504495992837,
      "pr_auc": 0.9999333215370513,
      "ece": 0.12049724440377269,
      "mce": 0.790411216160182,
      "mae": 0.12358826328709364,
      "rmse": 0.260017195536648,
      "encryption_time": 0.1532738208770752,
      "aggregation_time": 0.13890981674194336,
      "decryption_time": 0.0,
      "total_time": 0.29218363761901855,
      "is_encrypted": true,
      "improvement": -0.04674999999999996,
      "best_accuracy": 0.93475
    },
    {
      "round": 38,
      "accuracy": 0.88725,
      "f1_score": 0.8814094136208257,
      "precision": 0.7879642689233662,
      "recall": 1.0,
      "auc": 0.9999519900262489,
      "pr_auc": 0.9999353227708063,
      "ece": 0.12012674447081523,
      "mce": 0.7852463899079987,
      "mae": 0.12321198430881834,
      "rmse": 0.25898615675081077,
      "encryption_time": 0.16799044609069824,
      "aggregation_time": 0.15219545364379883,
      "decryption_time": 0.0,
      "total_time": 0.32018589973449707,
      "is_encrypted": true,
      "improvement": -0.04749999999999999,
      "best_accuracy": 0.93475
    },
    {
      "round": 39,
      "accuracy": 0.8905,
      "f1_score": 0.8844327176781003,
      "precision": 0.7928098391674551,
      "recall": 1.0,
      "auc": 0.9999450581049051,
      "pr_auc": 0.9999269492966205,
      "ece": 0.11823473529121546,
      "mce": 0.8113155852370736,
      "mae": 0.12180655492675814,
      "rmse": 0.2578327526277188,
      "encryption_time": 0.23294854164123535,
      "aggregation_time": 0.21592092514038086,
      "decryption_time": 0.0,
      "total_time": 0.4488694667816162,
      "is_encrypted": true,
      "improvement": -0.04425000000000001,
      "best_accuracy": 0.93475
    },
    {
      "round": 40,
      "accuracy": 0.88775,
      "f1_score": 0.8818731912654565,
      "precision": 0.7887058823529411,
      "recall": 1.0,
      "auc": 0.9999532737153867,
      "pr_auc": 0.9999370661198332,
      "ece": 0.1205943702338487,
      "mce": 0.7851452416359805,
      "mae": 0.12324207680957805,
      "rmse": 0.2589801052975404,
      "encryption_time": 0.18136191368103027,
      "aggregation_time": 0.1599135398864746,
      "decryption_time": 0.0,
      "total_time": 0.3412754535675049,
      "is_encrypted": true,
      "improvement": -0.04699999999999993,
      "best_accuracy": 0.93475
    },
    {
      "round": 41,
      "accuracy": 0.89,
      "f1_score": 0.8839662447257384,
      "precision": 0.7920604914933838,
      "recall": 1.0,
      "auc": 0.999949679385801,
      "pr_auc": 0.9999323473365448,
      "ece": 0.11936985089423462,
      "mce": 0.7978123788076229,
      "mae": 0.1215905295017894,
      "rmse": 0.25583472760969284,
      "encryption_time": 0.18687081336975098,
      "aggregation_time": 0.17629647254943848,
      "decryption_time": 0.0,
      "total_time": 0.36316728591918945,
      "is_encrypted": true,
      "improvement": -0.044749999999999956,
      "best_accuracy": 0.93475
    },
    {
      "round": 42,
      "accuracy": 0.88875,
      "f1_score": 0.8828022122728469,
      "precision": 0.7901933050447902,
      "recall": 1.0,
      "auc": 0.99994454462925,
      "pr_auc": 0.9999259113654444,
      "ece": 0.11975654336613964,
      "mce": 0.7937275544435254,
      "mae": 0.12285300110247276,
      "rmse": 0.25915189747673373,
      "encryption_time": 0.1615288257598877,
      "aggregation_time": 0.1457350254058838,
      "decryption_time": 0.0,
      "total_time": 0.3072638511657715,
      "is_encrypted": true,
      "improvement": -0.04599999999999993,
      "best_accuracy": 0.93475
    },
    {
      "round": 43,
      "accuracy": 0.88675,
      "f1_score": 0.880946123521682,
      "precision": 0.787224048849225,
      "recall": 1.0,
      "auc": 0.9999486524344908,
      "pr_auc": 0.9999311623672842,
      "ece": 0.11944009674352578,
      "mce": 0.7888774431638249,
      "mae": 0.1238701333897222,
      "rmse": 0.26114688485453774,
      "encryption_time": 0.1746973991394043,
      "aggregation_time": 0.15869402885437012,
      "decryption_time": 0.0,
      "total_time": 0.3333914279937744,
      "is_encrypted": true,
      "improvement": -0.04799999999999993,
      "best_accuracy": 0.93475
    },
    {
      "round": 44,
      "accuracy": 0.88725,
      "f1_score": 0.8814094136208257,
      "precision": 0.7879642689233662,
      "recall": 1.0,
      "auc": 0.9999489091723183,
      "pr_auc": 0.9999314999488489,
      "ece": 0.11922212058447158,
      "mce": 0.7918214151990725,
      "mae": 0.12371186088610218,
      "rmse": 0.2612626070757063,
      "encryption_time": 0.16904187202453613,
      "aggregation_time": 0.15238475799560547,
      "decryption_time": 0.0,
      "total_time": 0.3214266300201416,
      "is_encrypted": true,
      "improvement": -0.04749999999999999,
      "best_accuracy": 0.93475
    },
    {
      "round": 45,
      "accuracy": 0.8915,
      "f1_score": 0.8853671421024828,
      "precision": 0.7943127962085308,
      "recall": 1.0,
      "auc": 0.9999627730150058,
      "pr_auc": 0.9999495036402339,
      "ece": 0.11906906487292625,
      "mce": 0.7549830208084486,
      "mae": 0.12124361763107656,
      "rmse": 0.2554924457626048,
      "encryption_time": 0.17142367362976074,
      "aggregation_time": 0.15767765045166016,
      "decryption_time": 0.0,
      "total_time": 0.3291013240814209,
      "is_encrypted": true,
      "improvement": -0.04325000000000001,
      "best_accuracy": 0.93475
    },
    {
      "round": 46,
      "accuracy": 0.89325,
      "f1_score": 0.8870071447472876,
      "precision": 0.7969567284831194,
      "recall": 1.0,
      "auc": 0.9999314510000452,
      "pr_auc": 0.9999096785492816,
      "ece": 0.11681918628059867,
      "mce": 0.8057547002367501,
      "mae": 0.12156419228162282,
      "rmse": 0.25721316370944863,
      "encryption_time": 0.15496110916137695,
      "aggregation_time": 0.14125633239746094,
      "decryption_time": 0.0,
      "total_time": 0.2962174415588379,
      "is_encrypted": true,
      "improvement": -0.04149999999999998,
      "best_accuracy": 0.93475
    },
    {
      "round": 47,
      "accuracy": 0.88825,
      "f1_score": 0.8823374572255857,
      "precision": 0.7894488930758361,
      "recall": 1.0,
      "auc": 0.9999514765505938,
      "pr_auc": 0.9999349228894192,
      "ece": 0.11946257772665969,
      "mce": 0.7886635038389928,
      "mae": 0.1234827903351922,
      "rmse": 0.25994321832301653,
      "encryption_time": 0.1661384105682373,
      "aggregation_time": 0.15098881721496582,
      "decryption_time": 0.0,
      "total_time": 0.3171272277832031,
      "is_encrypted": true,
      "improvement": -0.046499999999999986,
      "best_accuracy": 0.93475
    },
    {
      "round": 48,
      "accuracy": 0.88825,
      "f1_score": 0.8823374572255857,
      "precision": 0.7894488930758361,
      "recall": 1.0,
      "auc": 0.999955327618007,
      "pr_auc": 0.9999396209960689,
      "ece": 0.11972706245420094,
      "mce": 0.7654457978274867,
      "mae": 0.1228229052560264,
      "rmse": 0.25840023790310895,
      "encryption_time": 0.21563386917114258,
      "aggregation_time": 0.20215940475463867,
      "decryption_time": 0.0,
      "total_time": 0.41779327392578125,
      "is_encrypted": true,
      "improvement": -0.046499999999999986,
      "best_accuracy": 0.93475
    },
    {
      "round": 49,
      "accuracy": 0.8885,
      "f1_score": 0.8825697735650342,
      "precision": 0.7898209236569275,
      "recall": 1.0,
      "auc": 0.9999465985318704,
      "pr_auc": 0.9999283766156433,
      "ece": 0.11850750571804608,
      "mce": 0.7904880272719643,
      "mae": 0.12208176107858369,
      "rmse": 0.25780088969700743,
      "encryption_time": 0.15626001358032227,
      "aggregation_time": 0.14365911483764648,
      "decryption_time": 0.0,
      "total_time": 0.29991912841796875,
      "is_encrypted": true,
      "improvement": -0.04625000000000001,
      "best_accuracy": 0.93475
    },
    {
      "round": 50,
      "accuracy": 0.88875,
      "f1_score": 0.8828022122728469,
      "precision": 0.7901933050447902,
      "recall": 1.0,
      "auc": 0.9999532737153866,
      "pr_auc": 0.9999370592308492,
      "ece": 0.11970879173831983,
      "mce": 0.7876893516522333,
      "mae": 0.12280773430140188,
      "rmse": 0.25881625951352966,
      "encryption_time": 0.16345000267028809,
      "aggregation_time": 0.1478564739227295,
      "decryption_time": 0.0,
      "total_time": 0.3113064765930176,
      "is_encrypted": true,
      "improvement": -0.04599999999999993,
      "best_accuracy": 0.93475
    }
  ]
}