{
  "pipeline_type": "edge_device_fl",
  "configuration": {
    "rounds": 40,
    "clients": 20,
    "patience": 999
  },
  "results": [
    {
      "round": 1,
      "accuracy": 0.933,
      "f1_score": 0.9259668508287293,
      "precision": 0.8621399176954733,
      "recall": 1.0,
      "roc_auc": 0.9999566113071447,
      "pr_auc": 0.9999419319750213,
      "mae": 0.49999999999897,
      "rmse": 0.49999999999897005,
      "ece": 0.4329999999989569,
      "mce": 0.49999999999896955,
      "round_time": 0.19332623481750488,
      "client_training_time": 0.0348660945892334,
      "edge_encryption_wall_time": 0.12192678451538086,
      "total_pure_encryption_time": 0.11403369903564453,
      "avg_encryption_per_client": 0.005701684951782226,
      "server_aggregation_time": 0.01962137222290039,
      "internal_aggregation_time": 0.01737523078918457,
      "evaluation_time": 0.015863895416259766,
      "clients_processed": 20
    },
    {
      "round": 2,
      "accuracy": 0.9335,
      "f1_score": 0.9264787175234936,
      "precision": 0.86302780638517,
      "recall": 1.0,
      "roc_auc": 0.9999554559869207,
      "pr_auc": 0.9999401728082862,
      "mae": 0.4999999999989703,
      "rmse": 0.4999999999989703,
      "ece": 0.43349999999895744,
      "mce": 0.4999999999989703,
      "round_time": 0.18821120262145996,
      "client_training_time": 0.05785226821899414,
      "edge_encryption_wall_time": 0.10319995880126953,
      "total_pure_encryption_time": 0.0914907455444336,
      "avg_encryption_per_client": 0.00457453727722168,
      "server_aggregation_time": 0.016884565353393555,
      "internal_aggregation_time": 0.011529922485351562,
      "evaluation_time": 0.010274410247802734,
      "clients_processed": 20
    },
    {
      "round": 3,
      "accuracy": 0.93425,
      "f1_score": 0.9272475795297372,
      "precision": 0.8643630737493554,
      "recall": 1.0,
      "roc_auc": 0.9999523751329902,
      "pr_auc": 0.9999361636987463,
      "mae": 0.49999999999897216,
      "rmse": 0.4999999999989721,
      "ece": 0.43424999999895925,
      "mce": 0.49999999999897277,
      "round_time": 0.18459701538085938,
      "client_training_time": 0.0545196533203125,
      "edge_encryption_wall_time": 0.09950613975524902,
      "total_pure_encryption_time": 0.08715105056762695,
      "avg_encryption_per_client": 0.004357552528381348,
      "server_aggregation_time": 0.01629495620727539,
      "internal_aggregation_time": 0.013171672821044922,
      "evaluation_time": 0.014276266098022461,
      "clients_processed": 20
    },
    {
      "round": 4,
      "accuracy": 0.933,
      "f1_score": 0.9259668508287293,
      "precision": 0.8621399176954733,
      "recall": 1.0,
      "roc_auc": 0.9999543006666968,
      "pr_auc": 0.9999386908505324,
      "mae": 0.4999999999989714,
      "rmse": 0.4999999999989713,
      "ece": 0.4329999999989585,
      "mce": 0.4999999999989706,
      "round_time": 0.16622090339660645,
      "client_training_time": 0.0438535213470459,
      "edge_encryption_wall_time": 0.09033489227294922,
      "total_pure_encryption_time": 0.0827169418334961,
      "avg_encryption_per_client": 0.004135847091674805,
      "server_aggregation_time": 0.018100261688232422,
      "internal_aggregation_time": 0.01528024673461914,
      "evaluation_time": 0.011853218078613281,
      "clients_processed": 20
    },
    {
      "round": 5,
      "accuracy": 0.933,
      "f1_score": 0.9259668508287293,
      "precision": 0.8621399176954733,
      "recall": 1.0,
      "roc_auc": 0.9999566113071447,
      "pr_auc": 0.99994175394054,
      "mae": 0.49999999999897105,
      "rmse": 0.499999999998971,
      "ece": 0.4329999999989579,
      "mce": 0.4999999999989705,
      "round_time": 0.23830771446228027,
      "client_training_time": 0.049201250076293945,
      "edge_encryption_wall_time": 0.11455702781677246,
      "total_pure_encryption_time": 0.10524320602416992,
      "avg_encryption_per_client": 0.005262160301208496,
      "server_aggregation_time": 0.035720109939575195,
      "internal_aggregation_time": 0.029371261596679688,
      "evaluation_time": 0.03667807579040527,
      "clients_processed": 20
    },
    {
      "round": 6,
      "accuracy": 0.9325,
      "f1_score": 0.9254555494202098,
      "precision": 0.8612538540596094,
      "recall": 1.0,
      "roc_auc": 0.9999591786854202,
      "pr_auc": 0.9999451731848884,
      "mae": 0.499999999998971,
      "rmse": 0.499999999998971,
      "ece": 0.4327499999989579,
      "mce": 0.4999999999989712,
      "round_time": 0.19082880020141602,
      "client_training_time": 0.060144662857055664,
      "edge_encryption_wall_time": 0.09903120994567871,
      "total_pure_encryption_time": 0.09002304077148438,
      "avg_encryption_per_client": 0.004501152038574219,
      "server_aggregation_time": 0.016927480697631836,
      "internal_aggregation_time": 0.01268768310546875,
      "evaluation_time": 0.01328277587890625,
      "clients_processed": 20
    },
    {
      "round": 7,
      "accuracy": 0.93325,
      "f1_score": 0.926222713456756,
      "precision": 0.8625836335563561,
      "recall": 1.0,
      "roc_auc": 0.9999509630749387,
      "pr_auc": 0.9999345068065144,
      "mae": 0.4999999999989718,
      "rmse": 0.4999999999989718,
      "ece": 0.4332499999989585,
      "mce": 0.49999999999897154,
      "round_time": 0.18091440200805664,
      "client_training_time": 0.057450294494628906,
      "edge_encryption_wall_time": 0.08863043785095215,
      "total_pure_encryption_time": 0.0773458480834961,
      "avg_encryption_per_client": 0.0038672924041748048,
      "server_aggregation_time": 0.02330780029296875,
      "internal_aggregation_time": 0.018601179122924805,
      "evaluation_time": 0.011525869369506836,
      "clients_processed": 20
    },
    {
      "round": 8,
      "accuracy": 0.9335,
      "f1_score": 0.9264787175234936,
      "precision": 0.86302780638517,
      "recall": 1.0,
      "roc_auc": 0.9999594354232477,
      "pr_auc": 0.9999455208321543,
      "mae": 0.49999999999897193,
      "rmse": 0.49999999999897193,
      "ece": 0.43349999999895883,
      "mce": 0.49999999999897193,
      "round_time": 0.17650604248046875,
      "client_training_time": 0.04562520980834961,
      "edge_encryption_wall_time": 0.10170555114746094,
      "total_pure_encryption_time": 0.09179043769836426,
      "avg_encryption_per_client": 0.0045895218849182125,
      "server_aggregation_time": 0.017323017120361328,
      "internal_aggregation_time": 0.015270233154296875,
      "evaluation_time": 0.011852264404296875,
      "clients_processed": 20
    },
    {
      "round": 9,
      "accuracy": 0.933,
      "f1_score": 0.9259668508287293,
      "precision": 0.8621399176954733,
      "recall": 1.0,
      "roc_auc": 0.9999568680449723,
      "pr_auc": 0.9999421998985664,
      "mae": 0.4999999999989708,
      "rmse": 0.4999999999989708,
      "ece": 0.4329999999989579,
      "mce": 0.49999999999897016,
      "round_time": 0.1623075008392334,
      "client_training_time": 0.049683332443237305,
      "edge_encryption_wall_time": 0.08583450317382812,
      "total_pure_encryption_time": 0.07657384872436523,
      "avg_encryption_per_client": 0.003828692436218262,
      "server_aggregation_time": 0.016432762145996094,
      "internal_aggregation_time": 0.013568639755249023,
      "evaluation_time": 0.009073019027709961,
      "clients_processed": 20
    },
    {
      "round": 10,
      "accuracy": 0.934,
      "f1_score": 0.9269911504424779,
      "precision": 0.8639175257731959,
      "recall": 1.0,
      "roc_auc": 0.9999507063371111,
      "pr_auc": 0.9999341605091177,
      "mae": 0.4999999999989702,
      "rmse": 0.4999999999989702,
      "ece": 0.43424999999895736,
      "mce": 0.49999999999897204,
      "round_time": 0.1607217788696289,
      "client_training_time": 0.03903484344482422,
      "edge_encryption_wall_time": 0.08976459503173828,
      "total_pure_encryption_time": 0.08101677894592285,
      "avg_encryption_per_client": 0.004050838947296143,
      "server_aggregation_time": 0.01845407485961914,
      "internal_aggregation_time": 0.014095067977905273,
      "evaluation_time": 0.013468265533447266,
      "clients_processed": 20
    },
    {
      "round": 11,
      "accuracy": 0.93225,
      "f1_score": 0.9252001104057411,
      "precision": 0.8608115048793015,
      "recall": 1.0,
      "roc_auc": 0.9999540439288692,
      "pr_auc": 0.9999384511283277,
      "mae": 0.4999999999989701,
      "rmse": 0.4999999999989701,
      "ece": 0.43249999999895683,
      "mce": 0.4999999999989696,
      "round_time": 0.1878340244293213,
      "client_training_time": 0.05072760581970215,
      "edge_encryption_wall_time": 0.10601401329040527,
      "total_pure_encryption_time": 0.10189151763916016,
      "avg_encryption_per_client": 0.005094575881958008,
      "server_aggregation_time": 0.020904541015625,
      "internal_aggregation_time": 0.01766657829284668,
      "evaluation_time": 0.009152650833129883,
      "clients_processed": 20
    },
    {
      "round": 12,
      "accuracy": 0.934,
      "f1_score": 0.9269911504424779,
      "precision": 0.8639175257731959,
      "recall": 1.0,
      "roc_auc": 0.9999499361236285,
      "pr_auc": 0.9999332808779914,
      "mae": 0.4999999999989731,
      "rmse": 0.49999999999897315,
      "ece": 0.43424999999896025,
      "mce": 0.49999999999897465,
      "round_time": 0.15355277061462402,
      "client_training_time": 0.04035782814025879,
      "edge_encryption_wall_time": 0.08436417579650879,
      "total_pure_encryption_time": 0.07890605926513672,
      "avg_encryption_per_client": 0.003945302963256836,
      "server_aggregation_time": 0.015748023986816406,
      "internal_aggregation_time": 0.012477636337280273,
      "evaluation_time": 0.011569976806640625,
      "clients_processed": 20
    },
    {
      "round": 13,
      "accuracy": 0.9355,
      "f1_score": 0.9285318559556787,
      "precision": 0.8665977249224406,
      "recall": 1.0,
      "roc_auc": 0.9999526318708177,
      "pr_auc": 0.9999366076610643,
      "mae": 0.4999999999989682,
      "rmse": 0.4999999999989682,
      "ece": 0.4354999999989553,
      "mce": 0.49999999999897166,
      "round_time": 0.17290520668029785,
      "client_training_time": 0.049813032150268555,
      "edge_encryption_wall_time": 0.09384322166442871,
      "total_pure_encryption_time": 0.08208346366882324,
      "avg_encryption_per_client": 0.0041041731834411625,
      "server_aggregation_time": 0.015707731246948242,
      "internal_aggregation_time": 0.01290273666381836,
      "evaluation_time": 0.013541221618652344,
      "clients_processed": 20
    },
    {
      "round": 14,
      "accuracy": 0.934,
      "f1_score": 0.9269911504424779,
      "precision": 0.8639175257731959,
      "recall": 1.0,
      "roc_auc": 0.9999555843558345,
      "pr_auc": 0.9999405308764908,
      "mae": 0.4999999999989703,
      "rmse": 0.4999999999989704,
      "ece": 0.4339999999989575,
      "mce": 0.49999999999897154,
      "round_time": 0.18180489540100098,
      "client_training_time": 0.05353188514709473,
      "edge_encryption_wall_time": 0.09839367866516113,
      "total_pure_encryption_time": 0.09050321578979492,
      "avg_encryption_per_client": 0.0045251607894897464,
      "server_aggregation_time": 0.017991304397583008,
      "internal_aggregation_time": 0.0157010555267334,
      "evaluation_time": 0.01188802719116211,
      "clients_processed": 20
    },
    {
      "round": 15,
      "accuracy": 0.9335,
      "f1_score": 0.9264787175234936,
      "precision": 0.86302780638517,
      "recall": 1.0,
      "roc_auc": 0.9999581517341101,
      "pr_auc": 0.999943796645219,
      "mae": 0.49999999999897193,
      "rmse": 0.49999999999897193,
      "ece": 0.4334999999989591,
      "mce": 0.4999999999989715,
      "round_time": 0.1653270721435547,
      "client_training_time": 0.03789019584655762,
      "edge_encryption_wall_time": 0.08716392517089844,
      "total_pure_encryption_time": 0.08182001113891602,
      "avg_encryption_per_client": 0.004091000556945801,
      "server_aggregation_time": 0.018991470336914062,
      "internal_aggregation_time": 0.016855955123901367,
      "evaluation_time": 0.01903247833251953,
      "clients_processed": 20
    },
    {
      "round": 16,
      "accuracy": 0.93275,
      "f1_score": 0.9257111295222314,
      "precision": 0.8616966580976864,
      "recall": 1.0,
      "roc_auc": 0.9999532737153867,
      "pr_auc": 0.9999375310513561,
      "mae": 0.49999999999897166,
      "rmse": 0.49999999999897166,
      "ece": 0.4327499999989587,
      "mce": 0.49999999999897055,
      "round_time": 0.1802384853363037,
      "client_training_time": 0.04803967475891113,
      "edge_encryption_wall_time": 0.09896349906921387,
      "total_pure_encryption_time": 0.08826780319213867,
      "avg_encryption_per_client": 0.004413390159606933,
      "server_aggregation_time": 0.019473791122436523,
      "internal_aggregation_time": 0.014656305313110352,
      "evaluation_time": 0.01237344741821289,
      "clients_processed": 20
    },
    {
      "round": 17,
      "accuracy": 0.93375,
      "f1_score": 0.9267348631462538,
      "precision": 0.863472436888202,
      "recall": 1.0,
      "roc_auc": 0.9999532737153866,
      "pr_auc": 0.9999374924885677,
      "mae": 0.49999999999897,
      "rmse": 0.49999999999896994,
      "ece": 0.43374999999895686,
      "mce": 0.4999999999989706,
      "round_time": 0.172013521194458,
      "client_training_time": 0.04286384582519531,
      "edge_encryption_wall_time": 0.09305334091186523,
      "total_pure_encryption_time": 0.08563232421875,
      "avg_encryption_per_client": 0.0042816162109375,
      "server_aggregation_time": 0.018662452697753906,
      "internal_aggregation_time": 0.015228509902954102,
      "evaluation_time": 0.016297340393066406,
      "clients_processed": 20
    },
    {
      "round": 18,
      "accuracy": 0.9335,
      "f1_score": 0.9264787175234936,
      "precision": 0.86302780638517,
      "recall": 1.0,
      "roc_auc": 0.9999545574045243,
      "pr_auc": 0.9999390710704203,
      "mae": 0.4999999999989727,
      "rmse": 0.4999999999989727,
      "ece": 0.43349999999895983,
      "mce": 0.49999999999897204,
      "round_time": 0.19790434837341309,
      "client_training_time": 0.057895660400390625,
      "edge_encryption_wall_time": 0.10230278968811035,
      "total_pure_encryption_time": 0.09569716453552246,
      "avg_encryption_per_client": 0.004784858226776123,
      "server_aggregation_time": 0.020980119705200195,
      "internal_aggregation_time": 0.01880049705505371,
      "evaluation_time": 0.013704776763916016,
      "clients_processed": 20
    },
    {
      "round": 19,
      "accuracy": 0.93325,
      "f1_score": 0.926222713456756,
      "precision": 0.8625836335563561,
      "recall": 1.0,
      "roc_auc": 0.9999576382584549,
      "pr_auc": 0.9999431935154917,
      "mae": 0.49999999999897055,
      "rmse": 0.4999999999989706,
      "ece": 0.43324999999895747,
      "mce": 0.4999999999989711,
      "round_time": 0.16080379486083984,
      "client_training_time": 0.03564620018005371,
      "edge_encryption_wall_time": 0.08939862251281738,
      "total_pure_encryption_time": 0.08025026321411133,
      "avg_encryption_per_client": 0.004012513160705567,
      "server_aggregation_time": 0.019117355346679688,
      "internal_aggregation_time": 0.014135599136352539,
      "evaluation_time": 0.015346765518188477,
      "clients_processed": 20
    },
    {
      "round": 20,
      "accuracy": 0.93375,
      "f1_score": 0.9267348631462538,
      "precision": 0.863472436888202,
      "recall": 1.0,
      "roc_auc": 0.9999544290356106,
      "pr_auc": 0.99993893767448,
      "mae": 0.49999999999897093,
      "rmse": 0.49999999999897093,
      "ece": 0.4337499999989576,
      "mce": 0.4999999999989723,
      "round_time": 0.2131333351135254,
      "client_training_time": 0.07938098907470703,
      "edge_encryption_wall_time": 0.10583901405334473,
      "total_pure_encryption_time": 0.09385824203491211,
      "avg_encryption_per_client": 0.0046929121017456055,
      "server_aggregation_time": 0.0158841609954834,
      "internal_aggregation_time": 0.01354217529296875,
      "evaluation_time": 0.012029170989990234,
      "clients_processed": 20
    },
    {
      "round": 21,
      "accuracy": 0.93225,
      "f1_score": 0.9252001104057411,
      "precision": 0.8608115048793015,
      "recall": 1.0,
      "roc_auc": 0.9999620028015233,
      "pr_auc": 0.9999487359780733,
      "mae": 0.49999999999897726,
      "rmse": 0.49999999999897726,
      "ece": 0.4322499999989644,
      "mce": 0.4999999999989752,
      "round_time": 0.17788267135620117,
      "client_training_time": 0.045818328857421875,
      "edge_encryption_wall_time": 0.1013038158416748,
      "total_pure_encryption_time": 0.09179472923278809,
      "avg_encryption_per_client": 0.004589736461639404,
      "server_aggregation_time": 0.017769813537597656,
      "internal_aggregation_time": 0.0156404972076416,
      "evaluation_time": 0.012990713119506836,
      "clients_processed": 20
    },
    {
      "round": 22,
      "accuracy": 0.9335,
      "f1_score": 0.9264787175234936,
      "precision": 0.86302780638517,
      "recall": 1.0,
      "roc_auc": 0.9999559694625757,
      "pr_auc": 0.9999407517393144,
      "mae": 0.49999999999897254,
      "rmse": 0.49999999999897254,
      "ece": 0.4337499999989596,
      "mce": 0.4999999999989733,
      "round_time": 0.18809843063354492,
      "client_training_time": 0.0413362979888916,
      "edge_encryption_wall_time": 0.11008000373840332,
      "total_pure_encryption_time": 0.09897184371948242,
      "avg_encryption_per_client": 0.0049485921859741214,
      "server_aggregation_time": 0.016673803329467773,
      "internal_aggregation_time": 0.014546394348144531,
      "evaluation_time": 0.018999814987182617,
      "clients_processed": 20
    },
    {
      "round": 23,
      "accuracy": 0.933,
      "f1_score": 0.9259668508287293,
      "precision": 0.8621399176954733,
      "recall": 1.0,
      "roc_auc": 0.9999555843558345,
      "pr_auc": 0.9999404974418684,
      "mae": 0.49999999999896955,
      "rmse": 0.4999999999989695,
      "ece": 0.43299999999895633,
      "mce": 0.4999999999989682,
      "round_time": 0.1960444450378418,
      "client_training_time": 0.052271366119384766,
      "edge_encryption_wall_time": 0.09806203842163086,
      "total_pure_encryption_time": 0.09012317657470703,
      "avg_encryption_per_client": 0.004506158828735352,
      "server_aggregation_time": 0.022089004516601562,
      "internal_aggregation_time": 0.018939971923828125,
      "evaluation_time": 0.021279573440551758,
      "clients_processed": 20
    },
    {
      "round": 24,
      "accuracy": 0.93325,
      "f1_score": 0.926222713456756,
      "precision": 0.8625836335563561,
      "recall": 1.0,
      "roc_auc": 0.9999578949962825,
      "pr_auc": 0.9999435081380288,
      "mae": 0.49999999999896944,
      "rmse": 0.4999999999989695,
      "ece": 0.4332499999989564,
      "mce": 0.49999999999896927,
      "round_time": 0.22282743453979492,
      "client_training_time": 0.06781435012817383,
      "edge_encryption_wall_time": 0.11783742904663086,
      "total_pure_encryption_time": 0.10379767417907715,
      "avg_encryption_per_client": 0.005189883708953858,
      "server_aggregation_time": 0.017752885818481445,
      "internal_aggregation_time": 0.015650033950805664,
      "evaluation_time": 0.017291545867919922,
      "clients_processed": 20
    },
    {
      "round": 25,
      "accuracy": 0.93225,
      "f1_score": 0.9252001104057411,
      "precision": 0.8608115048793015,
      "recall": 1.0,
      "roc_auc": 0.999955327618007,
      "pr_auc": 0.9999401691984606,
      "mae": 0.49999999999897116,
      "rmse": 0.4999999999989711,
      "ece": 0.43224999999895797,
      "mce": 0.49999999999896855,
      "round_time": 0.1673121452331543,
      "client_training_time": 0.043878793716430664,
      "edge_encryption_wall_time": 0.09689044952392578,
      "total_pure_encryption_time": 0.08872222900390625,
      "avg_encryption_per_client": 0.004436111450195313,
      "server_aggregation_time": 0.017987966537475586,
      "internal_aggregation_time": 0.01399374008178711,
      "evaluation_time": 0.008554935455322266,
      "clients_processed": 20
    },
    {
      "round": 26,
      "accuracy": 0.9325,
      "f1_score": 0.9254555494202098,
      "precision": 0.8612538540596094,
      "recall": 1.0,
      "roc_auc": 0.999955841093662,
      "pr_auc": 0.9999404789104057,
      "mae": 0.4999999999989717,
      "rmse": 0.49999999999897166,
      "ece": 0.4324999999989586,
      "mce": 0.49999999999896916,
      "round_time": 0.1665360927581787,
      "client_training_time": 0.04151034355163574,
      "edge_encryption_wall_time": 0.09348797798156738,
      "total_pure_encryption_time": 0.08128714561462402,
      "avg_encryption_per_client": 0.0040643572807312015,
      "server_aggregation_time": 0.017151594161987305,
      "internal_aggregation_time": 0.015089988708496094,
      "evaluation_time": 0.013327836990356445,
      "clients_processed": 20
    },
    {
      "round": 27,
      "accuracy": 0.93275,
      "f1_score": 0.9257111295222314,
      "precision": 0.8616966580976864,
      "recall": 1.0,
      "roc_auc": 0.9999571247827999,
      "pr_auc": 0.9999425731416067,
      "mae": 0.49999999999897016,
      "rmse": 0.49999999999897016,
      "ece": 0.4327499999989569,
      "mce": 0.499999999998969,
      "round_time": 0.3352174758911133,
      "client_training_time": 0.07659626007080078,
      "edge_encryption_wall_time": 0.20022201538085938,
      "total_pure_encryption_time": 0.17164087295532227,
      "avg_encryption_per_client": 0.008582043647766113,
      "server_aggregation_time": 0.027199506759643555,
      "internal_aggregation_time": 0.014095783233642578,
      "evaluation_time": 0.02920842170715332,
      "clients_processed": 20
    },
    {
      "round": 28,
      "accuracy": 0.93275,
      "f1_score": 0.9257111295222314,
      "precision": 0.8616966580976864,
      "recall": 1.0,
      "roc_auc": 0.9999568680449722,
      "pr_auc": 0.9999420981749765,
      "mae": 0.4999999999989717,
      "rmse": 0.49999999999897177,
      "ece": 0.43274999999895875,
      "mce": 0.4999999999989709,
      "round_time": 0.18638372421264648,
      "client_training_time": 0.049645185470581055,
      "edge_encryption_wall_time": 0.09413361549377441,
      "total_pure_encryption_time": 0.08650445938110352,
      "avg_encryption_per_client": 0.004325222969055176,
      "server_aggregation_time": 0.02485036849975586,
      "internal_aggregation_time": 0.0199432373046875,
      "evaluation_time": 0.017754554748535156,
      "clients_processed": 20
    },
    {
      "round": 29,
      "accuracy": 0.933,
      "f1_score": 0.9259668508287293,
      "precision": 0.8621399176954733,
      "recall": 1.0,
      "roc_auc": 0.9999548141423519,
      "pr_auc": 0.999939538166054,
      "mae": 0.49999999999896877,
      "rmse": 0.4999999999989687,
      "ece": 0.4329999999989558,
      "mce": 0.49999999999896755,
      "round_time": 0.20741486549377441,
      "client_training_time": 0.04512643814086914,
      "edge_encryption_wall_time": 0.12581562995910645,
      "total_pure_encryption_time": 0.11433887481689453,
      "avg_encryption_per_client": 0.005716943740844726,
      "server_aggregation_time": 0.020073413848876953,
      "internal_aggregation_time": 0.016858339309692383,
      "evaluation_time": 0.014278650283813477,
      "clients_processed": 20
    },
    {
      "round": 30,
      "accuracy": 0.93275,
      "f1_score": 0.9257111295222314,
      "precision": 0.8616966580976864,
      "recall": 1.0,
      "roc_auc": 0.9999595637921614,
      "pr_auc": 0.9999455081463791,
      "mae": 0.4999999999989717,
      "rmse": 0.49999999999897166,
      "ece": 0.43274999999895875,
      "mce": 0.49999999999897066,
      "round_time": 0.20360255241394043,
      "client_training_time": 0.06454920768737793,
      "edge_encryption_wall_time": 0.11456942558288574,
      "total_pure_encryption_time": 0.0997469425201416,
      "avg_encryption_per_client": 0.00498734712600708,
      "server_aggregation_time": 0.015040874481201172,
      "internal_aggregation_time": 0.012963533401489258,
      "evaluation_time": 0.008403778076171875,
      "clients_processed": 20
    },
    {
      "round": 31,
      "accuracy": 0.93375,
      "f1_score": 0.9267348631462538,
      "precision": 0.863472436888202,
      "recall": 1.0,
      "roc_auc": 0.9999509630749387,
      "pr_auc": 0.9999346455420086,
      "mae": 0.4999999999989743,
      "rmse": 0.4999999999989743,
      "ece": 0.4337499999989614,
      "mce": 0.499999999998975,
      "round_time": 0.1495952606201172,
      "client_training_time": 0.03312325477600098,
      "edge_encryption_wall_time": 0.08981871604919434,
      "total_pure_encryption_time": 0.08429384231567383,
      "avg_encryption_per_client": 0.004214692115783692,
      "server_aggregation_time": 0.01390528678894043,
      "internal_aggregation_time": 0.010512113571166992,
      "evaluation_time": 0.009623050689697266,
      "clients_processed": 20
    },
    {
      "round": 32,
      "accuracy": 0.933,
      "f1_score": 0.9259668508287293,
      "precision": 0.8621399176954733,
      "recall": 1.0,
      "roc_auc": 0.9999554559869207,
      "pr_auc": 0.9999401171414961,
      "mae": 0.49999999999897254,
      "rmse": 0.49999999999897254,
      "ece": 0.4329999999989594,
      "mce": 0.4999999999989716,
      "round_time": 0.13959765434265137,
      "client_training_time": 0.034125328063964844,
      "edge_encryption_wall_time": 0.07813286781311035,
      "total_pure_encryption_time": 0.07349419593811035,
      "avg_encryption_per_client": 0.0036747097969055177,
      "server_aggregation_time": 0.014248132705688477,
      "internal_aggregation_time": 0.01322317123413086,
      "evaluation_time": 0.011015892028808594,
      "clients_processed": 20
    },
    {
      "round": 33,
      "accuracy": 0.93275,
      "f1_score": 0.9257111295222314,
      "precision": 0.8616966580976864,
      "recall": 1.0,
      "roc_auc": 0.9999571247827999,
      "pr_auc": 0.9999424827217325,
      "mae": 0.49999999999897227,
      "rmse": 0.4999999999989722,
      "ece": 0.43274999999895924,
      "mce": 0.49999999999897066,
      "round_time": 0.14544367790222168,
      "client_training_time": 0.03504776954650879,
      "edge_encryption_wall_time": 0.08263826370239258,
      "total_pure_encryption_time": 0.0750432014465332,
      "avg_encryption_per_client": 0.0037521600723266603,
      "server_aggregation_time": 0.016562223434448242,
      "internal_aggregation_time": 0.014142751693725586,
      "evaluation_time": 0.01018214225769043,
      "clients_processed": 20
    },
    {
      "round": 34,
      "accuracy": 0.9325,
      "f1_score": 0.9254555494202098,
      "precision": 0.8612538540596094,
      "recall": 1.0,
      "roc_auc": 0.9999568680449722,
      "pr_auc": 0.9999420457679149,
      "mae": 0.49999999999897426,
      "rmse": 0.49999999999897426,
      "ece": 0.4324999999989614,
      "mce": 0.49999999999897293,
      "round_time": 0.1502082347869873,
      "client_training_time": 0.03588151931762695,
      "edge_encryption_wall_time": 0.08173894882202148,
      "total_pure_encryption_time": 0.0760946273803711,
      "avg_encryption_per_client": 0.003804731369018555,
      "server_aggregation_time": 0.015372991561889648,
      "internal_aggregation_time": 0.011762857437133789,
      "evaluation_time": 0.012907028198242188,
      "clients_processed": 20
    },
    {
      "round": 35,
      "accuracy": 0.93325,
      "f1_score": 0.926222713456756,
      "precision": 0.8625836335563561,
      "recall": 1.0,
      "roc_auc": 0.9999551992490932,
      "pr_auc": 0.9999394044180013,
      "mae": 0.4999999999989714,
      "rmse": 0.4999999999989713,
      "ece": 0.4332499999989584,
      "mce": 0.4999999999989709,
      "round_time": 0.14717674255371094,
      "client_training_time": 0.035994768142700195,
      "edge_encryption_wall_time": 0.0812382698059082,
      "total_pure_encryption_time": 0.07662200927734375,
      "avg_encryption_per_client": 0.0038311004638671873,
      "server_aggregation_time": 0.014607906341552734,
      "internal_aggregation_time": 0.012005329132080078,
      "evaluation_time": 0.014308452606201172,
      "clients_processed": 20
    },
    {
      "round": 36,
      "accuracy": 0.93275,
      "f1_score": 0.9257111295222314,
      "precision": 0.8616966580976864,
      "recall": 1.0,
      "roc_auc": 0.9999589219475926,
      "pr_auc": 0.9999447741157412,
      "mae": 0.49999999999897315,
      "rmse": 0.4999999999989731,
      "ece": 0.43274999999896024,
      "mce": 0.4999999999989709,
      "round_time": 0.14553356170654297,
      "client_training_time": 0.037834882736206055,
      "edge_encryption_wall_time": 0.08141779899597168,
      "total_pure_encryption_time": 0.06839227676391602,
      "avg_encryption_per_client": 0.0034196138381958007,
      "server_aggregation_time": 0.0150604248046875,
      "internal_aggregation_time": 0.012758016586303711,
      "evaluation_time": 0.011220455169677734,
      "clients_processed": 20
    },
    {
      "round": 37,
      "accuracy": 0.93275,
      "f1_score": 0.9257111295222314,
      "precision": 0.8616966580976864,
      "recall": 1.0,
      "roc_auc": 0.9999540439288692,
      "pr_auc": 0.9999385364423492,
      "mae": 0.49999999999897043,
      "rmse": 0.49999999999897043,
      "ece": 0.43274999999895725,
      "mce": 0.4999999999989692,
      "round_time": 0.154188871383667,
      "client_training_time": 0.036809444427490234,
      "edge_encryption_wall_time": 0.09152579307556152,
      "total_pure_encryption_time": 0.08198308944702148,
      "avg_encryption_per_client": 0.004099154472351074,
      "server_aggregation_time": 0.013977766036987305,
      "internal_aggregation_time": 0.01083064079284668,
      "evaluation_time": 0.01079869270324707,
      "clients_processed": 20
    },
    {
      "round": 38,
      "accuracy": 0.93225,
      "f1_score": 0.9252001104057411,
      "precision": 0.8608115048793015,
      "recall": 1.0,
      "roc_auc": 0.9999551992490932,
      "pr_auc": 0.9999398619458149,
      "mae": 0.4999999999989723,
      "rmse": 0.4999999999989723,
      "ece": 0.4322499999989591,
      "mce": 0.49999999999897043,
      "round_time": 0.1569979190826416,
      "client_training_time": 0.033559560775756836,
      "edge_encryption_wall_time": 0.08434915542602539,
      "total_pure_encryption_time": 0.07822561264038086,
      "avg_encryption_per_client": 0.003911280632019043,
      "server_aggregation_time": 0.018523693084716797,
      "internal_aggregation_time": 0.016499996185302734,
      "evaluation_time": 0.020565509796142578,
      "clients_processed": 20
    },
    {
      "round": 39,
      "accuracy": 0.93275,
      "f1_score": 0.9257111295222314,
      "precision": 0.8616966580976864,
      "recall": 1.0,
      "roc_auc": 0.9999568680449722,
      "pr_auc": 0.9999421271902023,
      "mae": 0.4999999999989703,
      "rmse": 0.4999999999989703,
      "ece": 0.43274999999895725,
      "mce": 0.4999999999989691,
      "round_time": 0.18017363548278809,
      "client_training_time": 0.05330705642700195,
      "edge_encryption_wall_time": 0.09938740730285645,
      "total_pure_encryption_time": 0.09063029289245605,
      "avg_encryption_per_client": 0.0045315146446228026,
      "server_aggregation_time": 0.017139911651611328,
      "internal_aggregation_time": 0.014913320541381836,
      "evaluation_time": 0.01033926010131836,
      "clients_processed": 20
    },
    {
      "round": 40,
      "accuracy": 0.93275,
      "f1_score": 0.9257111295222314,
      "precision": 0.8616966580976864,
      "recall": 1.0,
      "roc_auc": 0.9999545574045243,
      "pr_auc": 0.9999391983185892,
      "mae": 0.49999999999897304,
      "rmse": 0.49999999999897304,
      "ece": 0.43274999999896013,
      "mce": 0.4999999999989721,
      "round_time": 0.17313194274902344,
      "client_training_time": 0.03741097450256348,
      "edge_encryption_wall_time": 0.09318184852600098,
      "total_pure_encryption_time": 0.08398151397705078,
      "avg_encryption_per_client": 0.004199075698852539,
      "server_aggregation_time": 0.02599644660949707,
      "internal_aggregation_time": 0.018582820892333984,
      "evaluation_time": 0.016542673110961914,
      "clients_processed": 20
    }
  ],
  "final_statistics": {
    "final_accuracy": 0.93275,
    "best_accuracy": 0.9355,
    "total_time": 8.862802028656006,
    "avg_round_time": 0.1805206596851349,
    "avg_client_training_time": 0.04725047945976257,
    "avg_edge_encryption_wall_time": 0.09924147129058838,
    "avg_pure_encryption_time": 0.08979960680007934,
    "avg_encryption_per_client": 0.004489980340003967,
    "avg_server_aggregation_time": 0.018612784147262574,
    "avg_internal_aggregation_time": 0.015146768093109131,
    "avg_evaluation_time": 0.014316922426223755
  },
  "timing_statistics": {
    "total_client_training_time": 1.890019178390503,
    "total_edge_encryption_wall_time": 3.969658851623535,
    "total_pure_encryption_time": 3.591984272003174,
    "total_server_aggregation_time": 0.7445113658905029,
    "total_internal_aggregation_time": 0.6058707237243652,
    "total_evaluation_time": 0.5726768970489502,
    "total_time": 8.862802028656006,
    "avg_round_time": 0.1805206596851349,
    "avg_client_training_time": 0.04725047945976257,
    "avg_edge_encryption_wall_time": 0.09924147129058838,
    "avg_pure_encryption_time": 0.08979960680007934,
    "avg_encryption_per_client": 0.004489980340003967,
    "avg_server_aggregation_time": 0.018612784147262574,
    "avg_internal_aggregation_time": 0.015146768093109131,
    "avg_evaluation_time": 0.014316922426223755
  },
  "architecture": {
    "clients": 20,
    "edge_devices": 20,
    "cloud_servers": 1,
    "data_flow": "Client \u2192 Edge \u2192 Cloud \u2192 Edge \u2192 Client"
  }
}