{
  "pipeline_type": "edge_device_fl",
  "configuration": {
    "rounds": 30,
    "clients": 10,
    "patience": 999
  },
  "results": [
    {
      "round": 1,
      "accuracy": 0.917,
      "f1_score": 0.9004796163069544,
      "precision": 0.8189749182115594,
      "recall": 1.0,
      "roc_auc": 0.9999936034046946,
      "pr_auc": 0.99998942035348,
      "mae": 0.49999999999896033,
      "rmse": 0.4999999999989603,
      "ece": 0.4169999999989378,
      "mce": 0.4999999999989847,
      "round_time": 0.07697319984436035,
      "client_training_time": 0.01369023323059082,
      "edge_encryption_wall_time": 0.04283285140991211,
      "total_pure_encryption_time": 0.04029583930969238,
      "avg_encryption_per_client": 0.004029583930969238,
      "server_aggregation_time": 0.008122920989990234,
      "internal_aggregation_time": 0.0059356689453125,
      "evaluation_time": 0.012327194213867188,
      "clients_processed": 10
    },
    {
      "round": 2,
      "accuracy": 0.916,
      "f1_score": 0.8994011976047904,
      "precision": 0.8171926006528836,
      "recall": 1.0,
      "roc_auc": 0.9999957356031297,
      "pr_auc": 0.9999929289776783,
      "mae": 0.4999999999989641,
      "rmse": 0.4999999999989641,
      "ece": 0.41599999999894144,
      "mce": 0.4999999999989866,
      "round_time": 0.08526754379272461,
      "client_training_time": 0.021269798278808594,
      "edge_encryption_wall_time": 0.04494643211364746,
      "total_pure_encryption_time": 0.04073452949523926,
      "avg_encryption_per_client": 0.004073452949523926,
      "server_aggregation_time": 0.01083517074584961,
      "internal_aggregation_time": 0.00635838508605957,
      "evaluation_time": 0.008216142654418945,
      "clients_processed": 10
    },
    {
      "round": 3,
      "accuracy": 0.917,
      "f1_score": 0.9004796163069544,
      "precision": 0.8189749182115594,
      "recall": 1.0,
      "roc_auc": 0.9999946695039121,
      "pr_auc": 0.999991172341987,
      "mae": 0.4999999999989607,
      "rmse": 0.4999999999989607,
      "ece": 0.41699999999893816,
      "mce": 0.4999999999989866,
      "round_time": 0.08988547325134277,
      "client_training_time": 0.019855260848999023,
      "edge_encryption_wall_time": 0.049516916275024414,
      "total_pure_encryption_time": 0.04453444480895996,
      "avg_encryption_per_client": 0.004453444480895996,
      "server_aggregation_time": 0.012404203414916992,
      "internal_aggregation_time": 0.009023666381835938,
      "evaluation_time": 0.008109092712402344,
      "clients_processed": 10
    },
    {
      "round": 4,
      "accuracy": 0.919,
      "f1_score": 0.9026442307692307,
      "precision": 0.8225629791894852,
      "recall": 1.0,
      "roc_auc": 0.999994669503912,
      "pr_auc": 0.999991172341987,
      "mae": 0.49999999999895955,
      "rmse": 0.4999999999989595,
      "ece": 0.4189999999989372,
      "mce": 0.4999999999989882,
      "round_time": 0.08212804794311523,
      "client_training_time": 0.02275872230529785,
      "edge_encryption_wall_time": 0.04036521911621094,
      "total_pure_encryption_time": 0.039098262786865234,
      "avg_encryption_per_client": 0.0039098262786865234,
      "server_aggregation_time": 0.01061248779296875,
      "internal_aggregation_time": 0.009604930877685547,
      "evaluation_time": 0.008391618728637695,
      "clients_processed": 10
    },
    {
      "round": 5,
      "accuracy": 0.915,
      "f1_score": 0.8983253588516746,
      "precision": 0.8154180238870793,
      "recall": 1.0,
      "roc_auc": 0.9999914712062592,
      "pr_auc": 0.9999859302444489,
      "mae": 0.4999999999989583,
      "rmse": 0.4999999999989582,
      "ece": 0.41499999999893566,
      "mce": 0.49999999999897954,
      "round_time": 0.08749794960021973,
      "client_training_time": 0.021871328353881836,
      "edge_encryption_wall_time": 0.04262828826904297,
      "total_pure_encryption_time": 0.03951907157897949,
      "avg_encryption_per_client": 0.003951907157897949,
      "server_aggregation_time": 0.010890483856201172,
      "internal_aggregation_time": 0.007572174072265625,
      "evaluation_time": 0.011783361434936523,
      "clients_processed": 10
    },
    {
      "round": 6,
      "accuracy": 0.916,
      "f1_score": 0.8994011976047904,
      "precision": 0.8171926006528836,
      "recall": 1.0,
      "roc_auc": 0.9999925373054769,
      "pr_auc": 0.9999876729937407,
      "mae": 0.4999999999989596,
      "rmse": 0.49999999999895955,
      "ece": 0.4159999999989364,
      "mce": 0.49999999999898237,
      "round_time": 0.08512353897094727,
      "client_training_time": 0.02118825912475586,
      "edge_encryption_wall_time": 0.04249405860900879,
      "total_pure_encryption_time": 0.03922700881958008,
      "avg_encryption_per_client": 0.003922700881958008,
      "server_aggregation_time": 0.008861064910888672,
      "internal_aggregation_time": 0.0067043304443359375,
      "evaluation_time": 0.010981559753417969,
      "clients_processed": 10
    },
    {
      "round": 7,
      "accuracy": 0.9145,
      "f1_score": 0.8977884040645547,
      "precision": 0.8145336225596529,
      "recall": 1.0,
      "roc_auc": 0.9999914712062593,
      "pr_auc": 0.9999859302444492,
      "mae": 0.49999999999896205,
      "rmse": 0.49999999999896205,
      "ece": 0.41449999999893916,
      "mce": 0.4999999999989823,
      "round_time": 0.08343076705932617,
      "client_training_time": 0.018665313720703125,
      "edge_encryption_wall_time": 0.04091334342956543,
      "total_pure_encryption_time": 0.03733658790588379,
      "avg_encryption_per_client": 0.003733658790588379,
      "server_aggregation_time": 0.010744571685791016,
      "internal_aggregation_time": 0.00968480110168457,
      "evaluation_time": 0.012035846710205078,
      "clients_processed": 10
    },
    {
      "round": 8,
      "accuracy": 0.917,
      "f1_score": 0.9004796163069544,
      "precision": 0.8189749182115594,
      "recall": 1.0,
      "roc_auc": 0.9999936034046946,
      "pr_auc": 0.99998942035348,
      "mae": 0.4999999999989567,
      "rmse": 0.49999999999895667,
      "ece": 0.41699999999893383,
      "mce": 0.49999999999898237,
      "round_time": 0.0844419002532959,
      "client_training_time": 0.018802642822265625,
      "edge_encryption_wall_time": 0.04621529579162598,
      "total_pure_encryption_time": 0.041849374771118164,
      "avg_encryption_per_client": 0.004184937477111817,
      "server_aggregation_time": 0.008601665496826172,
      "internal_aggregation_time": 0.0054399967193603516,
      "evaluation_time": 0.010822296142578125,
      "clients_processed": 10
    },
    {
      "round": 9,
      "accuracy": 0.9155,
      "f1_score": 0.8988629563135847,
      "precision": 0.816304347826087,
      "recall": 1.0,
      "roc_auc": 0.9999904051070416,
      "pr_auc": 0.9999841920873822,
      "mae": 0.4999999999989609,
      "rmse": 0.49999999999896083,
      "ece": 0.41549999999893816,
      "mce": 0.4999999999989826,
      "round_time": 0.08213925361633301,
      "client_training_time": 0.01809525489807129,
      "edge_encryption_wall_time": 0.04342818260192871,
      "total_pure_encryption_time": 0.037976980209350586,
      "avg_encryption_per_client": 0.0037976980209350588,
      "server_aggregation_time": 0.008274316787719727,
      "internal_aggregation_time": 0.00609135627746582,
      "evaluation_time": 0.00985574722290039,
      "clients_processed": 10
    },
    {
      "round": 10,
      "accuracy": 0.9145,
      "f1_score": 0.8977884040645547,
      "precision": 0.8145336225596529,
      "recall": 1.0,
      "roc_auc": 0.9999914712062593,
      "pr_auc": 0.9999859302444489,
      "mae": 0.49999999999895933,
      "rmse": 0.4999999999989593,
      "ece": 0.41449999999893605,
      "mce": 0.49999999999897915,
      "round_time": 0.07800030708312988,
      "client_training_time": 0.01750040054321289,
      "edge_encryption_wall_time": 0.03904414176940918,
      "total_pure_encryption_time": 0.0367429256439209,
      "avg_encryption_per_client": 0.00367429256439209,
      "server_aggregation_time": 0.010817289352416992,
      "internal_aggregation_time": 0.00760650634765625,
      "evaluation_time": 0.00957179069519043,
      "clients_processed": 10
    },
    {
      "round": 11,
      "accuracy": 0.9155,
      "f1_score": 0.8988629563135847,
      "precision": 0.816304347826087,
      "recall": 1.0,
      "roc_auc": 0.9999936034046945,
      "pr_auc": 0.99998942035348,
      "mae": 0.4999999999989586,
      "rmse": 0.49999999999895867,
      "ece": 0.4154999999989357,
      "mce": 0.4999999999989814,
      "round_time": 0.08213424682617188,
      "client_training_time": 0.018703460693359375,
      "edge_encryption_wall_time": 0.04289817810058594,
      "total_pure_encryption_time": 0.03855419158935547,
      "avg_encryption_per_client": 0.0038554191589355467,
      "server_aggregation_time": 0.010727643966674805,
      "internal_aggregation_time": 0.007447004318237305,
      "evaluation_time": 0.008729934692382812,
      "clients_processed": 10
    },
    {
      "round": 12,
      "accuracy": 0.918,
      "f1_score": 0.9015606242496998,
      "precision": 0.8207650273224044,
      "recall": 1.0,
      "roc_auc": 0.9999957356031297,
      "pr_auc": 0.9999929289776783,
      "mae": 0.49999999999896205,
      "rmse": 0.499999999998962,
      "ece": 0.41799999999893966,
      "mce": 0.4999999999989879,
      "round_time": 0.09139585494995117,
      "client_training_time": 0.02660822868347168,
      "edge_encryption_wall_time": 0.04546022415161133,
      "total_pure_encryption_time": 0.03833913803100586,
      "avg_encryption_per_client": 0.003833913803100586,
      "server_aggregation_time": 0.008176326751708984,
      "internal_aggregation_time": 0.0044307708740234375,
      "evaluation_time": 0.01115107536315918,
      "clients_processed": 10
    },
    {
      "round": 13,
      "accuracy": 0.9165,
      "f1_score": 0.8999400838825644,
      "precision": 0.818082788671024,
      "recall": 1.0,
      "roc_auc": 0.9999957356031296,
      "pr_auc": 0.9999929289776783,
      "mae": 0.4999999999989626,
      "rmse": 0.4999999999989626,
      "ece": 0.4164999999989397,
      "mce": 0.49999999999898614,
      "round_time": 0.07458281517028809,
      "client_training_time": 0.017348527908325195,
      "edge_encryption_wall_time": 0.0392765998840332,
      "total_pure_encryption_time": 0.03495526313781738,
      "avg_encryption_per_client": 0.003495526313781738,
      "server_aggregation_time": 0.008157014846801758,
      "internal_aggregation_time": 0.007147550582885742,
      "evaluation_time": 0.008600234985351562,
      "clients_processed": 10
    },
    {
      "round": 14,
      "accuracy": 0.918,
      "f1_score": 0.9015606242496998,
      "precision": 0.8207650273224044,
      "recall": 1.0,
      "roc_auc": 0.9999936034046945,
      "pr_auc": 0.99998942035348,
      "mae": 0.4999999999989599,
      "rmse": 0.49999999999895994,
      "ece": 0.41799999999893767,
      "mce": 0.49999999999898564,
      "round_time": 0.07973074913024902,
      "client_training_time": 0.020018577575683594,
      "edge_encryption_wall_time": 0.04063916206359863,
      "total_pure_encryption_time": 0.03926825523376465,
      "avg_encryption_per_client": 0.003926825523376465,
      "server_aggregation_time": 0.010712623596191406,
      "internal_aggregation_time": 0.007553815841674805,
      "evaluation_time": 0.006325483322143555,
      "clients_processed": 10
    },
    {
      "round": 15,
      "accuracy": 0.9155,
      "f1_score": 0.8988629563135847,
      "precision": 0.816304347826087,
      "recall": 1.0,
      "roc_auc": 0.9999936034046946,
      "pr_auc": 0.99998942035348,
      "mae": 0.4999999999989611,
      "rmse": 0.49999999999896105,
      "ece": 0.41549999999893783,
      "mce": 0.4999999999989829,
      "round_time": 0.0784294605255127,
      "client_training_time": 0.017606258392333984,
      "edge_encryption_wall_time": 0.041582345962524414,
      "total_pure_encryption_time": 0.035384416580200195,
      "avg_encryption_per_client": 0.0035384416580200194,
      "server_aggregation_time": 0.008505582809448242,
      "internal_aggregation_time": 0.0053844451904296875,
      "evaluation_time": 0.009725332260131836,
      "clients_processed": 10
    },
    {
      "round": 16,
      "accuracy": 0.915,
      "f1_score": 0.8983253588516746,
      "precision": 0.8154180238870793,
      "recall": 1.0,
      "roc_auc": 0.9999914712062592,
      "pr_auc": 0.9999859302444489,
      "mae": 0.4999999999989614,
      "rmse": 0.4999999999989614,
      "ece": 0.414999999998938,
      "mce": 0.49999999999898315,
      "round_time": 0.07925009727478027,
      "client_training_time": 0.01680445671081543,
      "edge_encryption_wall_time": 0.042220115661621094,
      "total_pure_encryption_time": 0.03771042823791504,
      "avg_encryption_per_client": 0.003771042823791504,
      "server_aggregation_time": 0.008461236953735352,
      "internal_aggregation_time": 0.00642085075378418,
      "evaluation_time": 0.011764287948608398,
      "clients_processed": 10
    },
    {
      "round": 17,
      "accuracy": 0.9155,
      "f1_score": 0.8988629563135847,
      "precision": 0.816304347826087,
      "recall": 1.0,
      "roc_auc": 0.9999914712062593,
      "pr_auc": 0.9999859302444492,
      "mae": 0.49999999999896033,
      "rmse": 0.49999999999896033,
      "ece": 0.4154999999989373,
      "mce": 0.4999999999989828,
      "round_time": 0.076934814453125,
      "client_training_time": 0.01733565330505371,
      "edge_encryption_wall_time": 0.03861427307128906,
      "total_pure_encryption_time": 0.03551173210144043,
      "avg_encryption_per_client": 0.003551173210144043,
      "server_aggregation_time": 0.011536598205566406,
      "internal_aggregation_time": 0.007516384124755859,
      "evaluation_time": 0.00944828987121582,
      "clients_processed": 10
    },
    {
      "round": 18,
      "accuracy": 0.9155,
      "f1_score": 0.8988629563135847,
      "precision": 0.816304347826087,
      "recall": 1.0,
      "roc_auc": 0.9999925373054768,
      "pr_auc": 0.9999876729937406,
      "mae": 0.4999999999989602,
      "rmse": 0.4999999999989602,
      "ece": 0.4154999999989373,
      "mce": 0.4999999999989826,
      "round_time": 0.08241510391235352,
      "client_training_time": 0.01816248893737793,
      "edge_encryption_wall_time": 0.04183077812194824,
      "total_pure_encryption_time": 0.0377960205078125,
      "avg_encryption_per_client": 0.00377960205078125,
      "server_aggregation_time": 0.013086318969726562,
      "internal_aggregation_time": 0.009063243865966797,
      "evaluation_time": 0.0072863101959228516,
      "clients_processed": 10
    },
    {
      "round": 19,
      "accuracy": 0.9155,
      "f1_score": 0.8988629563135847,
      "precision": 0.816304347826087,
      "recall": 1.0,
      "roc_auc": 0.9999925373054768,
      "pr_auc": 0.9999876729937406,
      "mae": 0.49999999999895955,
      "rmse": 0.4999999999989595,
      "ece": 0.4154999999989366,
      "mce": 0.4999999999989821,
      "round_time": 0.0770728588104248,
      "client_training_time": 0.01952838897705078,
      "edge_encryption_wall_time": 0.04042220115661621,
      "total_pure_encryption_time": 0.03838181495666504,
      "avg_encryption_per_client": 0.003838181495666504,
      "server_aggregation_time": 0.007287263870239258,
      "internal_aggregation_time": 0.005131721496582031,
      "evaluation_time": 0.00856781005859375,
      "clients_processed": 10
    },
    {
      "round": 20,
      "accuracy": 0.9175,
      "f1_score": 0.9010197960407919,
      "precision": 0.8198689956331878,
      "recall": 1.0,
      "roc_auc": 0.9999936034046945,
      "pr_auc": 0.99998942035348,
      "mae": 0.49999999999896244,
      "rmse": 0.49999999999896244,
      "ece": 0.41749999999893994,
      "mce": 0.49999999999898753,
      "round_time": 0.07977485656738281,
      "client_training_time": 0.018567800521850586,
      "edge_encryption_wall_time": 0.04121661186218262,
      "total_pure_encryption_time": 0.03284502029418945,
      "avg_encryption_per_client": 0.0032845020294189455,
      "server_aggregation_time": 0.009865283966064453,
      "internal_aggregation_time": 0.006087064743041992,
      "evaluation_time": 0.010125160217285156,
      "clients_processed": 10
    },
    {
      "round": 21,
      "accuracy": 0.915,
      "f1_score": 0.8983253588516746,
      "precision": 0.8154180238870793,
      "recall": 1.0,
      "roc_auc": 0.9999882729086065,
      "pr_auc": 0.9999807294775092,
      "mae": 0.49999999999896133,
      "rmse": 0.4999999999989614,
      "ece": 0.41499999999893805,
      "mce": 0.4999999999989824,
      "round_time": 0.07902932167053223,
      "client_training_time": 0.01786494255065918,
      "edge_encryption_wall_time": 0.04155588150024414,
      "total_pure_encryption_time": 0.038365840911865234,
      "avg_encryption_per_client": 0.0038365840911865233,
      "server_aggregation_time": 0.01089787483215332,
      "internal_aggregation_time": 0.008748292922973633,
      "evaluation_time": 0.00765681266784668,
      "clients_processed": 10
    },
    {
      "round": 22,
      "accuracy": 0.917,
      "f1_score": 0.9004796163069544,
      "precision": 0.8189749182115594,
      "recall": 1.0,
      "roc_auc": 0.9999957356031296,
      "pr_auc": 0.9999929289776783,
      "mae": 0.49999999999896455,
      "rmse": 0.49999999999896455,
      "ece": 0.416999999998942,
      "mce": 0.49999999999898825,
      "round_time": 0.08042573928833008,
      "client_training_time": 0.020319700241088867,
      "edge_encryption_wall_time": 0.04110002517700195,
      "total_pure_encryption_time": 0.037728071212768555,
      "avg_encryption_per_client": 0.0037728071212768553,
      "server_aggregation_time": 0.011248588562011719,
      "internal_aggregation_time": 0.009757757186889648,
      "evaluation_time": 0.007757425308227539,
      "clients_processed": 10
    },
    {
      "round": 23,
      "accuracy": 0.916,
      "f1_score": 0.8994011976047904,
      "precision": 0.8171926006528836,
      "recall": 1.0,
      "roc_auc": 0.9999936034046946,
      "pr_auc": 0.99998942035348,
      "mae": 0.49999999999896066,
      "rmse": 0.4999999999989606,
      "ece": 0.41599999999893766,
      "mce": 0.4999999999989842,
      "round_time": 0.0809481143951416,
      "client_training_time": 0.022411108016967773,
      "edge_encryption_wall_time": 0.03989267349243164,
      "total_pure_encryption_time": 0.03674054145812988,
      "avg_encryption_per_client": 0.0036740541458129884,
      "server_aggregation_time": 0.00890970230102539,
      "internal_aggregation_time": 0.006414651870727539,
      "evaluation_time": 0.008678197860717773,
      "clients_processed": 10
    },
    {
      "round": 24,
      "accuracy": 0.916,
      "f1_score": 0.8994011976047904,
      "precision": 0.8171926006528836,
      "recall": 1.0,
      "roc_auc": 0.9999914712062592,
      "pr_auc": 0.9999859302444489,
      "mae": 0.49999999999896194,
      "rmse": 0.4999999999989619,
      "ece": 0.41649999999893933,
      "mce": 0.4999999999989854,
      "round_time": 0.08601021766662598,
      "client_training_time": 0.01906442642211914,
      "edge_encryption_wall_time": 0.046381235122680664,
      "total_pure_encryption_time": 0.0420989990234375,
      "avg_encryption_per_client": 0.00420989990234375,
      "server_aggregation_time": 0.011310815811157227,
      "internal_aggregation_time": 0.0071337223052978516,
      "evaluation_time": 0.009253740310668945,
      "clients_processed": 10
    },
    {
      "round": 25,
      "accuracy": 0.9155,
      "f1_score": 0.8988629563135847,
      "precision": 0.816304347826087,
      "recall": 1.0,
      "roc_auc": 0.9999925373054768,
      "pr_auc": 0.9999876729937407,
      "mae": 0.49999999999896555,
      "rmse": 0.4999999999989656,
      "ece": 0.4154999999989424,
      "mce": 0.49999999999898764,
      "round_time": 0.07571244239807129,
      "client_training_time": 0.016843795776367188,
      "edge_encryption_wall_time": 0.03954315185546875,
      "total_pure_encryption_time": 0.03954315185546875,
      "avg_encryption_per_client": 0.003954315185546875,
      "server_aggregation_time": 0.0072154998779296875,
      "internal_aggregation_time": 0.005171060562133789,
      "evaluation_time": 0.011070489883422852,
      "clients_processed": 10
    },
    {
      "round": 26,
      "accuracy": 0.916,
      "f1_score": 0.8994011976047904,
      "precision": 0.8171926006528836,
      "recall": 1.0,
      "roc_auc": 0.999994669503912,
      "pr_auc": 0.999991172341987,
      "mae": 0.49999999999896005,
      "rmse": 0.49999999999896005,
      "ece": 0.4159999999989374,
      "mce": 0.4999999999989822,
      "round_time": 0.07836627960205078,
      "client_training_time": 0.01847100257873535,
      "edge_encryption_wall_time": 0.03896689414978027,
      "total_pure_encryption_time": 0.03690171241760254,
      "avg_encryption_per_client": 0.003690171241760254,
      "server_aggregation_time": 0.010552644729614258,
      "internal_aggregation_time": 0.007330417633056641,
      "evaluation_time": 0.010375738143920898,
      "clients_processed": 10
    },
    {
      "round": 27,
      "accuracy": 0.916,
      "f1_score": 0.8994011976047904,
      "precision": 0.8171926006528836,
      "recall": 1.0,
      "roc_auc": 0.9999936034046945,
      "pr_auc": 0.99998942035348,
      "mae": 0.4999999999989641,
      "rmse": 0.499999999998964,
      "ece": 0.41599999999894066,
      "mce": 0.4999999999989866,
      "round_time": 0.07831263542175293,
      "client_training_time": 0.01539301872253418,
      "edge_encryption_wall_time": 0.04262948036193848,
      "total_pure_encryption_time": 0.03741025924682617,
      "avg_encryption_per_client": 0.003741025924682617,
      "server_aggregation_time": 0.009712457656860352,
      "internal_aggregation_time": 0.006179094314575195,
      "evaluation_time": 0.008373498916625977,
      "clients_processed": 10
    },
    {
      "round": 28,
      "accuracy": 0.9155,
      "f1_score": 0.8988629563135847,
      "precision": 0.816304347826087,
      "recall": 1.0,
      "roc_auc": 0.9999936034046945,
      "pr_auc": 0.99998942035348,
      "mae": 0.4999999999989625,
      "rmse": 0.49999999999896244,
      "ece": 0.41549999999893944,
      "mce": 0.4999999999989844,
      "round_time": 0.0758047103881836,
      "client_training_time": 0.016655921936035156,
      "edge_encryption_wall_time": 0.04257941246032715,
      "total_pure_encryption_time": 0.04011082649230957,
      "avg_encryption_per_client": 0.004011082649230957,
      "server_aggregation_time": 0.00856328010559082,
      "internal_aggregation_time": 0.00517582893371582,
      "evaluation_time": 0.008006095886230469,
      "clients_processed": 10
    },
    {
      "round": 29,
      "accuracy": 0.9155,
      "f1_score": 0.8988629563135847,
      "precision": 0.816304347826087,
      "recall": 1.0,
      "roc_auc": 0.9999936034046943,
      "pr_auc": 0.99998942035348,
      "mae": 0.4999999999989616,
      "rmse": 0.49999999999896155,
      "ece": 0.41549999999893866,
      "mce": 0.49999999999898376,
      "round_time": 0.07771825790405273,
      "client_training_time": 0.01929306983947754,
      "edge_encryption_wall_time": 0.03982949256896973,
      "total_pure_encryption_time": 0.03650999069213867,
      "avg_encryption_per_client": 0.003650999069213867,
      "server_aggregation_time": 0.009836196899414062,
      "internal_aggregation_time": 0.007771492004394531,
      "evaluation_time": 0.008759498596191406,
      "clients_processed": 10
    },
    {
      "round": 30,
      "accuracy": 0.9155,
      "f1_score": 0.8988629563135847,
      "precision": 0.816304347826087,
      "recall": 1.0,
      "roc_auc": 0.9999914712062592,
      "pr_auc": 0.9999859302444489,
      "mae": 0.49999999999896194,
      "rmse": 0.4999999999989619,
      "ece": 0.41549999999893883,
      "mce": 0.4999999999989825,
      "round_time": 0.07596302032470703,
      "client_training_time": 0.0196073055267334,
      "edge_encryption_wall_time": 0.03916287422180176,
      "total_pure_encryption_time": 0.03588223457336426,
      "avg_encryption_per_client": 0.003588223457336426,
      "server_aggregation_time": 0.008505582809448242,
      "internal_aggregation_time": 0.00624537467956543,
      "evaluation_time": 0.0076580047607421875,
      "clients_processed": 10
    }
  ],
  "final_statistics": {
    "final_accuracy": 0.9155,
    "best_accuracy": 0.919,
    "total_time": 3.7823119163513184,
    "avg_round_time": 0.08082998593648275,
    "avg_client_training_time": 0.019010178248087563,
    "avg_edge_encryption_wall_time": 0.04193954467773438,
    "avg_pure_encryption_time": 0.038245097796122236,
    "avg_encryption_per_client": 0.003824509779612223,
    "avg_server_aggregation_time": 0.009781090418497722,
    "avg_internal_aggregation_time": 0.0070044120152791345,
    "avg_evaluation_time": 0.009380269050598144
  },
  "timing_statistics": {
    "total_client_training_time": 0.570305347442627,
    "total_edge_encryption_wall_time": 1.2581863403320312,
    "total_pure_encryption_time": 1.147352933883667,
    "total_server_aggregation_time": 0.29343271255493164,
    "total_internal_aggregation_time": 0.21013236045837402,
    "total_evaluation_time": 0.28140807151794434,
    "total_time": 3.7823119163513184,
    "avg_round_time": 0.08082998593648275,
    "avg_client_training_time": 0.019010178248087563,
    "avg_edge_encryption_wall_time": 0.04193954467773438,
    "avg_pure_encryption_time": 0.038245097796122236,
    "avg_encryption_per_client": 0.003824509779612223,
    "avg_server_aggregation_time": 0.009781090418497722,
    "avg_internal_aggregation_time": 0.0070044120152791345,
    "avg_evaluation_time": 0.009380269050598144
  },
  "architecture": {
    "clients": 10,
    "edge_devices": 10,
    "cloud_servers": 1,
    "data_flow": "Client \u2192 Edge \u2192 Cloud \u2192 Edge \u2192 Client"
  }
}