{
  "pipeline_type": "edge_device_fl",
  "configuration": {
    "rounds": 30,
    "clients": 50,
    "patience": 999
  },
  "results": [
    {
      "round": 1,
      "accuracy": 0.9318,
      "f1_score": 0.9267768949967791,
      "precision": 0.8635454181672669,
      "recall": 1.0,
      "roc_auc": 0.9997510816828729,
      "pr_auc": 0.9996983324763068,
      "mae": 0.4999999999990086,
      "rmse": 0.49999999999900857,
      "ece": 0.4317999999989951,
      "mce": 0.4999999999989659,
      "round_time": 0.36884093284606934,
      "client_training_time": 0.0913233757019043,
      "edge_encryption_wall_time": 0.22130537033081055,
      "total_pure_encryption_time": 0.2006845474243164,
      "avg_encryption_per_client": 0.004013690948486328,
      "server_aggregation_time": 0.03470158576965332,
      "internal_aggregation_time": 0.03263664245605469,
      "evaluation_time": 0.019153594970703125,
      "clients_processed": 50
    },
    {
      "round": 2,
      "accuracy": 0.9316,
      "f1_score": 0.9265779304422499,
      "precision": 0.8632,
      "recall": 1.0,
      "roc_auc": 0.999751448548484,
      "pr_auc": 0.9996987793170329,
      "mae": 0.49999999999900985,
      "rmse": 0.4999999999990098,
      "ece": 0.43159999999899623,
      "mce": 0.4999999999989666,
      "round_time": 0.4357633590698242,
      "client_training_time": 0.11024141311645508,
      "edge_encryption_wall_time": 0.2646336555480957,
      "total_pure_encryption_time": 0.2404477596282959,
      "avg_encryption_per_client": 0.004808955192565918,
      "server_aggregation_time": 0.03239917755126953,
      "internal_aggregation_time": 0.02929544448852539,
      "evaluation_time": 0.027374982833862305,
      "clients_processed": 50
    },
    {
      "round": 3,
      "accuracy": 0.9315,
      "f1_score": 0.9264784801974885,
      "precision": 0.8630273945210958,
      "recall": 1.0,
      "roc_auc": 0.9997558101729714,
      "pr_auc": 0.9997037736919487,
      "mae": 0.49999999999900874,
      "rmse": 0.4999999999990087,
      "ece": 0.43149999999899513,
      "mce": 0.4999999999989655,
      "round_time": 0.5121099948883057,
      "client_training_time": 0.1773533821105957,
      "edge_encryption_wall_time": 0.26946210861206055,
      "total_pure_encryption_time": 0.24453997611999512,
      "avg_encryption_per_client": 0.004890799522399902,
      "server_aggregation_time": 0.0437467098236084,
      "internal_aggregation_time": 0.03659796714782715,
      "evaluation_time": 0.020551443099975586,
      "clients_processed": 50
    },
    {
      "round": 4,
      "accuracy": 0.9323,
      "f1_score": 0.927274680416801,
      "precision": 0.8644101742439415,
      "recall": 1.0,
      "roc_auc": 0.9997439889477251,
      "pr_auc": 0.9996906645611553,
      "mae": 0.49999999999900857,
      "rmse": 0.4999999999990085,
      "ece": 0.43229999999899504,
      "mce": 0.49999999999896555,
      "round_time": 0.39316582679748535,
      "client_training_time": 0.10308575630187988,
      "edge_encryption_wall_time": 0.2271718978881836,
      "total_pure_encryption_time": 0.202056884765625,
      "avg_encryption_per_client": 0.0040411376953125,
      "server_aggregation_time": 0.03754091262817383,
      "internal_aggregation_time": 0.03539896011352539,
      "evaluation_time": 0.024740934371948242,
      "clients_processed": 50
    },
    {
      "round": 5,
      "accuracy": 0.9316,
      "f1_score": 0.9265779304422499,
      "precision": 0.8632,
      "recall": 1.0,
      "roc_auc": 0.999756747718422,
      "pr_auc": 0.9997047181444753,
      "mae": 0.499999999999008,
      "rmse": 0.499999999999008,
      "ece": 0.4315999999989946,
      "mce": 0.49999999999896516,
      "round_time": 0.4061393737792969,
      "client_training_time": 0.10950851440429688,
      "edge_encryption_wall_time": 0.22983026504516602,
      "total_pure_encryption_time": 0.2042863368988037,
      "avg_encryption_per_client": 0.004085726737976074,
      "server_aggregation_time": 0.0452580451965332,
      "internal_aggregation_time": 0.0412442684173584,
      "evaluation_time": 0.020453453063964844,
      "clients_processed": 50
    },
    {
      "round": 6,
      "accuracy": 0.9318,
      "f1_score": 0.9267768949967791,
      "precision": 0.8635454181672669,
      "recall": 1.0,
      "roc_auc": 0.9997518765583636,
      "pr_auc": 0.9996992686582499,
      "mae": 0.4999999999990079,
      "rmse": 0.49999999999900785,
      "ece": 0.4317999999989942,
      "mce": 0.49999999999896577,
      "round_time": 0.35975003242492676,
      "client_training_time": 0.08978128433227539,
      "edge_encryption_wall_time": 0.21207284927368164,
      "total_pure_encryption_time": 0.19236040115356445,
      "avg_encryption_per_client": 0.003847208023071289,
      "server_aggregation_time": 0.03815960884094238,
      "internal_aggregation_time": 0.03396749496459961,
      "evaluation_time": 0.019736289978027344,
      "clients_processed": 50
    },
    {
      "round": 7,
      "accuracy": 0.9313,
      "f1_score": 0.9262796437385986,
      "precision": 0.8626823905656607,
      "recall": 1.0,
      "roc_auc": 0.9997601921788816,
      "pr_auc": 0.9997085509746497,
      "mae": 0.4999999999990091,
      "rmse": 0.49999999999900907,
      "ece": 0.4312999999989957,
      "mce": 0.499999999998966,
      "round_time": 0.3647449016571045,
      "client_training_time": 0.09522891044616699,
      "edge_encryption_wall_time": 0.20823168754577637,
      "total_pure_encryption_time": 0.18796825408935547,
      "avg_encryption_per_client": 0.0037593650817871094,
      "server_aggregation_time": 0.03715777397155762,
      "internal_aggregation_time": 0.03309988975524902,
      "evaluation_time": 0.022053956985473633,
      "clients_processed": 50
    },
    {
      "round": 8,
      "accuracy": 0.9322,
      "f1_score": 0.9271750805585393,
      "precision": 0.8642370845014017,
      "recall": 1.0,
      "roc_auc": 0.9997518765583637,
      "pr_auc": 0.9996993108042281,
      "mae": 0.49999999999900985,
      "rmse": 0.4999999999990098,
      "ece": 0.4321999999989966,
      "mce": 0.4999999999989675,
      "round_time": 0.3462822437286377,
      "client_training_time": 0.09443998336791992,
      "edge_encryption_wall_time": 0.19983863830566406,
      "total_pure_encryption_time": 0.17648100852966309,
      "avg_encryption_per_client": 0.0035296201705932615,
      "server_aggregation_time": 0.03348994255065918,
      "internal_aggregation_time": 0.031341552734375,
      "evaluation_time": 0.01851367950439453,
      "clients_processed": 50
    },
    {
      "round": 9,
      "accuracy": 0.9318,
      "f1_score": 0.9267768949967791,
      "precision": 0.8635454181672669,
      "recall": 1.0,
      "roc_auc": 0.9997485340050181,
      "pr_auc": 0.9996954087204708,
      "mae": 0.49999999999900757,
      "rmse": 0.49999999999900757,
      "ece": 0.431799999998994,
      "mce": 0.49999999999896466,
      "round_time": 0.5102121829986572,
      "client_training_time": 0.22194647789001465,
      "edge_encryption_wall_time": 0.23762917518615723,
      "total_pure_encryption_time": 0.21421098709106445,
      "avg_encryption_per_client": 0.004284219741821289,
      "server_aggregation_time": 0.03280210494995117,
      "internal_aggregation_time": 0.03154706954956055,
      "evaluation_time": 0.01580667495727539,
      "clients_processed": 50
    },
    {
      "round": 10,
      "accuracy": 0.9321,
      "f1_score": 0.9270755020942971,
      "precision": 0.8640640640640641,
      "recall": 1.0,
      "roc_auc": 0.999750184900268,
      "pr_auc": 0.9996974432300841,
      "mae": 0.4999999999990092,
      "rmse": 0.4999999999990092,
      "ece": 0.43209999999899573,
      "mce": 0.49999999999896677,
      "round_time": 0.3508751392364502,
      "client_training_time": 0.08665227890014648,
      "edge_encryption_wall_time": 0.21367549896240234,
      "total_pure_encryption_time": 0.18108773231506348,
      "avg_encryption_per_client": 0.0036217546463012695,
      "server_aggregation_time": 0.03322863578796387,
      "internal_aggregation_time": 0.03173398971557617,
      "evaluation_time": 0.016309499740600586,
      "clients_processed": 50
    },
    {
      "round": 11,
      "accuracy": 0.9318,
      "f1_score": 0.9267768949967791,
      "precision": 0.8635454181672669,
      "recall": 1.0,
      "roc_auc": 0.9997550968231721,
      "pr_auc": 0.9997027106848616,
      "mae": 0.49999999999900957,
      "rmse": 0.49999999999900957,
      "ece": 0.4317999999989961,
      "mce": 0.4999999999989663,
      "round_time": 0.34943509101867676,
      "client_training_time": 0.08822154998779297,
      "edge_encryption_wall_time": 0.207014799118042,
      "total_pure_encryption_time": 0.18744134902954102,
      "avg_encryption_per_client": 0.00374882698059082,
      "server_aggregation_time": 0.03278970718383789,
      "internal_aggregation_time": 0.02973628044128418,
      "evaluation_time": 0.019867897033691406,
      "clients_processed": 50
    },
    {
      "round": 12,
      "accuracy": 0.9309,
      "f1_score": 0.9258822267510458,
      "precision": 0.8619932095066907,
      "recall": 1.0,
      "roc_auc": 0.9997526918152772,
      "pr_auc": 0.999700135103382,
      "mae": 0.4999999999990086,
      "rmse": 0.49999999999900857,
      "ece": 0.4309999999989949,
      "mce": 0.4999999999989642,
      "round_time": 0.34048962593078613,
      "client_training_time": 0.08453750610351562,
      "edge_encryption_wall_time": 0.20318865776062012,
      "total_pure_encryption_time": 0.17745685577392578,
      "avg_encryption_per_client": 0.0035491371154785156,
      "server_aggregation_time": 0.03441119194030762,
      "internal_aggregation_time": 0.0323796272277832,
      "evaluation_time": 0.018352270126342773,
      "clients_processed": 50
    },
    {
      "round": 13,
      "accuracy": 0.9318,
      "f1_score": 0.9267768949967791,
      "precision": 0.8635454181672669,
      "recall": 1.0,
      "roc_auc": 0.9997553821630918,
      "pr_auc": 0.9997031787313541,
      "mae": 0.49999999999901,
      "rmse": 0.49999999999901,
      "ece": 0.43179999999899665,
      "mce": 0.4999999999989676,
      "round_time": 0.3605639934539795,
      "client_training_time": 0.09128999710083008,
      "edge_encryption_wall_time": 0.21735811233520508,
      "total_pure_encryption_time": 0.19800996780395508,
      "avg_encryption_per_client": 0.003960199356079101,
      "server_aggregation_time": 0.03699326515197754,
      "internal_aggregation_time": 0.03481554985046387,
      "evaluation_time": 0.014922618865966797,
      "clients_processed": 50
    },
    {
      "round": 14,
      "accuracy": 0.9313,
      "f1_score": 0.9262796437385986,
      "precision": 0.8626823905656607,
      "recall": 1.0,
      "roc_auc": 0.9997494307876229,
      "pr_auc": 0.9996964942275305,
      "mae": 0.4999999999990089,
      "rmse": 0.4999999999990089,
      "ece": 0.43129999999899504,
      "mce": 0.4999999999989657,
      "round_time": 0.4021143913269043,
      "client_training_time": 0.09823060035705566,
      "edge_encryption_wall_time": 0.23489832878112793,
      "total_pure_encryption_time": 0.21824383735656738,
      "avg_encryption_per_client": 0.004364876747131347,
      "server_aggregation_time": 0.040702104568481445,
      "internal_aggregation_time": 0.03701615333557129,
      "evaluation_time": 0.027036190032958984,
      "clients_processed": 50
    },
    {
      "round": 15,
      "accuracy": 0.9319,
      "f1_score": 0.9268764093203049,
      "precision": 0.8637182309385631,
      "recall": 1.0,
      "roc_auc": 0.9997591934891628,
      "pr_auc": 0.9997074174714937,
      "mae": 0.4999999999990112,
      "rmse": 0.49999999999901107,
      "ece": 0.43209999999899784,
      "mce": 0.49999999999896955,
      "round_time": 0.6339573860168457,
      "client_training_time": 0.10395359992980957,
      "edge_encryption_wall_time": 0.4516873359680176,
      "total_pure_encryption_time": 0.40881872177124023,
      "avg_encryption_per_client": 0.008176374435424804,
      "server_aggregation_time": 0.05495262145996094,
      "internal_aggregation_time": 0.04926562309265137,
      "evaluation_time": 0.022204160690307617,
      "clients_processed": 50
    },
    {
      "round": 16,
      "accuracy": 0.9318,
      "f1_score": 0.9267768949967791,
      "precision": 0.8635454181672669,
      "recall": 1.0,
      "roc_auc": 0.9997422565267837,
      "pr_auc": 0.9996885046406503,
      "mae": 0.4999999999990069,
      "rmse": 0.49999999999900685,
      "ece": 0.4317999999989931,
      "mce": 0.4999999999989638,
      "round_time": 0.5000450611114502,
      "client_training_time": 0.1281280517578125,
      "edge_encryption_wall_time": 0.3045957088470459,
      "total_pure_encryption_time": 0.2741837501525879,
      "avg_encryption_per_client": 0.005483675003051758,
      "server_aggregation_time": 0.049562692642211914,
      "internal_aggregation_time": 0.04729151725769043,
      "evaluation_time": 0.015413761138916016,
      "clients_processed": 50
    },
    {
      "round": 17,
      "accuracy": 0.932,
      "f1_score": 0.9269759450171822,
      "precision": 0.8638911128903123,
      "recall": 1.0,
      "roc_auc": 0.9997506129101476,
      "pr_auc": 0.9996980316600753,
      "mae": 0.4999999999990089,
      "rmse": 0.4999999999990089,
      "ece": 0.4319999999989955,
      "mce": 0.4999999999989664,
      "round_time": 0.4479024410247803,
      "client_training_time": 0.11851811408996582,
      "edge_encryption_wall_time": 0.2620859146118164,
      "total_pure_encryption_time": 0.23366189002990723,
      "avg_encryption_per_client": 0.004673237800598144,
      "server_aggregation_time": 0.046549320220947266,
      "internal_aggregation_time": 0.043367624282836914,
      "evaluation_time": 0.01946854591369629,
      "clients_processed": 50
    },
    {
      "round": 18,
      "accuracy": 0.9312,
      "f1_score": 0.9261802575107296,
      "precision": 0.8625099920063949,
      "recall": 1.0,
      "roc_auc": 0.9997577056452953,
      "pr_auc": 0.9997057723598767,
      "mae": 0.4999999999990086,
      "rmse": 0.49999999999900857,
      "ece": 0.43119999999899505,
      "mce": 0.49999999999896505,
      "round_time": 0.4134242534637451,
      "client_training_time": 0.11198210716247559,
      "edge_encryption_wall_time": 0.2445387840270996,
      "total_pure_encryption_time": 0.2266407012939453,
      "avg_encryption_per_client": 0.004532814025878906,
      "server_aggregation_time": 0.04010438919067383,
      "internal_aggregation_time": 0.03800034523010254,
      "evaluation_time": 0.014726638793945312,
      "clients_processed": 50
    },
    {
      "round": 19,
      "accuracy": 0.9318,
      "f1_score": 0.9267768949967791,
      "precision": 0.8635454181672669,
      "recall": 1.0,
      "roc_auc": 0.9997522434239746,
      "pr_auc": 0.9996994559932004,
      "mae": 0.49999999999900974,
      "rmse": 0.49999999999900974,
      "ece": 0.4317999999989962,
      "mce": 0.49999999999896777,
      "round_time": 0.4276876449584961,
      "client_training_time": 0.1279149055480957,
      "edge_encryption_wall_time": 0.23575258255004883,
      "total_pure_encryption_time": 0.21633243560791016,
      "avg_encryption_per_client": 0.004326648712158203,
      "server_aggregation_time": 0.043288230895996094,
      "internal_aggregation_time": 0.0388035774230957,
      "evaluation_time": 0.019698619842529297,
      "clients_processed": 50
    },
    {
      "round": 20,
      "accuracy": 0.9314,
      "f1_score": 0.9263790512985619,
      "precision": 0.8628548580567773,
      "recall": 1.0,
      "roc_auc": 0.9997556878844344,
      "pr_auc": 0.9997037143717841,
      "mae": 0.4999999999990101,
      "rmse": 0.49999999999901007,
      "ece": 0.4313999999989966,
      "mce": 0.49999999999896766,
      "round_time": 0.4098978042602539,
      "client_training_time": 0.10323262214660645,
      "edge_encryption_wall_time": 0.24176788330078125,
      "total_pure_encryption_time": 0.22206878662109375,
      "avg_encryption_per_client": 0.004441375732421875,
      "server_aggregation_time": 0.039200782775878906,
      "internal_aggregation_time": 0.03606748580932617,
      "evaluation_time": 0.023431777954101562,
      "clients_processed": 50
    },
    {
      "round": 21,
      "accuracy": 0.9319,
      "f1_score": 0.9268764093203049,
      "precision": 0.8637182309385631,
      "recall": 1.0,
      "roc_auc": 0.9997539147006476,
      "pr_auc": 0.9997015003177686,
      "mae": 0.4999999999990099,
      "rmse": 0.49999999999900996,
      "ece": 0.43189999999899653,
      "mce": 0.499999999998967,
      "round_time": 0.6556031703948975,
      "client_training_time": 0.12029862403869629,
      "edge_encryption_wall_time": 0.47229814529418945,
      "total_pure_encryption_time": 0.41782617568969727,
      "avg_encryption_per_client": 0.008356523513793946,
      "server_aggregation_time": 0.04407477378845215,
      "internal_aggregation_time": 0.040975093841552734,
      "evaluation_time": 0.017911672592163086,
      "clients_processed": 50
    },
    {
      "round": 22,
      "accuracy": 0.9322,
      "f1_score": 0.9271750805585393,
      "precision": 0.8642370845014017,
      "recall": 1.0,
      "roc_auc": 0.9997516115998666,
      "pr_auc": 0.9996989148434755,
      "mae": 0.499999999999008,
      "rmse": 0.499999999999008,
      "ece": 0.4321999999989945,
      "mce": 0.49999999999896605,
      "round_time": 0.43831396102905273,
      "client_training_time": 0.14148330688476562,
      "edge_encryption_wall_time": 0.2393796443939209,
      "total_pure_encryption_time": 0.2297987937927246,
      "avg_encryption_per_client": 0.004595975875854492,
      "server_aggregation_time": 0.04123234748840332,
      "internal_aggregation_time": 0.03907465934753418,
      "evaluation_time": 0.014997482299804688,
      "clients_processed": 50
    },
    {
      "round": 23,
      "accuracy": 0.9322,
      "f1_score": 0.9271750805585393,
      "precision": 0.8642370845014017,
      "recall": 1.0,
      "roc_auc": 0.999752080372592,
      "pr_auc": 0.9996994827251382,
      "mae": 0.499999999999009,
      "rmse": 0.4999999999990089,
      "ece": 0.4321999999989955,
      "mce": 0.49999999999896716,
      "round_time": 0.38962531089782715,
      "client_training_time": 0.10246491432189941,
      "edge_encryption_wall_time": 0.2321624755859375,
      "total_pure_encryption_time": 0.2138516902923584,
      "avg_encryption_per_client": 0.004277033805847168,
      "server_aggregation_time": 0.040175437927246094,
      "internal_aggregation_time": 0.037076711654663086,
      "evaluation_time": 0.014436483383178711,
      "clients_processed": 50
    },
    {
      "round": 24,
      "accuracy": 0.932,
      "f1_score": 0.9269759450171822,
      "precision": 0.8638911128903123,
      "recall": 1.0,
      "roc_auc": 0.9997483505722125,
      "pr_auc": 0.9996951857025028,
      "mae": 0.4999999999990092,
      "rmse": 0.4999999999990092,
      "ece": 0.4319999999989955,
      "mce": 0.4999999999989661,
      "round_time": 0.416792631149292,
      "client_training_time": 0.11720633506774902,
      "edge_encryption_wall_time": 0.24191737174987793,
      "total_pure_encryption_time": 0.22064900398254395,
      "avg_encryption_per_client": 0.004412980079650879,
      "server_aggregation_time": 0.03892350196838379,
      "internal_aggregation_time": 0.03677868843078613,
      "evaluation_time": 0.017743349075317383,
      "clients_processed": 50
    },
    {
      "round": 25,
      "accuracy": 0.9316,
      "f1_score": 0.9265779304422499,
      "precision": 0.8632,
      "recall": 1.0,
      "roc_auc": 0.9997486155307094,
      "pr_auc": 0.9996957730461841,
      "mae": 0.4999999999990086,
      "rmse": 0.4999999999990087,
      "ece": 0.4316999999989951,
      "mce": 0.49999999999896555,
      "round_time": 0.43190884590148926,
      "client_training_time": 0.11739969253540039,
      "edge_encryption_wall_time": 0.2615633010864258,
      "total_pure_encryption_time": 0.23386859893798828,
      "avg_encryption_per_client": 0.0046773719787597656,
      "server_aggregation_time": 0.03864312171936035,
      "internal_aggregation_time": 0.03755068778991699,
      "evaluation_time": 0.013122081756591797,
      "clients_processed": 50
    },
    {
      "round": 26,
      "accuracy": 0.9324,
      "f1_score": 0.9273743016759777,
      "precision": 0.8645833333333334,
      "recall": 1.0,
      "roc_auc": 0.9997515096927526,
      "pr_auc": 0.9996989300489172,
      "mae": 0.499999999999008,
      "rmse": 0.499999999999008,
      "ece": 0.4323999999989945,
      "mce": 0.49999999999896666,
      "round_time": 0.425098180770874,
      "client_training_time": 0.12888836860656738,
      "edge_encryption_wall_time": 0.23821806907653809,
      "total_pure_encryption_time": 0.2173469066619873,
      "avg_encryption_per_client": 0.004346938133239746,
      "server_aggregation_time": 0.03582501411437988,
      "internal_aggregation_time": 0.03380227088928223,
      "evaluation_time": 0.020720958709716797,
      "clients_processed": 50
    },
    {
      "round": 27,
      "accuracy": 0.9322,
      "f1_score": 0.9271750805585393,
      "precision": 0.8642370845014017,
      "recall": 1.0,
      "roc_auc": 0.9997498587975027,
      "pr_auc": 0.9996970492583171,
      "mae": 0.49999999999900946,
      "rmse": 0.49999999999900946,
      "ece": 0.43229999999899593,
      "mce": 0.4999999999989673,
      "round_time": 0.42297983169555664,
      "client_training_time": 0.1188204288482666,
      "edge_encryption_wall_time": 0.23905420303344727,
      "total_pure_encryption_time": 0.22045683860778809,
      "avg_encryption_per_client": 0.004409136772155761,
      "server_aggregation_time": 0.03937721252441406,
      "internal_aggregation_time": 0.03734850883483887,
      "evaluation_time": 0.02440929412841797,
      "clients_processed": 50
    },
    {
      "round": 28,
      "accuracy": 0.931,
      "f1_score": 0.9259815490238147,
      "precision": 0.8621654015181782,
      "recall": 1.0,
      "roc_auc": 0.999756625429885,
      "pr_auc": 0.9997045069288152,
      "mae": 0.49999999999900885,
      "rmse": 0.49999999999900885,
      "ece": 0.4309999999989953,
      "mce": 0.4999999999989652,
      "round_time": 0.417938232421875,
      "client_training_time": 0.12935948371887207,
      "edge_encryption_wall_time": 0.2285289764404297,
      "total_pure_encryption_time": 0.20836639404296875,
      "avg_encryption_per_client": 0.004167327880859375,
      "server_aggregation_time": 0.04236936569213867,
      "internal_aggregation_time": 0.03922080993652344,
      "evaluation_time": 0.016672372817993164,
      "clients_processed": 50
    },
    {
      "round": 29,
      "accuracy": 0.9314,
      "f1_score": 0.9263790512985619,
      "precision": 0.8628548580567773,
      "recall": 1.0,
      "roc_auc": 0.9997487174378237,
      "pr_auc": 0.9996958809955442,
      "mae": 0.4999999999990083,
      "rmse": 0.4999999999990083,
      "ece": 0.4313999999989946,
      "mce": 0.49999999999896466,
      "round_time": 0.4045906066894531,
      "client_training_time": 0.10999011993408203,
      "edge_encryption_wall_time": 0.23470640182495117,
      "total_pure_encryption_time": 0.21967315673828125,
      "avg_encryption_per_client": 0.004393463134765625,
      "server_aggregation_time": 0.04082632064819336,
      "internal_aggregation_time": 0.03870534896850586,
      "evaluation_time": 0.018049240112304688,
      "clients_processed": 50
    },
    {
      "round": 30,
      "accuracy": 0.9315,
      "f1_score": 0.9264784801974885,
      "precision": 0.8630273945210958,
      "recall": 1.0,
      "roc_auc": 0.9997530994437339,
      "pr_auc": 0.9997005554933894,
      "mae": 0.4999999999990101,
      "rmse": 0.49999999999901007,
      "ece": 0.43159999999899656,
      "mce": 0.49999999999896716,
      "round_time": 0.40701961517333984,
      "client_training_time": 0.11898422241210938,
      "edge_encryption_wall_time": 0.2306978702545166,
      "total_pure_encryption_time": 0.21243858337402344,
      "avg_encryption_per_client": 0.004248771667480469,
      "server_aggregation_time": 0.03867936134338379,
      "internal_aggregation_time": 0.03606462478637695,
      "evaluation_time": 0.017655134201049805,
      "clients_processed": 50
    }
  ],
  "final_statistics": {
    "final_accuracy": 0.9315,
    "best_accuracy": 0.9324,
    "total_time": 14.793136596679688,
    "avg_round_time": 0.4247757355372111,
    "avg_client_training_time": 0.11468219757080078,
    "avg_edge_encryption_wall_time": 0.25017552375793456,
    "avg_pure_encryption_time": 0.22670861085255942,
    "avg_encryption_per_client": 0.004534172217051188,
    "avg_server_aggregation_time": 0.03957217534383138,
    "avg_internal_aggregation_time": 0.036673482259114584,
    "avg_evaluation_time": 0.019184501965840657
  },
  "timing_statistics": {
    "total_client_training_time": 3.4404659271240234,
    "total_edge_encryption_wall_time": 7.505265712738037,
    "total_pure_encryption_time": 6.801258325576782,
    "total_server_aggregation_time": 1.1871652603149414,
    "total_internal_aggregation_time": 1.1002044677734375,
    "total_evaluation_time": 0.5755350589752197,
    "total_time": 14.793136596679688,
    "avg_round_time": 0.4247757355372111,
    "avg_client_training_time": 0.11468219757080078,
    "avg_edge_encryption_wall_time": 0.25017552375793456,
    "avg_pure_encryption_time": 0.22670861085255942,
    "avg_encryption_per_client": 0.004534172217051188,
    "avg_server_aggregation_time": 0.03957217534383138,
    "avg_internal_aggregation_time": 0.036673482259114584,
    "avg_evaluation_time": 0.019184501965840657
  },
  "architecture": {
    "clients": 50,
    "edge_devices": 50,
    "cloud_servers": 1,
    "data_flow": "Client \u2192 Edge \u2192 Cloud \u2192 Edge \u2192 Client"
  }
}