{
  "pipeline_type": "edge_device_fl",
  "configuration": {
    "rounds": 60,
    "clients": 10,
    "patience": 999
  },
  "results": [
    {
      "round": 1,
      "accuracy": 0.917,
      "f1_score": 0.9004796163069544,
      "precision": 0.8189749182115594,
      "recall": 1.0,
      "roc_auc": 0.9999936034046946,
      "pr_auc": 0.99998942035348,
      "mae": 0.49999999999896033,
      "rmse": 0.4999999999989603,
      "ece": 0.4169999999989378,
      "mce": 0.4999999999989847,
      "round_time": 0.09545564651489258,
      "client_training_time": 0.0194857120513916,
      "edge_encryption_wall_time": 0.051165103912353516,
      "total_pure_encryption_time": 0.051165103912353516,
      "avg_encryption_per_client": 0.005116510391235352,
      "server_aggregation_time": 0.01076054573059082,
      "internal_aggregation_time": 0.008391618728637695,
      "evaluation_time": 0.01304483413696289,
      "clients_processed": 10
    },
    {
      "round": 2,
      "accuracy": 0.916,
      "f1_score": 0.8994011976047904,
      "precision": 0.8171926006528836,
      "recall": 1.0,
      "roc_auc": 0.9999957356031297,
      "pr_auc": 0.9999929289776783,
      "mae": 0.4999999999989641,
      "rmse": 0.4999999999989641,
      "ece": 0.41599999999894144,
      "mce": 0.4999999999989866,
      "round_time": 0.09529542922973633,
      "client_training_time": 0.019191741943359375,
      "edge_encryption_wall_time": 0.0474245548248291,
      "total_pure_encryption_time": 0.04398179054260254,
      "avg_encryption_per_client": 0.004398179054260254,
      "server_aggregation_time": 0.010728120803833008,
      "internal_aggregation_time": 0.007740974426269531,
      "evaluation_time": 0.015946626663208008,
      "clients_processed": 10
    },
    {
      "round": 3,
      "accuracy": 0.917,
      "f1_score": 0.9004796163069544,
      "precision": 0.8189749182115594,
      "recall": 1.0,
      "roc_auc": 0.9999946695039121,
      "pr_auc": 0.999991172341987,
      "mae": 0.4999999999989607,
      "rmse": 0.4999999999989607,
      "ece": 0.41699999999893816,
      "mce": 0.4999999999989866,
      "round_time": 0.09170246124267578,
      "client_training_time": 0.014949798583984375,
      "edge_encryption_wall_time": 0.055800676345825195,
      "total_pure_encryption_time": 0.05182003974914551,
      "avg_encryption_per_client": 0.005182003974914551,
      "server_aggregation_time": 0.008683443069458008,
      "internal_aggregation_time": 0.005043745040893555,
      "evaluation_time": 0.012268543243408203,
      "clients_processed": 10
    },
    {
      "round": 4,
      "accuracy": 0.919,
      "f1_score": 0.9026442307692307,
      "precision": 0.8225629791894852,
      "recall": 1.0,
      "roc_auc": 0.9999946695039121,
      "pr_auc": 0.999991172341987,
      "mae": 0.49999999999895955,
      "rmse": 0.4999999999989595,
      "ece": 0.4189999999989372,
      "mce": 0.4999999999989882,
      "round_time": 0.0962517261505127,
      "client_training_time": 0.021682262420654297,
      "edge_encryption_wall_time": 0.05054640769958496,
      "total_pure_encryption_time": 0.04743552207946777,
      "avg_encryption_per_client": 0.004743552207946778,
      "server_aggregation_time": 0.009992361068725586,
      "internal_aggregation_time": 0.008604288101196289,
      "evaluation_time": 0.011883258819580078,
      "clients_processed": 10
    },
    {
      "round": 5,
      "accuracy": 0.915,
      "f1_score": 0.8983253588516746,
      "precision": 0.8154180238870793,
      "recall": 1.0,
      "roc_auc": 0.9999914712062592,
      "pr_auc": 0.9999859302444489,
      "mae": 0.4999999999989583,
      "rmse": 0.4999999999989582,
      "ece": 0.41499999999893566,
      "mce": 0.49999999999897954,
      "round_time": 0.09409928321838379,
      "client_training_time": 0.01957988739013672,
      "edge_encryption_wall_time": 0.05030965805053711,
      "total_pure_encryption_time": 0.04614138603210449,
      "avg_encryption_per_client": 0.004614138603210449,
      "server_aggregation_time": 0.014180660247802734,
      "internal_aggregation_time": 0.010425567626953125,
      "evaluation_time": 0.010029077529907227,
      "clients_processed": 10
    },
    {
      "round": 6,
      "accuracy": 0.916,
      "f1_score": 0.8994011976047904,
      "precision": 0.8171926006528836,
      "recall": 1.0,
      "roc_auc": 0.9999925373054769,
      "pr_auc": 0.9999876729937407,
      "mae": 0.4999999999989596,
      "rmse": 0.49999999999895955,
      "ece": 0.4159999999989364,
      "mce": 0.49999999999898237,
      "round_time": 0.10846900939941406,
      "client_training_time": 0.027631759643554688,
      "edge_encryption_wall_time": 0.06015944480895996,
      "total_pure_encryption_time": 0.05784153938293457,
      "avg_encryption_per_client": 0.005784153938293457,
      "server_aggregation_time": 0.0072290897369384766,
      "internal_aggregation_time": 0.00516510009765625,
      "evaluation_time": 0.011427640914916992,
      "clients_processed": 10
    },
    {
      "round": 7,
      "accuracy": 0.9145,
      "f1_score": 0.8977884040645547,
      "precision": 0.8145336225596529,
      "recall": 1.0,
      "roc_auc": 0.9999914712062593,
      "pr_auc": 0.9999859302444492,
      "mae": 0.49999999999896205,
      "rmse": 0.49999999999896205,
      "ece": 0.41449999999893916,
      "mce": 0.4999999999989823,
      "round_time": 0.08830642700195312,
      "client_training_time": 0.019150495529174805,
      "edge_encryption_wall_time": 0.047141075134277344,
      "total_pure_encryption_time": 0.044068336486816406,
      "avg_encryption_per_client": 0.00440683364868164,
      "server_aggregation_time": 0.010701894760131836,
      "internal_aggregation_time": 0.007654666900634766,
      "evaluation_time": 0.010280370712280273,
      "clients_processed": 10
    },
    {
      "round": 8,
      "accuracy": 0.917,
      "f1_score": 0.9004796163069544,
      "precision": 0.8189749182115594,
      "recall": 1.0,
      "roc_auc": 0.9999936034046946,
      "pr_auc": 0.99998942035348,
      "mae": 0.4999999999989567,
      "rmse": 0.49999999999895667,
      "ece": 0.41699999999893383,
      "mce": 0.49999999999898237,
      "round_time": 0.09108948707580566,
      "client_training_time": 0.02352762222290039,
      "edge_encryption_wall_time": 0.042131662368774414,
      "total_pure_encryption_time": 0.03810310363769531,
      "avg_encryption_per_client": 0.0038103103637695313,
      "server_aggregation_time": 0.009998083114624023,
      "internal_aggregation_time": 0.007787466049194336,
      "evaluation_time": 0.013381242752075195,
      "clients_processed": 10
    },
    {
      "round": 9,
      "accuracy": 0.9155,
      "f1_score": 0.8988629563135847,
      "precision": 0.816304347826087,
      "recall": 1.0,
      "roc_auc": 0.9999904051070416,
      "pr_auc": 0.9999841920873822,
      "mae": 0.4999999999989609,
      "rmse": 0.49999999999896083,
      "ece": 0.41549999999893816,
      "mce": 0.4999999999989826,
      "round_time": 0.08510041236877441,
      "client_training_time": 0.01902461051940918,
      "edge_encryption_wall_time": 0.04626178741455078,
      "total_pure_encryption_time": 0.04282832145690918,
      "avg_encryption_per_client": 0.004282832145690918,
      "server_aggregation_time": 0.006338834762573242,
      "internal_aggregation_time": 0.005295515060424805,
      "evaluation_time": 0.013475179672241211,
      "clients_processed": 10
    },
    {
      "round": 10,
      "accuracy": 0.9145,
      "f1_score": 0.8977884040645547,
      "precision": 0.8145336225596529,
      "recall": 1.0,
      "roc_auc": 0.9999914712062593,
      "pr_auc": 0.9999859302444489,
      "mae": 0.49999999999895933,
      "rmse": 0.4999999999989593,
      "ece": 0.41449999999893605,
      "mce": 0.49999999999897915,
      "round_time": 0.1302638053894043,
      "client_training_time": 0.020311355590820312,
      "edge_encryption_wall_time": 0.0679020881652832,
      "total_pure_encryption_time": 0.060698747634887695,
      "avg_encryption_per_client": 0.00606987476348877,
      "server_aggregation_time": 0.017090559005737305,
      "internal_aggregation_time": 0.012802362442016602,
      "evaluation_time": 0.024959802627563477,
      "clients_processed": 10
    },
    {
      "round": 11,
      "accuracy": 0.9155,
      "f1_score": 0.8988629563135847,
      "precision": 0.816304347826087,
      "recall": 1.0,
      "roc_auc": 0.9999936034046945,
      "pr_auc": 0.99998942035348,
      "mae": 0.4999999999989586,
      "rmse": 0.49999999999895867,
      "ece": 0.4154999999989357,
      "mce": 0.4999999999989814,
      "round_time": 0.13655948638916016,
      "client_training_time": 0.033112287521362305,
      "edge_encryption_wall_time": 0.0697782039642334,
      "total_pure_encryption_time": 0.06654739379882812,
      "avg_encryption_per_client": 0.0066547393798828125,
      "server_aggregation_time": 0.017045021057128906,
      "internal_aggregation_time": 0.014985084533691406,
      "evaluation_time": 0.014605998992919922,
      "clients_processed": 10
    },
    {
      "round": 12,
      "accuracy": 0.918,
      "f1_score": 0.9015606242496998,
      "precision": 0.8207650273224044,
      "recall": 1.0,
      "roc_auc": 0.9999957356031297,
      "pr_auc": 0.9999929289776783,
      "mae": 0.49999999999896205,
      "rmse": 0.499999999998962,
      "ece": 0.41799999999893966,
      "mce": 0.4999999999989879,
      "round_time": 0.08618688583374023,
      "client_training_time": 0.0175933837890625,
      "edge_encryption_wall_time": 0.04603099822998047,
      "total_pure_encryption_time": 0.04032444953918457,
      "avg_encryption_per_client": 0.004032444953918457,
      "server_aggregation_time": 0.008587360382080078,
      "internal_aggregation_time": 0.005506277084350586,
      "evaluation_time": 0.012849807739257812,
      "clients_processed": 10
    },
    {
      "round": 13,
      "accuracy": 0.9165,
      "f1_score": 0.8999400838825644,
      "precision": 0.818082788671024,
      "recall": 1.0,
      "roc_auc": 0.9999957356031296,
      "pr_auc": 0.9999929289776783,
      "mae": 0.4999999999989626,
      "rmse": 0.4999999999989626,
      "ece": 0.4164999999989397,
      "mce": 0.49999999999898614,
      "round_time": 0.09684109687805176,
      "client_training_time": 0.02784895896911621,
      "edge_encryption_wall_time": 0.05041360855102539,
      "total_pure_encryption_time": 0.04723501205444336,
      "avg_encryption_per_client": 0.004723501205444336,
      "server_aggregation_time": 0.007062435150146484,
      "internal_aggregation_time": 0.00481414794921875,
      "evaluation_time": 0.011516094207763672,
      "clients_processed": 10
    },
    {
      "round": 14,
      "accuracy": 0.918,
      "f1_score": 0.9015606242496998,
      "precision": 0.8207650273224044,
      "recall": 1.0,
      "roc_auc": 0.9999936034046945,
      "pr_auc": 0.99998942035348,
      "mae": 0.4999999999989599,
      "rmse": 0.49999999999895994,
      "ece": 0.41799999999893767,
      "mce": 0.49999999999898564,
      "round_time": 0.08252477645874023,
      "client_training_time": 0.01867222785949707,
      "edge_encryption_wall_time": 0.04452872276306152,
      "total_pure_encryption_time": 0.04349470138549805,
      "avg_encryption_per_client": 0.004349470138549805,
      "server_aggregation_time": 0.007566213607788086,
      "internal_aggregation_time": 0.005425453186035156,
      "evaluation_time": 0.011757612228393555,
      "clients_processed": 10
    },
    {
      "round": 15,
      "accuracy": 0.9155,
      "f1_score": 0.8988629563135847,
      "precision": 0.816304347826087,
      "recall": 1.0,
      "roc_auc": 0.9999936034046946,
      "pr_auc": 0.99998942035348,
      "mae": 0.4999999999989611,
      "rmse": 0.49999999999896105,
      "ece": 0.41549999999893783,
      "mce": 0.4999999999989829,
      "round_time": 0.08056879043579102,
      "client_training_time": 0.019795894622802734,
      "edge_encryption_wall_time": 0.04270648956298828,
      "total_pure_encryption_time": 0.03922390937805176,
      "avg_encryption_per_client": 0.003922390937805176,
      "server_aggregation_time": 0.006938457489013672,
      "internal_aggregation_time": 0.005481719970703125,
      "evaluation_time": 0.0100555419921875,
      "clients_processed": 10
    },
    {
      "round": 16,
      "accuracy": 0.915,
      "f1_score": 0.8983253588516746,
      "precision": 0.8154180238870793,
      "recall": 1.0,
      "roc_auc": 0.9999914712062592,
      "pr_auc": 0.9999859302444489,
      "mae": 0.4999999999989614,
      "rmse": 0.4999999999989614,
      "ece": 0.414999999998938,
      "mce": 0.49999999999898315,
      "round_time": 0.08332419395446777,
      "client_training_time": 0.01764082908630371,
      "edge_encryption_wall_time": 0.04382610321044922,
      "total_pure_encryption_time": 0.0417475700378418,
      "avg_encryption_per_client": 0.00417475700378418,
      "server_aggregation_time": 0.008769512176513672,
      "internal_aggregation_time": 0.007651567459106445,
      "evaluation_time": 0.011010885238647461,
      "clients_processed": 10
    },
    {
      "round": 17,
      "accuracy": 0.9155,
      "f1_score": 0.8988629563135847,
      "precision": 0.816304347826087,
      "recall": 1.0,
      "roc_auc": 0.9999914712062593,
      "pr_auc": 0.9999859302444492,
      "mae": 0.49999999999896033,
      "rmse": 0.49999999999896033,
      "ece": 0.4154999999989373,
      "mce": 0.4999999999989828,
      "round_time": 0.08570694923400879,
      "client_training_time": 0.018819332122802734,
      "edge_encryption_wall_time": 0.04503202438354492,
      "total_pure_encryption_time": 0.041704654693603516,
      "avg_encryption_per_client": 0.004170465469360352,
      "server_aggregation_time": 0.008960247039794922,
      "internal_aggregation_time": 0.006717681884765625,
      "evaluation_time": 0.012895345687866211,
      "clients_processed": 10
    },
    {
      "round": 18,
      "accuracy": 0.9155,
      "f1_score": 0.8988629563135847,
      "precision": 0.816304347826087,
      "recall": 1.0,
      "roc_auc": 0.9999925373054768,
      "pr_auc": 0.9999876729937406,
      "mae": 0.4999999999989602,
      "rmse": 0.4999999999989602,
      "ece": 0.4154999999989373,
      "mce": 0.4999999999989826,
      "round_time": 0.07974934577941895,
      "client_training_time": 0.01724076271057129,
      "edge_encryption_wall_time": 0.040769338607788086,
      "total_pure_encryption_time": 0.03668355941772461,
      "avg_encryption_per_client": 0.003668355941772461,
      "server_aggregation_time": 0.009694099426269531,
      "internal_aggregation_time": 0.006592988967895508,
      "evaluation_time": 0.009991168975830078,
      "clients_processed": 10
    },
    {
      "round": 19,
      "accuracy": 0.9155,
      "f1_score": 0.8988629563135847,
      "precision": 0.816304347826087,
      "recall": 1.0,
      "roc_auc": 0.9999925373054768,
      "pr_auc": 0.9999876729937406,
      "mae": 0.49999999999895955,
      "rmse": 0.4999999999989595,
      "ece": 0.4154999999989366,
      "mce": 0.4999999999989821,
      "round_time": 0.08138084411621094,
      "client_training_time": 0.018798828125,
      "edge_encryption_wall_time": 0.038971900939941406,
      "total_pure_encryption_time": 0.03741312026977539,
      "avg_encryption_per_client": 0.0037413120269775392,
      "server_aggregation_time": 0.01127004623413086,
      "internal_aggregation_time": 0.010253429412841797,
      "evaluation_time": 0.012340068817138672,
      "clients_processed": 10
    },
    {
      "round": 20,
      "accuracy": 0.9175,
      "f1_score": 0.9010197960407919,
      "precision": 0.8198689956331878,
      "recall": 1.0,
      "roc_auc": 0.9999936034046945,
      "pr_auc": 0.99998942035348,
      "mae": 0.49999999999896244,
      "rmse": 0.49999999999896244,
      "ece": 0.41749999999893994,
      "mce": 0.49999999999898753,
      "round_time": 0.07993459701538086,
      "client_training_time": 0.019408702850341797,
      "edge_encryption_wall_time": 0.03835487365722656,
      "total_pure_encryption_time": 0.034284114837646484,
      "avg_encryption_per_client": 0.0034284114837646483,
      "server_aggregation_time": 0.013367891311645508,
      "internal_aggregation_time": 0.010322093963623047,
      "evaluation_time": 0.007799625396728516,
      "clients_processed": 10
    },
    {
      "round": 21,
      "accuracy": 0.915,
      "f1_score": 0.8983253588516746,
      "precision": 0.8154180238870793,
      "recall": 1.0,
      "roc_auc": 0.9999882729086065,
      "pr_auc": 0.9999807294775092,
      "mae": 0.49999999999896133,
      "rmse": 0.4999999999989614,
      "ece": 0.41499999999893805,
      "mce": 0.4999999999989824,
      "round_time": 0.08099770545959473,
      "client_training_time": 0.01880049705505371,
      "edge_encryption_wall_time": 0.041754722595214844,
      "total_pure_encryption_time": 0.03627586364746094,
      "avg_encryption_per_client": 0.003627586364746094,
      "server_aggregation_time": 0.01102757453918457,
      "internal_aggregation_time": 0.0068204402923583984,
      "evaluation_time": 0.007256746292114258,
      "clients_processed": 10
    },
    {
      "round": 22,
      "accuracy": 0.917,
      "f1_score": 0.9004796163069544,
      "precision": 0.8189749182115594,
      "recall": 1.0,
      "roc_auc": 0.9999957356031296,
      "pr_auc": 0.9999929289776783,
      "mae": 0.49999999999896455,
      "rmse": 0.49999999999896455,
      "ece": 0.416999999998942,
      "mce": 0.49999999999898825,
      "round_time": 0.09028315544128418,
      "client_training_time": 0.024494409561157227,
      "edge_encryption_wall_time": 0.044947147369384766,
      "total_pure_encryption_time": 0.03989243507385254,
      "avg_encryption_per_client": 0.0039892435073852536,
      "server_aggregation_time": 0.009947061538696289,
      "internal_aggregation_time": 0.008921384811401367,
      "evaluation_time": 0.010894536972045898,
      "clients_processed": 10
    },
    {
      "round": 23,
      "accuracy": 0.916,
      "f1_score": 0.8994011976047904,
      "precision": 0.8171926006528836,
      "recall": 1.0,
      "roc_auc": 0.9999936034046946,
      "pr_auc": 0.99998942035348,
      "mae": 0.49999999999896066,
      "rmse": 0.4999999999989606,
      "ece": 0.41599999999893766,
      "mce": 0.4999999999989842,
      "round_time": 0.08661675453186035,
      "client_training_time": 0.01768779754638672,
      "edge_encryption_wall_time": 0.04022717475891113,
      "total_pure_encryption_time": 0.036828041076660156,
      "avg_encryption_per_client": 0.0036828041076660155,
      "server_aggregation_time": 0.01441192626953125,
      "internal_aggregation_time": 0.012417793273925781,
      "evaluation_time": 0.013276815414428711,
      "clients_processed": 10
    },
    {
      "round": 24,
      "accuracy": 0.916,
      "f1_score": 0.8994011976047904,
      "precision": 0.8171926006528836,
      "recall": 1.0,
      "roc_auc": 0.9999914712062592,
      "pr_auc": 0.9999859302444489,
      "mae": 0.49999999999896194,
      "rmse": 0.4999999999989619,
      "ece": 0.41649999999893933,
      "mce": 0.4999999999989854,
      "round_time": 0.08797931671142578,
      "client_training_time": 0.018314123153686523,
      "edge_encryption_wall_time": 0.04849052429199219,
      "total_pure_encryption_time": 0.04405856132507324,
      "avg_encryption_per_client": 0.004405856132507324,
      "server_aggregation_time": 0.009077310562133789,
      "internal_aggregation_time": 0.00586700439453125,
      "evaluation_time": 0.01102590560913086,
      "clients_processed": 10
    },
    {
      "round": 25,
      "accuracy": 0.9155,
      "f1_score": 0.8988629563135847,
      "precision": 0.816304347826087,
      "recall": 1.0,
      "roc_auc": 0.9999925373054768,
      "pr_auc": 0.9999876729937407,
      "mae": 0.49999999999896555,
      "rmse": 0.4999999999989656,
      "ece": 0.4154999999989424,
      "mce": 0.49999999999898764,
      "round_time": 0.0819699764251709,
      "client_training_time": 0.01797771453857422,
      "edge_encryption_wall_time": 0.0439145565032959,
      "total_pure_encryption_time": 0.03711581230163574,
      "avg_encryption_per_client": 0.0037115812301635742,
      "server_aggregation_time": 0.010112524032592773,
      "internal_aggregation_time": 0.006400108337402344,
      "evaluation_time": 0.007120847702026367,
      "clients_processed": 10
    },
    {
      "round": 26,
      "accuracy": 0.916,
      "f1_score": 0.8994011976047904,
      "precision": 0.8171926006528836,
      "recall": 1.0,
      "roc_auc": 0.999994669503912,
      "pr_auc": 0.999991172341987,
      "mae": 0.49999999999896005,
      "rmse": 0.49999999999896005,
      "ece": 0.4159999999989374,
      "mce": 0.4999999999989822,
      "round_time": 0.0819859504699707,
      "client_training_time": 0.018105506896972656,
      "edge_encryption_wall_time": 0.04495644569396973,
      "total_pure_encryption_time": 0.03985261917114258,
      "avg_encryption_per_client": 0.003985261917114258,
      "server_aggregation_time": 0.009313821792602539,
      "internal_aggregation_time": 0.0051422119140625,
      "evaluation_time": 0.008551597595214844,
      "clients_processed": 10
    },
    {
      "round": 27,
      "accuracy": 0.916,
      "f1_score": 0.8994011976047904,
      "precision": 0.8171926006528836,
      "recall": 1.0,
      "roc_auc": 0.9999936034046945,
      "pr_auc": 0.99998942035348,
      "mae": 0.4999999999989641,
      "rmse": 0.499999999998964,
      "ece": 0.41599999999894066,
      "mce": 0.4999999999989866,
      "round_time": 0.07988691329956055,
      "client_training_time": 0.017267465591430664,
      "edge_encryption_wall_time": 0.042954444885253906,
      "total_pure_encryption_time": 0.03947806358337402,
      "avg_encryption_per_client": 0.003947806358337402,
      "server_aggregation_time": 0.0073833465576171875,
      "internal_aggregation_time": 0.006348609924316406,
      "evaluation_time": 0.011237621307373047,
      "clients_processed": 10
    },
    {
      "round": 28,
      "accuracy": 0.9155,
      "f1_score": 0.8988629563135847,
      "precision": 0.816304347826087,
      "recall": 1.0,
      "roc_auc": 0.9999936034046945,
      "pr_auc": 0.99998942035348,
      "mae": 0.4999999999989625,
      "rmse": 0.49999999999896244,
      "ece": 0.41549999999893944,
      "mce": 0.4999999999989844,
      "round_time": 0.0818328857421875,
      "client_training_time": 0.016722917556762695,
      "edge_encryption_wall_time": 0.04028201103210449,
      "total_pure_encryption_time": 0.036226511001586914,
      "avg_encryption_per_client": 0.0036226511001586914,
      "server_aggregation_time": 0.012357473373413086,
      "internal_aggregation_time": 0.010272741317749023,
      "evaluation_time": 0.012470483779907227,
      "clients_processed": 10
    },
    {
      "round": 29,
      "accuracy": 0.9155,
      "f1_score": 0.8988629563135847,
      "precision": 0.816304347826087,
      "recall": 1.0,
      "roc_auc": 0.9999936034046943,
      "pr_auc": 0.99998942035348,
      "mae": 0.4999999999989616,
      "rmse": 0.49999999999896155,
      "ece": 0.41549999999893866,
      "mce": 0.49999999999898376,
      "round_time": 0.08619070053100586,
      "client_training_time": 0.01859116554260254,
      "edge_encryption_wall_time": 0.048165321350097656,
      "total_pure_encryption_time": 0.04244375228881836,
      "avg_encryption_per_client": 0.004244375228881836,
      "server_aggregation_time": 0.007879972457885742,
      "internal_aggregation_time": 0.00550532341003418,
      "evaluation_time": 0.011554241180419922,
      "clients_processed": 10
    },
    {
      "round": 30,
      "accuracy": 0.9155,
      "f1_score": 0.8988629563135847,
      "precision": 0.816304347826087,
      "recall": 1.0,
      "roc_auc": 0.9999914712062592,
      "pr_auc": 0.9999859302444489,
      "mae": 0.49999999999896194,
      "rmse": 0.4999999999989619,
      "ece": 0.41549999999893883,
      "mce": 0.4999999999989825,
      "round_time": 0.0864570140838623,
      "client_training_time": 0.020755529403686523,
      "edge_encryption_wall_time": 0.04584813117980957,
      "total_pure_encryption_time": 0.04006814956665039,
      "avg_encryption_per_client": 0.004006814956665039,
      "server_aggregation_time": 0.009027242660522461,
      "internal_aggregation_time": 0.005915403366088867,
      "evaluation_time": 0.009673118591308594,
      "clients_processed": 10
    },
    {
      "round": 31,
      "accuracy": 0.9155,
      "f1_score": 0.8988629563135847,
      "precision": 0.816304347826087,
      "recall": 1.0,
      "roc_auc": 0.9999936034046945,
      "pr_auc": 0.99998942035348,
      "mae": 0.4999999999989634,
      "rmse": 0.49999999999896344,
      "ece": 0.41549999999894044,
      "mce": 0.4999999999989848,
      "round_time": 0.08004903793334961,
      "client_training_time": 0.017920732498168945,
      "edge_encryption_wall_time": 0.043425798416137695,
      "total_pure_encryption_time": 0.04182243347167969,
      "avg_encryption_per_client": 0.004182243347167968,
      "server_aggregation_time": 0.0076236724853515625,
      "internal_aggregation_time": 0.005400180816650391,
      "evaluation_time": 0.011078834533691406,
      "clients_processed": 10
    },
    {
      "round": 32,
      "accuracy": 0.915,
      "f1_score": 0.8983253588516746,
      "precision": 0.8154180238870793,
      "recall": 1.0,
      "roc_auc": 0.9999914712062593,
      "pr_auc": 0.9999859302444492,
      "mae": 0.49999999999896133,
      "rmse": 0.49999999999896133,
      "ece": 0.4149999999989384,
      "mce": 0.49999999999898165,
      "round_time": 0.08152270317077637,
      "client_training_time": 0.018692493438720703,
      "edge_encryption_wall_time": 0.04126930236816406,
      "total_pure_encryption_time": 0.03728032112121582,
      "avg_encryption_per_client": 0.003728032112121582,
      "server_aggregation_time": 0.010139703750610352,
      "internal_aggregation_time": 0.008176088333129883,
      "evaluation_time": 0.01142120361328125,
      "clients_processed": 10
    },
    {
      "round": 33,
      "accuracy": 0.916,
      "f1_score": 0.8994011976047904,
      "precision": 0.8171926006528836,
      "recall": 1.0,
      "roc_auc": 0.9999925373054769,
      "pr_auc": 0.9999876729937406,
      "mae": 0.4999999999989616,
      "rmse": 0.49999999999896155,
      "ece": 0.41599999999893833,
      "mce": 0.4999999999989846,
      "round_time": 0.08066487312316895,
      "client_training_time": 0.01887345314025879,
      "edge_encryption_wall_time": 0.04127764701843262,
      "total_pure_encryption_time": 0.03498077392578125,
      "avg_encryption_per_client": 0.003498077392578125,
      "server_aggregation_time": 0.01052713394165039,
      "internal_aggregation_time": 0.008378982543945312,
      "evaluation_time": 0.009986639022827148,
      "clients_processed": 10
    },
    {
      "round": 34,
      "accuracy": 0.9155,
      "f1_score": 0.8988629563135847,
      "precision": 0.816304347826087,
      "recall": 1.0,
      "roc_auc": 0.9999936034046945,
      "pr_auc": 0.99998942035348,
      "mae": 0.49999999999896105,
      "rmse": 0.49999999999896105,
      "ece": 0.41549999999893805,
      "mce": 0.4999999999989824,
      "round_time": 0.0836641788482666,
      "client_training_time": 0.016592741012573242,
      "edge_encryption_wall_time": 0.041903018951416016,
      "total_pure_encryption_time": 0.03846001625061035,
      "avg_encryption_per_client": 0.003846001625061035,
      "server_aggregation_time": 0.013526201248168945,
      "internal_aggregation_time": 0.011091470718383789,
      "evaluation_time": 0.01062154769897461,
      "clients_processed": 10
    },
    {
      "round": 35,
      "accuracy": 0.9155,
      "f1_score": 0.8988629563135847,
      "precision": 0.816304347826087,
      "recall": 1.0,
      "roc_auc": 0.999992537305477,
      "pr_auc": 0.9999876729937406,
      "mae": 0.49999999999896305,
      "rmse": 0.49999999999896305,
      "ece": 0.41549999999894005,
      "mce": 0.49999999999898503,
      "round_time": 0.07961559295654297,
      "client_training_time": 0.018335819244384766,
      "edge_encryption_wall_time": 0.039141178131103516,
      "total_pure_encryption_time": 0.03590059280395508,
      "avg_encryption_per_client": 0.0035900592803955076,
      "server_aggregation_time": 0.010920286178588867,
      "internal_aggregation_time": 0.008391141891479492,
      "evaluation_time": 0.008989810943603516,
      "clients_processed": 10
    },
    {
      "round": 36,
      "accuracy": 0.917,
      "f1_score": 0.9004796163069544,
      "precision": 0.8189749182115594,
      "recall": 1.0,
      "roc_auc": 0.9999936034046945,
      "pr_auc": 0.9999894203534798,
      "mae": 0.4999999999989614,
      "rmse": 0.4999999999989614,
      "ece": 0.41699999999893855,
      "mce": 0.49999999999898426,
      "round_time": 0.08772969245910645,
      "client_training_time": 0.02139139175415039,
      "edge_encryption_wall_time": 0.04101443290710449,
      "total_pure_encryption_time": 0.033785104751586914,
      "avg_encryption_per_client": 0.0033785104751586914,
      "server_aggregation_time": 0.013341426849365234,
      "internal_aggregation_time": 0.011266231536865234,
      "evaluation_time": 0.010629892349243164,
      "clients_processed": 10
    },
    {
      "round": 37,
      "accuracy": 0.9155,
      "f1_score": 0.8988629563135847,
      "precision": 0.816304347826087,
      "recall": 1.0,
      "roc_auc": 0.9999936034046945,
      "pr_auc": 0.99998942035348,
      "mae": 0.49999999999896044,
      "rmse": 0.49999999999896044,
      "ece": 0.41549999999893744,
      "mce": 0.4999999999989827,
      "round_time": 0.08172273635864258,
      "client_training_time": 0.017572641372680664,
      "edge_encryption_wall_time": 0.04115796089172363,
      "total_pure_encryption_time": 0.03702974319458008,
      "avg_encryption_per_client": 0.0037029743194580077,
      "server_aggregation_time": 0.01149129867553711,
      "internal_aggregation_time": 0.010421514511108398,
      "evaluation_time": 0.01045536994934082,
      "clients_processed": 10
    },
    {
      "round": 38,
      "accuracy": 0.916,
      "f1_score": 0.8994011976047904,
      "precision": 0.8171926006528836,
      "recall": 1.0,
      "roc_auc": 0.9999936034046946,
      "pr_auc": 0.99998942035348,
      "mae": 0.4999999999989595,
      "rmse": 0.49999999999895944,
      "ece": 0.4159999999989365,
      "mce": 0.49999999999898187,
      "round_time": 0.08684968948364258,
      "client_training_time": 0.022067546844482422,
      "edge_encryption_wall_time": 0.04475665092468262,
      "total_pure_encryption_time": 0.03522801399230957,
      "avg_encryption_per_client": 0.003522801399230957,
      "server_aggregation_time": 0.008184671401977539,
      "internal_aggregation_time": 0.0061609745025634766,
      "evaluation_time": 0.01040339469909668,
      "clients_processed": 10
    },
    {
      "round": 39,
      "accuracy": 0.915,
      "f1_score": 0.8983253588516746,
      "precision": 0.8154180238870793,
      "recall": 1.0,
      "roc_auc": 0.9999914712062592,
      "pr_auc": 0.9999859302444489,
      "mae": 0.4999999999989611,
      "rmse": 0.49999999999896105,
      "ece": 0.41499999999893805,
      "mce": 0.4999999999989824,
      "round_time": 0.08328723907470703,
      "client_training_time": 0.016884326934814453,
      "edge_encryption_wall_time": 0.04288887977600098,
      "total_pure_encryption_time": 0.03748726844787598,
      "avg_encryption_per_client": 0.0037487268447875975,
      "server_aggregation_time": 0.010044336318969727,
      "internal_aggregation_time": 0.007770061492919922,
      "evaluation_time": 0.013469696044921875,
      "clients_processed": 10
    },
    {
      "round": 40,
      "accuracy": 0.916,
      "f1_score": 0.8994011976047904,
      "precision": 0.8171926006528836,
      "recall": 1.0,
      "roc_auc": 0.9999946695039121,
      "pr_auc": 0.999991172341987,
      "mae": 0.4999999999989618,
      "rmse": 0.4999999999989617,
      "ece": 0.4159999999989391,
      "mce": 0.49999999999898365,
      "round_time": 0.14340543746948242,
      "client_training_time": 0.04912233352661133,
      "edge_encryption_wall_time": 0.07504057884216309,
      "total_pure_encryption_time": 0.06726813316345215,
      "avg_encryption_per_client": 0.006726813316345215,
      "server_aggregation_time": 0.011063814163208008,
      "internal_aggregation_time": 0.008034229278564453,
      "evaluation_time": 0.006191730499267578,
      "clients_processed": 10
    },
    {
      "round": 41,
      "accuracy": 0.9155,
      "f1_score": 0.8988629563135847,
      "precision": 0.816304347826087,
      "recall": 1.0,
      "roc_auc": 0.9999936034046945,
      "pr_auc": 0.99998942035348,
      "mae": 0.4999999999989624,
      "rmse": 0.4999999999989624,
      "ece": 0.41549999999893905,
      "mce": 0.499999999998984,
      "round_time": 0.11329293251037598,
      "client_training_time": 0.024621009826660156,
      "edge_encryption_wall_time": 0.06867265701293945,
      "total_pure_encryption_time": 0.059042930603027344,
      "avg_encryption_per_client": 0.005904293060302735,
      "server_aggregation_time": 0.007356405258178711,
      "internal_aggregation_time": 0.005198001861572266,
      "evaluation_time": 0.011374950408935547,
      "clients_processed": 10
    },
    {
      "round": 42,
      "accuracy": 0.916,
      "f1_score": 0.8994011976047904,
      "precision": 0.8171926006528836,
      "recall": 1.0,
      "roc_auc": 0.9999957356031297,
      "pr_auc": 0.9999929289776783,
      "mae": 0.49999999999896627,
      "rmse": 0.4999999999989662,
      "ece": 0.4159999999989434,
      "mce": 0.4999999999989887,
      "round_time": 0.08317756652832031,
      "client_training_time": 0.017601966857910156,
      "edge_encryption_wall_time": 0.03870201110839844,
      "total_pure_encryption_time": 0.037369489669799805,
      "avg_encryption_per_client": 0.0037369489669799804,
      "server_aggregation_time": 0.011099815368652344,
      "internal_aggregation_time": 0.009443521499633789,
      "evaluation_time": 0.014392614364624023,
      "clients_processed": 10
    },
    {
      "round": 43,
      "accuracy": 0.9165,
      "f1_score": 0.8999400838825644,
      "precision": 0.818082788671024,
      "recall": 1.0,
      "roc_auc": 0.9999936034046945,
      "pr_auc": 0.99998942035348,
      "mae": 0.49999999999896055,
      "rmse": 0.49999999999896055,
      "ece": 0.4164999999989377,
      "mce": 0.49999999999898426,
      "round_time": 0.08139824867248535,
      "client_training_time": 0.018477916717529297,
      "edge_encryption_wall_time": 0.045488834381103516,
      "total_pure_encryption_time": 0.043378591537475586,
      "avg_encryption_per_client": 0.004337859153747558,
      "server_aggregation_time": 0.007543325424194336,
      "internal_aggregation_time": 0.006146669387817383,
      "evaluation_time": 0.009888172149658203,
      "clients_processed": 10
    },
    {
      "round": 44,
      "accuracy": 0.918,
      "f1_score": 0.9015606242496998,
      "precision": 0.8207650273224044,
      "recall": 1.0,
      "roc_auc": 0.999994669503912,
      "pr_auc": 0.999991172341987,
      "mae": 0.4999999999989602,
      "rmse": 0.4999999999989602,
      "ece": 0.41799999999893833,
      "mce": 0.4999999999989866,
      "round_time": 0.07860970497131348,
      "client_training_time": 0.019254207611083984,
      "edge_encryption_wall_time": 0.03986501693725586,
      "total_pure_encryption_time": 0.03675675392150879,
      "avg_encryption_per_client": 0.003675675392150879,
      "server_aggregation_time": 0.010226249694824219,
      "internal_aggregation_time": 0.0080718994140625,
      "evaluation_time": 0.007841825485229492,
      "clients_processed": 10
    },
    {
      "round": 45,
      "accuracy": 0.915,
      "f1_score": 0.8983253588516746,
      "precision": 0.8154180238870793,
      "recall": 1.0,
      "roc_auc": 0.9999925373054769,
      "pr_auc": 0.9999876729937407,
      "mae": 0.49999999999896233,
      "rmse": 0.49999999999896233,
      "ece": 0.41499999999893944,
      "mce": 0.49999999999898453,
      "round_time": 0.08620405197143555,
      "client_training_time": 0.02006244659423828,
      "edge_encryption_wall_time": 0.042701005935668945,
      "total_pure_encryption_time": 0.03742647171020508,
      "avg_encryption_per_client": 0.0037426471710205076,
      "server_aggregation_time": 0.009670734405517578,
      "internal_aggregation_time": 0.008664608001708984,
      "evaluation_time": 0.012207508087158203,
      "clients_processed": 10
    },
    {
      "round": 46,
      "accuracy": 0.9145,
      "f1_score": 0.8977884040645547,
      "precision": 0.8145336225596529,
      "recall": 1.0,
      "roc_auc": 0.999989339007824,
      "pr_auc": 0.9999824585044129,
      "mae": 0.4999999999989576,
      "rmse": 0.4999999999989576,
      "ece": 0.4144999999989344,
      "mce": 0.49999999999897743,
      "round_time": 0.07520699501037598,
      "client_training_time": 0.01872396469116211,
      "edge_encryption_wall_time": 0.03866767883300781,
      "total_pure_encryption_time": 0.03499913215637207,
      "avg_encryption_per_client": 0.003499913215637207,
      "server_aggregation_time": 0.010027885437011719,
      "internal_aggregation_time": 0.0073049068450927734,
      "evaluation_time": 0.006466865539550781,
      "clients_processed": 10
    },
    {
      "round": 47,
      "accuracy": 0.9165,
      "f1_score": 0.8999400838825644,
      "precision": 0.818082788671024,
      "recall": 1.0,
      "roc_auc": 0.9999936034046943,
      "pr_auc": 0.99998942035348,
      "mae": 0.49999999999895944,
      "rmse": 0.4999999999989594,
      "ece": 0.4164999999989365,
      "mce": 0.4999999999989829,
      "round_time": 0.08259081840515137,
      "client_training_time": 0.023886442184448242,
      "edge_encryption_wall_time": 0.038665056228637695,
      "total_pure_encryption_time": 0.03171944618225098,
      "avg_encryption_per_client": 0.0031719446182250977,
      "server_aggregation_time": 0.009467601776123047,
      "internal_aggregation_time": 0.00513148307800293,
      "evaluation_time": 0.010571718215942383,
      "clients_processed": 10
    },
    {
      "round": 48,
      "accuracy": 0.9165,
      "f1_score": 0.8999400838825644,
      "precision": 0.818082788671024,
      "recall": 1.0,
      "roc_auc": 0.9999957356031296,
      "pr_auc": 0.9999929289776783,
      "mae": 0.49999999999896183,
      "rmse": 0.4999999999989618,
      "ece": 0.41649999999893916,
      "mce": 0.4999999999989861,
      "round_time": 0.07938933372497559,
      "client_training_time": 0.01722240447998047,
      "edge_encryption_wall_time": 0.044092416763305664,
      "total_pure_encryption_time": 0.04102611541748047,
      "avg_encryption_per_client": 0.0041026115417480465,
      "server_aggregation_time": 0.007459878921508789,
      "internal_aggregation_time": 0.006330013275146484,
      "evaluation_time": 0.008351802825927734,
      "clients_processed": 10
    },
    {
      "round": 49,
      "accuracy": 0.9175,
      "f1_score": 0.9010197960407919,
      "precision": 0.8198689956331878,
      "recall": 1.0,
      "roc_auc": 0.999994669503912,
      "pr_auc": 0.9999911723419869,
      "mae": 0.4999999999989608,
      "rmse": 0.4999999999989608,
      "ece": 0.4174999999989384,
      "mce": 0.49999999999898687,
      "round_time": 0.08070826530456543,
      "client_training_time": 0.018321990966796875,
      "edge_encryption_wall_time": 0.04494667053222656,
      "total_pure_encryption_time": 0.042670488357543945,
      "avg_encryption_per_client": 0.004267048835754394,
      "server_aggregation_time": 0.007589578628540039,
      "internal_aggregation_time": 0.005436420440673828,
      "evaluation_time": 0.009850025177001953,
      "clients_processed": 10
    },
    {
      "round": 50,
      "accuracy": 0.9175,
      "f1_score": 0.9010197960407919,
      "precision": 0.8198689956331878,
      "recall": 1.0,
      "roc_auc": 0.9999957356031296,
      "pr_auc": 0.9999929289776783,
      "mae": 0.4999999999989584,
      "rmse": 0.4999999999989584,
      "ece": 0.41749999999893606,
      "mce": 0.4999999999989845,
      "round_time": 0.07754874229431152,
      "client_training_time": 0.016490459442138672,
      "edge_encryption_wall_time": 0.04226875305175781,
      "total_pure_encryption_time": 0.035012245178222656,
      "avg_encryption_per_client": 0.003501224517822266,
      "server_aggregation_time": 0.009565353393554688,
      "internal_aggregation_time": 0.007543087005615234,
      "evaluation_time": 0.008217096328735352,
      "clients_processed": 10
    },
    {
      "round": 51,
      "accuracy": 0.916,
      "f1_score": 0.8994011976047904,
      "precision": 0.8171926006528836,
      "recall": 1.0,
      "roc_auc": 0.9999957356031296,
      "pr_auc": 0.9999929289776783,
      "mae": 0.49999999999896216,
      "rmse": 0.4999999999989621,
      "ece": 0.41599999999893916,
      "mce": 0.4999999999989846,
      "round_time": 0.09139847755432129,
      "client_training_time": 0.01648092269897461,
      "edge_encryption_wall_time": 0.0527188777923584,
      "total_pure_encryption_time": 0.047592878341674805,
      "avg_encryption_per_client": 0.004759287834167481,
      "server_aggregation_time": 0.010648488998413086,
      "internal_aggregation_time": 0.006209135055541992,
      "evaluation_time": 0.0094451904296875,
      "clients_processed": 10
    },
    {
      "round": 52,
      "accuracy": 0.9155,
      "f1_score": 0.8988629563135847,
      "precision": 0.816304347826087,
      "recall": 1.0,
      "roc_auc": 0.9999936034046946,
      "pr_auc": 0.99998942035348,
      "mae": 0.4999999999989619,
      "rmse": 0.49999999999896183,
      "ece": 0.41549999999893916,
      "mce": 0.4999999999989822,
      "round_time": 0.07367539405822754,
      "client_training_time": 0.017885923385620117,
      "edge_encryption_wall_time": 0.03848624229431152,
      "total_pure_encryption_time": 0.03306865692138672,
      "avg_encryption_per_client": 0.003306865692138672,
      "server_aggregation_time": 0.010126590728759766,
      "internal_aggregation_time": 0.008025407791137695,
      "evaluation_time": 0.007176637649536133,
      "clients_processed": 10
    },
    {
      "round": 53,
      "accuracy": 0.9155,
      "f1_score": 0.8988629563135847,
      "precision": 0.816304347826087,
      "recall": 1.0,
      "roc_auc": 0.9999936034046945,
      "pr_auc": 0.99998942035348,
      "mae": 0.49999999999895706,
      "rmse": 0.499999999998957,
      "ece": 0.4154999999989345,
      "mce": 0.49999999999897954,
      "round_time": 0.07910871505737305,
      "client_training_time": 0.016592979431152344,
      "edge_encryption_wall_time": 0.041220664978027344,
      "total_pure_encryption_time": 0.03918910026550293,
      "avg_encryption_per_client": 0.003918910026550293,
      "server_aggregation_time": 0.009847640991210938,
      "internal_aggregation_time": 0.006182193756103516,
      "evaluation_time": 0.008889913558959961,
      "clients_processed": 10
    },
    {
      "round": 54,
      "accuracy": 0.9155,
      "f1_score": 0.8988629563135847,
      "precision": 0.816304347826087,
      "recall": 1.0,
      "roc_auc": 0.9999936034046946,
      "pr_auc": 0.99998942035348,
      "mae": 0.4999999999989615,
      "rmse": 0.49999999999896144,
      "ece": 0.4154999999989383,
      "mce": 0.49999999999898337,
      "round_time": 0.07968401908874512,
      "client_training_time": 0.01643514633178711,
      "edge_encryption_wall_time": 0.04284358024597168,
      "total_pure_encryption_time": 0.03979372978210449,
      "avg_encryption_per_client": 0.003979372978210449,
      "server_aggregation_time": 0.008487939834594727,
      "internal_aggregation_time": 0.006336212158203125,
      "evaluation_time": 0.010909318923950195,
      "clients_processed": 10
    },
    {
      "round": 55,
      "accuracy": 0.9175,
      "f1_score": 0.9010197960407919,
      "precision": 0.8198689956331878,
      "recall": 1.0,
      "roc_auc": 0.9999936034046946,
      "pr_auc": 0.9999894203534798,
      "mae": 0.49999999999896055,
      "rmse": 0.4999999999989606,
      "ece": 0.4174999999989383,
      "mce": 0.49999999999898576,
      "round_time": 0.07523441314697266,
      "client_training_time": 0.01649188995361328,
      "edge_encryption_wall_time": 0.03921842575073242,
      "total_pure_encryption_time": 0.03820610046386719,
      "avg_encryption_per_client": 0.0038206100463867186,
      "server_aggregation_time": 0.010956287384033203,
      "internal_aggregation_time": 0.009919166564941406,
      "evaluation_time": 0.007555961608886719,
      "clients_processed": 10
    },
    {
      "round": 56,
      "accuracy": 0.917,
      "f1_score": 0.9004796163069544,
      "precision": 0.8189749182115594,
      "recall": 1.0,
      "roc_auc": 0.9999957356031297,
      "pr_auc": 0.9999929289776783,
      "mae": 0.49999999999896055,
      "rmse": 0.49999999999896055,
      "ece": 0.416999999998938,
      "mce": 0.4999999999989849,
      "round_time": 0.07550549507141113,
      "client_training_time": 0.017298221588134766,
      "edge_encryption_wall_time": 0.039254188537597656,
      "total_pure_encryption_time": 0.03720974922180176,
      "avg_encryption_per_client": 0.0037209749221801757,
      "server_aggregation_time": 0.00902700424194336,
      "internal_aggregation_time": 0.005506992340087891,
      "evaluation_time": 0.00882101058959961,
      "clients_processed": 10
    },
    {
      "round": 57,
      "accuracy": 0.9155,
      "f1_score": 0.8988629563135847,
      "precision": 0.816304347826087,
      "recall": 1.0,
      "roc_auc": 0.9999936034046943,
      "pr_auc": 0.99998942035348,
      "mae": 0.49999999999896205,
      "rmse": 0.499999999998962,
      "ece": 0.415499999998939,
      "mce": 0.49999999999898337,
      "round_time": 0.07441878318786621,
      "client_training_time": 0.017482519149780273,
      "edge_encryption_wall_time": 0.04011678695678711,
      "total_pure_encryption_time": 0.03704500198364258,
      "avg_encryption_per_client": 0.0037045001983642576,
      "server_aggregation_time": 0.009621858596801758,
      "internal_aggregation_time": 0.006292581558227539,
      "evaluation_time": 0.00719761848449707,
      "clients_processed": 10
    },
    {
      "round": 58,
      "accuracy": 0.9155,
      "f1_score": 0.8988629563135847,
      "precision": 0.816304347826087,
      "recall": 1.0,
      "roc_auc": 0.9999936034046943,
      "pr_auc": 0.99998942035348,
      "mae": 0.4999999999989601,
      "rmse": 0.4999999999989601,
      "ece": 0.4154999999989374,
      "mce": 0.4999999999989823,
      "round_time": 0.07625770568847656,
      "client_training_time": 0.01702260971069336,
      "edge_encryption_wall_time": 0.03984975814819336,
      "total_pure_encryption_time": 0.03577089309692383,
      "avg_encryption_per_client": 0.0035770893096923827,
      "server_aggregation_time": 0.007427692413330078,
      "internal_aggregation_time": 0.005279064178466797,
      "evaluation_time": 0.009886503219604492,
      "clients_processed": 10
    },
    {
      "round": 59,
      "accuracy": 0.9165,
      "f1_score": 0.8999400838825644,
      "precision": 0.818082788671024,
      "recall": 1.0,
      "roc_auc": 0.9999936034046945,
      "pr_auc": 0.99998942035348,
      "mae": 0.4999999999989599,
      "rmse": 0.49999999999895983,
      "ece": 0.4164999999989373,
      "mce": 0.49999999999898354,
      "round_time": 0.08067440986633301,
      "client_training_time": 0.01859307289123535,
      "edge_encryption_wall_time": 0.04375934600830078,
      "total_pure_encryption_time": 0.03966355323791504,
      "avg_encryption_per_client": 0.0039663553237915036,
      "server_aggregation_time": 0.00831294059753418,
      "internal_aggregation_time": 0.005213737487792969,
      "evaluation_time": 0.008951187133789062,
      "clients_processed": 10
    },
    {
      "round": 60,
      "accuracy": 0.9165,
      "f1_score": 0.8999400838825644,
      "precision": 0.818082788671024,
      "recall": 1.0,
      "roc_auc": 0.9999925373054769,
      "pr_auc": 0.9999876729937406,
      "mae": 0.4999999999989605,
      "rmse": 0.4999999999989605,
      "ece": 0.4164999999989373,
      "mce": 0.4999999999989828,
      "round_time": 0.08318662643432617,
      "client_training_time": 0.01948261260986328,
      "edge_encryption_wall_time": 0.04545783996582031,
      "total_pure_encryption_time": 0.03785228729248047,
      "avg_encryption_per_client": 0.003785228729248047,
      "server_aggregation_time": 0.01034688949584961,
      "internal_aggregation_time": 0.006219387054443359,
      "evaluation_time": 0.007899284362792969,
      "clients_processed": 10
    }
  ],
  "final_statistics": {
    "final_accuracy": 0.9165,
    "best_accuracy": 0.919,
    "total_time": 6.703995704650879,
    "avg_round_time": 0.08714654843012491,
    "avg_client_training_time": 0.019801096121470133,
    "avg_edge_encryption_wall_time": 0.04566110769907634,
    "avg_pure_encryption_time": 0.04148363669713338,
    "avg_encryption_per_client": 0.004148363669713338,
    "avg_server_aggregation_time": 0.009952930609385173,
    "avg_internal_aggregation_time": 0.007496968905131022,
    "avg_evaluation_time": 0.010728732744852702
  },
  "timing_statistics": {
    "total_client_training_time": 1.188065767288208,
    "total_edge_encryption_wall_time": 2.73966646194458,
    "total_pure_encryption_time": 2.489018201828003,
    "total_server_aggregation_time": 0.5971758365631104,
    "total_internal_aggregation_time": 0.44981813430786133,
    "total_evaluation_time": 0.6437239646911621,
    "total_time": 6.703995704650879,
    "avg_round_time": 0.08714654843012491,
    "avg_client_training_time": 0.019801096121470133,
    "avg_edge_encryption_wall_time": 0.04566110769907634,
    "avg_pure_encryption_time": 0.04148363669713338,
    "avg_encryption_per_client": 0.004148363669713338,
    "avg_server_aggregation_time": 0.009952930609385173,
    "avg_internal_aggregation_time": 0.007496968905131022,
    "avg_evaluation_time": 0.010728732744852702
  },
  "architecture": {
    "clients": 10,
    "edge_devices": 10,
    "cloud_servers": 1,
    "data_flow": "Client \u2192 Edge \u2192 Cloud \u2192 Edge \u2192 Client"
  }
}