{
  "pipeline_type": "edge_device_fl",
  "configuration": {
    "rounds": 30,
    "clients": 20,
    "patience": 999
  },
  "results": [
    {
      "round": 1,
      "accuracy": 0.933,
      "f1_score": 0.9259668508287293,
      "precision": 0.8621399176954733,
      "recall": 1.0,
      "roc_auc": 0.9999566113071447,
      "pr_auc": 0.9999419319750213,
      "mae": 0.49999999999897,
      "rmse": 0.49999999999897005,
      "ece": 0.4329999999989569,
      "mce": 0.49999999999896955,
      "round_time": 0.15909624099731445,
      "client_training_time": 0.044341325759887695,
      "edge_encryption_wall_time": 0.083587646484375,
      "total_pure_encryption_time": 0.0746302604675293,
      "avg_encryption_per_client": 0.003731513023376465,
      "server_aggregation_time": 0.017858028411865234,
      "internal_aggregation_time": 0.015238285064697266,
      "evaluation_time": 0.012295007705688477,
      "clients_processed": 20
    },
    {
      "round": 2,
      "accuracy": 0.9335,
      "f1_score": 0.9264787175234936,
      "precision": 0.86302780638517,
      "recall": 1.0,
      "roc_auc": 0.9999554559869207,
      "pr_auc": 0.9999401728082862,
      "mae": 0.4999999999989703,
      "rmse": 0.4999999999989703,
      "ece": 0.43349999999895744,
      "mce": 0.4999999999989703,
      "round_time": 0.154998779296875,
      "client_training_time": 0.0349886417388916,
      "edge_encryption_wall_time": 0.0899207592010498,
      "total_pure_encryption_time": 0.08241081237792969,
      "avg_encryption_per_client": 0.004120540618896484,
      "server_aggregation_time": 0.017049312591552734,
      "internal_aggregation_time": 0.014983415603637695,
      "evaluation_time": 0.01096963882446289,
      "clients_processed": 20
    },
    {
      "round": 3,
      "accuracy": 0.93425,
      "f1_score": 0.9272475795297372,
      "precision": 0.8643630737493554,
      "recall": 1.0,
      "roc_auc": 0.9999523751329902,
      "pr_auc": 0.9999361636987463,
      "mae": 0.49999999999897216,
      "rmse": 0.4999999999989721,
      "ece": 0.43424999999895925,
      "mce": 0.49999999999897277,
      "round_time": 0.14682483673095703,
      "client_training_time": 0.032930850982666016,
      "edge_encryption_wall_time": 0.08590841293334961,
      "total_pure_encryption_time": 0.07653927803039551,
      "avg_encryption_per_client": 0.0038269639015197756,
      "server_aggregation_time": 0.015171051025390625,
      "internal_aggregation_time": 0.013861656188964844,
      "evaluation_time": 0.011799812316894531,
      "clients_processed": 20
    },
    {
      "round": 4,
      "accuracy": 0.933,
      "f1_score": 0.9259668508287293,
      "precision": 0.8621399176954733,
      "recall": 1.0,
      "roc_auc": 0.9999543006666968,
      "pr_auc": 0.9999386908505324,
      "mae": 0.4999999999989714,
      "rmse": 0.4999999999989713,
      "ece": 0.4329999999989585,
      "mce": 0.4999999999989706,
      "round_time": 0.1442253589630127,
      "client_training_time": 0.03469347953796387,
      "edge_encryption_wall_time": 0.08173322677612305,
      "total_pure_encryption_time": 0.07461881637573242,
      "avg_encryption_per_client": 0.0037309408187866213,
      "server_aggregation_time": 0.01614522933959961,
      "internal_aggregation_time": 0.01184988021850586,
      "evaluation_time": 0.011653423309326172,
      "clients_processed": 20
    },
    {
      "round": 5,
      "accuracy": 0.933,
      "f1_score": 0.9259668508287293,
      "precision": 0.8621399176954733,
      "recall": 1.0,
      "roc_auc": 0.9999566113071447,
      "pr_auc": 0.99994175394054,
      "mae": 0.49999999999897105,
      "rmse": 0.499999999998971,
      "ece": 0.4329999999989579,
      "mce": 0.4999999999989705,
      "round_time": 0.14640426635742188,
      "client_training_time": 0.037367820739746094,
      "edge_encryption_wall_time": 0.08296704292297363,
      "total_pure_encryption_time": 0.07372927665710449,
      "avg_encryption_per_client": 0.0036864638328552245,
      "server_aggregation_time": 0.01651930809020996,
      "internal_aggregation_time": 0.012139320373535156,
      "evaluation_time": 0.009077072143554688,
      "clients_processed": 20
    },
    {
      "round": 6,
      "accuracy": 0.9325,
      "f1_score": 0.9254555494202098,
      "precision": 0.8612538540596094,
      "recall": 1.0,
      "roc_auc": 0.9999591786854202,
      "pr_auc": 0.9999451731848884,
      "mae": 0.499999999998971,
      "rmse": 0.499999999998971,
      "ece": 0.4327499999989579,
      "mce": 0.4999999999989712,
      "round_time": 0.1466531753540039,
      "client_training_time": 0.03447270393371582,
      "edge_encryption_wall_time": 0.08433818817138672,
      "total_pure_encryption_time": 0.0791158676147461,
      "avg_encryption_per_client": 0.0039557933807373045,
      "server_aggregation_time": 0.014934301376342773,
      "internal_aggregation_time": 0.012639760971069336,
      "evaluation_time": 0.011879444122314453,
      "clients_processed": 20
    },
    {
      "round": 7,
      "accuracy": 0.93325,
      "f1_score": 0.926222713456756,
      "precision": 0.8625836335563561,
      "recall": 1.0,
      "roc_auc": 0.9999509630749387,
      "pr_auc": 0.9999345068065144,
      "mae": 0.4999999999989718,
      "rmse": 0.4999999999989718,
      "ece": 0.4332499999989585,
      "mce": 0.49999999999897154,
      "round_time": 0.14393973350524902,
      "client_training_time": 0.035156965255737305,
      "edge_encryption_wall_time": 0.08115386962890625,
      "total_pure_encryption_time": 0.07403254508972168,
      "avg_encryption_per_client": 0.003701627254486084,
      "server_aggregation_time": 0.016245603561401367,
      "internal_aggregation_time": 0.014054059982299805,
      "evaluation_time": 0.011383295059204102,
      "clients_processed": 20
    },
    {
      "round": 8,
      "accuracy": 0.9335,
      "f1_score": 0.9264787175234936,
      "precision": 0.86302780638517,
      "recall": 1.0,
      "roc_auc": 0.9999594354232477,
      "pr_auc": 0.9999455208321543,
      "mae": 0.49999999999897193,
      "rmse": 0.49999999999897193,
      "ece": 0.43349999999895883,
      "mce": 0.49999999999897193,
      "round_time": 0.14450716972351074,
      "client_training_time": 0.036684513092041016,
      "edge_encryption_wall_time": 0.0816493034362793,
      "total_pure_encryption_time": 0.0722968578338623,
      "avg_encryption_per_client": 0.0036148428916931152,
      "server_aggregation_time": 0.01446533203125,
      "internal_aggregation_time": 0.011678218841552734,
      "evaluation_time": 0.010233640670776367,
      "clients_processed": 20
    },
    {
      "round": 9,
      "accuracy": 0.933,
      "f1_score": 0.9259668508287293,
      "precision": 0.8621399176954733,
      "recall": 1.0,
      "roc_auc": 0.9999568680449723,
      "pr_auc": 0.9999421998985664,
      "mae": 0.4999999999989708,
      "rmse": 0.4999999999989708,
      "ece": 0.4329999999989579,
      "mce": 0.49999999999897016,
      "round_time": 0.15164828300476074,
      "client_training_time": 0.03813934326171875,
      "edge_encryption_wall_time": 0.08771991729736328,
      "total_pure_encryption_time": 0.08011198043823242,
      "avg_encryption_per_client": 0.004005599021911621,
      "server_aggregation_time": 0.016219615936279297,
      "internal_aggregation_time": 0.014683961868286133,
      "evaluation_time": 0.00919961929321289,
      "clients_processed": 20
    },
    {
      "round": 10,
      "accuracy": 0.934,
      "f1_score": 0.9269911504424779,
      "precision": 0.8639175257731959,
      "recall": 1.0,
      "roc_auc": 0.9999507063371111,
      "pr_auc": 0.9999341605091177,
      "mae": 0.4999999999989702,
      "rmse": 0.4999999999989702,
      "ece": 0.43424999999895736,
      "mce": 0.49999999999897204,
      "round_time": 0.14900922775268555,
      "client_training_time": 0.035599470138549805,
      "edge_encryption_wall_time": 0.07976722717285156,
      "total_pure_encryption_time": 0.07262086868286133,
      "avg_encryption_per_client": 0.0036310434341430666,
      "server_aggregation_time": 0.015401363372802734,
      "internal_aggregation_time": 0.013095855712890625,
      "evaluation_time": 0.015758514404296875,
      "clients_processed": 20
    },
    {
      "round": 11,
      "accuracy": 0.93225,
      "f1_score": 0.9252001104057411,
      "precision": 0.8608115048793015,
      "recall": 1.0,
      "roc_auc": 0.9999540439288692,
      "pr_auc": 0.9999384511283277,
      "mae": 0.4999999999989701,
      "rmse": 0.4999999999989701,
      "ece": 0.43249999999895683,
      "mce": 0.4999999999989696,
      "round_time": 0.14754486083984375,
      "client_training_time": 0.04250979423522949,
      "edge_encryption_wall_time": 0.0794672966003418,
      "total_pure_encryption_time": 0.07303500175476074,
      "avg_encryption_per_client": 0.003651750087738037,
      "server_aggregation_time": 0.015840530395507812,
      "internal_aggregation_time": 0.013031482696533203,
      "evaluation_time": 0.009727239608764648,
      "clients_processed": 20
    },
    {
      "round": 12,
      "accuracy": 0.934,
      "f1_score": 0.9269911504424779,
      "precision": 0.8639175257731959,
      "recall": 1.0,
      "roc_auc": 0.9999499361236285,
      "pr_auc": 0.9999332808779914,
      "mae": 0.4999999999989731,
      "rmse": 0.49999999999897315,
      "ece": 0.43424999999896025,
      "mce": 0.49999999999897465,
      "round_time": 0.14558625221252441,
      "client_training_time": 0.03787636756896973,
      "edge_encryption_wall_time": 0.0797417163848877,
      "total_pure_encryption_time": 0.07149553298950195,
      "avg_encryption_per_client": 0.003574776649475098,
      "server_aggregation_time": 0.01572442054748535,
      "internal_aggregation_time": 0.01360940933227539,
      "evaluation_time": 0.011221885681152344,
      "clients_processed": 20
    },
    {
      "round": 13,
      "accuracy": 0.9355,
      "f1_score": 0.9285318559556787,
      "precision": 0.8665977249224406,
      "recall": 1.0,
      "roc_auc": 0.9999526318708177,
      "pr_auc": 0.9999366076610643,
      "mae": 0.4999999999989682,
      "rmse": 0.4999999999989682,
      "ece": 0.4354999999989553,
      "mce": 0.49999999999897166,
      "round_time": 0.15298032760620117,
      "client_training_time": 0.04205894470214844,
      "edge_encryption_wall_time": 0.08553671836853027,
      "total_pure_encryption_time": 0.07828998565673828,
      "avg_encryption_per_client": 0.003914499282836914,
      "server_aggregation_time": 0.015833616256713867,
      "internal_aggregation_time": 0.013156652450561523,
      "evaluation_time": 0.008539199829101562,
      "clients_processed": 20
    },
    {
      "round": 14,
      "accuracy": 0.934,
      "f1_score": 0.9269911504424779,
      "precision": 0.8639175257731959,
      "recall": 1.0,
      "roc_auc": 0.9999555843558345,
      "pr_auc": 0.9999405308764908,
      "mae": 0.4999999999989703,
      "rmse": 0.4999999999989704,
      "ece": 0.4339999999989575,
      "mce": 0.49999999999897154,
      "round_time": 0.1573328971862793,
      "client_training_time": 0.0381014347076416,
      "edge_encryption_wall_time": 0.08585309982299805,
      "total_pure_encryption_time": 0.0791769027709961,
      "avg_encryption_per_client": 0.003958845138549804,
      "server_aggregation_time": 0.015555143356323242,
      "internal_aggregation_time": 0.01291799545288086,
      "evaluation_time": 0.01620197296142578,
      "clients_processed": 20
    },
    {
      "round": 15,
      "accuracy": 0.9335,
      "f1_score": 0.9264787175234936,
      "precision": 0.86302780638517,
      "recall": 1.0,
      "roc_auc": 0.9999581517341101,
      "pr_auc": 0.999943796645219,
      "mae": 0.49999999999897193,
      "rmse": 0.49999999999897193,
      "ece": 0.4334999999989591,
      "mce": 0.4999999999989715,
      "round_time": 0.187788724899292,
      "client_training_time": 0.03420233726501465,
      "edge_encryption_wall_time": 0.08412742614746094,
      "total_pure_encryption_time": 0.07964062690734863,
      "avg_encryption_per_client": 0.003982031345367431,
      "server_aggregation_time": 0.019142627716064453,
      "internal_aggregation_time": 0.01694965362548828,
      "evaluation_time": 0.04728960990905762,
      "clients_processed": 20
    },
    {
      "round": 16,
      "accuracy": 0.93275,
      "f1_score": 0.9257111295222314,
      "precision": 0.8616966580976864,
      "recall": 1.0,
      "roc_auc": 0.9999532737153867,
      "pr_auc": 0.9999375310513561,
      "mae": 0.49999999999897166,
      "rmse": 0.49999999999897166,
      "ece": 0.4327499999989587,
      "mce": 0.49999999999897055,
      "round_time": 0.15994715690612793,
      "client_training_time": 0.0479123592376709,
      "edge_encryption_wall_time": 0.08395051956176758,
      "total_pure_encryption_time": 0.07613563537597656,
      "avg_encryption_per_client": 0.003806781768798828,
      "server_aggregation_time": 0.01648688316345215,
      "internal_aggregation_time": 0.013375282287597656,
      "evaluation_time": 0.010525703430175781,
      "clients_processed": 20
    },
    {
      "round": 17,
      "accuracy": 0.93375,
      "f1_score": 0.9267348631462538,
      "precision": 0.863472436888202,
      "recall": 1.0,
      "roc_auc": 0.9999532737153866,
      "pr_auc": 0.9999374924885677,
      "mae": 0.49999999999897,
      "rmse": 0.49999999999896994,
      "ece": 0.43374999999895686,
      "mce": 0.4999999999989706,
      "round_time": 0.18101787567138672,
      "client_training_time": 0.03832817077636719,
      "edge_encryption_wall_time": 0.1134636402130127,
      "total_pure_encryption_time": 0.10447430610656738,
      "avg_encryption_per_client": 0.005223715305328369,
      "server_aggregation_time": 0.018832921981811523,
      "internal_aggregation_time": 0.016731739044189453,
      "evaluation_time": 0.010393142700195312,
      "clients_processed": 20
    },
    {
      "round": 18,
      "accuracy": 0.9335,
      "f1_score": 0.9264787175234936,
      "precision": 0.86302780638517,
      "recall": 1.0,
      "roc_auc": 0.9999545574045243,
      "pr_auc": 0.9999390710704203,
      "mae": 0.4999999999989727,
      "rmse": 0.4999999999989727,
      "ece": 0.43349999999895983,
      "mce": 0.49999999999897204,
      "round_time": 0.1816270351409912,
      "client_training_time": 0.04332709312438965,
      "edge_encryption_wall_time": 0.10113811492919922,
      "total_pure_encryption_time": 0.09435224533081055,
      "avg_encryption_per_client": 0.004717612266540527,
      "server_aggregation_time": 0.019192934036254883,
      "internal_aggregation_time": 0.0164639949798584,
      "evaluation_time": 0.015831470489501953,
      "clients_processed": 20
    },
    {
      "round": 19,
      "accuracy": 0.93325,
      "f1_score": 0.926222713456756,
      "precision": 0.8625836335563561,
      "recall": 1.0,
      "roc_auc": 0.9999576382584549,
      "pr_auc": 0.9999431935154917,
      "mae": 0.49999999999897055,
      "rmse": 0.4999999999989706,
      "ece": 0.43324999999895747,
      "mce": 0.4999999999989711,
      "round_time": 0.186722993850708,
      "client_training_time": 0.041860103607177734,
      "edge_encryption_wall_time": 0.10818195343017578,
      "total_pure_encryption_time": 0.09694457054138184,
      "avg_encryption_per_client": 0.004847228527069092,
      "server_aggregation_time": 0.01844930648803711,
      "internal_aggregation_time": 0.014127492904663086,
      "evaluation_time": 0.01722097396850586,
      "clients_processed": 20
    },
    {
      "round": 20,
      "accuracy": 0.93375,
      "f1_score": 0.9267348631462538,
      "precision": 0.863472436888202,
      "recall": 1.0,
      "roc_auc": 0.9999544290356106,
      "pr_auc": 0.99993893767448,
      "mae": 0.49999999999897093,
      "rmse": 0.49999999999897093,
      "ece": 0.4337499999989576,
      "mce": 0.4999999999989723,
      "round_time": 0.1926097869873047,
      "client_training_time": 0.05600905418395996,
      "edge_encryption_wall_time": 0.10539913177490234,
      "total_pure_encryption_time": 0.09884858131408691,
      "avg_encryption_per_client": 0.0049424290657043455,
      "server_aggregation_time": 0.01702737808227539,
      "internal_aggregation_time": 0.014893770217895508,
      "evaluation_time": 0.012145042419433594,
      "clients_processed": 20
    },
    {
      "round": 21,
      "accuracy": 0.93225,
      "f1_score": 0.9252001104057411,
      "precision": 0.8608115048793015,
      "recall": 1.0,
      "roc_auc": 0.9999620028015233,
      "pr_auc": 0.9999487359780733,
      "mae": 0.49999999999897726,
      "rmse": 0.49999999999897726,
      "ece": 0.4322499999989644,
      "mce": 0.4999999999989752,
      "round_time": 0.16680908203125,
      "client_training_time": 0.04357767105102539,
      "edge_encryption_wall_time": 0.08988022804260254,
      "total_pure_encryption_time": 0.08217978477478027,
      "avg_encryption_per_client": 0.004108989238739013,
      "server_aggregation_time": 0.01942610740661621,
      "internal_aggregation_time": 0.016255617141723633,
      "evaluation_time": 0.012909889221191406,
      "clients_processed": 20
    },
    {
      "round": 22,
      "accuracy": 0.9335,
      "f1_score": 0.9264787175234936,
      "precision": 0.86302780638517,
      "recall": 1.0,
      "roc_auc": 0.9999559694625757,
      "pr_auc": 0.9999407517393144,
      "mae": 0.49999999999897254,
      "rmse": 0.49999999999897254,
      "ece": 0.4337499999989596,
      "mce": 0.4999999999989733,
      "round_time": 0.20668315887451172,
      "client_training_time": 0.0613856315612793,
      "edge_encryption_wall_time": 0.11544299125671387,
      "total_pure_encryption_time": 0.10431408882141113,
      "avg_encryption_per_client": 0.005215704441070557,
      "server_aggregation_time": 0.015455484390258789,
      "internal_aggregation_time": 0.013039350509643555,
      "evaluation_time": 0.013386011123657227,
      "clients_processed": 20
    },
    {
      "round": 23,
      "accuracy": 0.933,
      "f1_score": 0.9259668508287293,
      "precision": 0.8621399176954733,
      "recall": 1.0,
      "roc_auc": 0.9999555843558345,
      "pr_auc": 0.9999404974418684,
      "mae": 0.49999999999896955,
      "rmse": 0.4999999999989695,
      "ece": 0.43299999999895633,
      "mce": 0.4999999999989682,
      "round_time": 0.16522884368896484,
      "client_training_time": 0.040895938873291016,
      "edge_encryption_wall_time": 0.09403705596923828,
      "total_pure_encryption_time": 0.08663558959960938,
      "avg_encryption_per_client": 0.004331779479980469,
      "server_aggregation_time": 0.017716646194458008,
      "internal_aggregation_time": 0.013527631759643555,
      "evaluation_time": 0.01154327392578125,
      "clients_processed": 20
    },
    {
      "round": 24,
      "accuracy": 0.93325,
      "f1_score": 0.926222713456756,
      "precision": 0.8625836335563561,
      "recall": 1.0,
      "roc_auc": 0.9999578949962825,
      "pr_auc": 0.9999435081380288,
      "mae": 0.49999999999896944,
      "rmse": 0.4999999999989695,
      "ece": 0.4332499999989564,
      "mce": 0.49999999999896927,
      "round_time": 0.18860220909118652,
      "client_training_time": 0.050608158111572266,
      "edge_encryption_wall_time": 0.10340595245361328,
      "total_pure_encryption_time": 0.09316635131835938,
      "avg_encryption_per_client": 0.004658317565917969,
      "server_aggregation_time": 0.016889333724975586,
      "internal_aggregation_time": 0.013450384140014648,
      "evaluation_time": 0.015138387680053711,
      "clients_processed": 20
    },
    {
      "round": 25,
      "accuracy": 0.93225,
      "f1_score": 0.9252001104057411,
      "precision": 0.8608115048793015,
      "recall": 1.0,
      "roc_auc": 0.999955327618007,
      "pr_auc": 0.9999401691984606,
      "mae": 0.49999999999897116,
      "rmse": 0.4999999999989711,
      "ece": 0.43224999999895797,
      "mce": 0.49999999999896855,
      "round_time": 0.1761162281036377,
      "client_training_time": 0.05534648895263672,
      "edge_encryption_wall_time": 0.08582401275634766,
      "total_pure_encryption_time": 0.07634758949279785,
      "avg_encryption_per_client": 0.0038173794746398926,
      "server_aggregation_time": 0.01839280128479004,
      "internal_aggregation_time": 0.015027761459350586,
      "evaluation_time": 0.015471220016479492,
      "clients_processed": 20
    },
    {
      "round": 26,
      "accuracy": 0.9325,
      "f1_score": 0.9254555494202098,
      "precision": 0.8612538540596094,
      "recall": 1.0,
      "roc_auc": 0.999955841093662,
      "pr_auc": 0.9999404789104057,
      "mae": 0.4999999999989717,
      "rmse": 0.49999999999897166,
      "ece": 0.4324999999989586,
      "mce": 0.49999999999896916,
      "round_time": 0.17008185386657715,
      "client_training_time": 0.05036163330078125,
      "edge_encryption_wall_time": 0.09174346923828125,
      "total_pure_encryption_time": 0.08452153205871582,
      "avg_encryption_per_client": 0.004226076602935791,
      "server_aggregation_time": 0.01746344566345215,
      "internal_aggregation_time": 0.01420140266418457,
      "evaluation_time": 0.0105133056640625,
      "clients_processed": 20
    },
    {
      "round": 27,
      "accuracy": 0.93275,
      "f1_score": 0.9257111295222314,
      "precision": 0.8616966580976864,
      "recall": 1.0,
      "roc_auc": 0.9999571247827999,
      "pr_auc": 0.9999425731416067,
      "mae": 0.49999999999897016,
      "rmse": 0.49999999999897016,
      "ece": 0.4327499999989569,
      "mce": 0.499999999998969,
      "round_time": 0.15729093551635742,
      "client_training_time": 0.04062080383300781,
      "edge_encryption_wall_time": 0.08793091773986816,
      "total_pure_encryption_time": 0.07803034782409668,
      "avg_encryption_per_client": 0.003901517391204834,
      "server_aggregation_time": 0.016736984252929688,
      "internal_aggregation_time": 0.013654232025146484,
      "evaluation_time": 0.010998964309692383,
      "clients_processed": 20
    },
    {
      "round": 28,
      "accuracy": 0.93275,
      "f1_score": 0.9257111295222314,
      "precision": 0.8616966580976864,
      "recall": 1.0,
      "roc_auc": 0.9999568680449722,
      "pr_auc": 0.9999420981749765,
      "mae": 0.4999999999989717,
      "rmse": 0.49999999999897177,
      "ece": 0.43274999999895875,
      "mce": 0.4999999999989709,
      "round_time": 0.282193660736084,
      "client_training_time": 0.03834724426269531,
      "edge_encryption_wall_time": 0.2066936492919922,
      "total_pure_encryption_time": 0.19355416297912598,
      "avg_encryption_per_client": 0.009677708148956299,
      "server_aggregation_time": 0.019718647003173828,
      "internal_aggregation_time": 0.017220258712768555,
      "evaluation_time": 0.015420198440551758,
      "clients_processed": 20
    },
    {
      "round": 29,
      "accuracy": 0.933,
      "f1_score": 0.9259668508287293,
      "precision": 0.8621399176954733,
      "recall": 1.0,
      "roc_auc": 0.9999548141423519,
      "pr_auc": 0.999939538166054,
      "mae": 0.49999999999896877,
      "rmse": 0.4999999999989687,
      "ece": 0.4329999999989558,
      "mce": 0.49999999999896755,
      "round_time": 0.40300440788269043,
      "client_training_time": 0.05221962928771973,
      "edge_encryption_wall_time": 0.30442047119140625,
      "total_pure_encryption_time": 0.17923855781555176,
      "avg_encryption_per_client": 0.008961927890777589,
      "server_aggregation_time": 0.02757120132446289,
      "internal_aggregation_time": 0.024482011795043945,
      "evaluation_time": 0.018793106079101562,
      "clients_processed": 20
    },
    {
      "round": 30,
      "accuracy": 0.93275,
      "f1_score": 0.9257111295222314,
      "precision": 0.8616966580976864,
      "recall": 1.0,
      "roc_auc": 0.9999595637921614,
      "pr_auc": 0.9999455081463791,
      "mae": 0.4999999999989717,
      "rmse": 0.49999999999897166,
      "ece": 0.43274999999895875,
      "mce": 0.49999999999897066,
      "round_time": 0.21631407737731934,
      "client_training_time": 0.057836294174194336,
      "edge_encryption_wall_time": 0.12746977806091309,
      "total_pure_encryption_time": 0.11818122863769531,
      "avg_encryption_per_client": 0.005909061431884766,
      "server_aggregation_time": 0.01817488670349121,
      "internal_aggregation_time": 0.013976335525512695,
      "evaluation_time": 0.012833118438720703,
      "clients_processed": 20
    }
  ],
  "final_statistics": {
    "final_accuracy": 0.93275,
    "best_accuracy": 0.9355,
    "total_time": 7.05714225769043,
    "avg_round_time": 0.177092981338501,
    "avg_client_training_time": 0.04259200890858968,
    "avg_edge_encryption_wall_time": 0.10241512457529704,
    "avg_pure_encryption_time": 0.09028897285461426,
    "avg_encryption_per_client": 0.004514448642730714,
    "avg_server_aggregation_time": 0.017321348190307617,
    "avg_internal_aggregation_time": 0.014477229118347168,
    "avg_evaluation_time": 0.013678439458211263
  },
  "timing_statistics": {
    "total_client_training_time": 1.2777602672576904,
    "total_edge_encryption_wall_time": 3.072453737258911,
    "total_pure_encryption_time": 2.7086691856384277,
    "total_server_aggregation_time": 0.5196404457092285,
    "total_internal_aggregation_time": 0.43431687355041504,
    "total_evaluation_time": 0.4103531837463379,
    "total_time": 7.05714225769043,
    "avg_round_time": 0.177092981338501,
    "avg_client_training_time": 0.04259200890858968,
    "avg_edge_encryption_wall_time": 0.10241512457529704,
    "avg_pure_encryption_time": 0.09028897285461426,
    "avg_encryption_per_client": 0.004514448642730714,
    "avg_server_aggregation_time": 0.017321348190307617,
    "avg_internal_aggregation_time": 0.014477229118347168,
    "avg_evaluation_time": 0.013678439458211263
  },
  "architecture": {
    "clients": 20,
    "edge_devices": 20,
    "cloud_servers": 1,
    "data_flow": "Client \u2192 Edge \u2192 Cloud \u2192 Edge \u2192 Client"
  }
}