{
  "pipeline_type": "edge_device_fl",
  "configuration": {
    "rounds": 20,
    "clients": 50,
    "patience": 999
  },
  "results": [
    {
      "round": 1,
      "accuracy": 0.9318,
      "f1_score": 0.9267768949967791,
      "precision": 0.8635454181672669,
      "recall": 1.0,
      "roc_auc": 0.9997510816828729,
      "pr_auc": 0.9996983324763068,
      "mae": 0.4999999999990086,
      "rmse": 0.49999999999900857,
      "ece": 0.4317999999989951,
      "mce": 0.4999999999989659,
      "round_time": 0.3724524974822998,
      "client_training_time": 0.08743095397949219,
      "edge_encryption_wall_time": 0.2260880470275879,
      "total_pure_encryption_time": 0.2074599266052246,
      "avg_encryption_per_client": 0.004149198532104492,
      "server_aggregation_time": 0.03989076614379883,
      "internal_aggregation_time": 0.03742814064025879,
      "evaluation_time": 0.01700282096862793,
      "clients_processed": 50
    },
    {
      "round": 2,
      "accuracy": 0.9316,
      "f1_score": 0.9265779304422499,
      "precision": 0.8632,
      "recall": 1.0,
      "roc_auc": 0.999751448548484,
      "pr_auc": 0.9996987793170329,
      "mae": 0.49999999999900985,
      "rmse": 0.4999999999990098,
      "ece": 0.43159999999899623,
      "mce": 0.4999999999989666,
      "round_time": 0.369781494140625,
      "client_training_time": 0.09226632118225098,
      "edge_encryption_wall_time": 0.22130250930786133,
      "total_pure_encryption_time": 0.2021174430847168,
      "avg_encryption_per_client": 0.004042348861694336,
      "server_aggregation_time": 0.03597140312194824,
      "internal_aggregation_time": 0.03236865997314453,
      "evaluation_time": 0.01894092559814453,
      "clients_processed": 50
    },
    {
      "round": 3,
      "accuracy": 0.9315,
      "f1_score": 0.9264784801974885,
      "precision": 0.8630273945210958,
      "recall": 1.0,
      "roc_auc": 0.9997558101729714,
      "pr_auc": 0.9997037736919487,
      "mae": 0.49999999999900874,
      "rmse": 0.4999999999990087,
      "ece": 0.43149999999899513,
      "mce": 0.4999999999989655,
      "round_time": 0.46009397506713867,
      "client_training_time": 0.0966024398803711,
      "edge_encryption_wall_time": 0.29804420471191406,
      "total_pure_encryption_time": 0.27845239639282227,
      "avg_encryption_per_client": 0.005569047927856445,
      "server_aggregation_time": 0.04852724075317383,
      "internal_aggregation_time": 0.045244693756103516,
      "evaluation_time": 0.015901803970336914,
      "clients_processed": 50
    },
    {
      "round": 4,
      "accuracy": 0.9323,
      "f1_score": 0.927274680416801,
      "precision": 0.8644101742439415,
      "recall": 1.0,
      "roc_auc": 0.9997439889477251,
      "pr_auc": 0.9996906645611553,
      "mae": 0.49999999999900857,
      "rmse": 0.4999999999990085,
      "ece": 0.43229999999899504,
      "mce": 0.49999999999896555,
      "round_time": 0.34027719497680664,
      "client_training_time": 0.08189058303833008,
      "edge_encryption_wall_time": 0.20358586311340332,
      "total_pure_encryption_time": 0.17922425270080566,
      "avg_encryption_per_client": 0.0035844850540161133,
      "server_aggregation_time": 0.03427886962890625,
      "internal_aggregation_time": 0.032613515853881836,
      "evaluation_time": 0.019265174865722656,
      "clients_processed": 50
    },
    {
      "round": 5,
      "accuracy": 0.9316,
      "f1_score": 0.9265779304422499,
      "precision": 0.8632,
      "recall": 1.0,
      "roc_auc": 0.9997567477184219,
      "pr_auc": 0.9997047181444753,
      "mae": 0.499999999999008,
      "rmse": 0.499999999999008,
      "ece": 0.4315999999989946,
      "mce": 0.49999999999896516,
      "round_time": 0.4777514934539795,
      "client_training_time": 0.18251776695251465,
      "edge_encryption_wall_time": 0.23831796646118164,
      "total_pure_encryption_time": 0.21294641494750977,
      "avg_encryption_per_client": 0.004258928298950196,
      "server_aggregation_time": 0.0346684455871582,
      "internal_aggregation_time": 0.030422687530517578,
      "evaluation_time": 0.02000570297241211,
      "clients_processed": 50
    },
    {
      "round": 6,
      "accuracy": 0.9318,
      "f1_score": 0.9267768949967791,
      "precision": 0.8635454181672669,
      "recall": 1.0,
      "roc_auc": 0.9997518765583636,
      "pr_auc": 0.9996992686582499,
      "mae": 0.4999999999990079,
      "rmse": 0.49999999999900785,
      "ece": 0.4317999999989942,
      "mce": 0.49999999999896577,
      "round_time": 0.3626267910003662,
      "client_training_time": 0.09374785423278809,
      "edge_encryption_wall_time": 0.21452617645263672,
      "total_pure_encryption_time": 0.19426774978637695,
      "avg_encryption_per_client": 0.003885354995727539,
      "server_aggregation_time": 0.03448224067687988,
      "internal_aggregation_time": 0.032421112060546875,
      "evaluation_time": 0.019870519638061523,
      "clients_processed": 50
    },
    {
      "round": 7,
      "accuracy": 0.9313,
      "f1_score": 0.9262796437385986,
      "precision": 0.8626823905656607,
      "recall": 1.0,
      "roc_auc": 0.9997601921788817,
      "pr_auc": 0.9997085509746497,
      "mae": 0.4999999999990091,
      "rmse": 0.49999999999900907,
      "ece": 0.4312999999989957,
      "mce": 0.499999999998966,
      "round_time": 0.3397350311279297,
      "client_training_time": 0.08631396293640137,
      "edge_encryption_wall_time": 0.20038342475891113,
      "total_pure_encryption_time": 0.18460607528686523,
      "avg_encryption_per_client": 0.0036921215057373045,
      "server_aggregation_time": 0.03448987007141113,
      "internal_aggregation_time": 0.032145023345947266,
      "evaluation_time": 0.018547773361206055,
      "clients_processed": 50
    },
    {
      "round": 8,
      "accuracy": 0.9322,
      "f1_score": 0.9271750805585393,
      "precision": 0.8642370845014017,
      "recall": 1.0,
      "roc_auc": 0.9997518765583637,
      "pr_auc": 0.9996993108042281,
      "mae": 0.49999999999900985,
      "rmse": 0.4999999999990098,
      "ece": 0.4321999999989966,
      "mce": 0.4999999999989675,
      "round_time": 0.34520459175109863,
      "client_training_time": 0.09231829643249512,
      "edge_encryption_wall_time": 0.2040245532989502,
      "total_pure_encryption_time": 0.18092894554138184,
      "avg_encryption_per_client": 0.0036185789108276367,
      "server_aggregation_time": 0.03589820861816406,
      "internal_aggregation_time": 0.0343317985534668,
      "evaluation_time": 0.011896610260009766,
      "clients_processed": 50
    },
    {
      "round": 9,
      "accuracy": 0.9318,
      "f1_score": 0.9267768949967791,
      "precision": 0.8635454181672669,
      "recall": 1.0,
      "roc_auc": 0.9997485340050181,
      "pr_auc": 0.9996954087204708,
      "mae": 0.49999999999900757,
      "rmse": 0.49999999999900757,
      "ece": 0.431799999998994,
      "mce": 0.49999999999896466,
      "round_time": 0.34148240089416504,
      "client_training_time": 0.08828186988830566,
      "edge_encryption_wall_time": 0.20144057273864746,
      "total_pure_encryption_time": 0.18035387992858887,
      "avg_encryption_per_client": 0.0036070775985717774,
      "server_aggregation_time": 0.03360462188720703,
      "internal_aggregation_time": 0.032582759857177734,
      "evaluation_time": 0.017143726348876953,
      "clients_processed": 50
    },
    {
      "round": 10,
      "accuracy": 0.9321,
      "f1_score": 0.9270755020942971,
      "precision": 0.8640640640640641,
      "recall": 1.0,
      "roc_auc": 0.999750184900268,
      "pr_auc": 0.9996974432300841,
      "mae": 0.4999999999990092,
      "rmse": 0.4999999999990092,
      "ece": 0.43209999999899573,
      "mce": 0.49999999999896677,
      "round_time": 0.3626065254211426,
      "client_training_time": 0.08867549896240234,
      "edge_encryption_wall_time": 0.21720051765441895,
      "total_pure_encryption_time": 0.1970369815826416,
      "avg_encryption_per_client": 0.003940739631652832,
      "server_aggregation_time": 0.039505958557128906,
      "internal_aggregation_time": 0.034281015396118164,
      "evaluation_time": 0.01621079444885254,
      "clients_processed": 50
    },
    {
      "round": 11,
      "accuracy": 0.9318,
      "f1_score": 0.9267768949967791,
      "precision": 0.8635454181672669,
      "recall": 1.0,
      "roc_auc": 0.9997550968231721,
      "pr_auc": 0.9997027106848616,
      "mae": 0.49999999999900957,
      "rmse": 0.49999999999900957,
      "ece": 0.4317999999989961,
      "mce": 0.4999999999989663,
      "round_time": 0.4453310966491699,
      "client_training_time": 0.140610933303833,
      "edge_encryption_wall_time": 0.23906612396240234,
      "total_pure_encryption_time": 0.21378302574157715,
      "avg_encryption_per_client": 0.0042756605148315426,
      "server_aggregation_time": 0.039705514907836914,
      "internal_aggregation_time": 0.03534364700317383,
      "evaluation_time": 0.024507522583007812,
      "clients_processed": 50
    },
    {
      "round": 12,
      "accuracy": 0.9309,
      "f1_score": 0.9258822267510458,
      "precision": 0.8619932095066907,
      "recall": 1.0,
      "roc_auc": 0.9997526918152772,
      "pr_auc": 0.999700135103382,
      "mae": 0.4999999999990086,
      "rmse": 0.49999999999900857,
      "ece": 0.4309999999989949,
      "mce": 0.4999999999989642,
      "round_time": 0.6494946479797363,
      "client_training_time": 0.17409706115722656,
      "edge_encryption_wall_time": 0.3495814800262451,
      "total_pure_encryption_time": 0.29410290718078613,
      "avg_encryption_per_client": 0.0058820581436157225,
      "server_aggregation_time": 0.08804178237915039,
      "internal_aggregation_time": 0.07425141334533691,
      "evaluation_time": 0.03107738494873047,
      "clients_processed": 50
    },
    {
      "round": 13,
      "accuracy": 0.9318,
      "f1_score": 0.9267768949967791,
      "precision": 0.8635454181672669,
      "recall": 1.0,
      "roc_auc": 0.9997553821630918,
      "pr_auc": 0.999703178731354,
      "mae": 0.49999999999901,
      "rmse": 0.49999999999901,
      "ece": 0.43179999999899665,
      "mce": 0.4999999999989676,
      "round_time": 0.47263050079345703,
      "client_training_time": 0.17023515701293945,
      "edge_encryption_wall_time": 0.25141072273254395,
      "total_pure_encryption_time": 0.22815704345703125,
      "avg_encryption_per_client": 0.004563140869140625,
      "server_aggregation_time": 0.031746625900268555,
      "internal_aggregation_time": 0.029259443283081055,
      "evaluation_time": 0.017383575439453125,
      "clients_processed": 50
    },
    {
      "round": 14,
      "accuracy": 0.9313,
      "f1_score": 0.9262796437385986,
      "precision": 0.8626823905656607,
      "recall": 1.0,
      "roc_auc": 0.9997494307876229,
      "pr_auc": 0.9996964942275305,
      "mae": 0.4999999999990089,
      "rmse": 0.4999999999990089,
      "ece": 0.43129999999899504,
      "mce": 0.4999999999989657,
      "round_time": 0.48530125617980957,
      "client_training_time": 0.0851438045501709,
      "edge_encryption_wall_time": 0.28829216957092285,
      "total_pure_encryption_time": 0.2632749080657959,
      "avg_encryption_per_client": 0.005265498161315918,
      "server_aggregation_time": 0.07752585411071777,
      "internal_aggregation_time": 0.0706479549407959,
      "evaluation_time": 0.033293724060058594,
      "clients_processed": 50
    },
    {
      "round": 15,
      "accuracy": 0.9319,
      "f1_score": 0.9268764093203049,
      "precision": 0.8637182309385631,
      "recall": 1.0,
      "roc_auc": 0.9997591934891628,
      "pr_auc": 0.9997074174714937,
      "mae": 0.4999999999990112,
      "rmse": 0.49999999999901107,
      "ece": 0.43209999999899784,
      "mce": 0.49999999999896955,
      "round_time": 0.5706334114074707,
      "client_training_time": 0.16812491416931152,
      "edge_encryption_wall_time": 0.31896138191223145,
      "total_pure_encryption_time": 0.28264427185058594,
      "avg_encryption_per_client": 0.005652885437011718,
      "server_aggregation_time": 0.0521235466003418,
      "internal_aggregation_time": 0.05001354217529297,
      "evaluation_time": 0.030219554901123047,
      "clients_processed": 50
    },
    {
      "round": 16,
      "accuracy": 0.9318,
      "f1_score": 0.9267768949967791,
      "precision": 0.8635454181672669,
      "recall": 1.0,
      "roc_auc": 0.9997422565267837,
      "pr_auc": 0.9996885046406503,
      "mae": 0.4999999999990069,
      "rmse": 0.49999999999900685,
      "ece": 0.4317999999989931,
      "mce": 0.4999999999989638,
      "round_time": 0.5036666393280029,
      "client_training_time": 0.1304328441619873,
      "edge_encryption_wall_time": 0.29651951789855957,
      "total_pure_encryption_time": 0.2652862071990967,
      "avg_encryption_per_client": 0.0053057241439819335,
      "server_aggregation_time": 0.04976153373718262,
      "internal_aggregation_time": 0.04544353485107422,
      "evaluation_time": 0.025811433792114258,
      "clients_processed": 50
    },
    {
      "round": 17,
      "accuracy": 0.932,
      "f1_score": 0.9269759450171822,
      "precision": 0.8638911128903123,
      "recall": 1.0,
      "roc_auc": 0.9997506129101476,
      "pr_auc": 0.9996980316600753,
      "mae": 0.4999999999990089,
      "rmse": 0.4999999999990089,
      "ece": 0.4319999999989955,
      "mce": 0.4999999999989664,
      "round_time": 0.4168837070465088,
      "client_training_time": 0.11279177665710449,
      "edge_encryption_wall_time": 0.24713540077209473,
      "total_pure_encryption_time": 0.22324299812316895,
      "avg_encryption_per_client": 0.004464859962463379,
      "server_aggregation_time": 0.038262367248535156,
      "internal_aggregation_time": 0.03507208824157715,
      "evaluation_time": 0.018694162368774414,
      "clients_processed": 50
    },
    {
      "round": 18,
      "accuracy": 0.9312,
      "f1_score": 0.9261802575107296,
      "precision": 0.8625099920063949,
      "recall": 1.0,
      "roc_auc": 0.9997577056452953,
      "pr_auc": 0.9997057723598767,
      "mae": 0.4999999999990086,
      "rmse": 0.49999999999900857,
      "ece": 0.43119999999899505,
      "mce": 0.49999999999896505,
      "round_time": 0.4120442867279053,
      "client_training_time": 0.11229491233825684,
      "edge_encryption_wall_time": 0.23818325996398926,
      "total_pure_encryption_time": 0.20657944679260254,
      "avg_encryption_per_client": 0.004131588935852051,
      "server_aggregation_time": 0.041261911392211914,
      "internal_aggregation_time": 0.03791165351867676,
      "evaluation_time": 0.020304203033447266,
      "clients_processed": 50
    },
    {
      "round": 19,
      "accuracy": 0.9318,
      "f1_score": 0.9267768949967791,
      "precision": 0.8635454181672669,
      "recall": 1.0,
      "roc_auc": 0.9997522434239746,
      "pr_auc": 0.9996994559932004,
      "mae": 0.49999999999900974,
      "rmse": 0.49999999999900974,
      "ece": 0.4317999999989962,
      "mce": 0.49999999999896777,
      "round_time": 0.41767191886901855,
      "client_training_time": 0.11237883567810059,
      "edge_encryption_wall_time": 0.24811983108520508,
      "total_pure_encryption_time": 0.2278592586517334,
      "avg_encryption_per_client": 0.004557185173034668,
      "server_aggregation_time": 0.03971743583679199,
      "internal_aggregation_time": 0.03749966621398926,
      "evaluation_time": 0.01641225814819336,
      "clients_processed": 50
    },
    {
      "round": 20,
      "accuracy": 0.9314,
      "f1_score": 0.9263790512985619,
      "precision": 0.8628548580567773,
      "recall": 1.0,
      "roc_auc": 0.9997556878844344,
      "pr_auc": 0.999703714371784,
      "mae": 0.4999999999990101,
      "rmse": 0.49999999999901007,
      "ece": 0.4313999999989966,
      "mce": 0.49999999999896766,
      "round_time": 0.6216881275177002,
      "client_training_time": 0.11403179168701172,
      "edge_encryption_wall_time": 0.430804967880249,
      "total_pure_encryption_time": 0.38048624992370605,
      "avg_encryption_per_client": 0.007609724998474121,
      "server_aggregation_time": 0.056572675704956055,
      "internal_aggregation_time": 0.05322980880737305,
      "evaluation_time": 0.0202786922454834,
      "clients_processed": 50
    }
  ],
  "final_statistics": {
    "final_accuracy": 0.9314,
    "best_accuracy": 0.9323,
    "total_time": 11.174416780471802,
    "avg_round_time": 0.43836787939071653,
    "avg_client_training_time": 0.1155093789100647,
    "avg_edge_encryption_wall_time": 0.2566494345664978,
    "avg_pure_encryption_time": 0.2301405191421509,
    "avg_encryption_per_client": 0.004602810382843017,
    "avg_server_aggregation_time": 0.044301843643188475,
    "avg_internal_aggregation_time": 0.04062560796737671,
    "avg_evaluation_time": 0.020638418197631837
  },
  "timing_statistics": {
    "total_client_training_time": 2.310187578201294,
    "total_edge_encryption_wall_time": 5.132988691329956,
    "total_pure_encryption_time": 4.602810382843018,
    "total_server_aggregation_time": 0.8860368728637695,
    "total_internal_aggregation_time": 0.8125121593475342,
    "total_evaluation_time": 0.4127683639526367,
    "total_time": 11.174416780471802,
    "avg_round_time": 0.43836787939071653,
    "avg_client_training_time": 0.1155093789100647,
    "avg_edge_encryption_wall_time": 0.2566494345664978,
    "avg_pure_encryption_time": 0.2301405191421509,
    "avg_encryption_per_client": 0.004602810382843017,
    "avg_server_aggregation_time": 0.044301843643188475,
    "avg_internal_aggregation_time": 0.04062560796737671,
    "avg_evaluation_time": 0.020638418197631837
  },
  "architecture": {
    "clients": 50,
    "edge_devices": 50,
    "cloud_servers": 1,
    "data_flow": "Client \u2192 Edge \u2192 Cloud \u2192 Edge \u2192 Client"
  }
}