{
  "pipeline_type": "edge_device_fl",
  "configuration": {
    "rounds": 60,
    "clients": 50,
    "patience": 999
  },
  "results": [
    {
      "round": 1,
      "accuracy": 0.9318,
      "f1_score": 0.9267768949967791,
      "precision": 0.8635454181672669,
      "recall": 1.0,
      "roc_auc": 0.9997510816828729,
      "pr_auc": 0.9996983324763068,
      "mae": 0.4999999999990086,
      "rmse": 0.49999999999900857,
      "ece": 0.4317999999989951,
      "mce": 0.4999999999989659,
      "round_time": 0.3799009323120117,
      "client_training_time": 0.10980868339538574,
      "edge_encryption_wall_time": 0.21288824081420898,
      "total_pure_encryption_time": 0.19700288772583008,
      "avg_encryption_per_client": 0.003940057754516601,
      "server_aggregation_time": 0.03833127021789551,
      "internal_aggregation_time": 0.032660484313964844,
      "evaluation_time": 0.01787590980529785,
      "clients_processed": 50
    },
    {
      "round": 2,
      "accuracy": 0.9316,
      "f1_score": 0.9265779304422499,
      "precision": 0.8632,
      "recall": 1.0,
      "roc_auc": 0.999751448548484,
      "pr_auc": 0.9996987793170329,
      "mae": 0.49999999999900985,
      "rmse": 0.4999999999990098,
      "ece": 0.43159999999899623,
      "mce": 0.4999999999989666,
      "round_time": 0.3515627384185791,
      "client_training_time": 0.09051704406738281,
      "edge_encryption_wall_time": 0.2126152515411377,
      "total_pure_encryption_time": 0.19119739532470703,
      "avg_encryption_per_client": 0.0038239479064941405,
      "server_aggregation_time": 0.031766414642333984,
      "internal_aggregation_time": 0.029569149017333984,
      "evaluation_time": 0.015546798706054688,
      "clients_processed": 50
    },
    {
      "round": 3,
      "accuracy": 0.9315,
      "f1_score": 0.9264784801974885,
      "precision": 0.8630273945210958,
      "recall": 1.0,
      "roc_auc": 0.9997558101729714,
      "pr_auc": 0.9997037736919487,
      "mae": 0.49999999999900874,
      "rmse": 0.4999999999990087,
      "ece": 0.43149999999899513,
      "mce": 0.4999999999989655,
      "round_time": 0.40628504753112793,
      "client_training_time": 0.08581066131591797,
      "edge_encryption_wall_time": 0.263155460357666,
      "total_pure_encryption_time": 0.24182415008544922,
      "avg_encryption_per_client": 0.0048364830017089844,
      "server_aggregation_time": 0.03954911231994629,
      "internal_aggregation_time": 0.03493022918701172,
      "evaluation_time": 0.016602277755737305,
      "clients_processed": 50
    },
    {
      "round": 4,
      "accuracy": 0.9323,
      "f1_score": 0.927274680416801,
      "precision": 0.8644101742439415,
      "recall": 1.0,
      "roc_auc": 0.9997439889477251,
      "pr_auc": 0.9996906645611553,
      "mae": 0.49999999999900857,
      "rmse": 0.4999999999990085,
      "ece": 0.43229999999899504,
      "mce": 0.49999999999896555,
      "round_time": 0.3423459529876709,
      "client_training_time": 0.08389711380004883,
      "edge_encryption_wall_time": 0.20298075675964355,
      "total_pure_encryption_time": 0.18705534934997559,
      "avg_encryption_per_client": 0.0037411069869995118,
      "server_aggregation_time": 0.035338640213012695,
      "internal_aggregation_time": 0.03096151351928711,
      "evaluation_time": 0.018627643585205078,
      "clients_processed": 50
    },
    {
      "round": 5,
      "accuracy": 0.9316,
      "f1_score": 0.9265779304422499,
      "precision": 0.8632,
      "recall": 1.0,
      "roc_auc": 0.9997567477184219,
      "pr_auc": 0.9997047181444753,
      "mae": 0.499999999999008,
      "rmse": 0.499999999999008,
      "ece": 0.4315999999989946,
      "mce": 0.49999999999896516,
      "round_time": 0.33108949661254883,
      "client_training_time": 0.08414721488952637,
      "edge_encryption_wall_time": 0.1938316822052002,
      "total_pure_encryption_time": 0.17096400260925293,
      "avg_encryption_per_client": 0.0034192800521850586,
      "server_aggregation_time": 0.03489279747009277,
      "internal_aggregation_time": 0.03137969970703125,
      "evaluation_time": 0.017203569412231445,
      "clients_processed": 50
    },
    {
      "round": 6,
      "accuracy": 0.9318,
      "f1_score": 0.9267768949967791,
      "precision": 0.8635454181672669,
      "recall": 1.0,
      "roc_auc": 0.9997518765583636,
      "pr_auc": 0.9996992686582499,
      "mae": 0.4999999999990079,
      "rmse": 0.49999999999900785,
      "ece": 0.4317999999989942,
      "mce": 0.49999999999896577,
      "round_time": 0.340137243270874,
      "client_training_time": 0.08645439147949219,
      "edge_encryption_wall_time": 0.20112371444702148,
      "total_pure_encryption_time": 0.18617653846740723,
      "avg_encryption_per_client": 0.0037235307693481447,
      "server_aggregation_time": 0.03593754768371582,
      "internal_aggregation_time": 0.03491687774658203,
      "evaluation_time": 0.015593528747558594,
      "clients_processed": 50
    },
    {
      "round": 7,
      "accuracy": 0.9313,
      "f1_score": 0.9262796437385986,
      "precision": 0.8626823905656607,
      "recall": 1.0,
      "roc_auc": 0.9997601921788816,
      "pr_auc": 0.9997085509746497,
      "mae": 0.4999999999990091,
      "rmse": 0.49999999999900907,
      "ece": 0.4312999999989957,
      "mce": 0.499999999998966,
      "round_time": 0.34053921699523926,
      "client_training_time": 0.09186720848083496,
      "edge_encryption_wall_time": 0.20446276664733887,
      "total_pure_encryption_time": 0.18251466751098633,
      "avg_encryption_per_client": 0.0036502933502197267,
      "server_aggregation_time": 0.03160500526428223,
      "internal_aggregation_time": 0.02954864501953125,
      "evaluation_time": 0.012604236602783203,
      "clients_processed": 50
    },
    {
      "round": 8,
      "accuracy": 0.9322,
      "f1_score": 0.9271750805585393,
      "precision": 0.8642370845014017,
      "recall": 1.0,
      "roc_auc": 0.9997518765583636,
      "pr_auc": 0.9996993108042281,
      "mae": 0.49999999999900985,
      "rmse": 0.4999999999990098,
      "ece": 0.4321999999989966,
      "mce": 0.4999999999989675,
      "round_time": 0.3532695770263672,
      "client_training_time": 0.09016633033752441,
      "edge_encryption_wall_time": 0.20972967147827148,
      "total_pure_encryption_time": 0.19634509086608887,
      "avg_encryption_per_client": 0.003926901817321777,
      "server_aggregation_time": 0.034906864166259766,
      "internal_aggregation_time": 0.030580520629882812,
      "evaluation_time": 0.017170190811157227,
      "clients_processed": 50
    },
    {
      "round": 9,
      "accuracy": 0.9318,
      "f1_score": 0.9267768949967791,
      "precision": 0.8635454181672669,
      "recall": 1.0,
      "roc_auc": 0.9997485340050181,
      "pr_auc": 0.9996954087204708,
      "mae": 0.49999999999900757,
      "rmse": 0.49999999999900757,
      "ece": 0.431799999998994,
      "mce": 0.49999999999896466,
      "round_time": 0.3375842571258545,
      "client_training_time": 0.08782792091369629,
      "edge_encryption_wall_time": 0.2005467414855957,
      "total_pure_encryption_time": 0.18140912055969238,
      "avg_encryption_per_client": 0.003628182411193848,
      "server_aggregation_time": 0.032380104064941406,
      "internal_aggregation_time": 0.03021836280822754,
      "evaluation_time": 0.015050888061523438,
      "clients_processed": 50
    },
    {
      "round": 10,
      "accuracy": 0.9321,
      "f1_score": 0.9270755020942971,
      "precision": 0.8640640640640641,
      "recall": 1.0,
      "roc_auc": 0.999750184900268,
      "pr_auc": 0.9996974432300841,
      "mae": 0.4999999999990092,
      "rmse": 0.4999999999990092,
      "ece": 0.43209999999899573,
      "mce": 0.49999999999896677,
      "round_time": 0.34548497200012207,
      "client_training_time": 0.08915042877197266,
      "edge_encryption_wall_time": 0.2029557228088379,
      "total_pure_encryption_time": 0.19014978408813477,
      "avg_encryption_per_client": 0.0038029956817626953,
      "server_aggregation_time": 0.034883975982666016,
      "internal_aggregation_time": 0.03038167953491211,
      "evaluation_time": 0.01748204231262207,
      "clients_processed": 50
    },
    {
      "round": 11,
      "accuracy": 0.9318,
      "f1_score": 0.9267768949967791,
      "precision": 0.8635454181672669,
      "recall": 1.0,
      "roc_auc": 0.9997550968231721,
      "pr_auc": 0.9997027106848616,
      "mae": 0.49999999999900957,
      "rmse": 0.49999999999900957,
      "ece": 0.4317999999989961,
      "mce": 0.4999999999989663,
      "round_time": 0.33440256118774414,
      "client_training_time": 0.08542895317077637,
      "edge_encryption_wall_time": 0.1964104175567627,
      "total_pure_encryption_time": 0.1742849349975586,
      "avg_encryption_per_client": 0.003485698699951172,
      "server_aggregation_time": 0.03516054153442383,
      "internal_aggregation_time": 0.031072378158569336,
      "evaluation_time": 0.01740264892578125,
      "clients_processed": 50
    },
    {
      "round": 12,
      "accuracy": 0.9309,
      "f1_score": 0.9258822267510458,
      "precision": 0.8619932095066907,
      "recall": 1.0,
      "roc_auc": 0.9997526918152772,
      "pr_auc": 0.999700135103382,
      "mae": 0.4999999999990086,
      "rmse": 0.49999999999900857,
      "ece": 0.4309999999989949,
      "mce": 0.4999999999989642,
      "round_time": 0.4353044033050537,
      "client_training_time": 0.0836176872253418,
      "edge_encryption_wall_time": 0.27139830589294434,
      "total_pure_encryption_time": 0.24600672721862793,
      "avg_encryption_per_client": 0.004920134544372559,
      "server_aggregation_time": 0.059511661529541016,
      "internal_aggregation_time": 0.05714535713195801,
      "evaluation_time": 0.017257213592529297,
      "clients_processed": 50
    },
    {
      "round": 13,
      "accuracy": 0.9318,
      "f1_score": 0.9267768949967791,
      "precision": 0.8635454181672669,
      "recall": 1.0,
      "roc_auc": 0.9997553821630918,
      "pr_auc": 0.9997031787313541,
      "mae": 0.49999999999901,
      "rmse": 0.49999999999901,
      "ece": 0.43179999999899665,
      "mce": 0.4999999999989676,
      "round_time": 0.39235973358154297,
      "client_training_time": 0.12370133399963379,
      "edge_encryption_wall_time": 0.21252870559692383,
      "total_pure_encryption_time": 0.19368886947631836,
      "avg_encryption_per_client": 0.003873777389526367,
      "server_aggregation_time": 0.03446149826049805,
      "internal_aggregation_time": 0.03345346450805664,
      "evaluation_time": 0.02042102813720703,
      "clients_processed": 50
    },
    {
      "round": 14,
      "accuracy": 0.9313,
      "f1_score": 0.9262796437385986,
      "precision": 0.8626823905656607,
      "recall": 1.0,
      "roc_auc": 0.9997494307876229,
      "pr_auc": 0.9996964942275305,
      "mae": 0.4999999999990089,
      "rmse": 0.4999999999990089,
      "ece": 0.43129999999899504,
      "mce": 0.4999999999989657,
      "round_time": 0.3446230888366699,
      "client_training_time": 0.09722304344177246,
      "edge_encryption_wall_time": 0.1960453987121582,
      "total_pure_encryption_time": 0.17401981353759766,
      "avg_encryption_per_client": 0.003480396270751953,
      "server_aggregation_time": 0.03355264663696289,
      "internal_aggregation_time": 0.031371355056762695,
      "evaluation_time": 0.015952110290527344,
      "clients_processed": 50
    },
    {
      "round": 15,
      "accuracy": 0.9319,
      "f1_score": 0.9268764093203049,
      "precision": 0.8637182309385631,
      "recall": 1.0,
      "roc_auc": 0.9997591934891626,
      "pr_auc": 0.9997074174714936,
      "mae": 0.4999999999990112,
      "rmse": 0.49999999999901107,
      "ece": 0.43209999999899784,
      "mce": 0.49999999999896955,
      "round_time": 0.3605930805206299,
      "client_training_time": 0.09461355209350586,
      "edge_encryption_wall_time": 0.20862746238708496,
      "total_pure_encryption_time": 0.19200587272644043,
      "avg_encryption_per_client": 0.003840117454528809,
      "server_aggregation_time": 0.03836226463317871,
      "internal_aggregation_time": 0.03403615951538086,
      "evaluation_time": 0.01766037940979004,
      "clients_processed": 50
    },
    {
      "round": 16,
      "accuracy": 0.9318,
      "f1_score": 0.9267768949967791,
      "precision": 0.8635454181672669,
      "recall": 1.0,
      "roc_auc": 0.9997422565267837,
      "pr_auc": 0.9996885046406505,
      "mae": 0.4999999999990069,
      "rmse": 0.49999999999900685,
      "ece": 0.4317999999989931,
      "mce": 0.4999999999989638,
      "round_time": 0.3367002010345459,
      "client_training_time": 0.08120250701904297,
      "edge_encryption_wall_time": 0.20639419555664062,
      "total_pure_encryption_time": 0.18681573867797852,
      "avg_encryption_per_client": 0.0037363147735595703,
      "server_aggregation_time": 0.03313446044921875,
      "internal_aggregation_time": 0.030768871307373047,
      "evaluation_time": 0.015969038009643555,
      "clients_processed": 50
    },
    {
      "round": 17,
      "accuracy": 0.932,
      "f1_score": 0.9269759450171822,
      "precision": 0.8638911128903123,
      "recall": 1.0,
      "roc_auc": 0.9997506129101476,
      "pr_auc": 0.9996980316600753,
      "mae": 0.4999999999990089,
      "rmse": 0.4999999999990089,
      "ece": 0.4319999999989955,
      "mce": 0.4999999999989664,
      "round_time": 0.3840460777282715,
      "client_training_time": 0.0875089168548584,
      "edge_encryption_wall_time": 0.21251440048217773,
      "total_pure_encryption_time": 0.18991565704345703,
      "avg_encryption_per_client": 0.0037983131408691408,
      "server_aggregation_time": 0.06658244132995605,
      "internal_aggregation_time": 0.06360030174255371,
      "evaluation_time": 0.01644420623779297,
      "clients_processed": 50
    },
    {
      "round": 18,
      "accuracy": 0.9312,
      "f1_score": 0.9261802575107296,
      "precision": 0.8625099920063949,
      "recall": 1.0,
      "roc_auc": 0.9997577056452953,
      "pr_auc": 0.9997057723598767,
      "mae": 0.4999999999990086,
      "rmse": 0.49999999999900857,
      "ece": 0.43119999999899505,
      "mce": 0.49999999999896505,
      "round_time": 0.4805436134338379,
      "client_training_time": 0.1320648193359375,
      "edge_encryption_wall_time": 0.2742438316345215,
      "total_pure_encryption_time": 0.24962091445922852,
      "avg_encryption_per_client": 0.004992418289184571,
      "server_aggregation_time": 0.04200577735900879,
      "internal_aggregation_time": 0.03975248336791992,
      "evaluation_time": 0.03222918510437012,
      "clients_processed": 50
    },
    {
      "round": 19,
      "accuracy": 0.9318,
      "f1_score": 0.9267768949967791,
      "precision": 0.8635454181672669,
      "recall": 1.0,
      "roc_auc": 0.9997522434239746,
      "pr_auc": 0.9996994559932004,
      "mae": 0.49999999999900974,
      "rmse": 0.49999999999900974,
      "ece": 0.4317999999989962,
      "mce": 0.49999999999896777,
      "round_time": 0.4453411102294922,
      "client_training_time": 0.1549072265625,
      "edge_encryption_wall_time": 0.23238158226013184,
      "total_pure_encryption_time": 0.2110893726348877,
      "avg_encryption_per_client": 0.004221787452697754,
      "server_aggregation_time": 0.03775310516357422,
      "internal_aggregation_time": 0.03528022766113281,
      "evaluation_time": 0.020299196243286133,
      "clients_processed": 50
    },
    {
      "round": 20,
      "accuracy": 0.9314,
      "f1_score": 0.9263790512985619,
      "precision": 0.8628548580567773,
      "recall": 1.0,
      "roc_auc": 0.9997556878844344,
      "pr_auc": 0.999703714371784,
      "mae": 0.4999999999990101,
      "rmse": 0.49999999999901007,
      "ece": 0.4313999999989966,
      "mce": 0.49999999999896766,
      "round_time": 0.4032125473022461,
      "client_training_time": 0.1087043285369873,
      "edge_encryption_wall_time": 0.23386073112487793,
      "total_pure_encryption_time": 0.21076107025146484,
      "avg_encryption_per_client": 0.0042152214050292965,
      "server_aggregation_time": 0.04344964027404785,
      "internal_aggregation_time": 0.04138779640197754,
      "evaluation_time": 0.016056060791015625,
      "clients_processed": 50
    },
    {
      "round": 21,
      "accuracy": 0.9319,
      "f1_score": 0.9268764093203049,
      "precision": 0.8637182309385631,
      "recall": 1.0,
      "roc_auc": 0.9997539147006476,
      "pr_auc": 0.9997015003177686,
      "mae": 0.4999999999990099,
      "rmse": 0.49999999999900996,
      "ece": 0.43189999999899653,
      "mce": 0.499999999998967,
      "round_time": 0.45198583602905273,
      "client_training_time": 0.15020465850830078,
      "edge_encryption_wall_time": 0.25167346000671387,
      "total_pure_encryption_time": 0.22652626037597656,
      "avg_encryption_per_client": 0.004530525207519532,
      "server_aggregation_time": 0.0344386100769043,
      "internal_aggregation_time": 0.032050132751464844,
      "evaluation_time": 0.014657258987426758,
      "clients_processed": 50
    },
    {
      "round": 22,
      "accuracy": 0.9322,
      "f1_score": 0.9271750805585393,
      "precision": 0.8642370845014017,
      "recall": 1.0,
      "roc_auc": 0.9997516115998666,
      "pr_auc": 0.9996989148434755,
      "mae": 0.499999999999008,
      "rmse": 0.499999999999008,
      "ece": 0.4321999999989945,
      "mce": 0.49999999999896605,
      "round_time": 0.3969721794128418,
      "client_training_time": 0.09893560409545898,
      "edge_encryption_wall_time": 0.22507262229919434,
      "total_pure_encryption_time": 0.20972776412963867,
      "avg_encryption_per_client": 0.004194555282592774,
      "server_aggregation_time": 0.04416298866271973,
      "internal_aggregation_time": 0.04113006591796875,
      "evaluation_time": 0.02575540542602539,
      "clients_processed": 50
    },
    {
      "round": 23,
      "accuracy": 0.9322,
      "f1_score": 0.9271750805585393,
      "precision": 0.8642370845014017,
      "recall": 1.0,
      "roc_auc": 0.999752080372592,
      "pr_auc": 0.9996994827251382,
      "mae": 0.499999999999009,
      "rmse": 0.4999999999990089,
      "ece": 0.4321999999989955,
      "mce": 0.49999999999896716,
      "round_time": 0.41994571685791016,
      "client_training_time": 0.14118027687072754,
      "edge_encryption_wall_time": 0.22468233108520508,
      "total_pure_encryption_time": 0.20697474479675293,
      "avg_encryption_per_client": 0.004139494895935058,
      "server_aggregation_time": 0.03700685501098633,
      "internal_aggregation_time": 0.034912109375,
      "evaluation_time": 0.01707625389099121,
      "clients_processed": 50
    },
    {
      "round": 24,
      "accuracy": 0.932,
      "f1_score": 0.9269759450171822,
      "precision": 0.8638911128903123,
      "recall": 1.0,
      "roc_auc": 0.9997483505722125,
      "pr_auc": 0.9996951857025028,
      "mae": 0.4999999999990092,
      "rmse": 0.4999999999990092,
      "ece": 0.4319999999989955,
      "mce": 0.4999999999989661,
      "round_time": 0.40045690536499023,
      "client_training_time": 0.10050296783447266,
      "edge_encryption_wall_time": 0.24547171592712402,
      "total_pure_encryption_time": 0.22284936904907227,
      "avg_encryption_per_client": 0.004456987380981445,
      "server_aggregation_time": 0.038457632064819336,
      "internal_aggregation_time": 0.03496122360229492,
      "evaluation_time": 0.01602458953857422,
      "clients_processed": 50
    },
    {
      "round": 25,
      "accuracy": 0.9316,
      "f1_score": 0.9265779304422499,
      "precision": 0.8632,
      "recall": 1.0,
      "roc_auc": 0.9997486155307094,
      "pr_auc": 0.9996957730461841,
      "mae": 0.4999999999990086,
      "rmse": 0.4999999999990087,
      "ece": 0.4316999999989951,
      "mce": 0.49999999999896555,
      "round_time": 0.4228024482727051,
      "client_training_time": 0.13358592987060547,
      "edge_encryption_wall_time": 0.23557519912719727,
      "total_pure_encryption_time": 0.21564292907714844,
      "avg_encryption_per_client": 0.0043128585815429684,
      "server_aggregation_time": 0.03661918640136719,
      "internal_aggregation_time": 0.03345894813537598,
      "evaluation_time": 0.01555323600769043,
      "clients_processed": 50
    },
    {
      "round": 26,
      "accuracy": 0.9324,
      "f1_score": 0.9273743016759777,
      "precision": 0.8645833333333334,
      "recall": 1.0,
      "roc_auc": 0.9997515096927526,
      "pr_auc": 0.9996989300489173,
      "mae": 0.499999999999008,
      "rmse": 0.499999999999008,
      "ece": 0.4323999999989945,
      "mce": 0.49999999999896666,
      "round_time": 0.5819687843322754,
      "client_training_time": 0.12728238105773926,
      "edge_encryption_wall_time": 0.35581326484680176,
      "total_pure_encryption_time": 0.3234405517578125,
      "avg_encryption_per_client": 0.00646881103515625,
      "server_aggregation_time": 0.07851076126098633,
      "internal_aggregation_time": 0.07630157470703125,
      "evaluation_time": 0.017347335815429688,
      "clients_processed": 50
    },
    {
      "round": 27,
      "accuracy": 0.9322,
      "f1_score": 0.9271750805585393,
      "precision": 0.8642370845014017,
      "recall": 1.0,
      "roc_auc": 0.9997498587975027,
      "pr_auc": 0.9996970492583171,
      "mae": 0.49999999999900946,
      "rmse": 0.49999999999900946,
      "ece": 0.43229999999899593,
      "mce": 0.4999999999989673,
      "round_time": 0.4607877731323242,
      "client_training_time": 0.12981820106506348,
      "edge_encryption_wall_time": 0.27251625061035156,
      "total_pure_encryption_time": 0.24675369262695312,
      "avg_encryption_per_client": 0.004935073852539063,
      "server_aggregation_time": 0.04379868507385254,
      "internal_aggregation_time": 0.03930234909057617,
      "evaluation_time": 0.01465463638305664,
      "clients_processed": 50
    },
    {
      "round": 28,
      "accuracy": 0.931,
      "f1_score": 0.9259815490238147,
      "precision": 0.8621654015181782,
      "recall": 1.0,
      "roc_auc": 0.999756625429885,
      "pr_auc": 0.9997045069288152,
      "mae": 0.49999999999900885,
      "rmse": 0.49999999999900885,
      "ece": 0.4309999999989953,
      "mce": 0.4999999999989652,
      "round_time": 0.4162905216217041,
      "client_training_time": 0.1151278018951416,
      "edge_encryption_wall_time": 0.23371624946594238,
      "total_pure_encryption_time": 0.2192690372467041,
      "avg_encryption_per_client": 0.004385380744934082,
      "server_aggregation_time": 0.043738365173339844,
      "internal_aggregation_time": 0.04037308692932129,
      "evaluation_time": 0.021594524383544922,
      "clients_processed": 50
    },
    {
      "round": 29,
      "accuracy": 0.9314,
      "f1_score": 0.9263790512985619,
      "precision": 0.8628548580567773,
      "recall": 1.0,
      "roc_auc": 0.9997487174378237,
      "pr_auc": 0.999695880995544,
      "mae": 0.4999999999990083,
      "rmse": 0.4999999999990083,
      "ece": 0.4313999999989946,
      "mce": 0.49999999999896466,
      "round_time": 0.40009498596191406,
      "client_training_time": 0.10566592216491699,
      "edge_encryption_wall_time": 0.2311229705810547,
      "total_pure_encryption_time": 0.21618914604187012,
      "avg_encryption_per_client": 0.004323782920837402,
      "server_aggregation_time": 0.040908098220825195,
      "internal_aggregation_time": 0.03759646415710449,
      "evaluation_time": 0.020912885665893555,
      "clients_processed": 50
    },
    {
      "round": 30,
      "accuracy": 0.9315,
      "f1_score": 0.9264784801974885,
      "precision": 0.8630273945210958,
      "recall": 1.0,
      "roc_auc": 0.9997530994437339,
      "pr_auc": 0.9997005554933894,
      "mae": 0.4999999999990101,
      "rmse": 0.49999999999901007,
      "ece": 0.43159999999899656,
      "mce": 0.49999999999896716,
      "round_time": 0.4142129421234131,
      "client_training_time": 0.10389471054077148,
      "edge_encryption_wall_time": 0.24477386474609375,
      "total_pure_encryption_time": 0.23116779327392578,
      "avg_encryption_per_client": 0.004623355865478515,
      "server_aggregation_time": 0.04057121276855469,
      "internal_aggregation_time": 0.03736519813537598,
      "evaluation_time": 0.021889925003051758,
      "clients_processed": 50
    },
    {
      "round": 31,
      "accuracy": 0.9315,
      "f1_score": 0.9264784801974885,
      "precision": 0.8630273945210958,
      "recall": 1.0,
      "roc_auc": 0.9997588673863973,
      "pr_auc": 0.9997070436742896,
      "mae": 0.49999999999900946,
      "rmse": 0.49999999999900946,
      "ece": 0.43149999999899613,
      "mce": 0.49999999999896677,
      "round_time": 0.42000484466552734,
      "client_training_time": 0.12547540664672852,
      "edge_encryption_wall_time": 0.24260330200195312,
      "total_pure_encryption_time": 0.2237386703491211,
      "avg_encryption_per_client": 0.004474773406982422,
      "server_aggregation_time": 0.03682112693786621,
      "internal_aggregation_time": 0.03480029106140137,
      "evaluation_time": 0.014693975448608398,
      "clients_processed": 50
    },
    {
      "round": 32,
      "accuracy": 0.9315,
      "f1_score": 0.9264784801974885,
      "precision": 0.8630273945210958,
      "recall": 1.0,
      "roc_auc": 0.9997606405701841,
      "pr_auc": 0.9997088728531321,
      "mae": 0.49999999999901157,
      "rmse": 0.4999999999990115,
      "ece": 0.43149999999899846,
      "mce": 0.49999999999896805,
      "round_time": 0.47066164016723633,
      "client_training_time": 0.15323281288146973,
      "edge_encryption_wall_time": 0.24730134010314941,
      "total_pure_encryption_time": 0.2196667194366455,
      "avg_encryption_per_client": 0.00439333438873291,
      "server_aggregation_time": 0.04621577262878418,
      "internal_aggregation_time": 0.04413104057312012,
      "evaluation_time": 0.02185535430908203,
      "clients_processed": 50
    },
    {
      "round": 33,
      "accuracy": 0.9317,
      "f1_score": 0.9266774020397209,
      "precision": 0.863372674534907,
      "recall": 1.0,
      "roc_auc": 0.9997506129101477,
      "pr_auc": 0.9996975432250041,
      "mae": 0.4999999999990086,
      "rmse": 0.4999999999990087,
      "ece": 0.43169999999899505,
      "mce": 0.4999999999989655,
      "round_time": 0.4440758228302002,
      "client_training_time": 0.12763214111328125,
      "edge_encryption_wall_time": 0.2531306743621826,
      "total_pure_encryption_time": 0.2294626235961914,
      "avg_encryption_per_client": 0.004589252471923828,
      "server_aggregation_time": 0.04189872741699219,
      "internal_aggregation_time": 0.03641176223754883,
      "evaluation_time": 0.020368576049804688,
      "clients_processed": 50
    },
    {
      "round": 34,
      "accuracy": 0.9315,
      "f1_score": 0.9264784801974885,
      "precision": 0.8630273945210958,
      "recall": 1.0,
      "roc_auc": 0.999757012676919,
      "pr_auc": 0.9997049185471801,
      "mae": 0.4999999999990099,
      "rmse": 0.49999999999900996,
      "ece": 0.43149999999899663,
      "mce": 0.4999999999989673,
      "round_time": 0.40346431732177734,
      "client_training_time": 0.11671876907348633,
      "edge_encryption_wall_time": 0.2345290184020996,
      "total_pure_encryption_time": 0.2174515724182129,
      "avg_encryption_per_client": 0.004349031448364258,
      "server_aggregation_time": 0.03630685806274414,
      "internal_aggregation_time": 0.03388524055480957,
      "evaluation_time": 0.015350103378295898,
      "clients_processed": 50
    },
    {
      "round": 35,
      "accuracy": 0.9322,
      "f1_score": 0.9271750805585393,
      "precision": 0.8642370845014017,
      "recall": 1.0,
      "roc_auc": 0.9997578686966782,
      "pr_auc": 0.9997060659208635,
      "mae": 0.4999999999990091,
      "rmse": 0.4999999999990091,
      "ece": 0.43229999999899593,
      "mce": 0.4999999999989671,
      "round_time": 0.42969250679016113,
      "client_training_time": 0.12710928916931152,
      "edge_encryption_wall_time": 0.23859810829162598,
      "total_pure_encryption_time": 0.21233177185058594,
      "avg_encryption_per_client": 0.004246635437011719,
      "server_aggregation_time": 0.04091215133666992,
      "internal_aggregation_time": 0.03751015663146973,
      "evaluation_time": 0.02206254005432129,
      "clients_processed": 50
    },
    {
      "round": 36,
      "accuracy": 0.9321,
      "f1_score": 0.9270755020942971,
      "precision": 0.8640640640640641,
      "recall": 1.0,
      "roc_auc": 0.9997451710702497,
      "pr_auc": 0.9996919857390212,
      "mae": 0.4999999999990072,
      "rmse": 0.4999999999990072,
      "ece": 0.43209999999899357,
      "mce": 0.4999999999989642,
      "round_time": 0.46061134338378906,
      "client_training_time": 0.1381385326385498,
      "edge_encryption_wall_time": 0.23800086975097656,
      "total_pure_encryption_time": 0.21342158317565918,
      "avg_encryption_per_client": 0.004268431663513183,
      "server_aggregation_time": 0.0437474250793457,
      "internal_aggregation_time": 0.04138302803039551,
      "evaluation_time": 0.03703117370605469,
      "clients_processed": 50
    },
    {
      "round": 37,
      "accuracy": 0.9311,
      "f1_score": 0.9260808926080892,
      "precision": 0.8623376623376623,
      "recall": 1.0,
      "roc_auc": 0.9997647983804432,
      "pr_auc": 0.99971364569503,
      "mae": 0.4999999999990094,
      "rmse": 0.49999999999900935,
      "ece": 0.4311999999989961,
      "mce": 0.4999999999989661,
      "round_time": 0.4266066551208496,
      "client_training_time": 0.14035773277282715,
      "edge_encryption_wall_time": 0.21941184997558594,
      "total_pure_encryption_time": 0.19841957092285156,
      "avg_encryption_per_client": 0.003968391418457031,
      "server_aggregation_time": 0.044972896575927734,
      "internal_aggregation_time": 0.0417170524597168,
      "evaluation_time": 0.020798444747924805,
      "clients_processed": 50
    },
    {
      "round": 38,
      "accuracy": 0.9321,
      "f1_score": 0.9270755020942971,
      "precision": 0.8640640640640641,
      "recall": 1.0,
      "roc_auc": 0.9997520599911691,
      "pr_auc": 0.9996995812634906,
      "mae": 0.4999999999990109,
      "rmse": 0.4999999999990109,
      "ece": 0.43209999999899745,
      "mce": 0.49999999999896894,
      "round_time": 0.5980994701385498,
      "client_training_time": 0.10837411880493164,
      "edge_encryption_wall_time": 0.390519380569458,
      "total_pure_encryption_time": 0.3424265384674072,
      "avg_encryption_per_client": 0.0068485307693481445,
      "server_aggregation_time": 0.07924699783325195,
      "internal_aggregation_time": 0.0761415958404541,
      "evaluation_time": 0.019958972930908203,
      "clients_processed": 50
    },
    {
      "round": 39,
      "accuracy": 0.9311,
      "f1_score": 0.9260808926080892,
      "precision": 0.8623376623376623,
      "recall": 1.0,
      "roc_auc": 0.9997474130267618,
      "pr_auc": 0.9996942962949364,
      "mae": 0.49999999999900857,
      "rmse": 0.49999999999900857,
      "ece": 0.43109999999899473,
      "mce": 0.4999999999989646,
      "round_time": 0.47704029083251953,
      "client_training_time": 0.1437544822692871,
      "edge_encryption_wall_time": 0.2733128070831299,
      "total_pure_encryption_time": 0.2551846504211426,
      "avg_encryption_per_client": 0.005103693008422851,
      "server_aggregation_time": 0.04025411605834961,
      "internal_aggregation_time": 0.037924766540527344,
      "evaluation_time": 0.01767420768737793,
      "clients_processed": 50
    },
    {
      "round": 40,
      "accuracy": 0.9312,
      "f1_score": 0.9261802575107296,
      "precision": 0.8625099920063949,
      "recall": 1.0,
      "roc_auc": 0.9997617819298631,
      "pr_auc": 0.9997102676723455,
      "mae": 0.4999999999990083,
      "rmse": 0.49999999999900824,
      "ece": 0.43119999999899494,
      "mce": 0.49999999999896505,
      "round_time": 0.439441442489624,
      "client_training_time": 0.12208962440490723,
      "edge_encryption_wall_time": 0.2583303451538086,
      "total_pure_encryption_time": 0.23480987548828125,
      "avg_encryption_per_client": 0.004696197509765625,
      "server_aggregation_time": 0.04128265380859375,
      "internal_aggregation_time": 0.03890705108642578,
      "evaluation_time": 0.015676498413085938,
      "clients_processed": 50
    },
    {
      "round": 41,
      "accuracy": 0.9322,
      "f1_score": 0.9271750805585393,
      "precision": 0.8642370845014017,
      "recall": 1.0,
      "roc_auc": 0.9997457213686664,
      "pr_auc": 0.999692285586291,
      "mae": 0.4999999999990081,
      "rmse": 0.4999999999990081,
      "ece": 0.4321999999989945,
      "mce": 0.4999999999989659,
      "round_time": 0.43352389335632324,
      "client_training_time": 0.11476516723632812,
      "edge_encryption_wall_time": 0.25697851181030273,
      "total_pure_encryption_time": 0.22997140884399414,
      "avg_encryption_per_client": 0.004599428176879883,
      "server_aggregation_time": 0.04363656044006348,
      "internal_aggregation_time": 0.04134988784790039,
      "evaluation_time": 0.01612567901611328,
      "clients_processed": 50
    },
    {
      "round": 42,
      "accuracy": 0.9312,
      "f1_score": 0.9261802575107296,
      "precision": 0.8625099920063949,
      "recall": 1.0,
      "roc_auc": 0.9997445800089874,
      "pr_auc": 0.9996911955539475,
      "mae": 0.49999999999900946,
      "rmse": 0.49999999999900946,
      "ece": 0.4311999999989955,
      "mce": 0.4999999999989658,
      "round_time": 0.43819427490234375,
      "client_training_time": 0.11625432968139648,
      "edge_encryption_wall_time": 0.2627999782562256,
      "total_pure_encryption_time": 0.23442745208740234,
      "avg_encryption_per_client": 0.004688549041748047,
      "server_aggregation_time": 0.041112422943115234,
      "internal_aggregation_time": 0.03753209114074707,
      "evaluation_time": 0.01702427864074707,
      "clients_processed": 50
    },
    {
      "round": 43,
      "accuracy": 0.9319,
      "f1_score": 0.9268764093203049,
      "precision": 0.8637182309385631,
      "recall": 1.0,
      "roc_auc": 0.9997560955128912,
      "pr_auc": 0.9997039626511578,
      "mae": 0.49999999999900857,
      "rmse": 0.49999999999900857,
      "ece": 0.4318999999989952,
      "mce": 0.4999999999989663,
      "round_time": 0.44207310676574707,
      "client_training_time": 0.1247251033782959,
      "edge_encryption_wall_time": 0.2535858154296875,
      "total_pure_encryption_time": 0.2254648208618164,
      "avg_encryption_per_client": 0.004509296417236328,
      "server_aggregation_time": 0.04257488250732422,
      "internal_aggregation_time": 0.03822040557861328,
      "evaluation_time": 0.019598960876464844,
      "clients_processed": 50
    },
    {
      "round": 44,
      "accuracy": 0.9321,
      "f1_score": 0.9270755020942971,
      "precision": 0.8640640640640641,
      "recall": 1.0,
      "roc_auc": 0.9997461086157002,
      "pr_auc": 0.9996927788279452,
      "mae": 0.49999999999900957,
      "rmse": 0.49999999999900957,
      "ece": 0.43209999999899584,
      "mce": 0.4999999999989675,
      "round_time": 0.39770960807800293,
      "client_training_time": 0.10636210441589355,
      "edge_encryption_wall_time": 0.23493528366088867,
      "total_pure_encryption_time": 0.21360254287719727,
      "avg_encryption_per_client": 0.004272050857543945,
      "server_aggregation_time": 0.04139518737792969,
      "internal_aggregation_time": 0.03713631629943848,
      "evaluation_time": 0.014008760452270508,
      "clients_processed": 50
    },
    {
      "round": 45,
      "accuracy": 0.932,
      "f1_score": 0.9269759450171822,
      "precision": 0.8638911128903123,
      "recall": 1.0,
      "roc_auc": 0.9997546688132924,
      "pr_auc": 0.9997022502421551,
      "mae": 0.49999999999901,
      "rmse": 0.49999999999901,
      "ece": 0.4319999999989966,
      "mce": 0.49999999999896744,
      "round_time": 0.40250205993652344,
      "client_training_time": 0.10924339294433594,
      "edge_encryption_wall_time": 0.23120498657226562,
      "total_pure_encryption_time": 0.21453499794006348,
      "avg_encryption_per_client": 0.0042906999588012695,
      "server_aggregation_time": 0.04127311706542969,
      "internal_aggregation_time": 0.03812551498413086,
      "evaluation_time": 0.019773483276367188,
      "clients_processed": 50
    },
    {
      "round": 46,
      "accuracy": 0.9318,
      "f1_score": 0.9267768949967791,
      "precision": 0.8635454181672669,
      "recall": 1.0,
      "roc_auc": 0.9997564012342338,
      "pr_auc": 0.9997040955286366,
      "mae": 0.49999999999900685,
      "rmse": 0.4999999999990068,
      "ece": 0.4317999999989933,
      "mce": 0.49999999999896394,
      "round_time": 0.3864450454711914,
      "client_training_time": 0.10524916648864746,
      "edge_encryption_wall_time": 0.22940587997436523,
      "total_pure_encryption_time": 0.2126314640045166,
      "avg_encryption_per_client": 0.004252629280090332,
      "server_aggregation_time": 0.03727293014526367,
      "internal_aggregation_time": 0.03525185585021973,
      "evaluation_time": 0.014517068862915039,
      "clients_processed": 50
    },
    {
      "round": 47,
      "accuracy": 0.9316,
      "f1_score": 0.9265779304422499,
      "precision": 0.8632,
      "recall": 1.0,
      "roc_auc": 0.9997582151808663,
      "pr_auc": 0.9997062335312459,
      "mae": 0.4999999999990102,
      "rmse": 0.4999999999990102,
      "ece": 0.43159999999899684,
      "mce": 0.4999999999989674,
      "round_time": 0.3809323310852051,
      "client_training_time": 0.1022331714630127,
      "edge_encryption_wall_time": 0.22893238067626953,
      "total_pure_encryption_time": 0.20842862129211426,
      "avg_encryption_per_client": 0.004168572425842285,
      "server_aggregation_time": 0.03654623031616211,
      "internal_aggregation_time": 0.033957481384277344,
      "evaluation_time": 0.013220548629760742,
      "clients_processed": 50
    },
    {
      "round": 48,
      "accuracy": 0.9316,
      "f1_score": 0.9265779304422499,
      "precision": 0.8632,
      "recall": 1.0,
      "roc_auc": 0.9997527937223913,
      "pr_auc": 0.9997000255408681,
      "mae": 0.4999999999990111,
      "rmse": 0.49999999999901107,
      "ece": 0.43159999999899756,
      "mce": 0.49999999999896827,
      "round_time": 0.40984034538269043,
      "client_training_time": 0.10950660705566406,
      "edge_encryption_wall_time": 0.23733282089233398,
      "total_pure_encryption_time": 0.21498370170593262,
      "avg_encryption_per_client": 0.004299674034118652,
      "server_aggregation_time": 0.03902077674865723,
      "internal_aggregation_time": 0.03681802749633789,
      "evaluation_time": 0.022496700286865234,
      "clients_processed": 50
    },
    {
      "round": 49,
      "accuracy": 0.9321,
      "f1_score": 0.9270755020942971,
      "precision": 0.8640640640640641,
      "recall": 1.0,
      "roc_auc": 0.9997472907382248,
      "pr_auc": 0.9996939638429343,
      "mae": 0.49999999999900985,
      "rmse": 0.4999999999990098,
      "ece": 0.43209999999899623,
      "mce": 0.4999999999989668,
      "round_time": 0.4181084632873535,
      "client_training_time": 0.10362792015075684,
      "edge_encryption_wall_time": 0.2394425868988037,
      "total_pure_encryption_time": 0.2232987880706787,
      "avg_encryption_per_client": 0.004465975761413574,
      "server_aggregation_time": 0.04731440544128418,
      "internal_aggregation_time": 0.045156002044677734,
      "evaluation_time": 0.025683879852294922,
      "clients_processed": 50
    },
    {
      "round": 50,
      "accuracy": 0.9324,
      "f1_score": 0.9273743016759777,
      "precision": 0.8645833333333334,
      "recall": 1.0,
      "roc_auc": 0.9997540166077615,
      "pr_auc": 0.9997015709882898,
      "mae": 0.49999999999900985,
      "rmse": 0.4999999999990098,
      "ece": 0.43249999999899646,
      "mce": 0.4999999999989685,
      "round_time": 0.4070720672607422,
      "client_training_time": 0.12300491333007812,
      "edge_encryption_wall_time": 0.23349618911743164,
      "total_pure_encryption_time": 0.21562886238098145,
      "avg_encryption_per_client": 0.0043125772476196285,
      "server_aggregation_time": 0.03686690330505371,
      "internal_aggregation_time": 0.03434467315673828,
      "evaluation_time": 0.013704061508178711,
      "clients_processed": 50
    },
    {
      "round": 51,
      "accuracy": 0.9321,
      "f1_score": 0.9270755020942971,
      "precision": 0.8640640640640641,
      "recall": 1.0,
      "roc_auc": 0.9997558509358171,
      "pr_auc": 0.9997036911466253,
      "mae": 0.49999999999900857,
      "rmse": 0.49999999999900857,
      "ece": 0.4320999999989952,
      "mce": 0.4999999999989665,
      "round_time": 0.4021580219268799,
      "client_training_time": 0.10911822319030762,
      "edge_encryption_wall_time": 0.22910380363464355,
      "total_pure_encryption_time": 0.21830034255981445,
      "avg_encryption_per_client": 0.004366006851196289,
      "server_aggregation_time": 0.04425334930419922,
      "internal_aggregation_time": 0.04044461250305176,
      "evaluation_time": 0.018415212631225586,
      "clients_processed": 50
    },
    {
      "round": 52,
      "accuracy": 0.9317,
      "f1_score": 0.9266774020397209,
      "precision": 0.863372674534907,
      "recall": 1.0,
      "roc_auc": 0.9997545261433325,
      "pr_auc": 0.9997020320750326,
      "mae": 0.4999999999990096,
      "rmse": 0.4999999999990097,
      "ece": 0.4316999999989963,
      "mce": 0.49999999999896694,
      "round_time": 0.6596517562866211,
      "client_training_time": 0.20221424102783203,
      "edge_encryption_wall_time": 0.3892054557800293,
      "total_pure_encryption_time": 0.3365821838378906,
      "avg_encryption_per_client": 0.006731643676757813,
      "server_aggregation_time": 0.04524540901184082,
      "internal_aggregation_time": 0.03982257843017578,
      "evaluation_time": 0.01961827278137207,
      "clients_processed": 50
    },
    {
      "round": 53,
      "accuracy": 0.9317,
      "f1_score": 0.9266774020397209,
      "precision": 0.863372674534907,
      "recall": 1.0,
      "roc_auc": 0.9997489416334748,
      "pr_auc": 0.9996959531812285,
      "mae": 0.4999999999990071,
      "rmse": 0.49999999999900707,
      "ece": 0.43169999999899333,
      "mce": 0.4999999999989643,
      "round_time": 0.42221951484680176,
      "client_training_time": 0.12216448783874512,
      "edge_encryption_wall_time": 0.24169206619262695,
      "total_pure_encryption_time": 0.21780729293823242,
      "avg_encryption_per_client": 0.0043561458587646484,
      "server_aggregation_time": 0.04103994369506836,
      "internal_aggregation_time": 0.03889656066894531,
      "evaluation_time": 0.0152435302734375,
      "clients_processed": 50
    },
    {
      "round": 54,
      "accuracy": 0.9316,
      "f1_score": 0.9265779304422499,
      "precision": 0.8632,
      "recall": 1.0,
      "roc_auc": 0.9997562789456969,
      "pr_auc": 0.9997042821828034,
      "mae": 0.49999999999900985,
      "rmse": 0.49999999999900985,
      "ece": 0.43159999999899656,
      "mce": 0.49999999999896755,
      "round_time": 0.4106729030609131,
      "client_training_time": 0.10522150993347168,
      "edge_encryption_wall_time": 0.24544167518615723,
      "total_pure_encryption_time": 0.22315192222595215,
      "avg_encryption_per_client": 0.004463038444519043,
      "server_aggregation_time": 0.03911423683166504,
      "internal_aggregation_time": 0.036583662033081055,
      "evaluation_time": 0.01981353759765625,
      "clients_processed": 50
    },
    {
      "round": 55,
      "accuracy": 0.9316,
      "f1_score": 0.9265779304422499,
      "precision": 0.8632,
      "recall": 1.0,
      "roc_auc": 0.9997425826295492,
      "pr_auc": 0.9996889273138615,
      "mae": 0.49999999999900774,
      "rmse": 0.4999999999990077,
      "ece": 0.4315999999989938,
      "mce": 0.49999999999896455,
      "round_time": 0.40292906761169434,
      "client_training_time": 0.10415291786193848,
      "edge_encryption_wall_time": 0.23622632026672363,
      "total_pure_encryption_time": 0.2117910385131836,
      "avg_encryption_per_client": 0.004235820770263672,
      "server_aggregation_time": 0.04131174087524414,
      "internal_aggregation_time": 0.03698444366455078,
      "evaluation_time": 0.020220518112182617,
      "clients_processed": 50
    },
    {
      "round": 56,
      "accuracy": 0.9319,
      "f1_score": 0.9268764093203049,
      "precision": 0.8637182309385631,
      "recall": 1.0,
      "roc_auc": 0.9997554636887832,
      "pr_auc": 0.9997032062984452,
      "mae": 0.499999999999009,
      "rmse": 0.499999999999009,
      "ece": 0.43189999999899553,
      "mce": 0.49999999999896727,
      "round_time": 0.39836740493774414,
      "client_training_time": 0.09914255142211914,
      "edge_encryption_wall_time": 0.23958706855773926,
      "total_pure_encryption_time": 0.21650934219360352,
      "avg_encryption_per_client": 0.00433018684387207,
      "server_aggregation_time": 0.04227423667907715,
      "internal_aggregation_time": 0.04014158248901367,
      "evaluation_time": 0.016014575958251953,
      "clients_processed": 50
    },
    {
      "round": 57,
      "accuracy": 0.9319,
      "f1_score": 0.9268764093203049,
      "precision": 0.8637182309385631,
      "recall": 1.0,
      "roc_auc": 0.9997560139871997,
      "pr_auc": 0.9997037370021641,
      "mae": 0.4999999999990074,
      "rmse": 0.4999999999990073,
      "ece": 0.43189999999899376,
      "mce": 0.4999999999989648,
      "round_time": 0.3891310691833496,
      "client_training_time": 0.10061955451965332,
      "edge_encryption_wall_time": 0.23034024238586426,
      "total_pure_encryption_time": 0.20816922187805176,
      "avg_encryption_per_client": 0.004163384437561035,
      "server_aggregation_time": 0.04221987724304199,
      "internal_aggregation_time": 0.03906083106994629,
      "evaluation_time": 0.01595139503479004,
      "clients_processed": 50
    },
    {
      "round": 58,
      "accuracy": 0.9321,
      "f1_score": 0.9270755020942971,
      "precision": 0.8640640640640641,
      "recall": 1.0,
      "roc_auc": 0.9997559732243542,
      "pr_auc": 0.9997037038362337,
      "mae": 0.49999999999901057,
      "rmse": 0.49999999999901057,
      "ece": 0.4320999999989972,
      "mce": 0.4999999999989684,
      "round_time": 0.39444565773010254,
      "client_training_time": 0.10473084449768066,
      "edge_encryption_wall_time": 0.2314913272857666,
      "total_pure_encryption_time": 0.20928573608398438,
      "avg_encryption_per_client": 0.0041857147216796875,
      "server_aggregation_time": 0.038790225982666016,
      "internal_aggregation_time": 0.0363161563873291,
      "evaluation_time": 0.018413782119750977,
      "clients_processed": 50
    },
    {
      "round": 59,
      "accuracy": 0.9316,
      "f1_score": 0.9265779304422499,
      "precision": 0.8632,
      "recall": 1.0,
      "roc_auc": 0.9997559936057769,
      "pr_auc": 0.9997037290176843,
      "mae": 0.4999999999990079,
      "rmse": 0.49999999999900796,
      "ece": 0.43159999999899445,
      "mce": 0.49999999999896516,
      "round_time": 0.3938324451446533,
      "client_training_time": 0.10445380210876465,
      "edge_encryption_wall_time": 0.23179411888122559,
      "total_pure_encryption_time": 0.19737648963928223,
      "avg_encryption_per_client": 0.003947529792785644,
      "server_aggregation_time": 0.03661799430847168,
      "internal_aggregation_time": 0.03534221649169922,
      "evaluation_time": 0.019585609436035156,
      "clients_processed": 50
    },
    {
      "round": 60,
      "accuracy": 0.9319,
      "f1_score": 0.9268764093203049,
      "precision": 0.8637182309385631,
      "recall": 1.0,
      "roc_auc": 0.9997596011176195,
      "pr_auc": 0.9997075844903567,
      "mae": 0.49999999999901085,
      "rmse": 0.49999999999901074,
      "ece": 0.4318999999989975,
      "mce": 0.49999999999896855,
      "round_time": 0.402271032333374,
      "client_training_time": 0.10351347923278809,
      "edge_encryption_wall_time": 0.23931050300598145,
      "total_pure_encryption_time": 0.22007417678833008,
      "avg_encryption_per_client": 0.0044014835357666015,
      "server_aggregation_time": 0.040786027908325195,
      "internal_aggregation_time": 0.03765106201171875,
      "evaluation_time": 0.015602827072143555,
      "clients_processed": 50
    }
  ],
  "final_statistics": {
    "final_accuracy": 0.9319,
    "best_accuracy": 0.9324,
    "total_time": 26.667012929916382,
    "avg_round_time": 0.4128770391146342,
    "avg_client_training_time": 0.11213340361913045,
    "avg_edge_encryption_wall_time": 0.23978596131006877,
    "avg_pure_encryption_time": 0.217838720480601,
    "avg_encryption_per_client": 0.004356774409612019,
    "avg_server_aggregation_time": 0.04136838912963867,
    "avg_internal_aggregation_time": 0.03837357759475708,
    "avg_evaluation_time": 0.018323612213134766
  },
  "timing_statistics": {
    "total_client_training_time": 6.728004217147827,
    "total_edge_encryption_wall_time": 14.387157678604126,
    "total_pure_encryption_time": 13.07032322883606,
    "total_server_aggregation_time": 2.4821033477783203,
    "total_internal_aggregation_time": 2.302414655685425,
    "total_evaluation_time": 1.099416732788086,
    "total_time": 26.667012929916382,
    "avg_round_time": 0.4128770391146342,
    "avg_client_training_time": 0.11213340361913045,
    "avg_edge_encryption_wall_time": 0.23978596131006877,
    "avg_pure_encryption_time": 0.217838720480601,
    "avg_encryption_per_client": 0.004356774409612019,
    "avg_server_aggregation_time": 0.04136838912963867,
    "avg_internal_aggregation_time": 0.03837357759475708,
    "avg_evaluation_time": 0.018323612213134766
  },
  "architecture": {
    "clients": 50,
    "edge_devices": 50,
    "cloud_servers": 1,
    "data_flow": "Client \u2192 Edge \u2192 Cloud \u2192 Edge \u2192 Client"
  }
}