{
  "pipeline_type": "edge_device_fl",
  "configuration": {
    "rounds": 40,
    "clients": 50,
    "patience": 999
  },
  "results": [
    {
      "round": 1,
      "accuracy": 0.9318,
      "f1_score": 0.9267768949967791,
      "precision": 0.8635454181672669,
      "recall": 1.0,
      "roc_auc": 0.9997510816828729,
      "pr_auc": 0.9996983324763068,
      "mae": 0.4999999999990086,
      "rmse": 0.49999999999900857,
      "ece": 0.4317999999989951,
      "mce": 0.4999999999989659,
      "round_time": 0.3692343235015869,
      "client_training_time": 0.10212373733520508,
      "edge_encryption_wall_time": 0.22014832496643066,
      "total_pure_encryption_time": 0.19927287101745605,
      "avg_encryption_per_client": 0.003985457420349121,
      "server_aggregation_time": 0.03097248077392578,
      "internal_aggregation_time": 0.028823375701904297,
      "evaluation_time": 0.01598978042602539,
      "clients_processed": 50
    },
    {
      "round": 2,
      "accuracy": 0.9316,
      "f1_score": 0.9265779304422499,
      "precision": 0.8632,
      "recall": 1.0,
      "roc_auc": 0.999751448548484,
      "pr_auc": 0.9996987793170329,
      "mae": 0.49999999999900985,
      "rmse": 0.4999999999990098,
      "ece": 0.43159999999899623,
      "mce": 0.4999999999989666,
      "round_time": 0.37144923210144043,
      "client_training_time": 0.09325456619262695,
      "edge_encryption_wall_time": 0.2156205177307129,
      "total_pure_encryption_time": 0.20339441299438477,
      "avg_encryption_per_client": 0.004067888259887695,
      "server_aggregation_time": 0.041277170181274414,
      "internal_aggregation_time": 0.03791546821594238,
      "evaluation_time": 0.020238637924194336,
      "clients_processed": 50
    },
    {
      "round": 3,
      "accuracy": 0.9315,
      "f1_score": 0.9264784801974885,
      "precision": 0.8630273945210958,
      "recall": 1.0,
      "roc_auc": 0.9997558101729714,
      "pr_auc": 0.9997037736919487,
      "mae": 0.49999999999900874,
      "rmse": 0.4999999999990087,
      "ece": 0.43149999999899513,
      "mce": 0.4999999999989655,
      "round_time": 0.42003655433654785,
      "client_training_time": 0.08545112609863281,
      "edge_encryption_wall_time": 0.27985525131225586,
      "total_pure_encryption_time": 0.2573690414428711,
      "avg_encryption_per_client": 0.005147380828857422,
      "server_aggregation_time": 0.03688240051269531,
      "internal_aggregation_time": 0.034628868103027344,
      "evaluation_time": 0.016837358474731445,
      "clients_processed": 50
    },
    {
      "round": 4,
      "accuracy": 0.9323,
      "f1_score": 0.927274680416801,
      "precision": 0.8644101742439415,
      "recall": 1.0,
      "roc_auc": 0.9997439889477251,
      "pr_auc": 0.9996906645611553,
      "mae": 0.49999999999900857,
      "rmse": 0.4999999999990085,
      "ece": 0.43229999999899504,
      "mce": 0.49999999999896555,
      "round_time": 0.3458695411682129,
      "client_training_time": 0.0905759334564209,
      "edge_encryption_wall_time": 0.19838190078735352,
      "total_pure_encryption_time": 0.17779779434204102,
      "avg_encryption_per_client": 0.0035559558868408204,
      "server_aggregation_time": 0.037973642349243164,
      "internal_aggregation_time": 0.034964799880981445,
      "evaluation_time": 0.017855405807495117,
      "clients_processed": 50
    },
    {
      "round": 5,
      "accuracy": 0.9316,
      "f1_score": 0.9265779304422499,
      "precision": 0.8632,
      "recall": 1.0,
      "roc_auc": 0.999756747718422,
      "pr_auc": 0.9997047181444753,
      "mae": 0.499999999999008,
      "rmse": 0.499999999999008,
      "ece": 0.4315999999989946,
      "mce": 0.49999999999896516,
      "round_time": 0.3356497287750244,
      "client_training_time": 0.08569145202636719,
      "edge_encryption_wall_time": 0.19908928871154785,
      "total_pure_encryption_time": 0.18320703506469727,
      "avg_encryption_per_client": 0.0036641407012939454,
      "server_aggregation_time": 0.035103797912597656,
      "internal_aggregation_time": 0.03305482864379883,
      "evaluation_time": 0.01576519012451172,
      "clients_processed": 50
    },
    {
      "round": 6,
      "accuracy": 0.9318,
      "f1_score": 0.9267768949967791,
      "precision": 0.8635454181672669,
      "recall": 1.0,
      "roc_auc": 0.9997518765583636,
      "pr_auc": 0.9996992686582499,
      "mae": 0.4999999999990079,
      "rmse": 0.49999999999900785,
      "ece": 0.4317999999989942,
      "mce": 0.49999999999896577,
      "round_time": 0.4975876808166504,
      "client_training_time": 0.09055685997009277,
      "edge_encryption_wall_time": 0.3231053352355957,
      "total_pure_encryption_time": 0.26699185371398926,
      "avg_encryption_per_client": 0.0053398370742797855,
      "server_aggregation_time": 0.06179237365722656,
      "internal_aggregation_time": 0.05555248260498047,
      "evaluation_time": 0.021488428115844727,
      "clients_processed": 50
    },
    {
      "round": 7,
      "accuracy": 0.9313,
      "f1_score": 0.9262796437385986,
      "precision": 0.8626823905656607,
      "recall": 1.0,
      "roc_auc": 0.9997601921788816,
      "pr_auc": 0.9997085509746497,
      "mae": 0.4999999999990091,
      "rmse": 0.49999999999900907,
      "ece": 0.4312999999989957,
      "mce": 0.499999999998966,
      "round_time": 0.34866833686828613,
      "client_training_time": 0.08326339721679688,
      "edge_encryption_wall_time": 0.2132256031036377,
      "total_pure_encryption_time": 0.19819211959838867,
      "avg_encryption_per_client": 0.003963842391967774,
      "server_aggregation_time": 0.03348207473754883,
      "internal_aggregation_time": 0.03131842613220215,
      "evaluation_time": 0.018697261810302734,
      "clients_processed": 50
    },
    {
      "round": 8,
      "accuracy": 0.9322,
      "f1_score": 0.9271750805585393,
      "precision": 0.8642370845014017,
      "recall": 1.0,
      "roc_auc": 0.9997518765583637,
      "pr_auc": 0.9996993108042281,
      "mae": 0.49999999999900985,
      "rmse": 0.4999999999990098,
      "ece": 0.4321999999989966,
      "mce": 0.4999999999989675,
      "round_time": 0.337022066116333,
      "client_training_time": 0.08619332313537598,
      "edge_encryption_wall_time": 0.1990048885345459,
      "total_pure_encryption_time": 0.17680644989013672,
      "avg_encryption_per_client": 0.0035361289978027345,
      "server_aggregation_time": 0.03412175178527832,
      "internal_aggregation_time": 0.03209424018859863,
      "evaluation_time": 0.015686988830566406,
      "clients_processed": 50
    },
    {
      "round": 9,
      "accuracy": 0.9318,
      "f1_score": 0.9267768949967791,
      "precision": 0.8635454181672669,
      "recall": 1.0,
      "roc_auc": 0.9997485340050181,
      "pr_auc": 0.9996954087204708,
      "mae": 0.49999999999900757,
      "rmse": 0.49999999999900757,
      "ece": 0.431799999998994,
      "mce": 0.49999999999896466,
      "round_time": 0.34166598320007324,
      "client_training_time": 0.08545613288879395,
      "edge_encryption_wall_time": 0.20314788818359375,
      "total_pure_encryption_time": 0.1865224838256836,
      "avg_encryption_per_client": 0.0037304496765136717,
      "server_aggregation_time": 0.033341169357299805,
      "internal_aggregation_time": 0.03126239776611328,
      "evaluation_time": 0.018413305282592773,
      "clients_processed": 50
    },
    {
      "round": 10,
      "accuracy": 0.9321,
      "f1_score": 0.9270755020942971,
      "precision": 0.8640640640640641,
      "recall": 1.0,
      "roc_auc": 0.999750184900268,
      "pr_auc": 0.9996974432300841,
      "mae": 0.4999999999990092,
      "rmse": 0.4999999999990092,
      "ece": 0.43209999999899573,
      "mce": 0.49999999999896677,
      "round_time": 0.347550630569458,
      "client_training_time": 0.08659863471984863,
      "edge_encryption_wall_time": 0.20729923248291016,
      "total_pure_encryption_time": 0.18813037872314453,
      "avg_encryption_per_client": 0.0037626075744628907,
      "server_aggregation_time": 0.032343149185180664,
      "internal_aggregation_time": 0.029936790466308594,
      "evaluation_time": 0.019220590591430664,
      "clients_processed": 50
    },
    {
      "round": 11,
      "accuracy": 0.9318,
      "f1_score": 0.9267768949967791,
      "precision": 0.8635454181672669,
      "recall": 1.0,
      "roc_auc": 0.9997550968231721,
      "pr_auc": 0.9997027106848616,
      "mae": 0.49999999999900957,
      "rmse": 0.49999999999900957,
      "ece": 0.4317999999989961,
      "mce": 0.4999999999989663,
      "round_time": 0.3429701328277588,
      "client_training_time": 0.08898472785949707,
      "edge_encryption_wall_time": 0.20322656631469727,
      "total_pure_encryption_time": 0.1891191005706787,
      "avg_encryption_per_client": 0.003782382011413574,
      "server_aggregation_time": 0.03424239158630371,
      "internal_aggregation_time": 0.03237414360046387,
      "evaluation_time": 0.016516447067260742,
      "clients_processed": 50
    },
    {
      "round": 12,
      "accuracy": 0.9309,
      "f1_score": 0.9258822267510458,
      "precision": 0.8619932095066907,
      "recall": 1.0,
      "roc_auc": 0.9997526918152772,
      "pr_auc": 0.999700135103382,
      "mae": 0.4999999999990086,
      "rmse": 0.49999999999900857,
      "ece": 0.4309999999989949,
      "mce": 0.4999999999989642,
      "round_time": 0.3455662727355957,
      "client_training_time": 0.08426809310913086,
      "edge_encryption_wall_time": 0.20576167106628418,
      "total_pure_encryption_time": 0.186265230178833,
      "avg_encryption_per_client": 0.00372530460357666,
      "server_aggregation_time": 0.03433561325073242,
      "internal_aggregation_time": 0.029811620712280273,
      "evaluation_time": 0.021200895309448242,
      "clients_processed": 50
    },
    {
      "round": 13,
      "accuracy": 0.9318,
      "f1_score": 0.9267768949967791,
      "precision": 0.8635454181672669,
      "recall": 1.0,
      "roc_auc": 0.9997553821630918,
      "pr_auc": 0.999703178731354,
      "mae": 0.49999999999901,
      "rmse": 0.49999999999901,
      "ece": 0.43179999999899665,
      "mce": 0.4999999999989676,
      "round_time": 0.40050482749938965,
      "client_training_time": 0.11881470680236816,
      "edge_encryption_wall_time": 0.2336888313293457,
      "total_pure_encryption_time": 0.21189308166503906,
      "avg_encryption_per_client": 0.0042378616333007815,
      "server_aggregation_time": 0.032282114028930664,
      "internal_aggregation_time": 0.030240535736083984,
      "evaluation_time": 0.015719175338745117,
      "clients_processed": 50
    },
    {
      "round": 14,
      "accuracy": 0.9313,
      "f1_score": 0.9262796437385986,
      "precision": 0.8626823905656607,
      "recall": 1.0,
      "roc_auc": 0.9997494307876229,
      "pr_auc": 0.9996964942275305,
      "mae": 0.4999999999990089,
      "rmse": 0.4999999999990089,
      "ece": 0.43129999999899504,
      "mce": 0.4999999999989657,
      "round_time": 0.34877490997314453,
      "client_training_time": 0.09738492965698242,
      "edge_encryption_wall_time": 0.19966745376586914,
      "total_pure_encryption_time": 0.17838263511657715,
      "avg_encryption_per_client": 0.003567652702331543,
      "server_aggregation_time": 0.03471779823303223,
      "internal_aggregation_time": 0.030560731887817383,
      "evaluation_time": 0.015995264053344727,
      "clients_processed": 50
    },
    {
      "round": 15,
      "accuracy": 0.9319,
      "f1_score": 0.9268764093203049,
      "precision": 0.8637182309385631,
      "recall": 1.0,
      "roc_auc": 0.9997591934891628,
      "pr_auc": 0.9997074174714937,
      "mae": 0.4999999999990112,
      "rmse": 0.49999999999901107,
      "ece": 0.43209999999899784,
      "mce": 0.49999999999896955,
      "round_time": 0.34566640853881836,
      "client_training_time": 0.08305215835571289,
      "edge_encryption_wall_time": 0.21612048149108887,
      "total_pure_encryption_time": 0.1972661018371582,
      "avg_encryption_per_client": 0.003945322036743164,
      "server_aggregation_time": 0.0317232608795166,
      "internal_aggregation_time": 0.030623435974121094,
      "evaluation_time": 0.012151002883911133,
      "clients_processed": 50
    },
    {
      "round": 16,
      "accuracy": 0.9318,
      "f1_score": 0.9267768949967791,
      "precision": 0.8635454181672669,
      "recall": 1.0,
      "roc_auc": 0.9997422565267837,
      "pr_auc": 0.9996885046406505,
      "mae": 0.4999999999990069,
      "rmse": 0.49999999999900685,
      "ece": 0.4317999999989931,
      "mce": 0.4999999999989638,
      "round_time": 0.33803534507751465,
      "client_training_time": 0.08933162689208984,
      "edge_encryption_wall_time": 0.19787096977233887,
      "total_pure_encryption_time": 0.17870140075683594,
      "avg_encryption_per_client": 0.0035740280151367186,
      "server_aggregation_time": 0.03332710266113281,
      "internal_aggregation_time": 0.031261444091796875,
      "evaluation_time": 0.016880273818969727,
      "clients_processed": 50
    },
    {
      "round": 17,
      "accuracy": 0.932,
      "f1_score": 0.9269759450171822,
      "precision": 0.8638911128903123,
      "recall": 1.0,
      "roc_auc": 0.9997506129101476,
      "pr_auc": 0.9996980316600753,
      "mae": 0.4999999999990089,
      "rmse": 0.4999999999990089,
      "ece": 0.4319999999989955,
      "mce": 0.4999999999989664,
      "round_time": 0.33403778076171875,
      "client_training_time": 0.0871129035949707,
      "edge_encryption_wall_time": 0.1987011432647705,
      "total_pure_encryption_time": 0.17430639266967773,
      "avg_encryption_per_client": 0.0034861278533935545,
      "server_aggregation_time": 0.03371238708496094,
      "internal_aggregation_time": 0.031264305114746094,
      "evaluation_time": 0.014511346817016602,
      "clients_processed": 50
    },
    {
      "round": 18,
      "accuracy": 0.9312,
      "f1_score": 0.9261802575107296,
      "precision": 0.8625099920063949,
      "recall": 1.0,
      "roc_auc": 0.9997577056452953,
      "pr_auc": 0.9997057723598767,
      "mae": 0.4999999999990086,
      "rmse": 0.49999999999900857,
      "ece": 0.43119999999899505,
      "mce": 0.49999999999896505,
      "round_time": 0.32935166358947754,
      "client_training_time": 0.08458518981933594,
      "edge_encryption_wall_time": 0.197953462600708,
      "total_pure_encryption_time": 0.17669248580932617,
      "avg_encryption_per_client": 0.0035338497161865236,
      "server_aggregation_time": 0.0335850715637207,
      "internal_aggregation_time": 0.031076669692993164,
      "evaluation_time": 0.013042688369750977,
      "clients_processed": 50
    },
    {
      "round": 19,
      "accuracy": 0.9318,
      "f1_score": 0.9267768949967791,
      "precision": 0.8635454181672669,
      "recall": 1.0,
      "roc_auc": 0.9997522434239746,
      "pr_auc": 0.9996994559932004,
      "mae": 0.49999999999900974,
      "rmse": 0.49999999999900974,
      "ece": 0.4317999999989962,
      "mce": 0.49999999999896777,
      "round_time": 0.3375232219696045,
      "client_training_time": 0.08788418769836426,
      "edge_encryption_wall_time": 0.2013101577758789,
      "total_pure_encryption_time": 0.17862534523010254,
      "avg_encryption_per_client": 0.003572506904602051,
      "server_aggregation_time": 0.03415799140930176,
      "internal_aggregation_time": 0.03212475776672363,
      "evaluation_time": 0.01417088508605957,
      "clients_processed": 50
    },
    {
      "round": 20,
      "accuracy": 0.9314,
      "f1_score": 0.9263790512985619,
      "precision": 0.8628548580567773,
      "recall": 1.0,
      "roc_auc": 0.9997556878844344,
      "pr_auc": 0.9997037143717841,
      "mae": 0.4999999999990101,
      "rmse": 0.49999999999901007,
      "ece": 0.4313999999989966,
      "mce": 0.49999999999896766,
      "round_time": 0.3367133140563965,
      "client_training_time": 0.0858004093170166,
      "edge_encryption_wall_time": 0.20009326934814453,
      "total_pure_encryption_time": 0.18624663352966309,
      "avg_encryption_per_client": 0.0037249326705932617,
      "server_aggregation_time": 0.03268265724182129,
      "internal_aggregation_time": 0.03164362907409668,
      "evaluation_time": 0.01596212387084961,
      "clients_processed": 50
    },
    {
      "round": 21,
      "accuracy": 0.9319,
      "f1_score": 0.9268764093203049,
      "precision": 0.8637182309385631,
      "recall": 1.0,
      "roc_auc": 0.9997539147006476,
      "pr_auc": 0.9997015003177686,
      "mae": 0.4999999999990099,
      "rmse": 0.49999999999900996,
      "ece": 0.43189999999899653,
      "mce": 0.499999999998967,
      "round_time": 0.35574817657470703,
      "client_training_time": 0.09676742553710938,
      "edge_encryption_wall_time": 0.20078563690185547,
      "total_pure_encryption_time": 0.18552041053771973,
      "avg_encryption_per_client": 0.0037104082107543945,
      "server_aggregation_time": 0.03836655616760254,
      "internal_aggregation_time": 0.03619956970214844,
      "evaluation_time": 0.01982855796813965,
      "clients_processed": 50
    },
    {
      "round": 22,
      "accuracy": 0.9322,
      "f1_score": 0.9271750805585393,
      "precision": 0.8642370845014017,
      "recall": 1.0,
      "roc_auc": 0.9997516115998666,
      "pr_auc": 0.9996989148434755,
      "mae": 0.499999999999008,
      "rmse": 0.499999999999008,
      "ece": 0.4321999999989945,
      "mce": 0.49999999999896605,
      "round_time": 0.5552313327789307,
      "client_training_time": 0.24584674835205078,
      "edge_encryption_wall_time": 0.25679540634155273,
      "total_pure_encryption_time": 0.2289283275604248,
      "avg_encryption_per_client": 0.0045785665512084964,
      "server_aggregation_time": 0.033471107482910156,
      "internal_aggregation_time": 0.03237748146057129,
      "evaluation_time": 0.01694035530090332,
      "clients_processed": 50
    },
    {
      "round": 23,
      "accuracy": 0.9322,
      "f1_score": 0.9271750805585393,
      "precision": 0.8642370845014017,
      "recall": 1.0,
      "roc_auc": 0.999752080372592,
      "pr_auc": 0.9996994827251382,
      "mae": 0.499999999999009,
      "rmse": 0.4999999999990089,
      "ece": 0.4321999999989955,
      "mce": 0.49999999999896716,
      "round_time": 0.36421728134155273,
      "client_training_time": 0.09964847564697266,
      "edge_encryption_wall_time": 0.2119455337524414,
      "total_pure_encryption_time": 0.18651652336120605,
      "avg_encryption_per_client": 0.003730330467224121,
      "server_aggregation_time": 0.03567910194396973,
      "internal_aggregation_time": 0.03352785110473633,
      "evaluation_time": 0.016944169998168945,
      "clients_processed": 50
    },
    {
      "round": 24,
      "accuracy": 0.932,
      "f1_score": 0.9269759450171822,
      "precision": 0.8638911128903123,
      "recall": 1.0,
      "roc_auc": 0.9997483505722127,
      "pr_auc": 0.9996951857025028,
      "mae": 0.4999999999990092,
      "rmse": 0.4999999999990092,
      "ece": 0.4319999999989955,
      "mce": 0.4999999999989661,
      "round_time": 0.3423001766204834,
      "client_training_time": 0.08411216735839844,
      "edge_encryption_wall_time": 0.20091605186462402,
      "total_pure_encryption_time": 0.18149018287658691,
      "avg_encryption_per_client": 0.0036298036575317383,
      "server_aggregation_time": 0.03645634651184082,
      "internal_aggregation_time": 0.03431367874145508,
      "evaluation_time": 0.01976633071899414,
      "clients_processed": 50
    },
    {
      "round": 25,
      "accuracy": 0.9316,
      "f1_score": 0.9265779304422499,
      "precision": 0.8632,
      "recall": 1.0,
      "roc_auc": 0.9997486155307094,
      "pr_auc": 0.9996957730461841,
      "mae": 0.4999999999990086,
      "rmse": 0.4999999999990087,
      "ece": 0.4316999999989951,
      "mce": 0.49999999999896555,
      "round_time": 0.35540032386779785,
      "client_training_time": 0.09157228469848633,
      "edge_encryption_wall_time": 0.21020078659057617,
      "total_pure_encryption_time": 0.18947196006774902,
      "avg_encryption_per_client": 0.0037894392013549803,
      "server_aggregation_time": 0.03535652160644531,
      "internal_aggregation_time": 0.032269954681396484,
      "evaluation_time": 0.017244338989257812,
      "clients_processed": 50
    },
    {
      "round": 26,
      "accuracy": 0.9324,
      "f1_score": 0.9273743016759777,
      "precision": 0.8645833333333334,
      "recall": 1.0,
      "roc_auc": 0.9997515096927526,
      "pr_auc": 0.9996989300489173,
      "mae": 0.499999999999008,
      "rmse": 0.499999999999008,
      "ece": 0.4323999999989945,
      "mce": 0.49999999999896666,
      "round_time": 0.3306236267089844,
      "client_training_time": 0.07921624183654785,
      "edge_encryption_wall_time": 0.20173072814941406,
      "total_pure_encryption_time": 0.18414568901062012,
      "avg_encryption_per_client": 0.0036829137802124024,
      "server_aggregation_time": 0.03593611717224121,
      "internal_aggregation_time": 0.031223773956298828,
      "evaluation_time": 0.01374053955078125,
      "clients_processed": 50
    },
    {
      "round": 27,
      "accuracy": 0.9322,
      "f1_score": 0.9271750805585393,
      "precision": 0.8642370845014017,
      "recall": 1.0,
      "roc_auc": 0.9997498587975027,
      "pr_auc": 0.9996970492583171,
      "mae": 0.49999999999900946,
      "rmse": 0.49999999999900946,
      "ece": 0.43229999999899593,
      "mce": 0.4999999999989673,
      "round_time": 0.3502776622772217,
      "client_training_time": 0.08506298065185547,
      "edge_encryption_wall_time": 0.20387768745422363,
      "total_pure_encryption_time": 0.1858353614807129,
      "avg_encryption_per_client": 0.003716707229614258,
      "server_aggregation_time": 0.03988766670227051,
      "internal_aggregation_time": 0.037642717361450195,
      "evaluation_time": 0.020356416702270508,
      "clients_processed": 50
    },
    {
      "round": 28,
      "accuracy": 0.931,
      "f1_score": 0.9259815490238147,
      "precision": 0.8621654015181782,
      "recall": 1.0,
      "roc_auc": 0.999756625429885,
      "pr_auc": 0.9997045069288151,
      "mae": 0.49999999999900885,
      "rmse": 0.49999999999900885,
      "ece": 0.4309999999989953,
      "mce": 0.4999999999989652,
      "round_time": 0.3877232074737549,
      "client_training_time": 0.09410619735717773,
      "edge_encryption_wall_time": 0.23241019248962402,
      "total_pure_encryption_time": 0.21925568580627441,
      "avg_encryption_per_client": 0.004385113716125488,
      "server_aggregation_time": 0.04149484634399414,
      "internal_aggregation_time": 0.03743100166320801,
      "evaluation_time": 0.01870274543762207,
      "clients_processed": 50
    },
    {
      "round": 29,
      "accuracy": 0.9314,
      "f1_score": 0.9263790512985619,
      "precision": 0.8628548580567773,
      "recall": 1.0,
      "roc_auc": 0.9997487174378237,
      "pr_auc": 0.9996958809955442,
      "mae": 0.4999999999990083,
      "rmse": 0.4999999999990083,
      "ece": 0.4313999999989946,
      "mce": 0.49999999999896466,
      "round_time": 0.3898799419403076,
      "client_training_time": 0.10151910781860352,
      "edge_encryption_wall_time": 0.2290174961090088,
      "total_pure_encryption_time": 0.21228289604187012,
      "avg_encryption_per_client": 0.004245657920837403,
      "server_aggregation_time": 0.041565656661987305,
      "internal_aggregation_time": 0.03787517547607422,
      "evaluation_time": 0.016762733459472656,
      "clients_processed": 50
    },
    {
      "round": 30,
      "accuracy": 0.9315,
      "f1_score": 0.9264784801974885,
      "precision": 0.8630273945210958,
      "recall": 1.0,
      "roc_auc": 0.9997530994437339,
      "pr_auc": 0.9997005554933894,
      "mae": 0.4999999999990101,
      "rmse": 0.49999999999901007,
      "ece": 0.43159999999899656,
      "mce": 0.49999999999896716,
      "round_time": 0.4032928943634033,
      "client_training_time": 0.10788369178771973,
      "edge_encryption_wall_time": 0.23505640029907227,
      "total_pure_encryption_time": 0.2091517448425293,
      "avg_encryption_per_client": 0.0041830348968505855,
      "server_aggregation_time": 0.03764986991882324,
      "internal_aggregation_time": 0.03436541557312012,
      "evaluation_time": 0.020453453063964844,
      "clients_processed": 50
    },
    {
      "round": 31,
      "accuracy": 0.9315,
      "f1_score": 0.9264784801974885,
      "precision": 0.8630273945210958,
      "recall": 1.0,
      "roc_auc": 0.9997588673863972,
      "pr_auc": 0.9997070436742896,
      "mae": 0.49999999999900946,
      "rmse": 0.49999999999900946,
      "ece": 0.43149999999899613,
      "mce": 0.49999999999896677,
      "round_time": 0.4038822650909424,
      "client_training_time": 0.11142277717590332,
      "edge_encryption_wall_time": 0.23183178901672363,
      "total_pure_encryption_time": 0.21468091011047363,
      "avg_encryption_per_client": 0.004293618202209473,
      "server_aggregation_time": 0.042981863021850586,
      "internal_aggregation_time": 0.0397796630859375,
      "evaluation_time": 0.016635894775390625,
      "clients_processed": 50
    },
    {
      "round": 32,
      "accuracy": 0.9315,
      "f1_score": 0.9264784801974885,
      "precision": 0.8630273945210958,
      "recall": 1.0,
      "roc_auc": 0.9997606405701841,
      "pr_auc": 0.9997088728531323,
      "mae": 0.49999999999901157,
      "rmse": 0.4999999999990115,
      "ece": 0.43149999999899846,
      "mce": 0.49999999999896805,
      "round_time": 0.3973989486694336,
      "client_training_time": 0.10226964950561523,
      "edge_encryption_wall_time": 0.23739123344421387,
      "total_pure_encryption_time": 0.22525811195373535,
      "avg_encryption_per_client": 0.004505162239074707,
      "server_aggregation_time": 0.041106462478637695,
      "internal_aggregation_time": 0.03850269317626953,
      "evaluation_time": 0.015114545822143555,
      "clients_processed": 50
    },
    {
      "round": 33,
      "accuracy": 0.9317,
      "f1_score": 0.9266774020397209,
      "precision": 0.863372674534907,
      "recall": 1.0,
      "roc_auc": 0.9997506129101477,
      "pr_auc": 0.9996975432250041,
      "mae": 0.4999999999990086,
      "rmse": 0.4999999999990087,
      "ece": 0.43169999999899505,
      "mce": 0.4999999999989655,
      "round_time": 0.42812037467956543,
      "client_training_time": 0.12339401245117188,
      "edge_encryption_wall_time": 0.24229884147644043,
      "total_pure_encryption_time": 0.22281646728515625,
      "avg_encryption_per_client": 0.004456329345703125,
      "server_aggregation_time": 0.042768001556396484,
      "internal_aggregation_time": 0.04051971435546875,
      "evaluation_time": 0.018641948699951172,
      "clients_processed": 50
    },
    {
      "round": 34,
      "accuracy": 0.9315,
      "f1_score": 0.9264784801974885,
      "precision": 0.8630273945210958,
      "recall": 1.0,
      "roc_auc": 0.999757012676919,
      "pr_auc": 0.9997049185471801,
      "mae": 0.4999999999990099,
      "rmse": 0.49999999999900996,
      "ece": 0.43149999999899663,
      "mce": 0.4999999999989673,
      "round_time": 0.4131886959075928,
      "client_training_time": 0.13589191436767578,
      "edge_encryption_wall_time": 0.22139716148376465,
      "total_pure_encryption_time": 0.19838428497314453,
      "avg_encryption_per_client": 0.003967685699462891,
      "server_aggregation_time": 0.039191246032714844,
      "internal_aggregation_time": 0.03567218780517578,
      "evaluation_time": 0.015618324279785156,
      "clients_processed": 50
    },
    {
      "round": 35,
      "accuracy": 0.9322,
      "f1_score": 0.9271750805585393,
      "precision": 0.8642370845014017,
      "recall": 1.0,
      "roc_auc": 0.9997578686966782,
      "pr_auc": 0.9997060659208635,
      "mae": 0.4999999999990091,
      "rmse": 0.4999999999990091,
      "ece": 0.43229999999899593,
      "mce": 0.4999999999989671,
      "round_time": 0.40212297439575195,
      "client_training_time": 0.10264706611633301,
      "edge_encryption_wall_time": 0.2384181022644043,
      "total_pure_encryption_time": 0.22577691078186035,
      "avg_encryption_per_client": 0.004515538215637207,
      "server_aggregation_time": 0.0403597354888916,
      "internal_aggregation_time": 0.03842949867248535,
      "evaluation_time": 0.019685029983520508,
      "clients_processed": 50
    },
    {
      "round": 36,
      "accuracy": 0.9321,
      "f1_score": 0.9270755020942971,
      "precision": 0.8640640640640641,
      "recall": 1.0,
      "roc_auc": 0.9997451710702497,
      "pr_auc": 0.9996919857390212,
      "mae": 0.4999999999990072,
      "rmse": 0.4999999999990072,
      "ece": 0.43209999999899357,
      "mce": 0.4999999999989642,
      "round_time": 0.410907506942749,
      "client_training_time": 0.11014175415039062,
      "edge_encryption_wall_time": 0.23698878288269043,
      "total_pure_encryption_time": 0.21701335906982422,
      "avg_encryption_per_client": 0.004340267181396485,
      "server_aggregation_time": 0.03821086883544922,
      "internal_aggregation_time": 0.03542590141296387,
      "evaluation_time": 0.0240936279296875,
      "clients_processed": 50
    },
    {
      "round": 37,
      "accuracy": 0.9311,
      "f1_score": 0.9260808926080892,
      "precision": 0.8623376623376623,
      "recall": 1.0,
      "roc_auc": 0.9997647983804432,
      "pr_auc": 0.99971364569503,
      "mae": 0.4999999999990094,
      "rmse": 0.49999999999900935,
      "ece": 0.4311999999989961,
      "mce": 0.4999999999989661,
      "round_time": 0.6236233711242676,
      "client_training_time": 0.11953425407409668,
      "edge_encryption_wall_time": 0.43874692916870117,
      "total_pure_encryption_time": 0.3983802795410156,
      "avg_encryption_per_client": 0.007967605590820312,
      "server_aggregation_time": 0.04748725891113281,
      "internal_aggregation_time": 0.04428863525390625,
      "evaluation_time": 0.017854928970336914,
      "clients_processed": 50
    },
    {
      "round": 38,
      "accuracy": 0.9321,
      "f1_score": 0.9270755020942971,
      "precision": 0.8640640640640641,
      "recall": 1.0,
      "roc_auc": 0.9997520599911691,
      "pr_auc": 0.9996995812634906,
      "mae": 0.4999999999990109,
      "rmse": 0.4999999999990109,
      "ece": 0.43209999999899745,
      "mce": 0.49999999999896894,
      "round_time": 0.4368934631347656,
      "client_training_time": 0.1244204044342041,
      "edge_encryption_wall_time": 0.25373291969299316,
      "total_pure_encryption_time": 0.23044157028198242,
      "avg_encryption_per_client": 0.0046088314056396485,
      "server_aggregation_time": 0.03730297088623047,
      "internal_aggregation_time": 0.034206390380859375,
      "evaluation_time": 0.02143716812133789,
      "clients_processed": 50
    },
    {
      "round": 39,
      "accuracy": 0.9311,
      "f1_score": 0.9260808926080892,
      "precision": 0.8623376623376623,
      "recall": 1.0,
      "roc_auc": 0.9997474130267618,
      "pr_auc": 0.9996942962949366,
      "mae": 0.49999999999900857,
      "rmse": 0.49999999999900857,
      "ece": 0.43109999999899473,
      "mce": 0.4999999999989646,
      "round_time": 0.4022085666656494,
      "client_training_time": 0.10578465461730957,
      "edge_encryption_wall_time": 0.23418450355529785,
      "total_pure_encryption_time": 0.20989012718200684,
      "avg_encryption_per_client": 0.004197802543640137,
      "server_aggregation_time": 0.04021620750427246,
      "internal_aggregation_time": 0.0366063117980957,
      "evaluation_time": 0.019905805587768555,
      "clients_processed": 50
    },
    {
      "round": 40,
      "accuracy": 0.9312,
      "f1_score": 0.9261802575107296,
      "precision": 0.8625099920063949,
      "recall": 1.0,
      "roc_auc": 0.9997617819298631,
      "pr_auc": 0.9997102676723455,
      "mae": 0.4999999999990083,
      "rmse": 0.49999999999900824,
      "ece": 0.43119999999899494,
      "mce": 0.49999999999896505,
      "round_time": 0.4250447750091553,
      "client_training_time": 0.10785555839538574,
      "edge_encryption_wall_time": 0.24643397331237793,
      "total_pure_encryption_time": 0.22442841529846191,
      "avg_encryption_per_client": 0.004488568305969238,
      "server_aggregation_time": 0.04363107681274414,
      "internal_aggregation_time": 0.03952980041503906,
      "evaluation_time": 0.026051044464111328,
      "clients_processed": 50
    }
  ],
  "final_statistics": {
    "final_accuracy": 0.9312,
    "best_accuracy": 0.9324,
    "total_time": 17.260014533996582,
    "avg_round_time": 0.38379908800125123,
    "avg_client_training_time": 0.10063703656196595,
    "avg_edge_encryption_wall_time": 0.22693580985069275,
    "avg_pure_encryption_time": 0.20612130165100098,
    "avg_encryption_per_client": 0.00412242603302002,
    "avg_server_aggregation_time": 0.037529397010803225,
    "avg_internal_aggregation_time": 0.03476800918579102,
    "avg_evaluation_time": 0.017803025245666505
  },
  "timing_statistics": {
    "total_client_training_time": 4.025481462478638,
    "total_edge_encryption_wall_time": 9.07743239402771,
    "total_pure_encryption_time": 8.244852066040039,
    "total_server_aggregation_time": 1.501175880432129,
    "total_internal_aggregation_time": 1.3907203674316406,
    "total_evaluation_time": 0.7121210098266602,
    "total_time": 17.260014533996582,
    "avg_round_time": 0.38379908800125123,
    "avg_client_training_time": 0.10063703656196595,
    "avg_edge_encryption_wall_time": 0.22693580985069275,
    "avg_pure_encryption_time": 0.20612130165100098,
    "avg_encryption_per_client": 0.00412242603302002,
    "avg_server_aggregation_time": 0.037529397010803225,
    "avg_internal_aggregation_time": 0.03476800918579102,
    "avg_evaluation_time": 0.017803025245666505
  },
  "architecture": {
    "clients": 50,
    "edge_devices": 50,
    "cloud_servers": 1,
    "data_flow": "Client \u2192 Edge \u2192 Cloud \u2192 Edge \u2192 Client"
  }
}