{
  "pipeline_type": "edge_device_fl",
  "configuration": {
    "rounds": 50,
    "clients": 20,
    "patience": 999
  },
  "results": [
    {
      "round": 1,
      "accuracy": 0.933,
      "f1_score": 0.9259668508287293,
      "precision": 0.8621399176954733,
      "recall": 1.0,
      "roc_auc": 0.9999566113071447,
      "pr_auc": 0.9999419319750213,
      "mae": 0.49999999999897,
      "rmse": 0.49999999999897005,
      "ece": 0.4329999999989569,
      "mce": 0.49999999999896955,
      "round_time": 0.15727496147155762,
      "client_training_time": 0.03508448600769043,
      "edge_encryption_wall_time": 0.09103250503540039,
      "total_pure_encryption_time": 0.08355927467346191,
      "avg_encryption_per_client": 0.004177963733673096,
      "server_aggregation_time": 0.016997337341308594,
      "internal_aggregation_time": 0.014806270599365234,
      "evaluation_time": 0.014160633087158203,
      "clients_processed": 20
    },
    {
      "round": 2,
      "accuracy": 0.9335,
      "f1_score": 0.9264787175234936,
      "precision": 0.86302780638517,
      "recall": 1.0,
      "roc_auc": 0.9999554559869207,
      "pr_auc": 0.9999401728082862,
      "mae": 0.4999999999989703,
      "rmse": 0.4999999999989703,
      "ece": 0.43349999999895744,
      "mce": 0.4999999999989703,
      "round_time": 0.16211795806884766,
      "client_training_time": 0.03889131546020508,
      "edge_encryption_wall_time": 0.08895134925842285,
      "total_pure_encryption_time": 0.08108997344970703,
      "avg_encryption_per_client": 0.004054498672485351,
      "server_aggregation_time": 0.01701498031616211,
      "internal_aggregation_time": 0.014981746673583984,
      "evaluation_time": 0.014615535736083984,
      "clients_processed": 20
    },
    {
      "round": 3,
      "accuracy": 0.93425,
      "f1_score": 0.9272475795297372,
      "precision": 0.8643630737493554,
      "recall": 1.0,
      "roc_auc": 0.9999523751329902,
      "pr_auc": 0.9999361636987463,
      "mae": 0.49999999999897216,
      "rmse": 0.4999999999989721,
      "ece": 0.43424999999895925,
      "mce": 0.49999999999897277,
      "round_time": 0.14867234230041504,
      "client_training_time": 0.034158945083618164,
      "edge_encryption_wall_time": 0.08235883712768555,
      "total_pure_encryption_time": 0.07139801979064941,
      "avg_encryption_per_client": 0.0035699009895324707,
      "server_aggregation_time": 0.017896175384521484,
      "internal_aggregation_time": 0.015462636947631836,
      "evaluation_time": 0.014258384704589844,
      "clients_processed": 20
    },
    {
      "round": 4,
      "accuracy": 0.933,
      "f1_score": 0.9259668508287293,
      "precision": 0.8621399176954733,
      "recall": 1.0,
      "roc_auc": 0.9999543006666968,
      "pr_auc": 0.9999386908505324,
      "mae": 0.4999999999989714,
      "rmse": 0.4999999999989713,
      "ece": 0.4329999999989585,
      "mce": 0.4999999999989706,
      "round_time": 0.14705324172973633,
      "client_training_time": 0.03499579429626465,
      "edge_encryption_wall_time": 0.08408761024475098,
      "total_pure_encryption_time": 0.07644104957580566,
      "avg_encryption_per_client": 0.0038220524787902833,
      "server_aggregation_time": 0.016161680221557617,
      "internal_aggregation_time": 0.014116764068603516,
      "evaluation_time": 0.011081218719482422,
      "clients_processed": 20
    },
    {
      "round": 5,
      "accuracy": 0.933,
      "f1_score": 0.9259668508287293,
      "precision": 0.8621399176954733,
      "recall": 1.0,
      "roc_auc": 0.9999566113071447,
      "pr_auc": 0.99994175394054,
      "mae": 0.49999999999897105,
      "rmse": 0.499999999998971,
      "ece": 0.4329999999989579,
      "mce": 0.4999999999989705,
      "round_time": 0.14779877662658691,
      "client_training_time": 0.03664374351501465,
      "edge_encryption_wall_time": 0.08422350883483887,
      "total_pure_encryption_time": 0.0790400505065918,
      "avg_encryption_per_client": 0.00395200252532959,
      "server_aggregation_time": 0.014850854873657227,
      "internal_aggregation_time": 0.013840675354003906,
      "evaluation_time": 0.011055946350097656,
      "clients_processed": 20
    },
    {
      "round": 6,
      "accuracy": 0.9325,
      "f1_score": 0.9254555494202098,
      "precision": 0.8612538540596094,
      "recall": 1.0,
      "roc_auc": 0.9999591786854202,
      "pr_auc": 0.9999451731848884,
      "mae": 0.499999999998971,
      "rmse": 0.499999999998971,
      "ece": 0.4327499999989579,
      "mce": 0.4999999999989712,
      "round_time": 0.14576363563537598,
      "client_training_time": 0.03604745864868164,
      "edge_encryption_wall_time": 0.0832066535949707,
      "total_pure_encryption_time": 0.07938861846923828,
      "avg_encryption_per_client": 0.003969430923461914,
      "server_aggregation_time": 0.017241954803466797,
      "internal_aggregation_time": 0.011793851852416992,
      "evaluation_time": 0.009267568588256836,
      "clients_processed": 20
    },
    {
      "round": 7,
      "accuracy": 0.93325,
      "f1_score": 0.926222713456756,
      "precision": 0.8625836335563561,
      "recall": 1.0,
      "roc_auc": 0.9999509630749387,
      "pr_auc": 0.9999345068065144,
      "mae": 0.4999999999989718,
      "rmse": 0.4999999999989718,
      "ece": 0.4332499999989585,
      "mce": 0.49999999999897154,
      "round_time": 0.15069580078125,
      "client_training_time": 0.03561067581176758,
      "edge_encryption_wall_time": 0.08388137817382812,
      "total_pure_encryption_time": 0.0764458179473877,
      "avg_encryption_per_client": 0.003822290897369385,
      "server_aggregation_time": 0.018101215362548828,
      "internal_aggregation_time": 0.01467585563659668,
      "evaluation_time": 0.012056350708007812,
      "clients_processed": 20
    },
    {
      "round": 8,
      "accuracy": 0.9335,
      "f1_score": 0.9264787175234936,
      "precision": 0.86302780638517,
      "recall": 1.0,
      "roc_auc": 0.9999594354232477,
      "pr_auc": 0.9999455208321543,
      "mae": 0.49999999999897193,
      "rmse": 0.49999999999897193,
      "ece": 0.43349999999895883,
      "mce": 0.49999999999897193,
      "round_time": 0.14511799812316895,
      "client_training_time": 0.036841630935668945,
      "edge_encryption_wall_time": 0.07989859580993652,
      "total_pure_encryption_time": 0.07546854019165039,
      "avg_encryption_per_client": 0.0037734270095825194,
      "server_aggregation_time": 0.017118215560913086,
      "internal_aggregation_time": 0.014036893844604492,
      "evaluation_time": 0.01125955581665039,
      "clients_processed": 20
    },
    {
      "round": 9,
      "accuracy": 0.933,
      "f1_score": 0.9259668508287293,
      "precision": 0.8621399176954733,
      "recall": 1.0,
      "roc_auc": 0.9999568680449723,
      "pr_auc": 0.9999421998985664,
      "mae": 0.4999999999989708,
      "rmse": 0.4999999999989708,
      "ece": 0.4329999999989579,
      "mce": 0.49999999999897016,
      "round_time": 0.14871716499328613,
      "client_training_time": 0.03888678550720215,
      "edge_encryption_wall_time": 0.08061337471008301,
      "total_pure_encryption_time": 0.07075834274291992,
      "avg_encryption_per_client": 0.003537917137145996,
      "server_aggregation_time": 0.015047550201416016,
      "internal_aggregation_time": 0.012702226638793945,
      "evaluation_time": 0.011940717697143555,
      "clients_processed": 20
    },
    {
      "round": 10,
      "accuracy": 0.934,
      "f1_score": 0.9269911504424779,
      "precision": 0.8639175257731959,
      "recall": 1.0,
      "roc_auc": 0.9999507063371111,
      "pr_auc": 0.9999341605091177,
      "mae": 0.4999999999989702,
      "rmse": 0.4999999999989702,
      "ece": 0.43424999999895736,
      "mce": 0.49999999999897204,
      "round_time": 0.14821743965148926,
      "client_training_time": 0.035088539123535156,
      "edge_encryption_wall_time": 0.08376169204711914,
      "total_pure_encryption_time": 0.07708454132080078,
      "avg_encryption_per_client": 0.003854227066040039,
      "server_aggregation_time": 0.017112016677856445,
      "internal_aggregation_time": 0.015062332153320312,
      "evaluation_time": 0.012255191802978516,
      "clients_processed": 20
    },
    {
      "round": 11,
      "accuracy": 0.93225,
      "f1_score": 0.9252001104057411,
      "precision": 0.8608115048793015,
      "recall": 1.0,
      "roc_auc": 0.9999540439288692,
      "pr_auc": 0.9999384511283277,
      "mae": 0.4999999999989701,
      "rmse": 0.4999999999989701,
      "ece": 0.43249999999895683,
      "mce": 0.4999999999989696,
      "round_time": 0.14029335975646973,
      "client_training_time": 0.03360104560852051,
      "edge_encryption_wall_time": 0.07824397087097168,
      "total_pure_encryption_time": 0.07169485092163086,
      "avg_encryption_per_client": 0.003584742546081543,
      "server_aggregation_time": 0.017221689224243164,
      "internal_aggregation_time": 0.012592554092407227,
      "evaluation_time": 0.009975671768188477,
      "clients_processed": 20
    },
    {
      "round": 12,
      "accuracy": 0.934,
      "f1_score": 0.9269911504424779,
      "precision": 0.8639175257731959,
      "recall": 1.0,
      "roc_auc": 0.9999499361236285,
      "pr_auc": 0.9999332808779914,
      "mae": 0.4999999999989731,
      "rmse": 0.49999999999897315,
      "ece": 0.43424999999896025,
      "mce": 0.49999999999897465,
      "round_time": 0.15109562873840332,
      "client_training_time": 0.037299156188964844,
      "edge_encryption_wall_time": 0.08476901054382324,
      "total_pure_encryption_time": 0.07372140884399414,
      "avg_encryption_per_client": 0.003686070442199707,
      "server_aggregation_time": 0.017421483993530273,
      "internal_aggregation_time": 0.013327836990356445,
      "evaluation_time": 0.010563373565673828,
      "clients_processed": 20
    },
    {
      "round": 13,
      "accuracy": 0.9355,
      "f1_score": 0.9285318559556787,
      "precision": 0.8665977249224406,
      "recall": 1.0,
      "roc_auc": 0.9999526318708177,
      "pr_auc": 0.9999366076610643,
      "mae": 0.4999999999989682,
      "rmse": 0.4999999999989682,
      "ece": 0.4354999999989553,
      "mce": 0.49999999999897166,
      "round_time": 0.1438438892364502,
      "client_training_time": 0.03567671775817871,
      "edge_encryption_wall_time": 0.07883310317993164,
      "total_pure_encryption_time": 0.07256555557250977,
      "avg_encryption_per_client": 0.0036282777786254884,
      "server_aggregation_time": 0.01612567901611328,
      "internal_aggregation_time": 0.012973308563232422,
      "evaluation_time": 0.011190414428710938,
      "clients_processed": 20
    },
    {
      "round": 14,
      "accuracy": 0.934,
      "f1_score": 0.9269911504424779,
      "precision": 0.8639175257731959,
      "recall": 1.0,
      "roc_auc": 0.9999555843558345,
      "pr_auc": 0.9999405308764908,
      "mae": 0.4999999999989703,
      "rmse": 0.4999999999989704,
      "ece": 0.4339999999989575,
      "mce": 0.49999999999897154,
      "round_time": 0.15574049949645996,
      "client_training_time": 0.0343022346496582,
      "edge_encryption_wall_time": 0.09088325500488281,
      "total_pure_encryption_time": 0.08403325080871582,
      "avg_encryption_per_client": 0.004201662540435791,
      "server_aggregation_time": 0.015429496765136719,
      "internal_aggregation_time": 0.013363361358642578,
      "evaluation_time": 0.013112545013427734,
      "clients_processed": 20
    },
    {
      "round": 15,
      "accuracy": 0.9335,
      "f1_score": 0.9264787175234936,
      "precision": 0.86302780638517,
      "recall": 1.0,
      "roc_auc": 0.9999581517341101,
      "pr_auc": 0.999943796645219,
      "mae": 0.49999999999897193,
      "rmse": 0.49999999999897193,
      "ece": 0.4334999999989591,
      "mce": 0.4999999999989715,
      "round_time": 0.14349818229675293,
      "client_training_time": 0.033106088638305664,
      "edge_encryption_wall_time": 0.08199810981750488,
      "total_pure_encryption_time": 0.07778596878051758,
      "avg_encryption_per_client": 0.003889298439025879,
      "server_aggregation_time": 0.015705585479736328,
      "internal_aggregation_time": 0.012395620346069336,
      "evaluation_time": 0.012688398361206055,
      "clients_processed": 20
    },
    {
      "round": 16,
      "accuracy": 0.93275,
      "f1_score": 0.9257111295222314,
      "precision": 0.8616966580976864,
      "recall": 1.0,
      "roc_auc": 0.9999532737153867,
      "pr_auc": 0.9999375310513561,
      "mae": 0.49999999999897166,
      "rmse": 0.49999999999897166,
      "ece": 0.4327499999989587,
      "mce": 0.49999999999897055,
      "round_time": 0.14219236373901367,
      "client_training_time": 0.0351104736328125,
      "edge_encryption_wall_time": 0.08244967460632324,
      "total_pure_encryption_time": 0.06854367256164551,
      "avg_encryption_per_client": 0.0034271836280822753,
      "server_aggregation_time": 0.014796733856201172,
      "internal_aggregation_time": 0.013036727905273438,
      "evaluation_time": 0.009835481643676758,
      "clients_processed": 20
    },
    {
      "round": 17,
      "accuracy": 0.93375,
      "f1_score": 0.9267348631462538,
      "precision": 0.863472436888202,
      "recall": 1.0,
      "roc_auc": 0.9999532737153866,
      "pr_auc": 0.9999374924885677,
      "mae": 0.49999999999897,
      "rmse": 0.49999999999896994,
      "ece": 0.43374999999895686,
      "mce": 0.4999999999989706,
      "round_time": 0.16371560096740723,
      "client_training_time": 0.04291558265686035,
      "edge_encryption_wall_time": 0.08851480484008789,
      "total_pure_encryption_time": 0.08062362670898438,
      "avg_encryption_per_client": 0.004031181335449219,
      "server_aggregation_time": 0.015902042388916016,
      "internal_aggregation_time": 0.014895915985107422,
      "evaluation_time": 0.013344764709472656,
      "clients_processed": 20
    },
    {
      "round": 18,
      "accuracy": 0.9335,
      "f1_score": 0.9264787175234936,
      "precision": 0.86302780638517,
      "recall": 1.0,
      "roc_auc": 0.9999545574045243,
      "pr_auc": 0.9999390710704203,
      "mae": 0.4999999999989727,
      "rmse": 0.4999999999989727,
      "ece": 0.43349999999895983,
      "mce": 0.49999999999897204,
      "round_time": 0.16662168502807617,
      "client_training_time": 0.0488886833190918,
      "edge_encryption_wall_time": 0.0896303653717041,
      "total_pure_encryption_time": 0.07988929748535156,
      "avg_encryption_per_client": 0.003994464874267578,
      "server_aggregation_time": 0.015038728713989258,
      "internal_aggregation_time": 0.01243448257446289,
      "evaluation_time": 0.010805368423461914,
      "clients_processed": 20
    },
    {
      "round": 19,
      "accuracy": 0.93325,
      "f1_score": 0.926222713456756,
      "precision": 0.8625836335563561,
      "recall": 1.0,
      "roc_auc": 0.9999576382584549,
      "pr_auc": 0.9999431935154917,
      "mae": 0.49999999999897055,
      "rmse": 0.4999999999989706,
      "ece": 0.43324999999895747,
      "mce": 0.4999999999989711,
      "round_time": 0.2469310760498047,
      "client_training_time": 0.04404330253601074,
      "edge_encryption_wall_time": 0.16750812530517578,
      "total_pure_encryption_time": 0.15098261833190918,
      "avg_encryption_per_client": 0.007549130916595459,
      "server_aggregation_time": 0.017782926559448242,
      "internal_aggregation_time": 0.015660524368286133,
      "evaluation_time": 0.01548457145690918,
      "clients_processed": 20
    },
    {
      "round": 20,
      "accuracy": 0.93375,
      "f1_score": 0.9267348631462538,
      "precision": 0.863472436888202,
      "recall": 1.0,
      "roc_auc": 0.9999544290356106,
      "pr_auc": 0.99993893767448,
      "mae": 0.49999999999897093,
      "rmse": 0.49999999999897093,
      "ece": 0.4337499999989576,
      "mce": 0.4999999999989723,
      "round_time": 0.15460634231567383,
      "client_training_time": 0.04745745658874512,
      "edge_encryption_wall_time": 0.08027052879333496,
      "total_pure_encryption_time": 0.07387781143188477,
      "avg_encryption_per_client": 0.003693890571594238,
      "server_aggregation_time": 0.016698122024536133,
      "internal_aggregation_time": 0.013034820556640625,
      "evaluation_time": 0.008964061737060547,
      "clients_processed": 20
    },
    {
      "round": 21,
      "accuracy": 0.93225,
      "f1_score": 0.9252001104057411,
      "precision": 0.8608115048793015,
      "recall": 1.0,
      "roc_auc": 0.9999620028015233,
      "pr_auc": 0.9999487359780733,
      "mae": 0.49999999999897726,
      "rmse": 0.49999999999897726,
      "ece": 0.4322499999989644,
      "mce": 0.4999999999989752,
      "round_time": 0.4305760860443115,
      "client_training_time": 0.08548784255981445,
      "edge_encryption_wall_time": 0.3159005641937256,
      "total_pure_encryption_time": 0.28449034690856934,
      "avg_encryption_per_client": 0.014224517345428466,
      "server_aggregation_time": 0.013568878173828125,
      "internal_aggregation_time": 0.01147317886352539,
      "evaluation_time": 0.01361846923828125,
      "clients_processed": 20
    },
    {
      "round": 22,
      "accuracy": 0.9335,
      "f1_score": 0.9264787175234936,
      "precision": 0.86302780638517,
      "recall": 1.0,
      "roc_auc": 0.9999559694625757,
      "pr_auc": 0.9999407517393144,
      "mae": 0.49999999999897254,
      "rmse": 0.49999999999897254,
      "ece": 0.4337499999989596,
      "mce": 0.4999999999989733,
      "round_time": 0.494457483291626,
      "client_training_time": 0.047367095947265625,
      "edge_encryption_wall_time": 0.3393113613128662,
      "total_pure_encryption_time": 0.30429959297180176,
      "avg_encryption_per_client": 0.015214979648590088,
      "server_aggregation_time": 0.06184697151184082,
      "internal_aggregation_time": 0.04673933982849121,
      "evaluation_time": 0.03411984443664551,
      "clients_processed": 20
    },
    {
      "round": 23,
      "accuracy": 0.933,
      "f1_score": 0.9259668508287293,
      "precision": 0.8621399176954733,
      "recall": 1.0,
      "roc_auc": 0.9999555843558345,
      "pr_auc": 0.9999404974418684,
      "mae": 0.49999999999896955,
      "rmse": 0.4999999999989695,
      "ece": 0.43299999999895633,
      "mce": 0.4999999999989682,
      "round_time": 0.2878987789154053,
      "client_training_time": 0.11281061172485352,
      "edge_encryption_wall_time": 0.13378691673278809,
      "total_pure_encryption_time": 0.12058854103088379,
      "avg_encryption_per_client": 0.0060294270515441895,
      "server_aggregation_time": 0.02049541473388672,
      "internal_aggregation_time": 0.01750802993774414,
      "evaluation_time": 0.019513607025146484,
      "clients_processed": 20
    },
    {
      "round": 24,
      "accuracy": 0.93325,
      "f1_score": 0.926222713456756,
      "precision": 0.8625836335563561,
      "recall": 1.0,
      "roc_auc": 0.9999578949962825,
      "pr_auc": 0.9999435081380288,
      "mae": 0.49999999999896944,
      "rmse": 0.4999999999989695,
      "ece": 0.4332499999989564,
      "mce": 0.49999999999896927,
      "round_time": 0.15223312377929688,
      "client_training_time": 0.035629987716674805,
      "edge_encryption_wall_time": 0.08919334411621094,
      "total_pure_encryption_time": 0.07898640632629395,
      "avg_encryption_per_client": 0.003949320316314698,
      "server_aggregation_time": 0.01609635353088379,
      "internal_aggregation_time": 0.011713981628417969,
      "evaluation_time": 0.011313438415527344,
      "clients_processed": 20
    },
    {
      "round": 25,
      "accuracy": 0.93225,
      "f1_score": 0.9252001104057411,
      "precision": 0.8608115048793015,
      "recall": 1.0,
      "roc_auc": 0.999955327618007,
      "pr_auc": 0.9999401691984606,
      "mae": 0.49999999999897116,
      "rmse": 0.4999999999989711,
      "ece": 0.43224999999895797,
      "mce": 0.49999999999896855,
      "round_time": 0.1574387550354004,
      "client_training_time": 0.04244089126586914,
      "edge_encryption_wall_time": 0.08496665954589844,
      "total_pure_encryption_time": 0.07972455024719238,
      "avg_encryption_per_client": 0.003986227512359619,
      "server_aggregation_time": 0.015996694564819336,
      "internal_aggregation_time": 0.013918399810791016,
      "evaluation_time": 0.014034509658813477,
      "clients_processed": 20
    },
    {
      "round": 26,
      "accuracy": 0.9325,
      "f1_score": 0.9254555494202098,
      "precision": 0.8612538540596094,
      "recall": 1.0,
      "roc_auc": 0.999955841093662,
      "pr_auc": 0.9999404789104057,
      "mae": 0.4999999999989717,
      "rmse": 0.49999999999897166,
      "ece": 0.4324999999989586,
      "mce": 0.49999999999896916,
      "round_time": 0.1504652500152588,
      "client_training_time": 0.035375118255615234,
      "edge_encryption_wall_time": 0.08350443840026855,
      "total_pure_encryption_time": 0.07659029960632324,
      "avg_encryption_per_client": 0.003829514980316162,
      "server_aggregation_time": 0.01729869842529297,
      "internal_aggregation_time": 0.014633417129516602,
      "evaluation_time": 0.014286994934082031,
      "clients_processed": 20
    },
    {
      "round": 27,
      "accuracy": 0.93275,
      "f1_score": 0.9257111295222314,
      "precision": 0.8616966580976864,
      "recall": 1.0,
      "roc_auc": 0.9999571247827999,
      "pr_auc": 0.9999425731416067,
      "mae": 0.49999999999897016,
      "rmse": 0.49999999999897016,
      "ece": 0.4327499999989569,
      "mce": 0.499999999998969,
      "round_time": 0.14985060691833496,
      "client_training_time": 0.03460335731506348,
      "edge_encryption_wall_time": 0.08657145500183105,
      "total_pure_encryption_time": 0.07630515098571777,
      "avg_encryption_per_client": 0.0038152575492858888,
      "server_aggregation_time": 0.016277074813842773,
      "internal_aggregation_time": 0.013843536376953125,
      "evaluation_time": 0.012212991714477539,
      "clients_processed": 20
    },
    {
      "round": 28,
      "accuracy": 0.93275,
      "f1_score": 0.9257111295222314,
      "precision": 0.8616966580976864,
      "recall": 1.0,
      "roc_auc": 0.9999568680449722,
      "pr_auc": 0.9999420981749765,
      "mae": 0.4999999999989717,
      "rmse": 0.49999999999897177,
      "ece": 0.43274999999895875,
      "mce": 0.4999999999989709,
      "round_time": 0.14903473854064941,
      "client_training_time": 0.03531980514526367,
      "edge_encryption_wall_time": 0.08384084701538086,
      "total_pure_encryption_time": 0.0748751163482666,
      "avg_encryption_per_client": 0.0037437558174133303,
      "server_aggregation_time": 0.017073631286621094,
      "internal_aggregation_time": 0.014543533325195312,
      "evaluation_time": 0.012800455093383789,
      "clients_processed": 20
    },
    {
      "round": 29,
      "accuracy": 0.933,
      "f1_score": 0.9259668508287293,
      "precision": 0.8621399176954733,
      "recall": 1.0,
      "roc_auc": 0.9999548141423519,
      "pr_auc": 0.999939538166054,
      "mae": 0.49999999999896877,
      "rmse": 0.4999999999989687,
      "ece": 0.4329999999989558,
      "mce": 0.49999999999896755,
      "round_time": 0.15377402305603027,
      "client_training_time": 0.038475990295410156,
      "edge_encryption_wall_time": 0.08482837677001953,
      "total_pure_encryption_time": 0.07526636123657227,
      "avg_encryption_per_client": 0.0037633180618286133,
      "server_aggregation_time": 0.01500558853149414,
      "internal_aggregation_time": 0.012962102890014648,
      "evaluation_time": 0.014456510543823242,
      "clients_processed": 20
    },
    {
      "round": 30,
      "accuracy": 0.93275,
      "f1_score": 0.9257111295222314,
      "precision": 0.8616966580976864,
      "recall": 1.0,
      "roc_auc": 0.9999595637921614,
      "pr_auc": 0.9999455081463791,
      "mae": 0.4999999999989717,
      "rmse": 0.49999999999897166,
      "ece": 0.43274999999895875,
      "mce": 0.49999999999897066,
      "round_time": 0.13964104652404785,
      "client_training_time": 0.03584647178649902,
      "edge_encryption_wall_time": 0.07865238189697266,
      "total_pure_encryption_time": 0.06728219985961914,
      "avg_encryption_per_client": 0.003364109992980957,
      "server_aggregation_time": 0.014400720596313477,
      "internal_aggregation_time": 0.013303279876708984,
      "evaluation_time": 0.009442806243896484,
      "clients_processed": 20
    },
    {
      "round": 31,
      "accuracy": 0.93375,
      "f1_score": 0.9267348631462538,
      "precision": 0.863472436888202,
      "recall": 1.0,
      "roc_auc": 0.9999509630749387,
      "pr_auc": 0.9999346455420086,
      "mae": 0.4999999999989743,
      "rmse": 0.4999999999989743,
      "ece": 0.4337499999989614,
      "mce": 0.499999999998975,
      "round_time": 0.1474919319152832,
      "client_training_time": 0.03572797775268555,
      "edge_encryption_wall_time": 0.08130550384521484,
      "total_pure_encryption_time": 0.0772085189819336,
      "avg_encryption_per_client": 0.0038604259490966795,
      "server_aggregation_time": 0.014761686325073242,
      "internal_aggregation_time": 0.012748003005981445,
      "evaluation_time": 0.014237165451049805,
      "clients_processed": 20
    },
    {
      "round": 32,
      "accuracy": 0.933,
      "f1_score": 0.9259668508287293,
      "precision": 0.8621399176954733,
      "recall": 1.0,
      "roc_auc": 0.9999554559869207,
      "pr_auc": 0.9999401171414961,
      "mae": 0.49999999999897254,
      "rmse": 0.49999999999897254,
      "ece": 0.4329999999989594,
      "mce": 0.4999999999989716,
      "round_time": 0.14196276664733887,
      "client_training_time": 0.03753781318664551,
      "edge_encryption_wall_time": 0.0771944522857666,
      "total_pure_encryption_time": 0.07004284858703613,
      "avg_encryption_per_client": 0.0035021424293518065,
      "server_aggregation_time": 0.015192508697509766,
      "internal_aggregation_time": 0.013099431991577148,
      "evaluation_time": 0.012037992477416992,
      "clients_processed": 20
    },
    {
      "round": 33,
      "accuracy": 0.93275,
      "f1_score": 0.9257111295222314,
      "precision": 0.8616966580976864,
      "recall": 1.0,
      "roc_auc": 0.9999571247827999,
      "pr_auc": 0.9999424827217325,
      "mae": 0.49999999999897227,
      "rmse": 0.4999999999989722,
      "ece": 0.43274999999895924,
      "mce": 0.49999999999897066,
      "round_time": 0.15587162971496582,
      "client_training_time": 0.034462928771972656,
      "edge_encryption_wall_time": 0.09243893623352051,
      "total_pure_encryption_time": 0.08278250694274902,
      "avg_encryption_per_client": 0.004139125347137451,
      "server_aggregation_time": 0.015009880065917969,
      "internal_aggregation_time": 0.012867212295532227,
      "evaluation_time": 0.013959884643554688,
      "clients_processed": 20
    },
    {
      "round": 34,
      "accuracy": 0.9325,
      "f1_score": 0.9254555494202098,
      "precision": 0.8612538540596094,
      "recall": 1.0,
      "roc_auc": 0.9999568680449722,
      "pr_auc": 0.9999420457679149,
      "mae": 0.49999999999897426,
      "rmse": 0.49999999999897426,
      "ece": 0.4324999999989614,
      "mce": 0.49999999999897293,
      "round_time": 0.14406585693359375,
      "client_training_time": 0.03415656089782715,
      "edge_encryption_wall_time": 0.0806126594543457,
      "total_pure_encryption_time": 0.07525444030761719,
      "avg_encryption_per_client": 0.0037627220153808594,
      "server_aggregation_time": 0.01408243179321289,
      "internal_aggregation_time": 0.013030767440795898,
      "evaluation_time": 0.012062311172485352,
      "clients_processed": 20
    },
    {
      "round": 35,
      "accuracy": 0.93325,
      "f1_score": 0.926222713456756,
      "precision": 0.8625836335563561,
      "recall": 1.0,
      "roc_auc": 0.9999551992490932,
      "pr_auc": 0.9999394044180013,
      "mae": 0.4999999999989714,
      "rmse": 0.4999999999989713,
      "ece": 0.4332499999989584,
      "mce": 0.4999999999989709,
      "round_time": 0.14339542388916016,
      "client_training_time": 0.036015987396240234,
      "edge_encryption_wall_time": 0.08091187477111816,
      "total_pure_encryption_time": 0.0722649097442627,
      "avg_encryption_per_client": 0.0036132454872131346,
      "server_aggregation_time": 0.015180110931396484,
      "internal_aggregation_time": 0.012900829315185547,
      "evaluation_time": 0.01023411750793457,
      "clients_processed": 20
    },
    {
      "round": 36,
      "accuracy": 0.93275,
      "f1_score": 0.9257111295222314,
      "precision": 0.8616966580976864,
      "recall": 1.0,
      "roc_auc": 0.9999589219475926,
      "pr_auc": 0.9999447741157412,
      "mae": 0.49999999999897315,
      "rmse": 0.4999999999989731,
      "ece": 0.43274999999896024,
      "mce": 0.4999999999989709,
      "round_time": 0.1612546443939209,
      "client_training_time": 0.041182756423950195,
      "edge_encryption_wall_time": 0.0914602279663086,
      "total_pure_encryption_time": 0.08000063896179199,
      "avg_encryption_per_client": 0.004000031948089599,
      "server_aggregation_time": 0.015516519546508789,
      "internal_aggregation_time": 0.012058258056640625,
      "evaluation_time": 0.011076211929321289,
      "clients_processed": 20
    },
    {
      "round": 37,
      "accuracy": 0.93275,
      "f1_score": 0.9257111295222314,
      "precision": 0.8616966580976864,
      "recall": 1.0,
      "roc_auc": 0.9999540439288692,
      "pr_auc": 0.9999385364423492,
      "mae": 0.49999999999897043,
      "rmse": 0.49999999999897043,
      "ece": 0.43274999999895725,
      "mce": 0.4999999999989692,
      "round_time": 0.1513996124267578,
      "client_training_time": 0.0333552360534668,
      "edge_encryption_wall_time": 0.08098602294921875,
      "total_pure_encryption_time": 0.07691025733947754,
      "avg_encryption_per_client": 0.003845512866973877,
      "server_aggregation_time": 0.018192052841186523,
      "internal_aggregation_time": 0.014855623245239258,
      "evaluation_time": 0.01574230194091797,
      "clients_processed": 20
    },
    {
      "round": 38,
      "accuracy": 0.93225,
      "f1_score": 0.9252001104057411,
      "precision": 0.8608115048793015,
      "recall": 1.0,
      "roc_auc": 0.9999551992490932,
      "pr_auc": 0.9999398619458149,
      "mae": 0.4999999999989723,
      "rmse": 0.4999999999989723,
      "ece": 0.4322499999989591,
      "mce": 0.49999999999897043,
      "round_time": 0.19513320922851562,
      "client_training_time": 0.05176353454589844,
      "edge_encryption_wall_time": 0.1089470386505127,
      "total_pure_encryption_time": 0.10142183303833008,
      "avg_encryption_per_client": 0.005071091651916504,
      "server_aggregation_time": 0.017822265625,
      "internal_aggregation_time": 0.015784263610839844,
      "evaluation_time": 0.016600370407104492,
      "clients_processed": 20
    },
    {
      "round": 39,
      "accuracy": 0.93275,
      "f1_score": 0.9257111295222314,
      "precision": 0.8616966580976864,
      "recall": 1.0,
      "roc_auc": 0.9999568680449722,
      "pr_auc": 0.9999421271902023,
      "mae": 0.4999999999989703,
      "rmse": 0.4999999999989703,
      "ece": 0.43274999999895725,
      "mce": 0.4999999999989691,
      "round_time": 0.1980266571044922,
      "client_training_time": 0.05995011329650879,
      "edge_encryption_wall_time": 0.10647225379943848,
      "total_pure_encryption_time": 0.1003103256225586,
      "avg_encryption_per_client": 0.005015516281127929,
      "server_aggregation_time": 0.017396926879882812,
      "internal_aggregation_time": 0.015019416809082031,
      "evaluation_time": 0.013176679611206055,
      "clients_processed": 20
    },
    {
      "round": 40,
      "accuracy": 0.93275,
      "f1_score": 0.9257111295222314,
      "precision": 0.8616966580976864,
      "recall": 1.0,
      "roc_auc": 0.9999545574045243,
      "pr_auc": 0.9999391983185892,
      "mae": 0.49999999999897304,
      "rmse": 0.49999999999897304,
      "ece": 0.43274999999896013,
      "mce": 0.4999999999989721,
      "round_time": 0.1522960662841797,
      "client_training_time": 0.0374295711517334,
      "edge_encryption_wall_time": 0.0859377384185791,
      "total_pure_encryption_time": 0.07983279228210449,
      "avg_encryption_per_client": 0.003991639614105225,
      "server_aggregation_time": 0.017383337020874023,
      "internal_aggregation_time": 0.013800621032714844,
      "evaluation_time": 0.010533809661865234,
      "clients_processed": 20
    },
    {
      "round": 41,
      "accuracy": 0.933,
      "f1_score": 0.9259668508287293,
      "precision": 0.8621399176954733,
      "recall": 1.0,
      "roc_auc": 0.9999560978314896,
      "pr_auc": 0.999941084132709,
      "mae": 0.49999999999897005,
      "rmse": 0.49999999999897005,
      "ece": 0.432999999998957,
      "mce": 0.4999999999989698,
      "round_time": 0.14841032028198242,
      "client_training_time": 0.03701281547546387,
      "edge_encryption_wall_time": 0.07958769798278809,
      "total_pure_encryption_time": 0.0692892074584961,
      "avg_encryption_per_client": 0.0034644603729248047,
      "server_aggregation_time": 0.01727128028869629,
      "internal_aggregation_time": 0.01419210433959961,
      "evaluation_time": 0.013514280319213867,
      "clients_processed": 20
    },
    {
      "round": 42,
      "accuracy": 0.93275,
      "f1_score": 0.9257111295222314,
      "precision": 0.8616966580976864,
      "recall": 1.0,
      "roc_auc": 0.9999573815206274,
      "pr_auc": 0.9999428549770493,
      "mae": 0.4999999999989724,
      "rmse": 0.49999999999897243,
      "ece": 0.43274999999895936,
      "mce": 0.4999999999989719,
      "round_time": 0.20195937156677246,
      "client_training_time": 0.05609416961669922,
      "edge_encryption_wall_time": 0.11873197555541992,
      "total_pure_encryption_time": 0.10863733291625977,
      "avg_encryption_per_client": 0.005431866645812989,
      "server_aggregation_time": 0.016451358795166016,
      "internal_aggregation_time": 0.012881278991699219,
      "evaluation_time": 0.010681867599487305,
      "clients_processed": 20
    },
    {
      "round": 43,
      "accuracy": 0.93375,
      "f1_score": 0.9267348631462538,
      "precision": 0.863472436888202,
      "recall": 1.0,
      "roc_auc": 0.9999486524344908,
      "pr_auc": 0.9999315122281045,
      "mae": 0.4999999999989718,
      "rmse": 0.4999999999989718,
      "ece": 0.4337499999989587,
      "mce": 0.49999999999897243,
      "round_time": 0.14565157890319824,
      "client_training_time": 0.03325462341308594,
      "edge_encryption_wall_time": 0.08203911781311035,
      "total_pure_encryption_time": 0.07201457023620605,
      "avg_encryption_per_client": 0.0036007285118103026,
      "server_aggregation_time": 0.014538049697875977,
      "internal_aggregation_time": 0.013487577438354492,
      "evaluation_time": 0.01472616195678711,
      "clients_processed": 20
    },
    {
      "round": 44,
      "accuracy": 0.93375,
      "f1_score": 0.9267348631462538,
      "precision": 0.863472436888202,
      "recall": 1.0,
      "roc_auc": 0.9999544290356106,
      "pr_auc": 0.9999386850280675,
      "mae": 0.49999999999897193,
      "rmse": 0.4999999999989719,
      "ece": 0.43374999999895925,
      "mce": 0.4999999999989722,
      "round_time": 0.1433870792388916,
      "client_training_time": 0.03522300720214844,
      "edge_encryption_wall_time": 0.08084821701049805,
      "total_pure_encryption_time": 0.06875896453857422,
      "avg_encryption_per_client": 0.0034379482269287108,
      "server_aggregation_time": 0.017237424850463867,
      "internal_aggregation_time": 0.012459516525268555,
      "evaluation_time": 0.01007843017578125,
      "clients_processed": 20
    },
    {
      "round": 45,
      "accuracy": 0.93175,
      "f1_score": 0.9246896551724137,
      "precision": 0.8599281682914315,
      "recall": 1.0,
      "roc_auc": 0.9999589219475926,
      "pr_auc": 0.9999447479564378,
      "mae": 0.49999999999897304,
      "rmse": 0.4999999999989731,
      "ece": 0.43174999999896,
      "mce": 0.49999999999897043,
      "round_time": 0.14482831954956055,
      "client_training_time": 0.03625750541687012,
      "edge_encryption_wall_time": 0.07998442649841309,
      "total_pure_encryption_time": 0.07286691665649414,
      "avg_encryption_per_client": 0.003643345832824707,
      "server_aggregation_time": 0.016670703887939453,
      "internal_aggregation_time": 0.012994050979614258,
      "evaluation_time": 0.01089930534362793,
      "clients_processed": 20
    },
    {
      "round": 46,
      "accuracy": 0.933,
      "f1_score": 0.9259668508287293,
      "precision": 0.8621399176954733,
      "recall": 1.0,
      "roc_auc": 0.9999555843558345,
      "pr_auc": 0.9999404927979239,
      "mae": 0.49999999999897,
      "rmse": 0.49999999999897,
      "ece": 0.4329999999989569,
      "mce": 0.4999999999989697,
      "round_time": 0.14655256271362305,
      "client_training_time": 0.034117937088012695,
      "edge_encryption_wall_time": 0.08142900466918945,
      "total_pure_encryption_time": 0.0735161304473877,
      "avg_encryption_per_client": 0.003675806522369385,
      "server_aggregation_time": 0.01582646369934082,
      "internal_aggregation_time": 0.013675451278686523,
      "evaluation_time": 0.013228654861450195,
      "clients_processed": 20
    },
    {
      "round": 47,
      "accuracy": 0.93275,
      "f1_score": 0.9257111295222314,
      "precision": 0.8616966580976864,
      "recall": 1.0,
      "roc_auc": 0.9999560978314896,
      "pr_auc": 0.9999412421634404,
      "mae": 0.4999999999989725,
      "rmse": 0.49999999999897243,
      "ece": 0.4327499999989593,
      "mce": 0.49999999999897143,
      "round_time": 0.1416773796081543,
      "client_training_time": 0.03459739685058594,
      "edge_encryption_wall_time": 0.0820162296295166,
      "total_pure_encryption_time": 0.07257485389709473,
      "avg_encryption_per_client": 0.003628742694854736,
      "server_aggregation_time": 0.014585733413696289,
      "internal_aggregation_time": 0.012500286102294922,
      "evaluation_time": 0.009458780288696289,
      "clients_processed": 20
    },
    {
      "round": 48,
      "accuracy": 0.9325,
      "f1_score": 0.9254555494202098,
      "precision": 0.8612538540596094,
      "recall": 1.0,
      "roc_auc": 0.9999517332884214,
      "pr_auc": 0.9999356062368265,
      "mae": 0.4999999999989693,
      "rmse": 0.4999999999989693,
      "ece": 0.43249999999895594,
      "mce": 0.4999999999989678,
      "round_time": 0.14163637161254883,
      "client_training_time": 0.03324246406555176,
      "edge_encryption_wall_time": 0.08113646507263184,
      "total_pure_encryption_time": 0.07567262649536133,
      "avg_encryption_per_client": 0.0037836313247680666,
      "server_aggregation_time": 0.01459360122680664,
      "internal_aggregation_time": 0.012579679489135742,
      "evaluation_time": 0.01164555549621582,
      "clients_processed": 20
    },
    {
      "round": 49,
      "accuracy": 0.93325,
      "f1_score": 0.926222713456756,
      "precision": 0.8625836335563561,
      "recall": 1.0,
      "roc_auc": 0.9999550708801794,
      "pr_auc": 0.9999397809856684,
      "mae": 0.4999999999989699,
      "rmse": 0.4999999999989698,
      "ece": 0.43324999999895686,
      "mce": 0.4999999999989687,
      "round_time": 0.15357136726379395,
      "client_training_time": 0.03823733329772949,
      "edge_encryption_wall_time": 0.08788204193115234,
      "total_pure_encryption_time": 0.08261823654174805,
      "avg_encryption_per_client": 0.004130911827087402,
      "server_aggregation_time": 0.014799356460571289,
      "internal_aggregation_time": 0.012637138366699219,
      "evaluation_time": 0.01123809814453125,
      "clients_processed": 20
    },
    {
      "round": 50,
      "accuracy": 0.9325,
      "f1_score": 0.9254555494202098,
      "precision": 0.8612538540596094,
      "recall": 1.0,
      "roc_auc": 0.9999558410936621,
      "pr_auc": 0.9999406986158724,
      "mae": 0.49999999999897066,
      "rmse": 0.49999999999897066,
      "ece": 0.4324999999989574,
      "mce": 0.4999999999989696,
      "round_time": 0.14527082443237305,
      "client_training_time": 0.03758549690246582,
      "edge_encryption_wall_time": 0.08048820495605469,
      "total_pure_encryption_time": 0.07514619827270508,
      "avg_encryption_per_client": 0.0037573099136352537,
      "server_aggregation_time": 0.015054464340209961,
      "internal_aggregation_time": 0.012791633605957031,
      "evaluation_time": 0.012142658233642578,
      "clients_processed": 20
    }
  ],
  "final_statistics": {
    "final_accuracy": 0.9325,
    "best_accuracy": 0.9355,
    "total_time": 9.9844491481781,
    "avg_round_time": 0.16958361625671386,
    "avg_client_training_time": 0.04070425033569336,
    "avg_edge_encryption_wall_time": 0.09772165775299073,
    "avg_pure_encryption_time": 0.0885984992980957,
    "avg_encryption_per_client": 0.004429924964904785,
    "avg_server_aggregation_time": 0.01710581302642822,
    "avg_internal_aggregation_time": 0.014243927001953125,
    "avg_evaluation_time": 0.01281980037689209
  },
  "timing_statistics": {
    "total_client_training_time": 2.035212516784668,
    "total_edge_encryption_wall_time": 4.886082887649536,
    "total_pure_encryption_time": 4.429924964904785,
    "total_server_aggregation_time": 0.8552906513214111,
    "total_internal_aggregation_time": 0.7121963500976562,
    "total_evaluation_time": 0.6409900188446045,
    "total_time": 9.9844491481781,
    "avg_round_time": 0.16958361625671386,
    "avg_client_training_time": 0.04070425033569336,
    "avg_edge_encryption_wall_time": 0.09772165775299073,
    "avg_pure_encryption_time": 0.0885984992980957,
    "avg_encryption_per_client": 0.004429924964904785,
    "avg_server_aggregation_time": 0.01710581302642822,
    "avg_internal_aggregation_time": 0.014243927001953125,
    "avg_evaluation_time": 0.01281980037689209
  },
  "architecture": {
    "clients": 20,
    "edge_devices": 20,
    "cloud_servers": 1,
    "data_flow": "Client \u2192 Edge \u2192 Cloud \u2192 Edge \u2192 Client"
  }
}