{
  "pipeline_type": "edge_device_fl",
  "configuration": {
    "rounds": 50,
    "clients": 10,
    "patience": 999
  },
  "results": [
    {
      "round": 1,
      "accuracy": 0.917,
      "f1_score": 0.9004796163069544,
      "precision": 0.8189749182115594,
      "recall": 1.0,
      "roc_auc": 0.9999936034046946,
      "pr_auc": 0.99998942035348,
      "mae": 0.49999999999896033,
      "rmse": 0.4999999999989603,
      "ece": 0.4169999999989378,
      "mce": 0.4999999999989847,
      "round_time": 0.1448805332183838,
      "client_training_time": 0.014634370803833008,
      "edge_encryption_wall_time": 0.09772562980651855,
      "total_pure_encryption_time": 0.09190702438354492,
      "avg_encryption_per_client": 0.009190702438354492,
      "server_aggregation_time": 0.01846170425415039,
      "internal_aggregation_time": 0.016468286514282227,
      "evaluation_time": 0.013063430786132812,
      "clients_processed": 10
    },
    {
      "round": 2,
      "accuracy": 0.916,
      "f1_score": 0.8994011976047904,
      "precision": 0.8171926006528836,
      "recall": 1.0,
      "roc_auc": 0.9999957356031297,
      "pr_auc": 0.9999929289776783,
      "mae": 0.4999999999989641,
      "rmse": 0.4999999999989641,
      "ece": 0.41599999999894144,
      "mce": 0.4999999999989866,
      "round_time": 0.0913534164428711,
      "client_training_time": 0.02304387092590332,
      "edge_encryption_wall_time": 0.04366135597229004,
      "total_pure_encryption_time": 0.04063105583190918,
      "avg_encryption_per_client": 0.004063105583190918,
      "server_aggregation_time": 0.010272979736328125,
      "internal_aggregation_time": 0.008220434188842773,
      "evaluation_time": 0.012193918228149414,
      "clients_processed": 10
    },
    {
      "round": 3,
      "accuracy": 0.917,
      "f1_score": 0.9004796163069544,
      "precision": 0.8189749182115594,
      "recall": 1.0,
      "roc_auc": 0.9999946695039121,
      "pr_auc": 0.999991172341987,
      "mae": 0.4999999999989607,
      "rmse": 0.4999999999989607,
      "ece": 0.41699999999893816,
      "mce": 0.4999999999989866,
      "round_time": 0.09479141235351562,
      "client_training_time": 0.018169879913330078,
      "edge_encryption_wall_time": 0.05597639083862305,
      "total_pure_encryption_time": 0.049378395080566406,
      "avg_encryption_per_client": 0.0049378395080566405,
      "server_aggregation_time": 0.009649038314819336,
      "internal_aggregation_time": 0.008261442184448242,
      "evaluation_time": 0.009523391723632812,
      "clients_processed": 10
    },
    {
      "round": 4,
      "accuracy": 0.919,
      "f1_score": 0.9026442307692307,
      "precision": 0.8225629791894852,
      "recall": 1.0,
      "roc_auc": 0.9999946695039121,
      "pr_auc": 0.999991172341987,
      "mae": 0.49999999999895955,
      "rmse": 0.4999999999989595,
      "ece": 0.4189999999989372,
      "mce": 0.4999999999989882,
      "round_time": 0.09179186820983887,
      "client_training_time": 0.023212671279907227,
      "edge_encryption_wall_time": 0.04956674575805664,
      "total_pure_encryption_time": 0.0423283576965332,
      "avg_encryption_per_client": 0.00423283576965332,
      "server_aggregation_time": 0.008466720581054688,
      "internal_aggregation_time": 0.0060498714447021484,
      "evaluation_time": 0.009529352188110352,
      "clients_processed": 10
    },
    {
      "round": 5,
      "accuracy": 0.915,
      "f1_score": 0.8983253588516746,
      "precision": 0.8154180238870793,
      "recall": 1.0,
      "roc_auc": 0.9999914712062592,
      "pr_auc": 0.9999859302444489,
      "mae": 0.4999999999989583,
      "rmse": 0.4999999999989582,
      "ece": 0.41499999999893566,
      "mce": 0.49999999999897954,
      "round_time": 0.09749221801757812,
      "client_training_time": 0.024640798568725586,
      "edge_encryption_wall_time": 0.05000138282775879,
      "total_pure_encryption_time": 0.045972347259521484,
      "avg_encryption_per_client": 0.004597234725952149,
      "server_aggregation_time": 0.010748863220214844,
      "internal_aggregation_time": 0.0073702335357666016,
      "evaluation_time": 0.009788274765014648,
      "clients_processed": 10
    },
    {
      "round": 6,
      "accuracy": 0.916,
      "f1_score": 0.8994011976047904,
      "precision": 0.8171926006528836,
      "recall": 1.0,
      "roc_auc": 0.9999925373054769,
      "pr_auc": 0.9999876729937407,
      "mae": 0.4999999999989596,
      "rmse": 0.49999999999895955,
      "ece": 0.4159999999989364,
      "mce": 0.49999999999898237,
      "round_time": 0.09205412864685059,
      "client_training_time": 0.01789569854736328,
      "edge_encryption_wall_time": 0.05107593536376953,
      "total_pure_encryption_time": 0.04447650909423828,
      "avg_encryption_per_client": 0.004447650909423828,
      "server_aggregation_time": 0.011271238327026367,
      "internal_aggregation_time": 0.007161855697631836,
      "evaluation_time": 0.00975179672241211,
      "clients_processed": 10
    },
    {
      "round": 7,
      "accuracy": 0.9145,
      "f1_score": 0.8977884040645547,
      "precision": 0.8145336225596529,
      "recall": 1.0,
      "roc_auc": 0.9999914712062593,
      "pr_auc": 0.9999859302444492,
      "mae": 0.49999999999896205,
      "rmse": 0.49999999999896205,
      "ece": 0.41449999999893916,
      "mce": 0.4999999999989823,
      "round_time": 0.1276710033416748,
      "client_training_time": 0.020856618881225586,
      "edge_encryption_wall_time": 0.04309797286987305,
      "total_pure_encryption_time": 0.03808450698852539,
      "avg_encryption_per_client": 0.003808450698852539,
      "server_aggregation_time": 0.03266716003417969,
      "internal_aggregation_time": 0.025409221649169922,
      "evaluation_time": 0.028018951416015625,
      "clients_processed": 10
    },
    {
      "round": 8,
      "accuracy": 0.917,
      "f1_score": 0.9004796163069544,
      "precision": 0.8189749182115594,
      "recall": 1.0,
      "roc_auc": 0.9999936034046946,
      "pr_auc": 0.99998942035348,
      "mae": 0.4999999999989567,
      "rmse": 0.49999999999895667,
      "ece": 0.41699999999893383,
      "mce": 0.49999999999898237,
      "round_time": 0.19820022583007812,
      "client_training_time": 0.058371782302856445,
      "edge_encryption_wall_time": 0.09048604965209961,
      "total_pure_encryption_time": 0.08099246025085449,
      "avg_encryption_per_client": 0.008099246025085449,
      "server_aggregation_time": 0.029514312744140625,
      "internal_aggregation_time": 0.021942615509033203,
      "evaluation_time": 0.01780533790588379,
      "clients_processed": 10
    },
    {
      "round": 9,
      "accuracy": 0.9155,
      "f1_score": 0.8988629563135847,
      "precision": 0.816304347826087,
      "recall": 1.0,
      "roc_auc": 0.9999904051070416,
      "pr_auc": 0.9999841920873822,
      "mae": 0.4999999999989609,
      "rmse": 0.49999999999896083,
      "ece": 0.41549999999893816,
      "mce": 0.4999999999989826,
      "round_time": 0.13412857055664062,
      "client_training_time": 0.0400540828704834,
      "edge_encryption_wall_time": 0.0636894702911377,
      "total_pure_encryption_time": 0.0556643009185791,
      "avg_encryption_per_client": 0.00556643009185791,
      "server_aggregation_time": 0.015782833099365234,
      "internal_aggregation_time": 0.01233983039855957,
      "evaluation_time": 0.013215065002441406,
      "clients_processed": 10
    },
    {
      "round": 10,
      "accuracy": 0.9145,
      "f1_score": 0.8977884040645547,
      "precision": 0.8145336225596529,
      "recall": 1.0,
      "roc_auc": 0.9999914712062593,
      "pr_auc": 0.9999859302444489,
      "mae": 0.49999999999895933,
      "rmse": 0.4999999999989593,
      "ece": 0.41449999999893605,
      "mce": 0.49999999999897915,
      "round_time": 0.13812875747680664,
      "client_training_time": 0.02946019172668457,
      "edge_encryption_wall_time": 0.05490446090698242,
      "total_pure_encryption_time": 0.04887676239013672,
      "avg_encryption_per_client": 0.004887676239013672,
      "server_aggregation_time": 0.02978682518005371,
      "internal_aggregation_time": 0.021552085876464844,
      "evaluation_time": 0.02198338508605957,
      "clients_processed": 10
    },
    {
      "round": 11,
      "accuracy": 0.9155,
      "f1_score": 0.8988629563135847,
      "precision": 0.816304347826087,
      "recall": 1.0,
      "roc_auc": 0.9999936034046945,
      "pr_auc": 0.99998942035348,
      "mae": 0.4999999999989586,
      "rmse": 0.49999999999895867,
      "ece": 0.4154999999989357,
      "mce": 0.4999999999989814,
      "round_time": 0.15383386611938477,
      "client_training_time": 0.05877995491027832,
      "edge_encryption_wall_time": 0.0766439437866211,
      "total_pure_encryption_time": 0.07254695892333984,
      "avg_encryption_per_client": 0.007254695892333985,
      "server_aggregation_time": 0.009405374526977539,
      "internal_aggregation_time": 0.006335020065307617,
      "evaluation_time": 0.009004592895507812,
      "clients_processed": 10
    },
    {
      "round": 12,
      "accuracy": 0.918,
      "f1_score": 0.9015606242496998,
      "precision": 0.8207650273224044,
      "recall": 1.0,
      "roc_auc": 0.9999957356031297,
      "pr_auc": 0.9999929289776783,
      "mae": 0.49999999999896205,
      "rmse": 0.499999999998962,
      "ece": 0.41799999999893966,
      "mce": 0.4999999999989879,
      "round_time": 0.08423042297363281,
      "client_training_time": 0.01874256134033203,
      "edge_encryption_wall_time": 0.044344425201416016,
      "total_pure_encryption_time": 0.041321516036987305,
      "avg_encryption_per_client": 0.0041321516036987305,
      "server_aggregation_time": 0.008783340454101562,
      "internal_aggregation_time": 0.005318880081176758,
      "evaluation_time": 0.010300874710083008,
      "clients_processed": 10
    },
    {
      "round": 13,
      "accuracy": 0.9165,
      "f1_score": 0.8999400838825644,
      "precision": 0.818082788671024,
      "recall": 1.0,
      "roc_auc": 0.9999957356031296,
      "pr_auc": 0.9999929289776783,
      "mae": 0.4999999999989626,
      "rmse": 0.4999999999989626,
      "ece": 0.4164999999989397,
      "mce": 0.49999999999898614,
      "round_time": 0.08956336975097656,
      "client_training_time": 0.022630691528320312,
      "edge_encryption_wall_time": 0.04619741439819336,
      "total_pure_encryption_time": 0.04082083702087402,
      "avg_encryption_per_client": 0.004082083702087402,
      "server_aggregation_time": 0.012189626693725586,
      "internal_aggregation_time": 0.007982492446899414,
      "evaluation_time": 0.008545637130737305,
      "clients_processed": 10
    },
    {
      "round": 14,
      "accuracy": 0.918,
      "f1_score": 0.9015606242496998,
      "precision": 0.8207650273224044,
      "recall": 1.0,
      "roc_auc": 0.9999936034046945,
      "pr_auc": 0.99998942035348,
      "mae": 0.4999999999989599,
      "rmse": 0.49999999999895994,
      "ece": 0.41799999999893767,
      "mce": 0.49999999999898564,
      "round_time": 0.09076404571533203,
      "client_training_time": 0.025223731994628906,
      "edge_encryption_wall_time": 0.04747748374938965,
      "total_pure_encryption_time": 0.04544401168823242,
      "avg_encryption_per_client": 0.004544401168823242,
      "server_aggregation_time": 0.00864410400390625,
      "internal_aggregation_time": 0.005141735076904297,
      "evaluation_time": 0.008413314819335938,
      "clients_processed": 10
    },
    {
      "round": 15,
      "accuracy": 0.9155,
      "f1_score": 0.8988629563135847,
      "precision": 0.816304347826087,
      "recall": 1.0,
      "roc_auc": 0.9999936034046946,
      "pr_auc": 0.99998942035348,
      "mae": 0.4999999999989611,
      "rmse": 0.49999999999896105,
      "ece": 0.41549999999893783,
      "mce": 0.4999999999989829,
      "round_time": 0.08528685569763184,
      "client_training_time": 0.019974231719970703,
      "edge_encryption_wall_time": 0.04436063766479492,
      "total_pure_encryption_time": 0.03967571258544922,
      "avg_encryption_per_client": 0.003967571258544922,
      "server_aggregation_time": 0.009621620178222656,
      "internal_aggregation_time": 0.00805044174194336,
      "evaluation_time": 0.00870966911315918,
      "clients_processed": 10
    },
    {
      "round": 16,
      "accuracy": 0.915,
      "f1_score": 0.8983253588516746,
      "precision": 0.8154180238870793,
      "recall": 1.0,
      "roc_auc": 0.9999914712062592,
      "pr_auc": 0.9999859302444489,
      "mae": 0.4999999999989614,
      "rmse": 0.4999999999989614,
      "ece": 0.414999999998938,
      "mce": 0.49999999999898315,
      "round_time": 0.0878744125366211,
      "client_training_time": 0.018616676330566406,
      "edge_encryption_wall_time": 0.04859018325805664,
      "total_pure_encryption_time": 0.04247403144836426,
      "avg_encryption_per_client": 0.004247403144836426,
      "server_aggregation_time": 0.010429620742797852,
      "internal_aggregation_time": 0.0064449310302734375,
      "evaluation_time": 0.009243011474609375,
      "clients_processed": 10
    },
    {
      "round": 17,
      "accuracy": 0.9155,
      "f1_score": 0.8988629563135847,
      "precision": 0.816304347826087,
      "recall": 1.0,
      "roc_auc": 0.9999914712062593,
      "pr_auc": 0.9999859302444492,
      "mae": 0.49999999999896033,
      "rmse": 0.49999999999896033,
      "ece": 0.4154999999989373,
      "mce": 0.4999999999989828,
      "round_time": 0.09984111785888672,
      "client_training_time": 0.021472692489624023,
      "edge_encryption_wall_time": 0.04732322692871094,
      "total_pure_encryption_time": 0.04333162307739258,
      "avg_encryption_per_client": 0.0043331623077392575,
      "server_aggregation_time": 0.014579534530639648,
      "internal_aggregation_time": 0.010425090789794922,
      "evaluation_time": 0.014368057250976562,
      "clients_processed": 10
    },
    {
      "round": 18,
      "accuracy": 0.9155,
      "f1_score": 0.8988629563135847,
      "precision": 0.816304347826087,
      "recall": 1.0,
      "roc_auc": 0.9999925373054768,
      "pr_auc": 0.9999876729937406,
      "mae": 0.4999999999989602,
      "rmse": 0.4999999999989602,
      "ece": 0.4154999999989373,
      "mce": 0.4999999999989826,
      "round_time": 0.09863924980163574,
      "client_training_time": 0.030938386917114258,
      "edge_encryption_wall_time": 0.04787850379943848,
      "total_pure_encryption_time": 0.04276132583618164,
      "avg_encryption_per_client": 0.004276132583618164,
      "server_aggregation_time": 0.011814117431640625,
      "internal_aggregation_time": 0.007915258407592773,
      "evaluation_time": 0.006958484649658203,
      "clients_processed": 10
    },
    {
      "round": 19,
      "accuracy": 0.9155,
      "f1_score": 0.8988629563135847,
      "precision": 0.816304347826087,
      "recall": 1.0,
      "roc_auc": 0.9999925373054768,
      "pr_auc": 0.9999876729937406,
      "mae": 0.49999999999895955,
      "rmse": 0.4999999999989595,
      "ece": 0.4154999999989366,
      "mce": 0.4999999999989821,
      "round_time": 0.0886220932006836,
      "client_training_time": 0.01795649528503418,
      "edge_encryption_wall_time": 0.04607057571411133,
      "total_pure_encryption_time": 0.03915548324584961,
      "avg_encryption_per_client": 0.003915548324584961,
      "server_aggregation_time": 0.012290477752685547,
      "internal_aggregation_time": 0.007230281829833984,
      "evaluation_time": 0.011295080184936523,
      "clients_processed": 10
    },
    {
      "round": 20,
      "accuracy": 0.9175,
      "f1_score": 0.9010197960407919,
      "precision": 0.8198689956331878,
      "recall": 1.0,
      "roc_auc": 0.9999936034046945,
      "pr_auc": 0.99998942035348,
      "mae": 0.49999999999896244,
      "rmse": 0.49999999999896244,
      "ece": 0.41749999999893994,
      "mce": 0.49999999999898753,
      "round_time": 0.09699845314025879,
      "client_training_time": 0.02344822883605957,
      "edge_encryption_wall_time": 0.05213785171508789,
      "total_pure_encryption_time": 0.04611039161682129,
      "avg_encryption_per_client": 0.0046110391616821286,
      "server_aggregation_time": 0.010149240493774414,
      "internal_aggregation_time": 0.0068759918212890625,
      "evaluation_time": 0.01019430160522461,
      "clients_processed": 10
    },
    {
      "round": 21,
      "accuracy": 0.915,
      "f1_score": 0.8983253588516746,
      "precision": 0.8154180238870793,
      "recall": 1.0,
      "roc_auc": 0.9999882729086065,
      "pr_auc": 0.9999807294775092,
      "mae": 0.49999999999896133,
      "rmse": 0.4999999999989614,
      "ece": 0.41499999999893805,
      "mce": 0.4999999999989824,
      "round_time": 0.10590028762817383,
      "client_training_time": 0.018699169158935547,
      "edge_encryption_wall_time": 0.04924368858337402,
      "total_pure_encryption_time": 0.04425644874572754,
      "avg_encryption_per_client": 0.004425644874572754,
      "server_aggregation_time": 0.015856027603149414,
      "internal_aggregation_time": 0.011614322662353516,
      "evaluation_time": 0.022101402282714844,
      "clients_processed": 10
    },
    {
      "round": 22,
      "accuracy": 0.917,
      "f1_score": 0.9004796163069544,
      "precision": 0.8189749182115594,
      "recall": 1.0,
      "roc_auc": 0.9999957356031296,
      "pr_auc": 0.9999929289776783,
      "mae": 0.49999999999896455,
      "rmse": 0.49999999999896455,
      "ece": 0.416999999998942,
      "mce": 0.49999999999898825,
      "round_time": 0.15675902366638184,
      "client_training_time": 0.06071162223815918,
      "edge_encryption_wall_time": 0.07546234130859375,
      "total_pure_encryption_time": 0.0699305534362793,
      "avg_encryption_per_client": 0.00699305534362793,
      "server_aggregation_time": 0.007571697235107422,
      "internal_aggregation_time": 0.005518436431884766,
      "evaluation_time": 0.011478662490844727,
      "clients_processed": 10
    },
    {
      "round": 23,
      "accuracy": 0.916,
      "f1_score": 0.8994011976047904,
      "precision": 0.8171926006528836,
      "recall": 1.0,
      "roc_auc": 0.9999936034046946,
      "pr_auc": 0.99998942035348,
      "mae": 0.49999999999896066,
      "rmse": 0.4999999999989606,
      "ece": 0.41599999999893766,
      "mce": 0.4999999999989842,
      "round_time": 0.08233332633972168,
      "client_training_time": 0.017525434494018555,
      "edge_encryption_wall_time": 0.04310798645019531,
      "total_pure_encryption_time": 0.03517961502075195,
      "avg_encryption_per_client": 0.0035179615020751952,
      "server_aggregation_time": 0.00850677490234375,
      "internal_aggregation_time": 0.005380153656005859,
      "evaluation_time": 0.012133598327636719,
      "clients_processed": 10
    },
    {
      "round": 24,
      "accuracy": 0.916,
      "f1_score": 0.8994011976047904,
      "precision": 0.8171926006528836,
      "recall": 1.0,
      "roc_auc": 0.9999914712062592,
      "pr_auc": 0.9999859302444489,
      "mae": 0.49999999999896194,
      "rmse": 0.4999999999989619,
      "ece": 0.41649999999893933,
      "mce": 0.4999999999989854,
      "round_time": 0.08162188529968262,
      "client_training_time": 0.018190622329711914,
      "edge_encryption_wall_time": 0.0435638427734375,
      "total_pure_encryption_time": 0.036957502365112305,
      "avg_encryption_per_client": 0.0036957502365112306,
      "server_aggregation_time": 0.008814573287963867,
      "internal_aggregation_time": 0.0055658817291259766,
      "evaluation_time": 0.010005950927734375,
      "clients_processed": 10
    },
    {
      "round": 25,
      "accuracy": 0.9155,
      "f1_score": 0.8988629563135847,
      "precision": 0.816304347826087,
      "recall": 1.0,
      "roc_auc": 0.9999925373054768,
      "pr_auc": 0.9999876729937407,
      "mae": 0.49999999999896555,
      "rmse": 0.4999999999989656,
      "ece": 0.4154999999989424,
      "mce": 0.49999999999898764,
      "round_time": 0.07862281799316406,
      "client_training_time": 0.017340421676635742,
      "edge_encryption_wall_time": 0.04411768913269043,
      "total_pure_encryption_time": 0.03885602951049805,
      "avg_encryption_per_client": 0.0038856029510498046,
      "server_aggregation_time": 0.007646083831787109,
      "internal_aggregation_time": 0.00550389289855957,
      "evaluation_time": 0.009518623352050781,
      "clients_processed": 10
    },
    {
      "round": 26,
      "accuracy": 0.916,
      "f1_score": 0.8994011976047904,
      "precision": 0.8171926006528836,
      "recall": 1.0,
      "roc_auc": 0.999994669503912,
      "pr_auc": 0.999991172341987,
      "mae": 0.49999999999896005,
      "rmse": 0.49999999999896005,
      "ece": 0.4159999999989374,
      "mce": 0.4999999999989822,
      "round_time": 0.08514976501464844,
      "client_training_time": 0.01821756362915039,
      "edge_encryption_wall_time": 0.04123091697692871,
      "total_pure_encryption_time": 0.037911176681518555,
      "avg_encryption_per_client": 0.0037911176681518556,
      "server_aggregation_time": 0.013584136962890625,
      "internal_aggregation_time": 0.011452674865722656,
      "evaluation_time": 0.012117147445678711,
      "clients_processed": 10
    },
    {
      "round": 27,
      "accuracy": 0.916,
      "f1_score": 0.8994011976047904,
      "precision": 0.8171926006528836,
      "recall": 1.0,
      "roc_auc": 0.9999936034046945,
      "pr_auc": 0.99998942035348,
      "mae": 0.4999999999989641,
      "rmse": 0.499999999998964,
      "ece": 0.41599999999894066,
      "mce": 0.4999999999989866,
      "round_time": 0.07855010032653809,
      "client_training_time": 0.01786971092224121,
      "edge_encryption_wall_time": 0.04045534133911133,
      "total_pure_encryption_time": 0.03829145431518555,
      "avg_encryption_per_client": 0.0038291454315185548,
      "server_aggregation_time": 0.00958561897277832,
      "internal_aggregation_time": 0.008536100387573242,
      "evaluation_time": 0.009511232376098633,
      "clients_processed": 10
    },
    {
      "round": 28,
      "accuracy": 0.9155,
      "f1_score": 0.8988629563135847,
      "precision": 0.816304347826087,
      "recall": 1.0,
      "roc_auc": 0.9999936034046945,
      "pr_auc": 0.99998942035348,
      "mae": 0.4999999999989625,
      "rmse": 0.49999999999896244,
      "ece": 0.41549999999893944,
      "mce": 0.4999999999989844,
      "round_time": 0.11977171897888184,
      "client_training_time": 0.01882004737854004,
      "edge_encryption_wall_time": 0.07429981231689453,
      "total_pure_encryption_time": 0.06674504280090332,
      "avg_encryption_per_client": 0.006674504280090332,
      "server_aggregation_time": 0.014364957809448242,
      "internal_aggregation_time": 0.012214899063110352,
      "evaluation_time": 0.012286901473999023,
      "clients_processed": 10
    },
    {
      "round": 29,
      "accuracy": 0.9155,
      "f1_score": 0.8988629563135847,
      "precision": 0.816304347826087,
      "recall": 1.0,
      "roc_auc": 0.9999936034046943,
      "pr_auc": 0.99998942035348,
      "mae": 0.4999999999989616,
      "rmse": 0.49999999999896155,
      "ece": 0.41549999999893866,
      "mce": 0.49999999999898376,
      "round_time": 0.11132359504699707,
      "client_training_time": 0.03299140930175781,
      "edge_encryption_wall_time": 0.048241615295410156,
      "total_pure_encryption_time": 0.04465651512145996,
      "avg_encryption_per_client": 0.004465651512145996,
      "server_aggregation_time": 0.013777732849121094,
      "internal_aggregation_time": 0.009660482406616211,
      "evaluation_time": 0.011991262435913086,
      "clients_processed": 10
    },
    {
      "round": 30,
      "accuracy": 0.9155,
      "f1_score": 0.8988629563135847,
      "precision": 0.816304347826087,
      "recall": 1.0,
      "roc_auc": 0.9999914712062592,
      "pr_auc": 0.9999859302444489,
      "mae": 0.49999999999896194,
      "rmse": 0.4999999999989619,
      "ece": 0.41549999999893883,
      "mce": 0.4999999999989825,
      "round_time": 0.09030294418334961,
      "client_training_time": 0.024101972579956055,
      "edge_encryption_wall_time": 0.04205012321472168,
      "total_pure_encryption_time": 0.03791975975036621,
      "avg_encryption_per_client": 0.0037919759750366213,
      "server_aggregation_time": 0.010654687881469727,
      "internal_aggregation_time": 0.007239580154418945,
      "evaluation_time": 0.012423515319824219,
      "clients_processed": 10
    },
    {
      "round": 31,
      "accuracy": 0.9155,
      "f1_score": 0.8988629563135847,
      "precision": 0.816304347826087,
      "recall": 1.0,
      "roc_auc": 0.9999936034046945,
      "pr_auc": 0.99998942035348,
      "mae": 0.4999999999989634,
      "rmse": 0.49999999999896344,
      "ece": 0.41549999999894044,
      "mce": 0.4999999999989848,
      "round_time": 0.08110213279724121,
      "client_training_time": 0.020587444305419922,
      "edge_encryption_wall_time": 0.042188167572021484,
      "total_pure_encryption_time": 0.03431391716003418,
      "avg_encryption_per_client": 0.003431391716003418,
      "server_aggregation_time": 0.008586645126342773,
      "internal_aggregation_time": 0.005484342575073242,
      "evaluation_time": 0.009739875793457031,
      "clients_processed": 10
    },
    {
      "round": 32,
      "accuracy": 0.915,
      "f1_score": 0.8983253588516746,
      "precision": 0.8154180238870793,
      "recall": 1.0,
      "roc_auc": 0.9999914712062593,
      "pr_auc": 0.9999859302444492,
      "mae": 0.49999999999896133,
      "rmse": 0.49999999999896133,
      "ece": 0.4149999999989384,
      "mce": 0.49999999999898165,
      "round_time": 0.07445383071899414,
      "client_training_time": 0.018213510513305664,
      "edge_encryption_wall_time": 0.03968048095703125,
      "total_pure_encryption_time": 0.03532671928405762,
      "avg_encryption_per_client": 0.003532671928405762,
      "server_aggregation_time": 0.00869607925415039,
      "internal_aggregation_time": 0.00763702392578125,
      "evaluation_time": 0.00675201416015625,
      "clients_processed": 10
    },
    {
      "round": 33,
      "accuracy": 0.916,
      "f1_score": 0.8994011976047904,
      "precision": 0.8171926006528836,
      "recall": 1.0,
      "roc_auc": 0.9999925373054769,
      "pr_auc": 0.9999876729937406,
      "mae": 0.4999999999989616,
      "rmse": 0.49999999999896155,
      "ece": 0.41599999999893833,
      "mce": 0.4999999999989846,
      "round_time": 0.07820439338684082,
      "client_training_time": 0.017172813415527344,
      "edge_encryption_wall_time": 0.041744232177734375,
      "total_pure_encryption_time": 0.034451961517333984,
      "avg_encryption_per_client": 0.0034451961517333986,
      "server_aggregation_time": 0.01019740104675293,
      "internal_aggregation_time": 0.006842136383056641,
      "evaluation_time": 0.007877826690673828,
      "clients_processed": 10
    },
    {
      "round": 34,
      "accuracy": 0.9155,
      "f1_score": 0.8988629563135847,
      "precision": 0.816304347826087,
      "recall": 1.0,
      "roc_auc": 0.9999936034046945,
      "pr_auc": 0.99998942035348,
      "mae": 0.49999999999896105,
      "rmse": 0.49999999999896105,
      "ece": 0.41549999999893805,
      "mce": 0.4999999999989824,
      "round_time": 0.08385181427001953,
      "client_training_time": 0.023497819900512695,
      "edge_encryption_wall_time": 0.04039740562438965,
      "total_pure_encryption_time": 0.03728485107421875,
      "avg_encryption_per_client": 0.003728485107421875,
      "server_aggregation_time": 0.008677959442138672,
      "internal_aggregation_time": 0.005434751510620117,
      "evaluation_time": 0.009177923202514648,
      "clients_processed": 10
    },
    {
      "round": 35,
      "accuracy": 0.9155,
      "f1_score": 0.8988629563135847,
      "precision": 0.816304347826087,
      "recall": 1.0,
      "roc_auc": 0.999992537305477,
      "pr_auc": 0.9999876729937406,
      "mae": 0.49999999999896305,
      "rmse": 0.49999999999896305,
      "ece": 0.41549999999894005,
      "mce": 0.49999999999898503,
      "round_time": 0.07451009750366211,
      "client_training_time": 0.017737388610839844,
      "edge_encryption_wall_time": 0.038446664810180664,
      "total_pure_encryption_time": 0.0329740047454834,
      "avg_encryption_per_client": 0.0032974004745483397,
      "server_aggregation_time": 0.01028585433959961,
      "internal_aggregation_time": 0.007575035095214844,
      "evaluation_time": 0.008040189743041992,
      "clients_processed": 10
    },
    {
      "round": 36,
      "accuracy": 0.917,
      "f1_score": 0.9004796163069544,
      "precision": 0.8189749182115594,
      "recall": 1.0,
      "roc_auc": 0.9999936034046945,
      "pr_auc": 0.9999894203534798,
      "mae": 0.4999999999989614,
      "rmse": 0.4999999999989614,
      "ece": 0.41699999999893855,
      "mce": 0.49999999999898426,
      "round_time": 0.07407689094543457,
      "client_training_time": 0.01562666893005371,
      "edge_encryption_wall_time": 0.040105581283569336,
      "total_pure_encryption_time": 0.03783988952636719,
      "avg_encryption_per_client": 0.003783988952636719,
      "server_aggregation_time": 0.00864553451538086,
      "internal_aggregation_time": 0.006613016128540039,
      "evaluation_time": 0.008609771728515625,
      "clients_processed": 10
    },
    {
      "round": 37,
      "accuracy": 0.9155,
      "f1_score": 0.8988629563135847,
      "precision": 0.816304347826087,
      "recall": 1.0,
      "roc_auc": 0.9999936034046945,
      "pr_auc": 0.99998942035348,
      "mae": 0.49999999999896044,
      "rmse": 0.49999999999896044,
      "ece": 0.41549999999893744,
      "mce": 0.4999999999989827,
      "round_time": 0.07447075843811035,
      "client_training_time": 0.015952348709106445,
      "edge_encryption_wall_time": 0.03896927833557129,
      "total_pure_encryption_time": 0.03683209419250488,
      "avg_encryption_per_client": 0.0036832094192504883,
      "server_aggregation_time": 0.009926557540893555,
      "internal_aggregation_time": 0.007569074630737305,
      "evaluation_time": 0.008615255355834961,
      "clients_processed": 10
    },
    {
      "round": 38,
      "accuracy": 0.916,
      "f1_score": 0.8994011976047904,
      "precision": 0.8171926006528836,
      "recall": 1.0,
      "roc_auc": 0.9999936034046946,
      "pr_auc": 0.99998942035348,
      "mae": 0.4999999999989595,
      "rmse": 0.49999999999895944,
      "ece": 0.4159999999989365,
      "mce": 0.49999999999898187,
      "round_time": 0.07799792289733887,
      "client_training_time": 0.018220186233520508,
      "edge_encryption_wall_time": 0.04022073745727539,
      "total_pure_encryption_time": 0.03699541091918945,
      "avg_encryption_per_client": 0.0036995410919189453,
      "server_aggregation_time": 0.009207010269165039,
      "internal_aggregation_time": 0.004595756530761719,
      "evaluation_time": 0.009326934814453125,
      "clients_processed": 10
    },
    {
      "round": 39,
      "accuracy": 0.915,
      "f1_score": 0.8983253588516746,
      "precision": 0.8154180238870793,
      "recall": 1.0,
      "roc_auc": 0.9999914712062592,
      "pr_auc": 0.9999859302444489,
      "mae": 0.4999999999989611,
      "rmse": 0.49999999999896105,
      "ece": 0.41499999999893805,
      "mce": 0.4999999999989824,
      "round_time": 0.08052730560302734,
      "client_training_time": 0.01909160614013672,
      "edge_encryption_wall_time": 0.042195796966552734,
      "total_pure_encryption_time": 0.03801250457763672,
      "avg_encryption_per_client": 0.003801250457763672,
      "server_aggregation_time": 0.008179664611816406,
      "internal_aggregation_time": 0.0061457157135009766,
      "evaluation_time": 0.009936809539794922,
      "clients_processed": 10
    },
    {
      "round": 40,
      "accuracy": 0.916,
      "f1_score": 0.8994011976047904,
      "precision": 0.8171926006528836,
      "recall": 1.0,
      "roc_auc": 0.9999946695039121,
      "pr_auc": 0.999991172341987,
      "mae": 0.4999999999989618,
      "rmse": 0.4999999999989617,
      "ece": 0.4159999999989391,
      "mce": 0.49999999999898365,
      "round_time": 0.11014652252197266,
      "client_training_time": 0.04576373100280762,
      "edge_encryption_wall_time": 0.04445981979370117,
      "total_pure_encryption_time": 0.04118824005126953,
      "avg_encryption_per_client": 0.004118824005126953,
      "server_aggregation_time": 0.009795188903808594,
      "internal_aggregation_time": 0.00653076171875,
      "evaluation_time": 0.00905919075012207,
      "clients_processed": 10
    },
    {
      "round": 41,
      "accuracy": 0.9155,
      "f1_score": 0.8988629563135847,
      "precision": 0.816304347826087,
      "recall": 1.0,
      "roc_auc": 0.9999936034046945,
      "pr_auc": 0.99998942035348,
      "mae": 0.4999999999989624,
      "rmse": 0.4999999999989624,
      "ece": 0.41549999999893905,
      "mce": 0.499999999998984,
      "round_time": 0.07719826698303223,
      "client_training_time": 0.019714832305908203,
      "edge_encryption_wall_time": 0.03909587860107422,
      "total_pure_encryption_time": 0.030765533447265625,
      "avg_encryption_per_client": 0.0030765533447265625,
      "server_aggregation_time": 0.008935689926147461,
      "internal_aggregation_time": 0.00562286376953125,
      "evaluation_time": 0.008438825607299805,
      "clients_processed": 10
    },
    {
      "round": 42,
      "accuracy": 0.916,
      "f1_score": 0.8994011976047904,
      "precision": 0.8171926006528836,
      "recall": 1.0,
      "roc_auc": 0.9999957356031297,
      "pr_auc": 0.9999929289776783,
      "mae": 0.49999999999896627,
      "rmse": 0.4999999999989662,
      "ece": 0.4159999999989434,
      "mce": 0.4999999999989887,
      "round_time": 0.07714080810546875,
      "client_training_time": 0.016329288482666016,
      "edge_encryption_wall_time": 0.04175448417663574,
      "total_pure_encryption_time": 0.03775215148925781,
      "avg_encryption_per_client": 0.003775215148925781,
      "server_aggregation_time": 0.008472919464111328,
      "internal_aggregation_time": 0.005060672760009766,
      "evaluation_time": 0.009521722793579102,
      "clients_processed": 10
    },
    {
      "round": 43,
      "accuracy": 0.9165,
      "f1_score": 0.8999400838825644,
      "precision": 0.818082788671024,
      "recall": 1.0,
      "roc_auc": 0.9999936034046945,
      "pr_auc": 0.99998942035348,
      "mae": 0.49999999999896055,
      "rmse": 0.49999999999896055,
      "ece": 0.4164999999989377,
      "mce": 0.49999999999898426,
      "round_time": 0.07518744468688965,
      "client_training_time": 0.018401622772216797,
      "edge_encryption_wall_time": 0.0381929874420166,
      "total_pure_encryption_time": 0.035115957260131836,
      "avg_encryption_per_client": 0.0035115957260131838,
      "server_aggregation_time": 0.009794235229492188,
      "internal_aggregation_time": 0.008516311645507812,
      "evaluation_time": 0.008798599243164062,
      "clients_processed": 10
    },
    {
      "round": 44,
      "accuracy": 0.918,
      "f1_score": 0.9015606242496998,
      "precision": 0.8207650273224044,
      "recall": 1.0,
      "roc_auc": 0.999994669503912,
      "pr_auc": 0.999991172341987,
      "mae": 0.4999999999989602,
      "rmse": 0.4999999999989602,
      "ece": 0.41799999999893833,
      "mce": 0.4999999999989866,
      "round_time": 0.0780487060546875,
      "client_training_time": 0.017973661422729492,
      "edge_encryption_wall_time": 0.04323267936706543,
      "total_pure_encryption_time": 0.04000663757324219,
      "avg_encryption_per_client": 0.004000663757324219,
      "server_aggregation_time": 0.008142709732055664,
      "internal_aggregation_time": 0.005939960479736328,
      "evaluation_time": 0.007493019104003906,
      "clients_processed": 10
    },
    {
      "round": 45,
      "accuracy": 0.915,
      "f1_score": 0.8983253588516746,
      "precision": 0.8154180238870793,
      "recall": 1.0,
      "roc_auc": 0.9999925373054769,
      "pr_auc": 0.9999876729937407,
      "mae": 0.49999999999896233,
      "rmse": 0.49999999999896233,
      "ece": 0.41499999999893944,
      "mce": 0.49999999999898453,
      "round_time": 0.08087992668151855,
      "client_training_time": 0.017904281616210938,
      "edge_encryption_wall_time": 0.04102659225463867,
      "total_pure_encryption_time": 0.03670358657836914,
      "avg_encryption_per_client": 0.003670358657836914,
      "server_aggregation_time": 0.008186817169189453,
      "internal_aggregation_time": 0.006161928176879883,
      "evaluation_time": 0.012671232223510742,
      "clients_processed": 10
    },
    {
      "round": 46,
      "accuracy": 0.9145,
      "f1_score": 0.8977884040645547,
      "precision": 0.8145336225596529,
      "recall": 1.0,
      "roc_auc": 0.999989339007824,
      "pr_auc": 0.9999824585044129,
      "mae": 0.4999999999989576,
      "rmse": 0.4999999999989576,
      "ece": 0.4144999999989344,
      "mce": 0.49999999999897743,
      "round_time": 0.1288449764251709,
      "client_training_time": 0.04106616973876953,
      "edge_encryption_wall_time": 0.06224942207336426,
      "total_pure_encryption_time": 0.06055283546447754,
      "avg_encryption_per_client": 0.006055283546447754,
      "server_aggregation_time": 0.012981176376342773,
      "internal_aggregation_time": 0.009225606918334961,
      "evaluation_time": 0.012548208236694336,
      "clients_processed": 10
    },
    {
      "round": 47,
      "accuracy": 0.9165,
      "f1_score": 0.8999400838825644,
      "precision": 0.818082788671024,
      "recall": 1.0,
      "roc_auc": 0.9999936034046943,
      "pr_auc": 0.99998942035348,
      "mae": 0.49999999999895944,
      "rmse": 0.4999999999989594,
      "ece": 0.4164999999989365,
      "mce": 0.4999999999989829,
      "round_time": 0.1053924560546875,
      "client_training_time": 0.030460834503173828,
      "edge_encryption_wall_time": 0.056501150131225586,
      "total_pure_encryption_time": 0.0521397590637207,
      "avg_encryption_per_client": 0.00521397590637207,
      "server_aggregation_time": 0.007211923599243164,
      "internal_aggregation_time": 0.00508427619934082,
      "evaluation_time": 0.010198354721069336,
      "clients_processed": 10
    },
    {
      "round": 48,
      "accuracy": 0.9165,
      "f1_score": 0.8999400838825644,
      "precision": 0.818082788671024,
      "recall": 1.0,
      "roc_auc": 0.9999957356031296,
      "pr_auc": 0.9999929289776783,
      "mae": 0.49999999999896183,
      "rmse": 0.4999999999989618,
      "ece": 0.41649999999893916,
      "mce": 0.4999999999989861,
      "round_time": 0.07973599433898926,
      "client_training_time": 0.017011165618896484,
      "edge_encryption_wall_time": 0.039937734603881836,
      "total_pure_encryption_time": 0.03680109977722168,
      "avg_encryption_per_client": 0.003680109977722168,
      "server_aggregation_time": 0.010710477828979492,
      "internal_aggregation_time": 0.007977724075317383,
      "evaluation_time": 0.012076616287231445,
      "clients_processed": 10
    },
    {
      "round": 49,
      "accuracy": 0.9175,
      "f1_score": 0.9010197960407919,
      "precision": 0.8198689956331878,
      "recall": 1.0,
      "roc_auc": 0.999994669503912,
      "pr_auc": 0.9999911723419869,
      "mae": 0.4999999999989608,
      "rmse": 0.4999999999989608,
      "ece": 0.4174999999989384,
      "mce": 0.49999999999898687,
      "round_time": 0.07512378692626953,
      "client_training_time": 0.017216205596923828,
      "edge_encryption_wall_time": 0.03794264793395996,
      "total_pure_encryption_time": 0.03694486618041992,
      "avg_encryption_per_client": 0.003694486618041992,
      "server_aggregation_time": 0.011517524719238281,
      "internal_aggregation_time": 0.007386445999145508,
      "evaluation_time": 0.008447408676147461,
      "clients_processed": 10
    },
    {
      "round": 50,
      "accuracy": 0.9175,
      "f1_score": 0.9010197960407919,
      "precision": 0.8198689956331878,
      "recall": 1.0,
      "roc_auc": 0.9999957356031296,
      "pr_auc": 0.9999929289776783,
      "mae": 0.4999999999989584,
      "rmse": 0.4999999999989584,
      "ece": 0.41749999999893606,
      "mce": 0.4999999999989845,
      "round_time": 0.08428502082824707,
      "client_training_time": 0.01972031593322754,
      "edge_encryption_wall_time": 0.044898271560668945,
      "total_pure_encryption_time": 0.04250049591064453,
      "avg_encryption_per_client": 0.004250049591064453,
      "server_aggregation_time": 0.01067042350769043,
      "internal_aggregation_time": 0.006748199462890625,
      "evaluation_time": 0.008996009826660156,
      "clients_processed": 10
    }
  ],
  "final_statistics": {
    "final_accuracy": 0.9175,
    "best_accuracy": 0.919,
    "total_time": 6.528187990188599,
    "avg_round_time": 0.09695321083068847,
    "avg_client_training_time": 0.024005069732666015,
    "avg_edge_encryption_wall_time": 0.04912446022033692,
    "avg_pure_encryption_time": 0.04434320449829102,
    "avg_encryption_per_client": 0.004434320449829101,
    "avg_server_aggregation_time": 0.011674256324768066,
    "avg_internal_aggregation_time": 0.00842668056488037,
    "avg_evaluation_time": 0.011036000251770019
  },
  "timing_statistics": {
    "total_client_training_time": 1.2002534866333008,
    "total_edge_encryption_wall_time": 2.4562230110168457,
    "total_pure_encryption_time": 2.217160224914551,
    "total_server_aggregation_time": 0.5837128162384033,
    "total_internal_aggregation_time": 0.42133402824401855,
    "total_evaluation_time": 0.551800012588501,
    "total_time": 6.528187990188599,
    "avg_round_time": 0.09695321083068847,
    "avg_client_training_time": 0.024005069732666015,
    "avg_edge_encryption_wall_time": 0.04912446022033692,
    "avg_pure_encryption_time": 0.04434320449829102,
    "avg_encryption_per_client": 0.004434320449829101,
    "avg_server_aggregation_time": 0.011674256324768066,
    "avg_internal_aggregation_time": 0.00842668056488037,
    "avg_evaluation_time": 0.011036000251770019
  },
  "architecture": {
    "clients": 10,
    "edge_devices": 10,
    "cloud_servers": 1,
    "data_flow": "Client \u2192 Edge \u2192 Cloud \u2192 Edge \u2192 Client"
  }
}