{
  "pipeline_type": "edge_device_fl",
  "configuration": {
    "rounds": 40,
    "clients": 10,
    "patience": 999
  },
  "results": [
    {
      "round": 1,
      "accuracy": 0.917,
      "f1_score": 0.9004796163069544,
      "precision": 0.8189749182115594,
      "recall": 1.0,
      "roc_auc": 0.9999936034046946,
      "pr_auc": 0.99998942035348,
      "mae": 0.49999999999896033,
      "rmse": 0.4999999999989603,
      "ece": 0.4169999999989378,
      "mce": 0.4999999999989847,
      "round_time": 0.08758378028869629,
      "client_training_time": 0.018863916397094727,
      "edge_encryption_wall_time": 0.04673457145690918,
      "total_pure_encryption_time": 0.04569506645202637,
      "avg_encryption_per_client": 0.004569506645202637,
      "server_aggregation_time": 0.011539697647094727,
      "internal_aggregation_time": 0.007013082504272461,
      "evaluation_time": 0.008442401885986328,
      "clients_processed": 10
    },
    {
      "round": 2,
      "accuracy": 0.916,
      "f1_score": 0.8994011976047904,
      "precision": 0.8171926006528836,
      "recall": 1.0,
      "roc_auc": 0.9999957356031297,
      "pr_auc": 0.9999929289776783,
      "mae": 0.4999999999989641,
      "rmse": 0.4999999999989641,
      "ece": 0.41599999999894144,
      "mce": 0.4999999999989866,
      "round_time": 0.07928872108459473,
      "client_training_time": 0.018512725830078125,
      "edge_encryption_wall_time": 0.041422128677368164,
      "total_pure_encryption_time": 0.038091182708740234,
      "avg_encryption_per_client": 0.0038091182708740235,
      "server_aggregation_time": 0.007449150085449219,
      "internal_aggregation_time": 0.006421566009521484,
      "evaluation_time": 0.00973820686340332,
      "clients_processed": 10
    },
    {
      "round": 3,
      "accuracy": 0.917,
      "f1_score": 0.9004796163069544,
      "precision": 0.8189749182115594,
      "recall": 1.0,
      "roc_auc": 0.9999946695039121,
      "pr_auc": 0.999991172341987,
      "mae": 0.4999999999989607,
      "rmse": 0.4999999999989607,
      "ece": 0.41699999999893816,
      "mce": 0.4999999999989866,
      "round_time": 0.08422708511352539,
      "client_training_time": 0.02094721794128418,
      "edge_encryption_wall_time": 0.045423030853271484,
      "total_pure_encryption_time": 0.04042816162109375,
      "avg_encryption_per_client": 0.004042816162109375,
      "server_aggregation_time": 0.007935047149658203,
      "internal_aggregation_time": 0.0058596134185791016,
      "evaluation_time": 0.009921789169311523,
      "clients_processed": 10
    },
    {
      "round": 4,
      "accuracy": 0.919,
      "f1_score": 0.9026442307692307,
      "precision": 0.8225629791894852,
      "recall": 1.0,
      "roc_auc": 0.999994669503912,
      "pr_auc": 0.999991172341987,
      "mae": 0.49999999999895955,
      "rmse": 0.4999999999989595,
      "ece": 0.4189999999989372,
      "mce": 0.4999999999989882,
      "round_time": 0.08525729179382324,
      "client_training_time": 0.018426179885864258,
      "edge_encryption_wall_time": 0.0395660400390625,
      "total_pure_encryption_time": 0.03241682052612305,
      "avg_encryption_per_client": 0.0032416820526123048,
      "server_aggregation_time": 0.01172780990600586,
      "internal_aggregation_time": 0.00739288330078125,
      "evaluation_time": 0.014533758163452148,
      "clients_processed": 10
    },
    {
      "round": 5,
      "accuracy": 0.915,
      "f1_score": 0.8983253588516746,
      "precision": 0.8154180238870793,
      "recall": 1.0,
      "roc_auc": 0.9999914712062592,
      "pr_auc": 0.9999859302444489,
      "mae": 0.4999999999989583,
      "rmse": 0.4999999999989582,
      "ece": 0.41499999999893566,
      "mce": 0.49999999999897954,
      "round_time": 0.07892203330993652,
      "client_training_time": 0.01874399185180664,
      "edge_encryption_wall_time": 0.04185914993286133,
      "total_pure_encryption_time": 0.03749346733093262,
      "avg_encryption_per_client": 0.0037493467330932616,
      "server_aggregation_time": 0.008565425872802734,
      "internal_aggregation_time": 0.00526118278503418,
      "evaluation_time": 0.00975346565246582,
      "clients_processed": 10
    },
    {
      "round": 6,
      "accuracy": 0.916,
      "f1_score": 0.8994011976047904,
      "precision": 0.8171926006528836,
      "recall": 1.0,
      "roc_auc": 0.9999925373054769,
      "pr_auc": 0.9999876729937407,
      "mae": 0.4999999999989596,
      "rmse": 0.49999999999895955,
      "ece": 0.4159999999989364,
      "mce": 0.49999999999898237,
      "round_time": 0.07348990440368652,
      "client_training_time": 0.017854928970336914,
      "edge_encryption_wall_time": 0.03828310966491699,
      "total_pure_encryption_time": 0.0352177619934082,
      "avg_encryption_per_client": 0.0035217761993408202,
      "server_aggregation_time": 0.008652210235595703,
      "internal_aggregation_time": 0.0076448917388916016,
      "evaluation_time": 0.006669759750366211,
      "clients_processed": 10
    },
    {
      "round": 7,
      "accuracy": 0.9145,
      "f1_score": 0.8977884040645547,
      "precision": 0.8145336225596529,
      "recall": 1.0,
      "roc_auc": 0.9999914712062593,
      "pr_auc": 0.9999859302444492,
      "mae": 0.49999999999896205,
      "rmse": 0.49999999999896205,
      "ece": 0.41449999999893916,
      "mce": 0.4999999999989823,
      "round_time": 0.08385801315307617,
      "client_training_time": 0.022797107696533203,
      "edge_encryption_wall_time": 0.040947675704956055,
      "total_pure_encryption_time": 0.03894400596618652,
      "avg_encryption_per_client": 0.003894400596618652,
      "server_aggregation_time": 0.012359380722045898,
      "internal_aggregation_time": 0.0070421695709228516,
      "evaluation_time": 0.007753849029541016,
      "clients_processed": 10
    },
    {
      "round": 8,
      "accuracy": 0.917,
      "f1_score": 0.9004796163069544,
      "precision": 0.8189749182115594,
      "recall": 1.0,
      "roc_auc": 0.9999936034046946,
      "pr_auc": 0.99998942035348,
      "mae": 0.4999999999989567,
      "rmse": 0.49999999999895667,
      "ece": 0.41699999999893383,
      "mce": 0.49999999999898237,
      "round_time": 0.08152985572814941,
      "client_training_time": 0.018957853317260742,
      "edge_encryption_wall_time": 0.0403289794921875,
      "total_pure_encryption_time": 0.030254125595092773,
      "avg_encryption_per_client": 0.0030254125595092773,
      "server_aggregation_time": 0.009279727935791016,
      "internal_aggregation_time": 0.007258415222167969,
      "evaluation_time": 0.012055397033691406,
      "clients_processed": 10
    },
    {
      "round": 9,
      "accuracy": 0.9155,
      "f1_score": 0.8988629563135847,
      "precision": 0.816304347826087,
      "recall": 1.0,
      "roc_auc": 0.9999904051070416,
      "pr_auc": 0.9999841920873822,
      "mae": 0.4999999999989609,
      "rmse": 0.49999999999896083,
      "ece": 0.41549999999893816,
      "mce": 0.4999999999989826,
      "round_time": 0.0796816349029541,
      "client_training_time": 0.020603418350219727,
      "edge_encryption_wall_time": 0.040552616119384766,
      "total_pure_encryption_time": 0.03846287727355957,
      "avg_encryption_per_client": 0.003846287727355957,
      "server_aggregation_time": 0.008789539337158203,
      "internal_aggregation_time": 0.006463289260864258,
      "evaluation_time": 0.007596254348754883,
      "clients_processed": 10
    },
    {
      "round": 10,
      "accuracy": 0.9145,
      "f1_score": 0.8977884040645547,
      "precision": 0.8145336225596529,
      "recall": 1.0,
      "roc_auc": 0.9999914712062593,
      "pr_auc": 0.9999859302444489,
      "mae": 0.49999999999895933,
      "rmse": 0.4999999999989593,
      "ece": 0.41449999999893605,
      "mce": 0.49999999999897915,
      "round_time": 0.07986164093017578,
      "client_training_time": 0.01758289337158203,
      "edge_encryption_wall_time": 0.04156947135925293,
      "total_pure_encryption_time": 0.037489891052246094,
      "avg_encryption_per_client": 0.0037489891052246093,
      "server_aggregation_time": 0.0079193115234375,
      "internal_aggregation_time": 0.005845546722412109,
      "evaluation_time": 0.011767148971557617,
      "clients_processed": 10
    },
    {
      "round": 11,
      "accuracy": 0.9155,
      "f1_score": 0.8988629563135847,
      "precision": 0.816304347826087,
      "recall": 1.0,
      "roc_auc": 0.9999936034046945,
      "pr_auc": 0.99998942035348,
      "mae": 0.4999999999989586,
      "rmse": 0.49999999999895867,
      "ece": 0.4154999999989357,
      "mce": 0.4999999999989814,
      "round_time": 0.08270931243896484,
      "client_training_time": 0.01819610595703125,
      "edge_encryption_wall_time": 0.04329228401184082,
      "total_pure_encryption_time": 0.04190850257873535,
      "avg_encryption_per_client": 0.004190850257873535,
      "server_aggregation_time": 0.009251117706298828,
      "internal_aggregation_time": 0.008226156234741211,
      "evaluation_time": 0.010955095291137695,
      "clients_processed": 10
    },
    {
      "round": 12,
      "accuracy": 0.918,
      "f1_score": 0.9015606242496998,
      "precision": 0.8207650273224044,
      "recall": 1.0,
      "roc_auc": 0.9999957356031297,
      "pr_auc": 0.9999929289776783,
      "mae": 0.49999999999896205,
      "rmse": 0.499999999998962,
      "ece": 0.41799999999893966,
      "mce": 0.4999999999989879,
      "round_time": 0.07589530944824219,
      "client_training_time": 0.018096446990966797,
      "edge_encryption_wall_time": 0.04008603096008301,
      "total_pure_encryption_time": 0.03801584243774414,
      "avg_encryption_per_client": 0.003801584243774414,
      "server_aggregation_time": 0.009549617767333984,
      "internal_aggregation_time": 0.007515668869018555,
      "evaluation_time": 0.006994485855102539,
      "clients_processed": 10
    },
    {
      "round": 13,
      "accuracy": 0.9165,
      "f1_score": 0.8999400838825644,
      "precision": 0.818082788671024,
      "recall": 1.0,
      "roc_auc": 0.9999957356031296,
      "pr_auc": 0.9999929289776783,
      "mae": 0.4999999999989626,
      "rmse": 0.4999999999989626,
      "ece": 0.4164999999989397,
      "mce": 0.49999999999898614,
      "round_time": 0.07622885704040527,
      "client_training_time": 0.0175168514251709,
      "edge_encryption_wall_time": 0.041986942291259766,
      "total_pure_encryption_time": 0.03855729103088379,
      "avg_encryption_per_client": 0.003855729103088379,
      "server_aggregation_time": 0.00796055793762207,
      "internal_aggregation_time": 0.005494356155395508,
      "evaluation_time": 0.008764505386352539,
      "clients_processed": 10
    },
    {
      "round": 14,
      "accuracy": 0.918,
      "f1_score": 0.9015606242496998,
      "precision": 0.8207650273224044,
      "recall": 1.0,
      "roc_auc": 0.9999936034046945,
      "pr_auc": 0.99998942035348,
      "mae": 0.4999999999989599,
      "rmse": 0.49999999999895994,
      "ece": 0.41799999999893767,
      "mce": 0.49999999999898564,
      "round_time": 0.07713508605957031,
      "client_training_time": 0.016973495483398438,
      "edge_encryption_wall_time": 0.04206085205078125,
      "total_pure_encryption_time": 0.03897261619567871,
      "avg_encryption_per_client": 0.003897261619567871,
      "server_aggregation_time": 0.00868368148803711,
      "internal_aggregation_time": 0.006502866744995117,
      "evaluation_time": 0.009417057037353516,
      "clients_processed": 10
    },
    {
      "round": 15,
      "accuracy": 0.9155,
      "f1_score": 0.8988629563135847,
      "precision": 0.816304347826087,
      "recall": 1.0,
      "roc_auc": 0.9999936034046946,
      "pr_auc": 0.99998942035348,
      "mae": 0.4999999999989611,
      "rmse": 0.49999999999896105,
      "ece": 0.41549999999893783,
      "mce": 0.4999999999989829,
      "round_time": 0.07529234886169434,
      "client_training_time": 0.015987634658813477,
      "edge_encryption_wall_time": 0.03954601287841797,
      "total_pure_encryption_time": 0.036429405212402344,
      "avg_encryption_per_client": 0.0036429405212402345,
      "server_aggregation_time": 0.011232852935791016,
      "internal_aggregation_time": 0.007419109344482422,
      "evaluation_time": 0.007512807846069336,
      "clients_processed": 10
    },
    {
      "round": 16,
      "accuracy": 0.915,
      "f1_score": 0.8983253588516746,
      "precision": 0.8154180238870793,
      "recall": 1.0,
      "roc_auc": 0.9999914712062592,
      "pr_auc": 0.9999859302444489,
      "mae": 0.4999999999989614,
      "rmse": 0.4999999999989614,
      "ece": 0.414999999998938,
      "mce": 0.49999999999898315,
      "round_time": 0.1628427505493164,
      "client_training_time": 0.01730489730834961,
      "edge_encryption_wall_time": 0.10866355895996094,
      "total_pure_encryption_time": 0.08633708953857422,
      "avg_encryption_per_client": 0.008633708953857422,
      "server_aggregation_time": 0.020641088485717773,
      "internal_aggregation_time": 0.014306068420410156,
      "evaluation_time": 0.015236139297485352,
      "clients_processed": 10
    },
    {
      "round": 17,
      "accuracy": 0.9155,
      "f1_score": 0.8988629563135847,
      "precision": 0.816304347826087,
      "recall": 1.0,
      "roc_auc": 0.9999914712062593,
      "pr_auc": 0.9999859302444492,
      "mae": 0.49999999999896033,
      "rmse": 0.49999999999896033,
      "ece": 0.4154999999989373,
      "mce": 0.4999999999989828,
      "round_time": 0.14724373817443848,
      "client_training_time": 0.040338754653930664,
      "edge_encryption_wall_time": 0.06850528717041016,
      "total_pure_encryption_time": 0.06279444694519043,
      "avg_encryption_per_client": 0.006279444694519043,
      "server_aggregation_time": 0.017679691314697266,
      "internal_aggregation_time": 0.015623092651367188,
      "evaluation_time": 0.01885843276977539,
      "clients_processed": 10
    },
    {
      "round": 18,
      "accuracy": 0.9155,
      "f1_score": 0.8988629563135847,
      "precision": 0.816304347826087,
      "recall": 1.0,
      "roc_auc": 0.9999925373054768,
      "pr_auc": 0.9999876729937406,
      "mae": 0.4999999999989602,
      "rmse": 0.4999999999989602,
      "ece": 0.4154999999989373,
      "mce": 0.4999999999989826,
      "round_time": 0.08345890045166016,
      "client_training_time": 0.018409252166748047,
      "edge_encryption_wall_time": 0.04278063774108887,
      "total_pure_encryption_time": 0.038397789001464844,
      "avg_encryption_per_client": 0.0038397789001464845,
      "server_aggregation_time": 0.010477542877197266,
      "internal_aggregation_time": 0.008430004119873047,
      "evaluation_time": 0.011249542236328125,
      "clients_processed": 10
    },
    {
      "round": 19,
      "accuracy": 0.9155,
      "f1_score": 0.8988629563135847,
      "precision": 0.816304347826087,
      "recall": 1.0,
      "roc_auc": 0.9999925373054768,
      "pr_auc": 0.9999876729937406,
      "mae": 0.49999999999895955,
      "rmse": 0.4999999999989595,
      "ece": 0.4154999999989366,
      "mce": 0.4999999999989821,
      "round_time": 0.10125303268432617,
      "client_training_time": 0.040015459060668945,
      "edge_encryption_wall_time": 0.04366040229797363,
      "total_pure_encryption_time": 0.0370638370513916,
      "avg_encryption_per_client": 0.0037063837051391603,
      "server_aggregation_time": 0.006623983383178711,
      "internal_aggregation_time": 0.00535893440246582,
      "evaluation_time": 0.009890556335449219,
      "clients_processed": 10
    },
    {
      "round": 20,
      "accuracy": 0.9175,
      "f1_score": 0.9010197960407919,
      "precision": 0.8198689956331878,
      "recall": 1.0,
      "roc_auc": 0.9999936034046945,
      "pr_auc": 0.99998942035348,
      "mae": 0.49999999999896244,
      "rmse": 0.49999999999896244,
      "ece": 0.41749999999893994,
      "mce": 0.49999999999898753,
      "round_time": 0.07643795013427734,
      "client_training_time": 0.017475366592407227,
      "edge_encryption_wall_time": 0.0401461124420166,
      "total_pure_encryption_time": 0.034006595611572266,
      "avg_encryption_per_client": 0.0034006595611572265,
      "server_aggregation_time": 0.010074615478515625,
      "internal_aggregation_time": 0.009054899215698242,
      "evaluation_time": 0.0077326297760009766,
      "clients_processed": 10
    },
    {
      "round": 21,
      "accuracy": 0.915,
      "f1_score": 0.8983253588516746,
      "precision": 0.8154180238870793,
      "recall": 1.0,
      "roc_auc": 0.9999882729086065,
      "pr_auc": 0.9999807294775092,
      "mae": 0.49999999999896133,
      "rmse": 0.4999999999989614,
      "ece": 0.41499999999893805,
      "mce": 0.4999999999989824,
      "round_time": 0.07990670204162598,
      "client_training_time": 0.021920442581176758,
      "edge_encryption_wall_time": 0.03927040100097656,
      "total_pure_encryption_time": 0.038236379623413086,
      "avg_encryption_per_client": 0.0038236379623413086,
      "server_aggregation_time": 0.012024402618408203,
      "internal_aggregation_time": 0.007569074630737305,
      "evaluation_time": 0.006265163421630859,
      "clients_processed": 10
    },
    {
      "round": 22,
      "accuracy": 0.917,
      "f1_score": 0.9004796163069544,
      "precision": 0.8189749182115594,
      "recall": 1.0,
      "roc_auc": 0.9999957356031296,
      "pr_auc": 0.9999929289776783,
      "mae": 0.49999999999896455,
      "rmse": 0.49999999999896455,
      "ece": 0.416999999998942,
      "mce": 0.49999999999898825,
      "round_time": 0.0827016830444336,
      "client_training_time": 0.01877903938293457,
      "edge_encryption_wall_time": 0.04523420333862305,
      "total_pure_encryption_time": 0.03876805305480957,
      "avg_encryption_per_client": 0.003876805305480957,
      "server_aggregation_time": 0.010817289352416992,
      "internal_aggregation_time": 0.0075452327728271484,
      "evaluation_time": 0.005535602569580078,
      "clients_processed": 10
    },
    {
      "round": 23,
      "accuracy": 0.916,
      "f1_score": 0.8994011976047904,
      "precision": 0.8171926006528836,
      "recall": 1.0,
      "roc_auc": 0.9999936034046946,
      "pr_auc": 0.99998942035348,
      "mae": 0.49999999999896066,
      "rmse": 0.4999999999989606,
      "ece": 0.41599999999893766,
      "mce": 0.4999999999989842,
      "round_time": 0.07990217208862305,
      "client_training_time": 0.017555713653564453,
      "edge_encryption_wall_time": 0.04308676719665527,
      "total_pure_encryption_time": 0.04043459892272949,
      "avg_encryption_per_client": 0.004043459892272949,
      "server_aggregation_time": 0.008236169815063477,
      "internal_aggregation_time": 0.005203962326049805,
      "evaluation_time": 0.008968114852905273,
      "clients_processed": 10
    },
    {
      "round": 24,
      "accuracy": 0.916,
      "f1_score": 0.8994011976047904,
      "precision": 0.8171926006528836,
      "recall": 1.0,
      "roc_auc": 0.9999914712062592,
      "pr_auc": 0.9999859302444489,
      "mae": 0.49999999999896194,
      "rmse": 0.4999999999989619,
      "ece": 0.41649999999893933,
      "mce": 0.4999999999989854,
      "round_time": 0.0764915943145752,
      "client_training_time": 0.016245365142822266,
      "edge_encryption_wall_time": 0.040062665939331055,
      "total_pure_encryption_time": 0.03697919845581055,
      "avg_encryption_per_client": 0.003697919845581055,
      "server_aggregation_time": 0.010744094848632812,
      "internal_aggregation_time": 0.007459163665771484,
      "evaluation_time": 0.008432626724243164,
      "clients_processed": 10
    },
    {
      "round": 25,
      "accuracy": 0.9155,
      "f1_score": 0.8988629563135847,
      "precision": 0.816304347826087,
      "recall": 1.0,
      "roc_auc": 0.9999925373054768,
      "pr_auc": 0.9999876729937407,
      "mae": 0.49999999999896555,
      "rmse": 0.4999999999989656,
      "ece": 0.4154999999989424,
      "mce": 0.49999999999898764,
      "round_time": 0.07585930824279785,
      "client_training_time": 0.019275426864624023,
      "edge_encryption_wall_time": 0.038774728775024414,
      "total_pure_encryption_time": 0.03775644302368164,
      "avg_encryption_per_client": 0.0037756443023681642,
      "server_aggregation_time": 0.010303258895874023,
      "internal_aggregation_time": 0.006489276885986328,
      "evaluation_time": 0.006794929504394531,
      "clients_processed": 10
    },
    {
      "round": 26,
      "accuracy": 0.916,
      "f1_score": 0.8994011976047904,
      "precision": 0.8171926006528836,
      "recall": 1.0,
      "roc_auc": 0.999994669503912,
      "pr_auc": 0.999991172341987,
      "mae": 0.49999999999896005,
      "rmse": 0.49999999999896005,
      "ece": 0.4159999999989374,
      "mce": 0.4999999999989822,
      "round_time": 0.07964324951171875,
      "client_training_time": 0.017876863479614258,
      "edge_encryption_wall_time": 0.04270339012145996,
      "total_pure_encryption_time": 0.038538217544555664,
      "avg_encryption_per_client": 0.0038538217544555665,
      "server_aggregation_time": 0.007254838943481445,
      "internal_aggregation_time": 0.005182027816772461,
      "evaluation_time": 0.010758399963378906,
      "clients_processed": 10
    },
    {
      "round": 27,
      "accuracy": 0.916,
      "f1_score": 0.8994011976047904,
      "precision": 0.8171926006528836,
      "recall": 1.0,
      "roc_auc": 0.9999936034046945,
      "pr_auc": 0.99998942035348,
      "mae": 0.4999999999989641,
      "rmse": 0.499999999998964,
      "ece": 0.41599999999894066,
      "mce": 0.4999999999989866,
      "round_time": 0.07717728614807129,
      "client_training_time": 0.017461776733398438,
      "edge_encryption_wall_time": 0.04087686538696289,
      "total_pure_encryption_time": 0.037822723388671875,
      "avg_encryption_per_client": 0.0037822723388671875,
      "server_aggregation_time": 0.00857686996459961,
      "internal_aggregation_time": 0.0075609683990478516,
      "evaluation_time": 0.010261774063110352,
      "clients_processed": 10
    },
    {
      "round": 28,
      "accuracy": 0.9155,
      "f1_score": 0.8988629563135847,
      "precision": 0.816304347826087,
      "recall": 1.0,
      "roc_auc": 0.9999936034046945,
      "pr_auc": 0.99998942035348,
      "mae": 0.4999999999989625,
      "rmse": 0.49999999999896244,
      "ece": 0.41549999999893944,
      "mce": 0.4999999999989844,
      "round_time": 0.12767553329467773,
      "client_training_time": 0.021514177322387695,
      "edge_encryption_wall_time": 0.05803394317626953,
      "total_pure_encryption_time": 0.052687883377075195,
      "avg_encryption_per_client": 0.00526878833770752,
      "server_aggregation_time": 0.030584335327148438,
      "internal_aggregation_time": 0.023299455642700195,
      "evaluation_time": 0.016545534133911133,
      "clients_processed": 10
    },
    {
      "round": 29,
      "accuracy": 0.9155,
      "f1_score": 0.8988629563135847,
      "precision": 0.816304347826087,
      "recall": 1.0,
      "roc_auc": 0.9999936034046943,
      "pr_auc": 0.99998942035348,
      "mae": 0.4999999999989616,
      "rmse": 0.49999999999896155,
      "ece": 0.41549999999893866,
      "mce": 0.49999999999898376,
      "round_time": 0.12828516960144043,
      "client_training_time": 0.040781259536743164,
      "edge_encryption_wall_time": 0.0610501766204834,
      "total_pure_encryption_time": 0.05790352821350098,
      "avg_encryption_per_client": 0.005790352821350098,
      "server_aggregation_time": 0.016086339950561523,
      "internal_aggregation_time": 0.012192010879516602,
      "evaluation_time": 0.009326696395874023,
      "clients_processed": 10
    },
    {
      "round": 30,
      "accuracy": 0.9155,
      "f1_score": 0.8988629563135847,
      "precision": 0.816304347826087,
      "recall": 1.0,
      "roc_auc": 0.9999914712062592,
      "pr_auc": 0.9999859302444489,
      "mae": 0.49999999999896194,
      "rmse": 0.4999999999989619,
      "ece": 0.41549999999893883,
      "mce": 0.4999999999989825,
      "round_time": 0.08107590675354004,
      "client_training_time": 0.02042531967163086,
      "edge_encryption_wall_time": 0.04102945327758789,
      "total_pure_encryption_time": 0.03435969352722168,
      "avg_encryption_per_client": 0.003435969352722168,
      "server_aggregation_time": 0.008884906768798828,
      "internal_aggregation_time": 0.006273508071899414,
      "evaluation_time": 0.010736227035522461,
      "clients_processed": 10
    },
    {
      "round": 31,
      "accuracy": 0.9155,
      "f1_score": 0.8988629563135847,
      "precision": 0.816304347826087,
      "recall": 1.0,
      "roc_auc": 0.9999936034046945,
      "pr_auc": 0.99998942035348,
      "mae": 0.4999999999989634,
      "rmse": 0.49999999999896344,
      "ece": 0.41549999999894044,
      "mce": 0.4999999999989848,
      "round_time": 0.07838869094848633,
      "client_training_time": 0.018584012985229492,
      "edge_encryption_wall_time": 0.042084693908691406,
      "total_pure_encryption_time": 0.03699183464050293,
      "avg_encryption_per_client": 0.003699183464050293,
      "server_aggregation_time": 0.009337663650512695,
      "internal_aggregation_time": 0.007918119430541992,
      "evaluation_time": 0.0070400238037109375,
      "clients_processed": 10
    },
    {
      "round": 32,
      "accuracy": 0.915,
      "f1_score": 0.8983253588516746,
      "precision": 0.8154180238870793,
      "recall": 1.0,
      "roc_auc": 0.9999914712062593,
      "pr_auc": 0.9999859302444492,
      "mae": 0.49999999999896133,
      "rmse": 0.49999999999896133,
      "ece": 0.4149999999989384,
      "mce": 0.49999999999898165,
      "round_time": 0.0764458179473877,
      "client_training_time": 0.016419649124145508,
      "edge_encryption_wall_time": 0.0401918888092041,
      "total_pure_encryption_time": 0.03812408447265625,
      "avg_encryption_per_client": 0.003812408447265625,
      "server_aggregation_time": 0.010347843170166016,
      "internal_aggregation_time": 0.006863594055175781,
      "evaluation_time": 0.008471965789794922,
      "clients_processed": 10
    },
    {
      "round": 33,
      "accuracy": 0.916,
      "f1_score": 0.8994011976047904,
      "precision": 0.8171926006528836,
      "recall": 1.0,
      "roc_auc": 0.9999925373054769,
      "pr_auc": 0.9999876729937406,
      "mae": 0.4999999999989616,
      "rmse": 0.49999999999896155,
      "ece": 0.41599999999893833,
      "mce": 0.4999999999989846,
      "round_time": 0.07964086532592773,
      "client_training_time": 0.017399311065673828,
      "edge_encryption_wall_time": 0.04409933090209961,
      "total_pure_encryption_time": 0.04290914535522461,
      "avg_encryption_per_client": 0.004290914535522461,
      "server_aggregation_time": 0.008462190628051758,
      "internal_aggregation_time": 0.006433010101318359,
      "evaluation_time": 0.009680032730102539,
      "clients_processed": 10
    },
    {
      "round": 34,
      "accuracy": 0.9155,
      "f1_score": 0.8988629563135847,
      "precision": 0.816304347826087,
      "recall": 1.0,
      "roc_auc": 0.9999936034046945,
      "pr_auc": 0.99998942035348,
      "mae": 0.49999999999896105,
      "rmse": 0.49999999999896105,
      "ece": 0.41549999999893805,
      "mce": 0.4999999999989824,
      "round_time": 0.07625484466552734,
      "client_training_time": 0.017031192779541016,
      "edge_encryption_wall_time": 0.039321184158325195,
      "total_pure_encryption_time": 0.035124778747558594,
      "avg_encryption_per_client": 0.0035124778747558593,
      "server_aggregation_time": 0.009242057800292969,
      "internal_aggregation_time": 0.008209705352783203,
      "evaluation_time": 0.008812427520751953,
      "clients_processed": 10
    },
    {
      "round": 35,
      "accuracy": 0.9155,
      "f1_score": 0.8988629563135847,
      "precision": 0.816304347826087,
      "recall": 1.0,
      "roc_auc": 0.999992537305477,
      "pr_auc": 0.9999876729937406,
      "mae": 0.49999999999896305,
      "rmse": 0.49999999999896305,
      "ece": 0.41549999999894005,
      "mce": 0.49999999999898503,
      "round_time": 0.08439230918884277,
      "client_training_time": 0.023058414459228516,
      "edge_encryption_wall_time": 0.04129981994628906,
      "total_pure_encryption_time": 0.03604292869567871,
      "avg_encryption_per_client": 0.003604292869567871,
      "server_aggregation_time": 0.011035442352294922,
      "internal_aggregation_time": 0.008822202682495117,
      "evaluation_time": 0.008998632431030273,
      "clients_processed": 10
    },
    {
      "round": 36,
      "accuracy": 0.917,
      "f1_score": 0.9004796163069544,
      "precision": 0.8189749182115594,
      "recall": 1.0,
      "roc_auc": 0.9999936034046945,
      "pr_auc": 0.9999894203534798,
      "mae": 0.4999999999989614,
      "rmse": 0.4999999999989614,
      "ece": 0.41699999999893855,
      "mce": 0.49999999999898426,
      "round_time": 0.09021806716918945,
      "client_training_time": 0.017657041549682617,
      "edge_encryption_wall_time": 0.048119306564331055,
      "total_pure_encryption_time": 0.044814348220825195,
      "avg_encryption_per_client": 0.0044814348220825195,
      "server_aggregation_time": 0.011110782623291016,
      "internal_aggregation_time": 0.007912158966064453,
      "evaluation_time": 0.013330936431884766,
      "clients_processed": 10
    },
    {
      "round": 37,
      "accuracy": 0.9155,
      "f1_score": 0.8988629563135847,
      "precision": 0.816304347826087,
      "recall": 1.0,
      "roc_auc": 0.9999936034046945,
      "pr_auc": 0.99998942035348,
      "mae": 0.49999999999896044,
      "rmse": 0.49999999999896044,
      "ece": 0.41549999999893744,
      "mce": 0.4999999999989827,
      "round_time": 0.08382606506347656,
      "client_training_time": 0.020305156707763672,
      "edge_encryption_wall_time": 0.04405093193054199,
      "total_pure_encryption_time": 0.038114309310913086,
      "avg_encryption_per_client": 0.0038114309310913084,
      "server_aggregation_time": 0.008717775344848633,
      "internal_aggregation_time": 0.005171775817871094,
      "evaluation_time": 0.009720563888549805,
      "clients_processed": 10
    },
    {
      "round": 38,
      "accuracy": 0.916,
      "f1_score": 0.8994011976047904,
      "precision": 0.8171926006528836,
      "recall": 1.0,
      "roc_auc": 0.9999936034046946,
      "pr_auc": 0.99998942035348,
      "mae": 0.4999999999989595,
      "rmse": 0.49999999999895944,
      "ece": 0.4159999999989365,
      "mce": 0.49999999999898187,
      "round_time": 0.07614779472351074,
      "client_training_time": 0.017622709274291992,
      "edge_encryption_wall_time": 0.03986716270446777,
      "total_pure_encryption_time": 0.03866004943847656,
      "avg_encryption_per_client": 0.0038660049438476564,
      "server_aggregation_time": 0.009882211685180664,
      "internal_aggregation_time": 0.0076122283935546875,
      "evaluation_time": 0.008775711059570312,
      "clients_processed": 10
    },
    {
      "round": 39,
      "accuracy": 0.915,
      "f1_score": 0.8983253588516746,
      "precision": 0.8154180238870793,
      "recall": 1.0,
      "roc_auc": 0.9999914712062592,
      "pr_auc": 0.9999859302444489,
      "mae": 0.4999999999989611,
      "rmse": 0.49999999999896105,
      "ece": 0.41499999999893805,
      "mce": 0.4999999999989824,
      "round_time": 0.08224749565124512,
      "client_training_time": 0.019438505172729492,
      "edge_encryption_wall_time": 0.0417783260345459,
      "total_pure_encryption_time": 0.03500866889953613,
      "avg_encryption_per_client": 0.0035008668899536135,
      "server_aggregation_time": 0.010039806365966797,
      "internal_aggregation_time": 0.008809089660644531,
      "evaluation_time": 0.01099085807800293,
      "clients_processed": 10
    },
    {
      "round": 40,
      "accuracy": 0.916,
      "f1_score": 0.8994011976047904,
      "precision": 0.8171926006528836,
      "recall": 1.0,
      "roc_auc": 0.9999946695039121,
      "pr_auc": 0.999991172341987,
      "mae": 0.4999999999989618,
      "rmse": 0.4999999999989617,
      "ece": 0.4159999999989391,
      "mce": 0.49999999999898365,
      "round_time": 0.07972121238708496,
      "client_training_time": 0.01928853988647461,
      "edge_encryption_wall_time": 0.03918123245239258,
      "total_pure_encryption_time": 0.03514266014099121,
      "avg_encryption_per_client": 0.003514266014099121,
      "server_aggregation_time": 0.010864973068237305,
      "internal_aggregation_time": 0.00719451904296875,
      "evaluation_time": 0.006814002990722656,
      "clients_processed": 10
    }
  ],
  "final_statistics": {
    "final_accuracy": 0.916,
    "best_accuracy": 0.919,
    "total_time": 4.759885787963867,
    "avg_round_time": 0.08670497536659241,
    "avg_client_training_time": 0.020306110382080078,
    "avg_edge_encryption_wall_time": 0.04493828415870667,
    "avg_pure_encryption_time": 0.040534907579422,
    "avg_encryption_per_client": 0.004053490757942199,
    "avg_server_aggregation_time": 0.010723632574081422,
    "avg_internal_aggregation_time": 0.007946372032165527,
    "avg_evaluation_time": 0.009777587652206422
  },
  "timing_statistics": {
    "total_client_training_time": 0.8122444152832031,
    "total_edge_encryption_wall_time": 1.7975313663482666,
    "total_pure_encryption_time": 1.6213963031768799,
    "total_server_aggregation_time": 0.42894530296325684,
    "total_internal_aggregation_time": 0.3178548812866211,
    "total_evaluation_time": 0.39110350608825684,
    "total_time": 4.759885787963867,
    "avg_round_time": 0.08670497536659241,
    "avg_client_training_time": 0.020306110382080078,
    "avg_edge_encryption_wall_time": 0.04493828415870667,
    "avg_pure_encryption_time": 0.040534907579422,
    "avg_encryption_per_client": 0.004053490757942199,
    "avg_server_aggregation_time": 0.010723632574081422,
    "avg_internal_aggregation_time": 0.007946372032165527,
    "avg_evaluation_time": 0.009777587652206422
  },
  "architecture": {
    "clients": 10,
    "edge_devices": 10,
    "cloud_servers": 1,
    "data_flow": "Client \u2192 Edge \u2192 Cloud \u2192 Edge \u2192 Client"
  }
}