{
  "pipeline_type": "edge_device_fl",
  "configuration": {
    "rounds": 20,
    "clients": 20,
    "patience": 999
  },
  "results": [
    {
      "round": 1,
      "accuracy": 0.933,
      "f1_score": 0.9259668508287293,
      "precision": 0.8621399176954733,
      "recall": 1.0,
      "roc_auc": 0.9999566113071447,
      "pr_auc": 0.9999419319750213,
      "mae": 0.49999999999897,
      "rmse": 0.49999999999897005,
      "ece": 0.4329999999989569,
      "mce": 0.49999999999896955,
      "round_time": 0.1714932918548584,
      "client_training_time": 0.04128384590148926,
      "edge_encryption_wall_time": 0.09771227836608887,
      "total_pure_encryption_time": 0.08812522888183594,
      "avg_encryption_per_client": 0.004406261444091797,
      "server_aggregation_time": 0.017620325088500977,
      "internal_aggregation_time": 0.015421152114868164,
      "evaluation_time": 0.01209568977355957,
      "clients_processed": 20
    },
    {
      "round": 2,
      "accuracy": 0.9335,
      "f1_score": 0.9264787175234936,
      "precision": 0.86302780638517,
      "recall": 1.0,
      "roc_auc": 0.9999554559869207,
      "pr_auc": 0.9999401728082862,
      "mae": 0.4999999999989703,
      "rmse": 0.4999999999989703,
      "ece": 0.43349999999895744,
      "mce": 0.4999999999989703,
      "round_time": 0.15357446670532227,
      "client_training_time": 0.034055233001708984,
      "edge_encryption_wall_time": 0.08994293212890625,
      "total_pure_encryption_time": 0.0752403736114502,
      "avg_encryption_per_client": 0.0037620186805725096,
      "server_aggregation_time": 0.015510082244873047,
      "internal_aggregation_time": 0.012551307678222656,
      "evaluation_time": 0.01300668716430664,
      "clients_processed": 20
    },
    {
      "round": 3,
      "accuracy": 0.93425,
      "f1_score": 0.9272475795297372,
      "precision": 0.8643630737493554,
      "recall": 1.0,
      "roc_auc": 0.9999523751329902,
      "pr_auc": 0.9999361636987463,
      "mae": 0.49999999999897216,
      "rmse": 0.4999999999989721,
      "ece": 0.43424999999895925,
      "mce": 0.49999999999897277,
      "round_time": 0.1484384536743164,
      "client_training_time": 0.036048173904418945,
      "edge_encryption_wall_time": 0.0883491039276123,
      "total_pure_encryption_time": 0.07962226867675781,
      "avg_encryption_per_client": 0.003981113433837891,
      "server_aggregation_time": 0.01582646369934082,
      "internal_aggregation_time": 0.013671875,
      "evaluation_time": 0.007903337478637695,
      "clients_processed": 20
    },
    {
      "round": 4,
      "accuracy": 0.933,
      "f1_score": 0.9259668508287293,
      "precision": 0.8621399176954733,
      "recall": 1.0,
      "roc_auc": 0.9999543006666968,
      "pr_auc": 0.9999386908505324,
      "mae": 0.4999999999989714,
      "rmse": 0.4999999999989713,
      "ece": 0.4329999999989585,
      "mce": 0.4999999999989706,
      "round_time": 0.14943528175354004,
      "client_training_time": 0.036971330642700195,
      "edge_encryption_wall_time": 0.08250260353088379,
      "total_pure_encryption_time": 0.0735023021697998,
      "avg_encryption_per_client": 0.00367511510848999,
      "server_aggregation_time": 0.01500558853149414,
      "internal_aggregation_time": 0.01030421257019043,
      "evaluation_time": 0.013949155807495117,
      "clients_processed": 20
    },
    {
      "round": 5,
      "accuracy": 0.933,
      "f1_score": 0.9259668508287293,
      "precision": 0.8621399176954733,
      "recall": 1.0,
      "roc_auc": 0.9999566113071447,
      "pr_auc": 0.99994175394054,
      "mae": 0.49999999999897105,
      "rmse": 0.499999999998971,
      "ece": 0.4329999999989579,
      "mce": 0.4999999999989705,
      "round_time": 0.14459848403930664,
      "client_training_time": 0.03438115119934082,
      "edge_encryption_wall_time": 0.08004522323608398,
      "total_pure_encryption_time": 0.07085156440734863,
      "avg_encryption_per_client": 0.0035425782203674316,
      "server_aggregation_time": 0.018610000610351562,
      "internal_aggregation_time": 0.014584064483642578,
      "evaluation_time": 0.011562108993530273,
      "clients_processed": 20
    },
    {
      "round": 6,
      "accuracy": 0.9325,
      "f1_score": 0.9254555494202098,
      "precision": 0.8612538540596094,
      "recall": 1.0,
      "roc_auc": 0.9999591786854202,
      "pr_auc": 0.9999451731848884,
      "mae": 0.499999999998971,
      "rmse": 0.499999999998971,
      "ece": 0.4327499999989579,
      "mce": 0.4999999999989712,
      "round_time": 0.13730144500732422,
      "client_training_time": 0.030155658721923828,
      "edge_encryption_wall_time": 0.07998490333557129,
      "total_pure_encryption_time": 0.07486796379089355,
      "avg_encryption_per_client": 0.003743398189544678,
      "server_aggregation_time": 0.014739990234375,
      "internal_aggregation_time": 0.01150822639465332,
      "evaluation_time": 0.010345220565795898,
      "clients_processed": 20
    },
    {
      "round": 7,
      "accuracy": 0.93325,
      "f1_score": 0.926222713456756,
      "precision": 0.8625836335563561,
      "recall": 1.0,
      "roc_auc": 0.9999509630749387,
      "pr_auc": 0.9999345068065144,
      "mae": 0.4999999999989718,
      "rmse": 0.4999999999989718,
      "ece": 0.4332499999989585,
      "mce": 0.49999999999897154,
      "round_time": 0.23770689964294434,
      "client_training_time": 0.09728312492370605,
      "edge_encryption_wall_time": 0.10943078994750977,
      "total_pure_encryption_time": 0.10244035720825195,
      "avg_encryption_per_client": 0.0051220178604125975,
      "server_aggregation_time": 0.016232013702392578,
      "internal_aggregation_time": 0.012048721313476562,
      "evaluation_time": 0.013365507125854492,
      "clients_processed": 20
    },
    {
      "round": 8,
      "accuracy": 0.9335,
      "f1_score": 0.9264787175234936,
      "precision": 0.86302780638517,
      "recall": 1.0,
      "roc_auc": 0.9999594354232477,
      "pr_auc": 0.9999455208321543,
      "mae": 0.49999999999897193,
      "rmse": 0.49999999999897193,
      "ece": 0.43349999999895883,
      "mce": 0.49999999999897193,
      "round_time": 0.15771198272705078,
      "client_training_time": 0.04204273223876953,
      "edge_encryption_wall_time": 0.08346128463745117,
      "total_pure_encryption_time": 0.07706403732299805,
      "avg_encryption_per_client": 0.0038532018661499023,
      "server_aggregation_time": 0.019348859786987305,
      "internal_aggregation_time": 0.014490604400634766,
      "evaluation_time": 0.011734247207641602,
      "clients_processed": 20
    },
    {
      "round": 9,
      "accuracy": 0.933,
      "f1_score": 0.9259668508287293,
      "precision": 0.8621399176954733,
      "recall": 1.0,
      "roc_auc": 0.9999568680449723,
      "pr_auc": 0.9999421998985664,
      "mae": 0.4999999999989708,
      "rmse": 0.4999999999989708,
      "ece": 0.4329999999989579,
      "mce": 0.49999999999897016,
      "round_time": 0.15305638313293457,
      "client_training_time": 0.03585624694824219,
      "edge_encryption_wall_time": 0.09134697914123535,
      "total_pure_encryption_time": 0.07941722869873047,
      "avg_encryption_per_client": 0.0039708614349365234,
      "server_aggregation_time": 0.01598501205444336,
      "internal_aggregation_time": 0.012466192245483398,
      "evaluation_time": 0.008861541748046875,
      "clients_processed": 20
    },
    {
      "round": 10,
      "accuracy": 0.934,
      "f1_score": 0.9269911504424779,
      "precision": 0.8639175257731959,
      "recall": 1.0,
      "roc_auc": 0.9999507063371111,
      "pr_auc": 0.9999341605091177,
      "mae": 0.4999999999989702,
      "rmse": 0.4999999999989702,
      "ece": 0.43424999999895736,
      "mce": 0.49999999999897204,
      "round_time": 0.1455976963043213,
      "client_training_time": 0.03655695915222168,
      "edge_encryption_wall_time": 0.07988500595092773,
      "total_pure_encryption_time": 0.07025575637817383,
      "avg_encryption_per_client": 0.0035127878189086916,
      "server_aggregation_time": 0.01603531837463379,
      "internal_aggregation_time": 0.012577295303344727,
      "evaluation_time": 0.011891841888427734,
      "clients_processed": 20
    },
    {
      "round": 11,
      "accuracy": 0.93225,
      "f1_score": 0.9252001104057411,
      "precision": 0.8608115048793015,
      "recall": 1.0,
      "roc_auc": 0.9999540439288692,
      "pr_auc": 0.9999384511283277,
      "mae": 0.4999999999989701,
      "rmse": 0.4999999999989701,
      "ece": 0.43249999999895683,
      "mce": 0.4999999999989696,
      "round_time": 0.13825011253356934,
      "client_training_time": 0.03479266166687012,
      "edge_encryption_wall_time": 0.07985472679138184,
      "total_pure_encryption_time": 0.07339978218078613,
      "avg_encryption_per_client": 0.0036699891090393065,
      "server_aggregation_time": 0.015430927276611328,
      "internal_aggregation_time": 0.012230873107910156,
      "evaluation_time": 0.008171796798706055,
      "clients_processed": 20
    },
    {
      "round": 12,
      "accuracy": 0.934,
      "f1_score": 0.9269911504424779,
      "precision": 0.8639175257731959,
      "recall": 1.0,
      "roc_auc": 0.9999499361236285,
      "pr_auc": 0.9999332808779914,
      "mae": 0.4999999999989731,
      "rmse": 0.49999999999897315,
      "ece": 0.43424999999896025,
      "mce": 0.49999999999897465,
      "round_time": 0.14279413223266602,
      "client_training_time": 0.03452253341674805,
      "edge_encryption_wall_time": 0.08140158653259277,
      "total_pure_encryption_time": 0.06971240043640137,
      "avg_encryption_per_client": 0.0034856200218200684,
      "server_aggregation_time": 0.014905452728271484,
      "internal_aggregation_time": 0.012479782104492188,
      "evaluation_time": 0.010942697525024414,
      "clients_processed": 20
    },
    {
      "round": 13,
      "accuracy": 0.9355,
      "f1_score": 0.9285318559556787,
      "precision": 0.8665977249224406,
      "recall": 1.0,
      "roc_auc": 0.9999526318708177,
      "pr_auc": 0.9999366076610643,
      "mae": 0.4999999999989682,
      "rmse": 0.4999999999989682,
      "ece": 0.4354999999989553,
      "mce": 0.49999999999897166,
      "round_time": 0.14358949661254883,
      "client_training_time": 0.034880638122558594,
      "edge_encryption_wall_time": 0.07978177070617676,
      "total_pure_encryption_time": 0.06886625289916992,
      "avg_encryption_per_client": 0.003443312644958496,
      "server_aggregation_time": 0.01670980453491211,
      "internal_aggregation_time": 0.01120448112487793,
      "evaluation_time": 0.012217283248901367,
      "clients_processed": 20
    },
    {
      "round": 14,
      "accuracy": 0.934,
      "f1_score": 0.9269911504424779,
      "precision": 0.8639175257731959,
      "recall": 1.0,
      "roc_auc": 0.9999555843558345,
      "pr_auc": 0.9999405308764908,
      "mae": 0.4999999999989703,
      "rmse": 0.4999999999989704,
      "ece": 0.4339999999989575,
      "mce": 0.49999999999897154,
      "round_time": 0.14314699172973633,
      "client_training_time": 0.036638498306274414,
      "edge_encryption_wall_time": 0.07861042022705078,
      "total_pure_encryption_time": 0.07333779335021973,
      "avg_encryption_per_client": 0.003666889667510986,
      "server_aggregation_time": 0.015615701675415039,
      "internal_aggregation_time": 0.013015031814575195,
      "evaluation_time": 0.011032342910766602,
      "clients_processed": 20
    },
    {
      "round": 15,
      "accuracy": 0.9335,
      "f1_score": 0.9264787175234936,
      "precision": 0.86302780638517,
      "recall": 1.0,
      "roc_auc": 0.9999581517341101,
      "pr_auc": 0.999943796645219,
      "mae": 0.49999999999897193,
      "rmse": 0.49999999999897193,
      "ece": 0.4334999999989591,
      "mce": 0.4999999999989715,
      "round_time": 0.14830565452575684,
      "client_training_time": 0.03431391716003418,
      "edge_encryption_wall_time": 0.0845646858215332,
      "total_pure_encryption_time": 0.07426929473876953,
      "avg_encryption_per_client": 0.0037134647369384765,
      "server_aggregation_time": 0.014508247375488281,
      "internal_aggregation_time": 0.012357234954833984,
      "evaluation_time": 0.01188516616821289,
      "clients_processed": 20
    },
    {
      "round": 16,
      "accuracy": 0.93275,
      "f1_score": 0.9257111295222314,
      "precision": 0.8616966580976864,
      "recall": 1.0,
      "roc_auc": 0.9999532737153867,
      "pr_auc": 0.9999375310513561,
      "mae": 0.49999999999897166,
      "rmse": 0.49999999999897166,
      "ece": 0.4327499999989587,
      "mce": 0.49999999999897055,
      "round_time": 0.1403944492340088,
      "client_training_time": 0.0353550910949707,
      "edge_encryption_wall_time": 0.07934236526489258,
      "total_pure_encryption_time": 0.07118487358093262,
      "avg_encryption_per_client": 0.0035592436790466307,
      "server_aggregation_time": 0.015577316284179688,
      "internal_aggregation_time": 0.011953115463256836,
      "evaluation_time": 0.01011967658996582,
      "clients_processed": 20
    },
    {
      "round": 17,
      "accuracy": 0.93375,
      "f1_score": 0.9267348631462538,
      "precision": 0.863472436888202,
      "recall": 1.0,
      "roc_auc": 0.9999532737153866,
      "pr_auc": 0.9999374924885677,
      "mae": 0.49999999999897,
      "rmse": 0.49999999999896994,
      "ece": 0.43374999999895686,
      "mce": 0.4999999999989706,
      "round_time": 0.1549060344696045,
      "client_training_time": 0.041823387145996094,
      "edge_encryption_wall_time": 0.08553886413574219,
      "total_pure_encryption_time": 0.07786297798156738,
      "avg_encryption_per_client": 0.003893148899078369,
      "server_aggregation_time": 0.01509714126586914,
      "internal_aggregation_time": 0.013056755065917969,
      "evaluation_time": 0.01244664192199707,
      "clients_processed": 20
    },
    {
      "round": 18,
      "accuracy": 0.9335,
      "f1_score": 0.9264787175234936,
      "precision": 0.86302780638517,
      "recall": 1.0,
      "roc_auc": 0.9999545574045243,
      "pr_auc": 0.9999390710704203,
      "mae": 0.4999999999989727,
      "rmse": 0.4999999999989727,
      "ece": 0.43349999999895983,
      "mce": 0.49999999999897204,
      "round_time": 0.1379232406616211,
      "client_training_time": 0.03127789497375488,
      "edge_encryption_wall_time": 0.07601141929626465,
      "total_pure_encryption_time": 0.06850218772888184,
      "avg_encryption_per_client": 0.003425109386444092,
      "server_aggregation_time": 0.015850543975830078,
      "internal_aggregation_time": 0.014806509017944336,
      "evaluation_time": 0.014783382415771484,
      "clients_processed": 20
    },
    {
      "round": 19,
      "accuracy": 0.93325,
      "f1_score": 0.926222713456756,
      "precision": 0.8625836335563561,
      "recall": 1.0,
      "roc_auc": 0.9999576382584549,
      "pr_auc": 0.9999431935154917,
      "mae": 0.49999999999897055,
      "rmse": 0.4999999999989706,
      "ece": 0.43324999999895747,
      "mce": 0.4999999999989711,
      "round_time": 0.14155983924865723,
      "client_training_time": 0.03328537940979004,
      "edge_encryption_wall_time": 0.08180475234985352,
      "total_pure_encryption_time": 0.07364845275878906,
      "avg_encryption_per_client": 0.0036824226379394533,
      "server_aggregation_time": 0.01530003547668457,
      "internal_aggregation_time": 0.013285160064697266,
      "evaluation_time": 0.00967264175415039,
      "clients_processed": 20
    },
    {
      "round": 20,
      "accuracy": 0.93375,
      "f1_score": 0.9267348631462538,
      "precision": 0.863472436888202,
      "recall": 1.0,
      "roc_auc": 0.9999544290356106,
      "pr_auc": 0.99993893767448,
      "mae": 0.49999999999897093,
      "rmse": 0.49999999999897093,
      "ece": 0.4337499999989576,
      "mce": 0.4999999999989723,
      "round_time": 0.14845538139343262,
      "client_training_time": 0.0383913516998291,
      "edge_encryption_wall_time": 0.08102774620056152,
      "total_pure_encryption_time": 0.07103538513183594,
      "avg_encryption_per_client": 0.003551769256591797,
      "server_aggregation_time": 0.01517033576965332,
      "internal_aggregation_time": 0.013121604919433594,
      "evaluation_time": 0.013377666473388672,
      "clients_processed": 20
    }
  ],
  "final_statistics": {
    "final_accuracy": 0.93375,
    "best_accuracy": 0.9355,
    "total_time": 4.548521518707275,
    "avg_round_time": 0.15191198587417604,
    "avg_client_training_time": 0.038995790481567386,
    "avg_edge_encryption_wall_time": 0.08452997207641602,
    "avg_pure_encryption_time": 0.07566032409667969,
    "avg_encryption_per_client": 0.0037830162048339846,
    "avg_server_aggregation_time": 0.01595395803451538,
    "avg_internal_aggregation_time": 0.012856709957122802,
    "avg_evaluation_time": 0.011468231678009033
  },
  "timing_statistics": {
    "total_client_training_time": 0.7799158096313477,
    "total_edge_encryption_wall_time": 1.6905994415283203,
    "total_pure_encryption_time": 1.5132064819335938,
    "total_server_aggregation_time": 0.3190791606903076,
    "total_internal_aggregation_time": 0.25713419914245605,
    "total_evaluation_time": 0.22936463356018066,
    "total_time": 4.548521518707275,
    "avg_round_time": 0.15191198587417604,
    "avg_client_training_time": 0.038995790481567386,
    "avg_edge_encryption_wall_time": 0.08452997207641602,
    "avg_pure_encryption_time": 0.07566032409667969,
    "avg_encryption_per_client": 0.0037830162048339846,
    "avg_server_aggregation_time": 0.01595395803451538,
    "avg_internal_aggregation_time": 0.012856709957122802,
    "avg_evaluation_time": 0.011468231678009033
  },
  "architecture": {
    "clients": 20,
    "edge_devices": 20,
    "cloud_servers": 1,
    "data_flow": "Client \u2192 Edge \u2192 Cloud \u2192 Edge \u2192 Client"
  }
}