{
  "pipeline_type": "edge_device_fl",
  "configuration": {
    "rounds": 20,
    "clients": 10,
    "patience": 999
  },
  "results": [
    {
      "round": 1,
      "accuracy": 0.917,
      "f1_score": 0.9004796163069544,
      "precision": 0.8189749182115594,
      "recall": 1.0,
      "roc_auc": 0.9999936034046946,
      "pr_auc": 0.99998942035348,
      "mae": 0.49999999999896033,
      "rmse": 0.4999999999989603,
      "ece": 0.4169999999989378,
      "mce": 0.4999999999989847,
      "round_time": 0.0901029109954834,
      "client_training_time": 0.017356157302856445,
      "edge_encryption_wall_time": 0.04936861991882324,
      "total_pure_encryption_time": 0.04401659965515137,
      "avg_encryption_per_client": 0.004401659965515137,
      "server_aggregation_time": 0.008623838424682617,
      "internal_aggregation_time": 0.005979776382446289,
      "evaluation_time": 0.012533426284790039,
      "clients_processed": 10
    },
    {
      "round": 2,
      "accuracy": 0.916,
      "f1_score": 0.8994011976047904,
      "precision": 0.8171926006528836,
      "recall": 1.0,
      "roc_auc": 0.9999957356031297,
      "pr_auc": 0.9999929289776783,
      "mae": 0.4999999999989641,
      "rmse": 0.4999999999989641,
      "ece": 0.41599999999894144,
      "mce": 0.4999999999989866,
      "round_time": 0.08905482292175293,
      "client_training_time": 0.022074460983276367,
      "edge_encryption_wall_time": 0.04312920570373535,
      "total_pure_encryption_time": 0.03866457939147949,
      "avg_encryption_per_client": 0.0038664579391479493,
      "server_aggregation_time": 0.011543035507202148,
      "internal_aggregation_time": 0.01014399528503418,
      "evaluation_time": 0.010165691375732422,
      "clients_processed": 10
    },
    {
      "round": 3,
      "accuracy": 0.917,
      "f1_score": 0.9004796163069544,
      "precision": 0.8189749182115594,
      "recall": 1.0,
      "roc_auc": 0.9999946695039121,
      "pr_auc": 0.999991172341987,
      "mae": 0.4999999999989607,
      "rmse": 0.4999999999989607,
      "ece": 0.41699999999893816,
      "mce": 0.4999999999989866,
      "round_time": 0.07729792594909668,
      "client_training_time": 0.014322042465209961,
      "edge_encryption_wall_time": 0.04417753219604492,
      "total_pure_encryption_time": 0.04107499122619629,
      "avg_encryption_per_client": 0.0041074991226196286,
      "server_aggregation_time": 0.011995792388916016,
      "internal_aggregation_time": 0.009632587432861328,
      "evaluation_time": 0.006802558898925781,
      "clients_processed": 10
    },
    {
      "round": 4,
      "accuracy": 0.919,
      "f1_score": 0.9026442307692307,
      "precision": 0.8225629791894852,
      "recall": 1.0,
      "roc_auc": 0.9999946695039121,
      "pr_auc": 0.999991172341987,
      "mae": 0.49999999999895955,
      "rmse": 0.4999999999989595,
      "ece": 0.4189999999989372,
      "mce": 0.4999999999989882,
      "round_time": 0.08017158508300781,
      "client_training_time": 0.017528295516967773,
      "edge_encryption_wall_time": 0.042793989181518555,
      "total_pure_encryption_time": 0.04065895080566406,
      "avg_encryption_per_client": 0.004065895080566406,
      "server_aggregation_time": 0.01153254508972168,
      "internal_aggregation_time": 0.008376359939575195,
      "evaluation_time": 0.007268190383911133,
      "clients_processed": 10
    },
    {
      "round": 5,
      "accuracy": 0.915,
      "f1_score": 0.8983253588516746,
      "precision": 0.8154180238870793,
      "recall": 1.0,
      "roc_auc": 0.9999914712062592,
      "pr_auc": 0.9999859302444489,
      "mae": 0.4999999999989583,
      "rmse": 0.4999999999989582,
      "ece": 0.41499999999893566,
      "mce": 0.49999999999897954,
      "round_time": 0.08577299118041992,
      "client_training_time": 0.019203901290893555,
      "edge_encryption_wall_time": 0.04629111289978027,
      "total_pure_encryption_time": 0.03883790969848633,
      "avg_encryption_per_client": 0.0038837909698486326,
      "server_aggregation_time": 0.010804176330566406,
      "internal_aggregation_time": 0.0062673091888427734,
      "evaluation_time": 0.009473800659179688,
      "clients_processed": 10
    },
    {
      "round": 6,
      "accuracy": 0.916,
      "f1_score": 0.8994011976047904,
      "precision": 0.8171926006528836,
      "recall": 1.0,
      "roc_auc": 0.9999925373054769,
      "pr_auc": 0.9999876729937407,
      "mae": 0.4999999999989596,
      "rmse": 0.49999999999895955,
      "ece": 0.4159999999989364,
      "mce": 0.49999999999898237,
      "round_time": 0.08434867858886719,
      "client_training_time": 0.01727771759033203,
      "edge_encryption_wall_time": 0.045752525329589844,
      "total_pure_encryption_time": 0.03733491897583008,
      "avg_encryption_per_client": 0.0037334918975830077,
      "server_aggregation_time": 0.012429475784301758,
      "internal_aggregation_time": 0.01021718978881836,
      "evaluation_time": 0.008705377578735352,
      "clients_processed": 10
    },
    {
      "round": 7,
      "accuracy": 0.9145,
      "f1_score": 0.8977884040645547,
      "precision": 0.8145336225596529,
      "recall": 1.0,
      "roc_auc": 0.9999914712062593,
      "pr_auc": 0.9999859302444492,
      "mae": 0.49999999999896205,
      "rmse": 0.49999999999896205,
      "ece": 0.41449999999893916,
      "mce": 0.4999999999989823,
      "round_time": 0.09692811965942383,
      "client_training_time": 0.0198974609375,
      "edge_encryption_wall_time": 0.05892229080200195,
      "total_pure_encryption_time": 0.054306983947753906,
      "avg_encryption_per_client": 0.005430698394775391,
      "server_aggregation_time": 0.010732650756835938,
      "internal_aggregation_time": 0.006356716156005859,
      "evaluation_time": 0.0073757171630859375,
      "clients_processed": 10
    },
    {
      "round": 8,
      "accuracy": 0.917,
      "f1_score": 0.9004796163069544,
      "precision": 0.8189749182115594,
      "recall": 1.0,
      "roc_auc": 0.9999936034046946,
      "pr_auc": 0.99998942035348,
      "mae": 0.4999999999989567,
      "rmse": 0.49999999999895667,
      "ece": 0.41699999999893383,
      "mce": 0.49999999999898237,
      "round_time": 0.08127331733703613,
      "client_training_time": 0.017976999282836914,
      "edge_encryption_wall_time": 0.04368138313293457,
      "total_pure_encryption_time": 0.03752899169921875,
      "avg_encryption_per_client": 0.003752899169921875,
      "server_aggregation_time": 0.008065223693847656,
      "internal_aggregation_time": 0.005712270736694336,
      "evaluation_time": 0.010477781295776367,
      "clients_processed": 10
    },
    {
      "round": 9,
      "accuracy": 0.9155,
      "f1_score": 0.8988629563135847,
      "precision": 0.816304347826087,
      "recall": 1.0,
      "roc_auc": 0.9999904051070416,
      "pr_auc": 0.9999841920873822,
      "mae": 0.4999999999989609,
      "rmse": 0.49999999999896083,
      "ece": 0.41549999999893816,
      "mce": 0.4999999999989826,
      "round_time": 0.07879948616027832,
      "client_training_time": 0.017627954483032227,
      "edge_encryption_wall_time": 0.04237556457519531,
      "total_pure_encryption_time": 0.03819870948791504,
      "avg_encryption_per_client": 0.003819870948791504,
      "server_aggregation_time": 0.007791996002197266,
      "internal_aggregation_time": 0.005751371383666992,
      "evaluation_time": 0.009909391403198242,
      "clients_processed": 10
    },
    {
      "round": 10,
      "accuracy": 0.9145,
      "f1_score": 0.8977884040645547,
      "precision": 0.8145336225596529,
      "recall": 1.0,
      "roc_auc": 0.9999914712062593,
      "pr_auc": 0.9999859302444489,
      "mae": 0.49999999999895933,
      "rmse": 0.4999999999989593,
      "ece": 0.41449999999893605,
      "mce": 0.49999999999897915,
      "round_time": 0.08574056625366211,
      "client_training_time": 0.017684221267700195,
      "edge_encryption_wall_time": 0.04037904739379883,
      "total_pure_encryption_time": 0.03619790077209473,
      "avg_encryption_per_client": 0.0036197900772094727,
      "server_aggregation_time": 0.01093149185180664,
      "internal_aggregation_time": 0.007876157760620117,
      "evaluation_time": 0.015738964080810547,
      "clients_processed": 10
    },
    {
      "round": 11,
      "accuracy": 0.9155,
      "f1_score": 0.8988629563135847,
      "precision": 0.816304347826087,
      "recall": 1.0,
      "roc_auc": 0.9999936034046945,
      "pr_auc": 0.99998942035348,
      "mae": 0.4999999999989586,
      "rmse": 0.49999999999895867,
      "ece": 0.4154999999989357,
      "mce": 0.4999999999989814,
      "round_time": 0.11716222763061523,
      "client_training_time": 0.020313739776611328,
      "edge_encryption_wall_time": 0.056574344635009766,
      "total_pure_encryption_time": 0.05250954627990723,
      "avg_encryption_per_client": 0.005250954627990722,
      "server_aggregation_time": 0.0211484432220459,
      "internal_aggregation_time": 0.014930009841918945,
      "evaluation_time": 0.01700901985168457,
      "clients_processed": 10
    },
    {
      "round": 12,
      "accuracy": 0.918,
      "f1_score": 0.9015606242496998,
      "precision": 0.8207650273224044,
      "recall": 1.0,
      "roc_auc": 0.9999957356031297,
      "pr_auc": 0.9999929289776783,
      "mae": 0.49999999999896205,
      "rmse": 0.499999999998962,
      "ece": 0.41799999999893966,
      "mce": 0.4999999999989879,
      "round_time": 0.12134289741516113,
      "client_training_time": 0.039881229400634766,
      "edge_encryption_wall_time": 0.06073617935180664,
      "total_pure_encryption_time": 0.05814862251281738,
      "avg_encryption_per_client": 0.005814862251281738,
      "server_aggregation_time": 0.010802745819091797,
      "internal_aggregation_time": 0.00649571418762207,
      "evaluation_time": 0.008909940719604492,
      "clients_processed": 10
    },
    {
      "round": 13,
      "accuracy": 0.9165,
      "f1_score": 0.8999400838825644,
      "precision": 0.818082788671024,
      "recall": 1.0,
      "roc_auc": 0.9999957356031296,
      "pr_auc": 0.9999929289776783,
      "mae": 0.4999999999989626,
      "rmse": 0.4999999999989626,
      "ece": 0.4164999999989397,
      "mce": 0.49999999999898614,
      "round_time": 0.1618349552154541,
      "client_training_time": 0.036962270736694336,
      "edge_encryption_wall_time": 0.09139585494995117,
      "total_pure_encryption_time": 0.07445144653320312,
      "avg_encryption_per_client": 0.007445144653320313,
      "server_aggregation_time": 0.014153718948364258,
      "internal_aggregation_time": 0.007184028625488281,
      "evaluation_time": 0.01574420928955078,
      "clients_processed": 10
    },
    {
      "round": 14,
      "accuracy": 0.918,
      "f1_score": 0.9015606242496998,
      "precision": 0.8207650273224044,
      "recall": 1.0,
      "roc_auc": 0.9999936034046945,
      "pr_auc": 0.99998942035348,
      "mae": 0.4999999999989599,
      "rmse": 0.49999999999895994,
      "ece": 0.41799999999893767,
      "mce": 0.49999999999898564,
      "round_time": 0.13361406326293945,
      "client_training_time": 0.03768157958984375,
      "edge_encryption_wall_time": 0.059355974197387695,
      "total_pure_encryption_time": 0.0519099235534668,
      "avg_encryption_per_client": 0.005190992355346679,
      "server_aggregation_time": 0.020919084548950195,
      "internal_aggregation_time": 0.01764369010925293,
      "evaluation_time": 0.013456583023071289,
      "clients_processed": 10
    },
    {
      "round": 15,
      "accuracy": 0.9155,
      "f1_score": 0.8988629563135847,
      "precision": 0.816304347826087,
      "recall": 1.0,
      "roc_auc": 0.9999936034046946,
      "pr_auc": 0.99998942035348,
      "mae": 0.4999999999989611,
      "rmse": 0.49999999999896105,
      "ece": 0.41549999999893783,
      "mce": 0.4999999999989829,
      "round_time": 0.08199930191040039,
      "client_training_time": 0.01837158203125,
      "edge_encryption_wall_time": 0.043527841567993164,
      "total_pure_encryption_time": 0.03813934326171875,
      "avg_encryption_per_client": 0.003813934326171875,
      "server_aggregation_time": 0.006921291351318359,
      "internal_aggregation_time": 0.005889415740966797,
      "evaluation_time": 0.01096343994140625,
      "clients_processed": 10
    },
    {
      "round": 16,
      "accuracy": 0.915,
      "f1_score": 0.8983253588516746,
      "precision": 0.8154180238870793,
      "recall": 1.0,
      "roc_auc": 0.9999914712062592,
      "pr_auc": 0.9999859302444489,
      "mae": 0.4999999999989614,
      "rmse": 0.4999999999989614,
      "ece": 0.414999999998938,
      "mce": 0.49999999999898315,
      "round_time": 0.08408427238464355,
      "client_training_time": 0.017646312713623047,
      "edge_encryption_wall_time": 0.04719424247741699,
      "total_pure_encryption_time": 0.04004716873168945,
      "avg_encryption_per_client": 0.004004716873168945,
      "server_aggregation_time": 0.006973743438720703,
      "internal_aggregation_time": 0.005507707595825195,
      "evaluation_time": 0.01122140884399414,
      "clients_processed": 10
    },
    {
      "round": 17,
      "accuracy": 0.9155,
      "f1_score": 0.8988629563135847,
      "precision": 0.816304347826087,
      "recall": 1.0,
      "roc_auc": 0.9999914712062593,
      "pr_auc": 0.9999859302444492,
      "mae": 0.49999999999896033,
      "rmse": 0.49999999999896033,
      "ece": 0.4154999999989373,
      "mce": 0.4999999999989828,
      "round_time": 0.08083415031433105,
      "client_training_time": 0.01878499984741211,
      "edge_encryption_wall_time": 0.0432279109954834,
      "total_pure_encryption_time": 0.04221987724304199,
      "avg_encryption_per_client": 0.004221987724304199,
      "server_aggregation_time": 0.0074596405029296875,
      "internal_aggregation_time": 0.005163431167602539,
      "evaluation_time": 0.009277820587158203,
      "clients_processed": 10
    },
    {
      "round": 18,
      "accuracy": 0.9155,
      "f1_score": 0.8988629563135847,
      "precision": 0.816304347826087,
      "recall": 1.0,
      "roc_auc": 0.9999925373054768,
      "pr_auc": 0.9999876729937406,
      "mae": 0.4999999999989602,
      "rmse": 0.4999999999989602,
      "ece": 0.4154999999989373,
      "mce": 0.4999999999989826,
      "round_time": 0.08364343643188477,
      "client_training_time": 0.0179135799407959,
      "edge_encryption_wall_time": 0.043953895568847656,
      "total_pure_encryption_time": 0.04066205024719238,
      "avg_encryption_per_client": 0.004066205024719239,
      "server_aggregation_time": 0.008942842483520508,
      "internal_aggregation_time": 0.00738215446472168,
      "evaluation_time": 0.011771678924560547,
      "clients_processed": 10
    },
    {
      "round": 19,
      "accuracy": 0.9155,
      "f1_score": 0.8988629563135847,
      "precision": 0.816304347826087,
      "recall": 1.0,
      "roc_auc": 0.9999925373054768,
      "pr_auc": 0.9999876729937406,
      "mae": 0.49999999999895955,
      "rmse": 0.4999999999989595,
      "ece": 0.4154999999989366,
      "mce": 0.4999999999989821,
      "round_time": 0.07964658737182617,
      "client_training_time": 0.01770305633544922,
      "edge_encryption_wall_time": 0.04152369499206543,
      "total_pure_encryption_time": 0.03620409965515137,
      "avg_encryption_per_client": 0.003620409965515137,
      "server_aggregation_time": 0.008146524429321289,
      "internal_aggregation_time": 0.006129264831542969,
      "evaluation_time": 0.010590553283691406,
      "clients_processed": 10
    },
    {
      "round": 20,
      "accuracy": 0.9175,
      "f1_score": 0.9010197960407919,
      "precision": 0.8198689956331878,
      "recall": 1.0,
      "roc_auc": 0.9999936034046945,
      "pr_auc": 0.99998942035348,
      "mae": 0.49999999999896244,
      "rmse": 0.49999999999896244,
      "ece": 0.41749999999893994,
      "mce": 0.49999999999898753,
      "round_time": 0.08591723442077637,
      "client_training_time": 0.017487049102783203,
      "edge_encryption_wall_time": 0.04868459701538086,
      "total_pure_encryption_time": 0.046642303466796875,
      "avg_encryption_per_client": 0.004664230346679688,
      "server_aggregation_time": 0.00951242446899414,
      "internal_aggregation_time": 0.007467508316040039,
      "evaluation_time": 0.010233163833618164,
      "clients_processed": 10
    }
  ],
  "final_statistics": {
    "final_accuracy": 0.9175,
    "best_accuracy": 0.919,
    "total_time": 3.1924095153808594,
    "avg_round_time": 0.09397847652435302,
    "avg_client_training_time": 0.021184730529785156,
    "avg_edge_encryption_wall_time": 0.04965229034423828,
    "avg_pure_encryption_time": 0.04438774585723877,
    "avg_encryption_per_client": 0.004438774585723877,
    "avg_server_aggregation_time": 0.010971534252166747,
    "avg_internal_aggregation_time": 0.008005332946777344,
    "avg_evaluation_time": 0.010881435871124268
  },
  "timing_statistics": {
    "total_client_training_time": 0.4236946105957031,
    "total_edge_encryption_wall_time": 0.9930458068847656,
    "total_pure_encryption_time": 0.8877549171447754,
    "total_server_aggregation_time": 0.21943068504333496,
    "total_internal_aggregation_time": 0.16010665893554688,
    "total_evaluation_time": 0.21762871742248535,
    "total_time": 3.1924095153808594,
    "avg_round_time": 0.09397847652435302,
    "avg_client_training_time": 0.021184730529785156,
    "avg_edge_encryption_wall_time": 0.04965229034423828,
    "avg_pure_encryption_time": 0.04438774585723877,
    "avg_encryption_per_client": 0.004438774585723877,
    "avg_server_aggregation_time": 0.010971534252166747,
    "avg_internal_aggregation_time": 0.008005332946777344,
    "avg_evaluation_time": 0.010881435871124268
  },
  "architecture": {
    "clients": 10,
    "edge_devices": 10,
    "cloud_servers": 1,
    "data_flow": "Client \u2192 Edge \u2192 Cloud \u2192 Edge \u2192 Client"
  }
}