{
  "pipeline_type": "edge_device_fl",
  "configuration": {
    "rounds": 60,
    "clients": 20,
    "patience": 999
  },
  "results": [
    {
      "round": 1,
      "accuracy": 0.933,
      "f1_score": 0.9259668508287293,
      "precision": 0.8621399176954733,
      "recall": 1.0,
      "roc_auc": 0.9999566113071447,
      "pr_auc": 0.9999419319750213,
      "mae": 0.49999999999897,
      "rmse": 0.49999999999897005,
      "ece": 0.4329999999989569,
      "mce": 0.49999999999896955,
      "round_time": 0.1893765926361084,
      "client_training_time": 0.04294896125793457,
      "edge_encryption_wall_time": 0.10547232627868652,
      "total_pure_encryption_time": 0.09894967079162598,
      "avg_encryption_per_client": 0.004947483539581299,
      "server_aggregation_time": 0.016735315322875977,
      "internal_aggregation_time": 0.014240026473999023,
      "evaluation_time": 0.020521163940429688,
      "clients_processed": 20
    },
    {
      "round": 2,
      "accuracy": 0.9335,
      "f1_score": 0.9264787175234936,
      "precision": 0.86302780638517,
      "recall": 1.0,
      "roc_auc": 0.9999554559869207,
      "pr_auc": 0.9999401728082862,
      "mae": 0.4999999999989703,
      "rmse": 0.4999999999989703,
      "ece": 0.43349999999895744,
      "mce": 0.4999999999989703,
      "round_time": 0.17940044403076172,
      "client_training_time": 0.04160189628601074,
      "edge_encryption_wall_time": 0.11316704750061035,
      "total_pure_encryption_time": 0.10755300521850586,
      "avg_encryption_per_client": 0.005377650260925293,
      "server_aggregation_time": 0.014327526092529297,
      "internal_aggregation_time": 0.013107538223266602,
      "evaluation_time": 0.009264469146728516,
      "clients_processed": 20
    },
    {
      "round": 3,
      "accuracy": 0.93425,
      "f1_score": 0.9272475795297372,
      "precision": 0.8643630737493554,
      "recall": 1.0,
      "roc_auc": 0.9999523751329902,
      "pr_auc": 0.9999361636987463,
      "mae": 0.49999999999897216,
      "rmse": 0.4999999999989721,
      "ece": 0.43424999999895925,
      "mce": 0.49999999999897277,
      "round_time": 0.15778350830078125,
      "client_training_time": 0.03317880630493164,
      "edge_encryption_wall_time": 0.09264183044433594,
      "total_pure_encryption_time": 0.08388733863830566,
      "avg_encryption_per_client": 0.004194366931915283,
      "server_aggregation_time": 0.017272233963012695,
      "internal_aggregation_time": 0.015246391296386719,
      "evaluation_time": 0.013396263122558594,
      "clients_processed": 20
    },
    {
      "round": 4,
      "accuracy": 0.933,
      "f1_score": 0.9259668508287293,
      "precision": 0.8621399176954733,
      "recall": 1.0,
      "roc_auc": 0.9999543006666968,
      "pr_auc": 0.9999386908505324,
      "mae": 0.4999999999989714,
      "rmse": 0.4999999999989713,
      "ece": 0.4329999999989585,
      "mce": 0.4999999999989706,
      "round_time": 0.19235968589782715,
      "client_training_time": 0.04845619201660156,
      "edge_encryption_wall_time": 0.10437440872192383,
      "total_pure_encryption_time": 0.09031844139099121,
      "avg_encryption_per_client": 0.004515922069549561,
      "server_aggregation_time": 0.018519878387451172,
      "internal_aggregation_time": 0.014842987060546875,
      "evaluation_time": 0.020012855529785156,
      "clients_processed": 20
    },
    {
      "round": 5,
      "accuracy": 0.933,
      "f1_score": 0.9259668508287293,
      "precision": 0.8621399176954733,
      "recall": 1.0,
      "roc_auc": 0.9999566113071447,
      "pr_auc": 0.99994175394054,
      "mae": 0.49999999999897105,
      "rmse": 0.499999999998971,
      "ece": 0.4329999999989579,
      "mce": 0.4999999999989705,
      "round_time": 0.1795792579650879,
      "client_training_time": 0.06553888320922852,
      "edge_encryption_wall_time": 0.08685564994812012,
      "total_pure_encryption_time": 0.07744741439819336,
      "avg_encryption_per_client": 0.003872370719909668,
      "server_aggregation_time": 0.014928817749023438,
      "internal_aggregation_time": 0.012539863586425781,
      "evaluation_time": 0.011204004287719727,
      "clients_processed": 20
    },
    {
      "round": 6,
      "accuracy": 0.9325,
      "f1_score": 0.9254555494202098,
      "precision": 0.8612538540596094,
      "recall": 1.0,
      "roc_auc": 0.9999591786854202,
      "pr_auc": 0.9999451731848884,
      "mae": 0.499999999998971,
      "rmse": 0.499999999998971,
      "ece": 0.4327499999989579,
      "mce": 0.4999999999989712,
      "round_time": 0.16881060600280762,
      "client_training_time": 0.05148935317993164,
      "edge_encryption_wall_time": 0.08393311500549316,
      "total_pure_encryption_time": 0.07403230667114258,
      "avg_encryption_per_client": 0.003701615333557129,
      "server_aggregation_time": 0.019312620162963867,
      "internal_aggregation_time": 0.014733552932739258,
      "evaluation_time": 0.014075517654418945,
      "clients_processed": 20
    },
    {
      "round": 7,
      "accuracy": 0.93325,
      "f1_score": 0.926222713456756,
      "precision": 0.8625836335563561,
      "recall": 1.0,
      "roc_auc": 0.9999509630749387,
      "pr_auc": 0.9999345068065144,
      "mae": 0.4999999999989718,
      "rmse": 0.4999999999989718,
      "ece": 0.4332499999989585,
      "mce": 0.49999999999897154,
      "round_time": 0.1884772777557373,
      "client_training_time": 0.049787282943725586,
      "edge_encryption_wall_time": 0.10848546028137207,
      "total_pure_encryption_time": 0.10204863548278809,
      "avg_encryption_per_client": 0.005102431774139405,
      "server_aggregation_time": 0.01613306999206543,
      "internal_aggregation_time": 0.013903617858886719,
      "evaluation_time": 0.013022422790527344,
      "clients_processed": 20
    },
    {
      "round": 8,
      "accuracy": 0.9335,
      "f1_score": 0.9264787175234936,
      "precision": 0.86302780638517,
      "recall": 1.0,
      "roc_auc": 0.9999594354232477,
      "pr_auc": 0.9999455208321543,
      "mae": 0.49999999999897193,
      "rmse": 0.49999999999897193,
      "ece": 0.43349999999895883,
      "mce": 0.49999999999897193,
      "round_time": 0.17462658882141113,
      "client_training_time": 0.05332660675048828,
      "edge_encryption_wall_time": 0.09263157844543457,
      "total_pure_encryption_time": 0.08430194854736328,
      "avg_encryption_per_client": 0.004215097427368164,
      "server_aggregation_time": 0.015510320663452148,
      "internal_aggregation_time": 0.010921239852905273,
      "evaluation_time": 0.012142419815063477,
      "clients_processed": 20
    },
    {
      "round": 9,
      "accuracy": 0.933,
      "f1_score": 0.9259668508287293,
      "precision": 0.8621399176954733,
      "recall": 1.0,
      "roc_auc": 0.9999568680449723,
      "pr_auc": 0.9999421998985664,
      "mae": 0.4999999999989708,
      "rmse": 0.4999999999989708,
      "ece": 0.4329999999989579,
      "mce": 0.49999999999897016,
      "round_time": 0.1483607292175293,
      "client_training_time": 0.03949403762817383,
      "edge_encryption_wall_time": 0.08234786987304688,
      "total_pure_encryption_time": 0.07113242149353027,
      "avg_encryption_per_client": 0.0035566210746765135,
      "server_aggregation_time": 0.01388096809387207,
      "internal_aggregation_time": 0.011842966079711914,
      "evaluation_time": 0.011604547500610352,
      "clients_processed": 20
    },
    {
      "round": 10,
      "accuracy": 0.934,
      "f1_score": 0.9269911504424779,
      "precision": 0.8639175257731959,
      "recall": 1.0,
      "roc_auc": 0.9999507063371111,
      "pr_auc": 0.9999341605091177,
      "mae": 0.4999999999989702,
      "rmse": 0.4999999999989702,
      "ece": 0.43424999999895736,
      "mce": 0.49999999999897204,
      "round_time": 0.16912627220153809,
      "client_training_time": 0.05470156669616699,
      "edge_encryption_wall_time": 0.08110713958740234,
      "total_pure_encryption_time": 0.07548069953918457,
      "avg_encryption_per_client": 0.0037740349769592287,
      "server_aggregation_time": 0.018476009368896484,
      "internal_aggregation_time": 0.013803720474243164,
      "evaluation_time": 0.013808012008666992,
      "clients_processed": 20
    },
    {
      "round": 11,
      "accuracy": 0.93225,
      "f1_score": 0.9252001104057411,
      "precision": 0.8608115048793015,
      "recall": 1.0,
      "roc_auc": 0.9999540439288692,
      "pr_auc": 0.9999384511283277,
      "mae": 0.4999999999989701,
      "rmse": 0.4999999999989701,
      "ece": 0.43249999999895683,
      "mce": 0.4999999999989696,
      "round_time": 0.2756009101867676,
      "client_training_time": 0.04897356033325195,
      "edge_encryption_wall_time": 0.11113476753234863,
      "total_pure_encryption_time": 0.10008597373962402,
      "avg_encryption_per_client": 0.005004298686981201,
      "server_aggregation_time": 0.07567954063415527,
      "internal_aggregation_time": 0.07014036178588867,
      "evaluation_time": 0.037808895111083984,
      "clients_processed": 20
    },
    {
      "round": 12,
      "accuracy": 0.934,
      "f1_score": 0.9269911504424779,
      "precision": 0.8639175257731959,
      "recall": 1.0,
      "roc_auc": 0.9999499361236285,
      "pr_auc": 0.9999332808779914,
      "mae": 0.4999999999989731,
      "rmse": 0.49999999999897315,
      "ece": 0.43424999999896025,
      "mce": 0.49999999999897465,
      "round_time": 0.21123909950256348,
      "client_training_time": 0.07316422462463379,
      "edge_encryption_wall_time": 0.10506463050842285,
      "total_pure_encryption_time": 0.09416842460632324,
      "avg_encryption_per_client": 0.004708421230316162,
      "server_aggregation_time": 0.015442371368408203,
      "internal_aggregation_time": 0.012189388275146484,
      "evaluation_time": 0.015398979187011719,
      "clients_processed": 20
    },
    {
      "round": 13,
      "accuracy": 0.9355,
      "f1_score": 0.9285318559556787,
      "precision": 0.8665977249224406,
      "recall": 1.0,
      "roc_auc": 0.9999526318708177,
      "pr_auc": 0.9999366076610643,
      "mae": 0.4999999999989682,
      "rmse": 0.4999999999989682,
      "ece": 0.4354999999989553,
      "mce": 0.49999999999897166,
      "round_time": 0.1647200584411621,
      "client_training_time": 0.04585671424865723,
      "edge_encryption_wall_time": 0.09230470657348633,
      "total_pure_encryption_time": 0.08537411689758301,
      "avg_encryption_per_client": 0.00426870584487915,
      "server_aggregation_time": 0.01540684700012207,
      "internal_aggregation_time": 0.013281106948852539,
      "evaluation_time": 0.011151790618896484,
      "clients_processed": 20
    },
    {
      "round": 14,
      "accuracy": 0.934,
      "f1_score": 0.9269911504424779,
      "precision": 0.8639175257731959,
      "recall": 1.0,
      "roc_auc": 0.9999555843558345,
      "pr_auc": 0.9999405308764908,
      "mae": 0.4999999999989703,
      "rmse": 0.4999999999989704,
      "ece": 0.4339999999989575,
      "mce": 0.49999999999897154,
      "round_time": 0.15500831604003906,
      "client_training_time": 0.047913551330566406,
      "edge_encryption_wall_time": 0.08076024055480957,
      "total_pure_encryption_time": 0.0702977180480957,
      "avg_encryption_per_client": 0.003514885902404785,
      "server_aggregation_time": 0.013892889022827148,
      "internal_aggregation_time": 0.012884855270385742,
      "evaluation_time": 0.010319948196411133,
      "clients_processed": 20
    },
    {
      "round": 15,
      "accuracy": 0.9335,
      "f1_score": 0.9264787175234936,
      "precision": 0.86302780638517,
      "recall": 1.0,
      "roc_auc": 0.9999581517341101,
      "pr_auc": 0.999943796645219,
      "mae": 0.49999999999897193,
      "rmse": 0.49999999999897193,
      "ece": 0.4334999999989591,
      "mce": 0.4999999999989715,
      "round_time": 0.1806473731994629,
      "client_training_time": 0.03588080406188965,
      "edge_encryption_wall_time": 0.11322951316833496,
      "total_pure_encryption_time": 0.10371804237365723,
      "avg_encryption_per_client": 0.005185902118682861,
      "server_aggregation_time": 0.019572973251342773,
      "internal_aggregation_time": 0.017534732818603516,
      "evaluation_time": 0.010929346084594727,
      "clients_processed": 20
    },
    {
      "round": 16,
      "accuracy": 0.93275,
      "f1_score": 0.9257111295222314,
      "precision": 0.8616966580976864,
      "recall": 1.0,
      "roc_auc": 0.9999532737153867,
      "pr_auc": 0.9999375310513561,
      "mae": 0.49999999999897166,
      "rmse": 0.49999999999897166,
      "ece": 0.4327499999989587,
      "mce": 0.49999999999897055,
      "round_time": 0.15398740768432617,
      "client_training_time": 0.03619647026062012,
      "edge_encryption_wall_time": 0.09001779556274414,
      "total_pure_encryption_time": 0.07884049415588379,
      "avg_encryption_per_client": 0.003942024707794189,
      "server_aggregation_time": 0.014816045761108398,
      "internal_aggregation_time": 0.013420343399047852,
      "evaluation_time": 0.011934041976928711,
      "clients_processed": 20
    },
    {
      "round": 17,
      "accuracy": 0.93375,
      "f1_score": 0.9267348631462538,
      "precision": 0.863472436888202,
      "recall": 1.0,
      "roc_auc": 0.9999532737153866,
      "pr_auc": 0.9999374924885677,
      "mae": 0.49999999999897,
      "rmse": 0.49999999999896994,
      "ece": 0.43374999999895686,
      "mce": 0.4999999999989706,
      "round_time": 0.16907835006713867,
      "client_training_time": 0.03469061851501465,
      "edge_encryption_wall_time": 0.10486960411071777,
      "total_pure_encryption_time": 0.09827733039855957,
      "avg_encryption_per_client": 0.0049138665199279785,
      "server_aggregation_time": 0.01576089859008789,
      "internal_aggregation_time": 0.012642860412597656,
      "evaluation_time": 0.01270437240600586,
      "clients_processed": 20
    },
    {
      "round": 18,
      "accuracy": 0.9335,
      "f1_score": 0.9264787175234936,
      "precision": 0.86302780638517,
      "recall": 1.0,
      "roc_auc": 0.9999545574045243,
      "pr_auc": 0.9999390710704203,
      "mae": 0.4999999999989727,
      "rmse": 0.4999999999989727,
      "ece": 0.43349999999895983,
      "mce": 0.49999999999897204,
      "round_time": 0.17707300186157227,
      "client_training_time": 0.05046272277832031,
      "edge_encryption_wall_time": 0.09605598449707031,
      "total_pure_encryption_time": 0.08941912651062012,
      "avg_encryption_per_client": 0.004470956325531006,
      "server_aggregation_time": 0.01797199249267578,
      "internal_aggregation_time": 0.01449728012084961,
      "evaluation_time": 0.011532306671142578,
      "clients_processed": 20
    },
    {
      "round": 19,
      "accuracy": 0.93325,
      "f1_score": 0.926222713456756,
      "precision": 0.8625836335563561,
      "recall": 1.0,
      "roc_auc": 0.9999576382584549,
      "pr_auc": 0.9999431935154917,
      "mae": 0.49999999999897055,
      "rmse": 0.4999999999989706,
      "ece": 0.43324999999895747,
      "mce": 0.4999999999989711,
      "round_time": 0.17389559745788574,
      "client_training_time": 0.0420072078704834,
      "edge_encryption_wall_time": 0.10033297538757324,
      "total_pure_encryption_time": 0.09178471565246582,
      "avg_encryption_per_client": 0.004589235782623291,
      "server_aggregation_time": 0.018093585968017578,
      "internal_aggregation_time": 0.014409542083740234,
      "evaluation_time": 0.013461828231811523,
      "clients_processed": 20
    },
    {
      "round": 20,
      "accuracy": 0.93375,
      "f1_score": 0.9267348631462538,
      "precision": 0.863472436888202,
      "recall": 1.0,
      "roc_auc": 0.9999544290356106,
      "pr_auc": 0.99993893767448,
      "mae": 0.49999999999897093,
      "rmse": 0.49999999999897093,
      "ece": 0.4337499999989576,
      "mce": 0.4999999999989723,
      "round_time": 0.17635774612426758,
      "client_training_time": 0.050345659255981445,
      "edge_encryption_wall_time": 0.09745192527770996,
      "total_pure_encryption_time": 0.08922863006591797,
      "avg_encryption_per_client": 0.004461431503295898,
      "server_aggregation_time": 0.01490640640258789,
      "internal_aggregation_time": 0.01275181770324707,
      "evaluation_time": 0.012625455856323242,
      "clients_processed": 20
    },
    {
      "round": 21,
      "accuracy": 0.93225,
      "f1_score": 0.9252001104057411,
      "precision": 0.8608115048793015,
      "recall": 1.0,
      "roc_auc": 0.9999620028015233,
      "pr_auc": 0.9999487359780733,
      "mae": 0.49999999999897726,
      "rmse": 0.49999999999897726,
      "ece": 0.4322499999989644,
      "mce": 0.4999999999989752,
      "round_time": 0.29366540908813477,
      "client_training_time": 0.03711295127868652,
      "edge_encryption_wall_time": 0.1906750202178955,
      "total_pure_encryption_time": 0.16195011138916016,
      "avg_encryption_per_client": 0.008097505569458008,
      "server_aggregation_time": 0.038478851318359375,
      "internal_aggregation_time": 0.03349161148071289,
      "evaluation_time": 0.0194246768951416,
      "clients_processed": 20
    },
    {
      "round": 22,
      "accuracy": 0.9335,
      "f1_score": 0.9264787175234936,
      "precision": 0.86302780638517,
      "recall": 1.0,
      "roc_auc": 0.9999559694625757,
      "pr_auc": 0.9999407517393144,
      "mae": 0.49999999999897254,
      "rmse": 0.49999999999897254,
      "ece": 0.4337499999989596,
      "mce": 0.4999999999989733,
      "round_time": 0.1833353042602539,
      "client_training_time": 0.06626749038696289,
      "edge_encryption_wall_time": 0.08817934989929199,
      "total_pure_encryption_time": 0.07719564437866211,
      "avg_encryption_per_client": 0.0038597822189331056,
      "server_aggregation_time": 0.017867088317871094,
      "internal_aggregation_time": 0.011267662048339844,
      "evaluation_time": 0.01102137565612793,
      "clients_processed": 20
    },
    {
      "round": 23,
      "accuracy": 0.933,
      "f1_score": 0.9259668508287293,
      "precision": 0.8621399176954733,
      "recall": 1.0,
      "roc_auc": 0.9999555843558345,
      "pr_auc": 0.9999404974418684,
      "mae": 0.49999999999896955,
      "rmse": 0.4999999999989695,
      "ece": 0.43299999999895633,
      "mce": 0.4999999999989682,
      "round_time": 0.14940834045410156,
      "client_training_time": 0.039171457290649414,
      "edge_encryption_wall_time": 0.08561205863952637,
      "total_pure_encryption_time": 0.0772857666015625,
      "avg_encryption_per_client": 0.003864288330078125,
      "server_aggregation_time": 0.01502370834350586,
      "internal_aggregation_time": 0.012894868850708008,
      "evaluation_time": 0.008428573608398438,
      "clients_processed": 20
    },
    {
      "round": 24,
      "accuracy": 0.93325,
      "f1_score": 0.926222713456756,
      "precision": 0.8625836335563561,
      "recall": 1.0,
      "roc_auc": 0.9999578949962825,
      "pr_auc": 0.9999435081380288,
      "mae": 0.49999999999896944,
      "rmse": 0.4999999999989695,
      "ece": 0.4332499999989564,
      "mce": 0.49999999999896927,
      "round_time": 0.14332342147827148,
      "client_training_time": 0.03467702865600586,
      "edge_encryption_wall_time": 0.08362483978271484,
      "total_pure_encryption_time": 0.07696294784545898,
      "avg_encryption_per_client": 0.003848147392272949,
      "server_aggregation_time": 0.0156552791595459,
      "internal_aggregation_time": 0.01355433464050293,
      "evaluation_time": 0.009366273880004883,
      "clients_processed": 20
    },
    {
      "round": 25,
      "accuracy": 0.93225,
      "f1_score": 0.9252001104057411,
      "precision": 0.8608115048793015,
      "recall": 1.0,
      "roc_auc": 0.999955327618007,
      "pr_auc": 0.9999401691984606,
      "mae": 0.49999999999897116,
      "rmse": 0.4999999999989711,
      "ece": 0.43224999999895797,
      "mce": 0.49999999999896855,
      "round_time": 0.1387643814086914,
      "client_training_time": 0.03143811225891113,
      "edge_encryption_wall_time": 0.08311772346496582,
      "total_pure_encryption_time": 0.07750916481018066,
      "avg_encryption_per_client": 0.0038754582405090333,
      "server_aggregation_time": 0.013504981994628906,
      "internal_aggregation_time": 0.010376930236816406,
      "evaluation_time": 0.010703563690185547,
      "clients_processed": 20
    },
    {
      "round": 26,
      "accuracy": 0.9325,
      "f1_score": 0.9254555494202098,
      "precision": 0.8612538540596094,
      "recall": 1.0,
      "roc_auc": 0.999955841093662,
      "pr_auc": 0.9999404789104057,
      "mae": 0.4999999999989717,
      "rmse": 0.49999999999897166,
      "ece": 0.4324999999989586,
      "mce": 0.49999999999896916,
      "round_time": 0.25601887702941895,
      "client_training_time": 0.07138347625732422,
      "edge_encryption_wall_time": 0.13251066207885742,
      "total_pure_encryption_time": 0.10652542114257812,
      "avg_encryption_per_client": 0.005326271057128906,
      "server_aggregation_time": 0.03307151794433594,
      "internal_aggregation_time": 0.029974937438964844,
      "evaluation_time": 0.017043352127075195,
      "clients_processed": 20
    },
    {
      "round": 27,
      "accuracy": 0.93275,
      "f1_score": 0.9257111295222314,
      "precision": 0.8616966580976864,
      "recall": 1.0,
      "roc_auc": 0.9999571247827999,
      "pr_auc": 0.9999425731416067,
      "mae": 0.49999999999897016,
      "rmse": 0.49999999999897016,
      "ece": 0.4327499999989569,
      "mce": 0.499999999998969,
      "round_time": 0.1543729305267334,
      "client_training_time": 0.0409088134765625,
      "edge_encryption_wall_time": 0.0816946029663086,
      "total_pure_encryption_time": 0.07634425163269043,
      "avg_encryption_per_client": 0.0038172125816345213,
      "server_aggregation_time": 0.01343846321105957,
      "internal_aggregation_time": 0.010982751846313477,
      "evaluation_time": 0.016280174255371094,
      "clients_processed": 20
    },
    {
      "round": 28,
      "accuracy": 0.93275,
      "f1_score": 0.9257111295222314,
      "precision": 0.8616966580976864,
      "recall": 1.0,
      "roc_auc": 0.9999568680449722,
      "pr_auc": 0.9999420981749765,
      "mae": 0.4999999999989717,
      "rmse": 0.49999999999897177,
      "ece": 0.43274999999895875,
      "mce": 0.4999999999989709,
      "round_time": 0.16691994667053223,
      "client_training_time": 0.045908451080322266,
      "edge_encryption_wall_time": 0.0887448787689209,
      "total_pure_encryption_time": 0.07915925979614258,
      "avg_encryption_per_client": 0.003957962989807129,
      "server_aggregation_time": 0.01644754409790039,
      "internal_aggregation_time": 0.015439510345458984,
      "evaluation_time": 0.015819072723388672,
      "clients_processed": 20
    },
    {
      "round": 29,
      "accuracy": 0.933,
      "f1_score": 0.9259668508287293,
      "precision": 0.8621399176954733,
      "recall": 1.0,
      "roc_auc": 0.9999548141423519,
      "pr_auc": 0.999939538166054,
      "mae": 0.49999999999896877,
      "rmse": 0.4999999999989687,
      "ece": 0.4329999999989558,
      "mce": 0.49999999999896755,
      "round_time": 0.16492414474487305,
      "client_training_time": 0.04710888862609863,
      "edge_encryption_wall_time": 0.08639121055603027,
      "total_pure_encryption_time": 0.07750320434570312,
      "avg_encryption_per_client": 0.0038751602172851563,
      "server_aggregation_time": 0.01815652847290039,
      "internal_aggregation_time": 0.01594829559326172,
      "evaluation_time": 0.01326751708984375,
      "clients_processed": 20
    },
    {
      "round": 30,
      "accuracy": 0.93275,
      "f1_score": 0.9257111295222314,
      "precision": 0.8616966580976864,
      "recall": 1.0,
      "roc_auc": 0.9999595637921614,
      "pr_auc": 0.9999455081463791,
      "mae": 0.4999999999989717,
      "rmse": 0.49999999999897166,
      "ece": 0.43274999999895875,
      "mce": 0.49999999999897066,
      "round_time": 0.1582014560699463,
      "client_training_time": 0.03915286064147949,
      "edge_encryption_wall_time": 0.08412718772888184,
      "total_pure_encryption_time": 0.07317924499511719,
      "avg_encryption_per_client": 0.003658962249755859,
      "server_aggregation_time": 0.019153118133544922,
      "internal_aggregation_time": 0.012527942657470703,
      "evaluation_time": 0.012109994888305664,
      "clients_processed": 20
    },
    {
      "round": 31,
      "accuracy": 0.93375,
      "f1_score": 0.9267348631462538,
      "precision": 0.863472436888202,
      "recall": 1.0,
      "roc_auc": 0.9999509630749387,
      "pr_auc": 0.9999346455420086,
      "mae": 0.4999999999989743,
      "rmse": 0.4999999999989743,
      "ece": 0.4337499999989614,
      "mce": 0.499999999998975,
      "round_time": 0.1611006259918213,
      "client_training_time": 0.040221452713012695,
      "edge_encryption_wall_time": 0.0886082649230957,
      "total_pure_encryption_time": 0.08335638046264648,
      "avg_encryption_per_client": 0.004167819023132324,
      "server_aggregation_time": 0.018857479095458984,
      "internal_aggregation_time": 0.01300358772277832,
      "evaluation_time": 0.00994563102722168,
      "clients_processed": 20
    },
    {
      "round": 32,
      "accuracy": 0.933,
      "f1_score": 0.9259668508287293,
      "precision": 0.8621399176954733,
      "recall": 1.0,
      "roc_auc": 0.9999554559869207,
      "pr_auc": 0.9999401171414961,
      "mae": 0.49999999999897254,
      "rmse": 0.49999999999897254,
      "ece": 0.4329999999989594,
      "mce": 0.4999999999989716,
      "round_time": 0.16545605659484863,
      "client_training_time": 0.044986724853515625,
      "edge_encryption_wall_time": 0.08756637573242188,
      "total_pure_encryption_time": 0.08112096786499023,
      "avg_encryption_per_client": 0.0040560483932495115,
      "server_aggregation_time": 0.01796126365661621,
      "internal_aggregation_time": 0.015857696533203125,
      "evaluation_time": 0.014941692352294922,
      "clients_processed": 20
    },
    {
      "round": 33,
      "accuracy": 0.93275,
      "f1_score": 0.9257111295222314,
      "precision": 0.8616966580976864,
      "recall": 1.0,
      "roc_auc": 0.9999571247827999,
      "pr_auc": 0.9999424827217325,
      "mae": 0.49999999999897227,
      "rmse": 0.4999999999989722,
      "ece": 0.43274999999895924,
      "mce": 0.49999999999897066,
      "round_time": 0.1610548496246338,
      "client_training_time": 0.03996896743774414,
      "edge_encryption_wall_time": 0.09330439567565918,
      "total_pure_encryption_time": 0.08185482025146484,
      "avg_encryption_per_client": 0.004092741012573242,
      "server_aggregation_time": 0.015226364135742188,
      "internal_aggregation_time": 0.01269674301147461,
      "evaluation_time": 0.012555122375488281,
      "clients_processed": 20
    },
    {
      "round": 34,
      "accuracy": 0.9325,
      "f1_score": 0.9254555494202098,
      "precision": 0.8612538540596094,
      "recall": 1.0,
      "roc_auc": 0.9999568680449722,
      "pr_auc": 0.9999420457679149,
      "mae": 0.49999999999897426,
      "rmse": 0.49999999999897426,
      "ece": 0.4324999999989614,
      "mce": 0.49999999999897293,
      "round_time": 0.16021490097045898,
      "client_training_time": 0.036264896392822266,
      "edge_encryption_wall_time": 0.0984654426574707,
      "total_pure_encryption_time": 0.08658885955810547,
      "avg_encryption_per_client": 0.0043294429779052734,
      "server_aggregation_time": 0.015546083450317383,
      "internal_aggregation_time": 0.012914657592773438,
      "evaluation_time": 0.009938478469848633,
      "clients_processed": 20
    },
    {
      "round": 35,
      "accuracy": 0.93325,
      "f1_score": 0.926222713456756,
      "precision": 0.8625836335563561,
      "recall": 1.0,
      "roc_auc": 0.9999551992490932,
      "pr_auc": 0.9999394044180013,
      "mae": 0.4999999999989714,
      "rmse": 0.4999999999989713,
      "ece": 0.4332499999989584,
      "mce": 0.4999999999989709,
      "round_time": 0.16413092613220215,
      "client_training_time": 0.04151773452758789,
      "edge_encryption_wall_time": 0.09201383590698242,
      "total_pure_encryption_time": 0.08063292503356934,
      "avg_encryption_per_client": 0.004031646251678467,
      "server_aggregation_time": 0.018148183822631836,
      "internal_aggregation_time": 0.013497114181518555,
      "evaluation_time": 0.011443614959716797,
      "clients_processed": 20
    },
    {
      "round": 36,
      "accuracy": 0.93275,
      "f1_score": 0.9257111295222314,
      "precision": 0.8616966580976864,
      "recall": 1.0,
      "roc_auc": 0.9999589219475926,
      "pr_auc": 0.9999447741157412,
      "mae": 0.49999999999897315,
      "rmse": 0.4999999999989731,
      "ece": 0.43274999999896024,
      "mce": 0.4999999999989709,
      "round_time": 0.1611933708190918,
      "client_training_time": 0.043564558029174805,
      "edge_encryption_wall_time": 0.0867464542388916,
      "total_pure_encryption_time": 0.07939600944519043,
      "avg_encryption_per_client": 0.003969800472259521,
      "server_aggregation_time": 0.01578235626220703,
      "internal_aggregation_time": 0.013788938522338867,
      "evaluation_time": 0.01510000228881836,
      "clients_processed": 20
    },
    {
      "round": 37,
      "accuracy": 0.93275,
      "f1_score": 0.9257111295222314,
      "precision": 0.8616966580976864,
      "recall": 1.0,
      "roc_auc": 0.9999540439288692,
      "pr_auc": 0.9999385364423492,
      "mae": 0.49999999999897043,
      "rmse": 0.49999999999897043,
      "ece": 0.43274999999895725,
      "mce": 0.4999999999989692,
      "round_time": 0.16045784950256348,
      "client_training_time": 0.04036068916320801,
      "edge_encryption_wall_time": 0.09089255332946777,
      "total_pure_encryption_time": 0.08240699768066406,
      "avg_encryption_per_client": 0.004120349884033203,
      "server_aggregation_time": 0.016661405563354492,
      "internal_aggregation_time": 0.013367891311645508,
      "evaluation_time": 0.011487960815429688,
      "clients_processed": 20
    },
    {
      "round": 38,
      "accuracy": 0.93225,
      "f1_score": 0.9252001104057411,
      "precision": 0.8608115048793015,
      "recall": 1.0,
      "roc_auc": 0.9999551992490932,
      "pr_auc": 0.9999398619458149,
      "mae": 0.4999999999989723,
      "rmse": 0.4999999999989723,
      "ece": 0.4322499999989591,
      "mce": 0.49999999999897043,
      "round_time": 0.1625213623046875,
      "client_training_time": 0.04211568832397461,
      "edge_encryption_wall_time": 0.08913755416870117,
      "total_pure_encryption_time": 0.07910299301147461,
      "avg_encryption_per_client": 0.00395514965057373,
      "server_aggregation_time": 0.017408370971679688,
      "internal_aggregation_time": 0.012695550918579102,
      "evaluation_time": 0.012737035751342773,
      "clients_processed": 20
    },
    {
      "round": 39,
      "accuracy": 0.93275,
      "f1_score": 0.9257111295222314,
      "precision": 0.8616966580976864,
      "recall": 1.0,
      "roc_auc": 0.9999568680449722,
      "pr_auc": 0.9999421271902023,
      "mae": 0.4999999999989703,
      "rmse": 0.4999999999989703,
      "ece": 0.43274999999895725,
      "mce": 0.4999999999989691,
      "round_time": 0.17696261405944824,
      "client_training_time": 0.04331660270690918,
      "edge_encryption_wall_time": 0.09523487091064453,
      "total_pure_encryption_time": 0.08543920516967773,
      "avg_encryption_per_client": 0.004271960258483887,
      "server_aggregation_time": 0.02195882797241211,
      "internal_aggregation_time": 0.018606185913085938,
      "evaluation_time": 0.015433788299560547,
      "clients_processed": 20
    },
    {
      "round": 40,
      "accuracy": 0.93275,
      "f1_score": 0.9257111295222314,
      "precision": 0.8616966580976864,
      "recall": 1.0,
      "roc_auc": 0.9999545574045243,
      "pr_auc": 0.9999391983185892,
      "mae": 0.49999999999897304,
      "rmse": 0.49999999999897304,
      "ece": 0.43274999999896013,
      "mce": 0.4999999999989721,
      "round_time": 0.17875218391418457,
      "client_training_time": 0.04427981376647949,
      "edge_encryption_wall_time": 0.10369873046875,
      "total_pure_encryption_time": 0.09503054618835449,
      "avg_encryption_per_client": 0.004751527309417724,
      "server_aggregation_time": 0.0173342227935791,
      "internal_aggregation_time": 0.014230012893676758,
      "evaluation_time": 0.013439416885375977,
      "clients_processed": 20
    },
    {
      "round": 41,
      "accuracy": 0.933,
      "f1_score": 0.9259668508287293,
      "precision": 0.8621399176954733,
      "recall": 1.0,
      "roc_auc": 0.9999560978314896,
      "pr_auc": 0.999941084132709,
      "mae": 0.49999999999897005,
      "rmse": 0.49999999999897005,
      "ece": 0.432999999998957,
      "mce": 0.4999999999989698,
      "round_time": 0.14830231666564941,
      "client_training_time": 0.03481626510620117,
      "edge_encryption_wall_time": 0.08389568328857422,
      "total_pure_encryption_time": 0.07995486259460449,
      "avg_encryption_per_client": 0.003997743129730225,
      "server_aggregation_time": 0.015744924545288086,
      "internal_aggregation_time": 0.013293266296386719,
      "evaluation_time": 0.012777090072631836,
      "clients_processed": 20
    },
    {
      "round": 42,
      "accuracy": 0.93275,
      "f1_score": 0.9257111295222314,
      "precision": 0.8616966580976864,
      "recall": 1.0,
      "roc_auc": 0.9999573815206274,
      "pr_auc": 0.9999428549770493,
      "mae": 0.4999999999989724,
      "rmse": 0.49999999999897243,
      "ece": 0.43274999999895936,
      "mce": 0.4999999999989719,
      "round_time": 0.1495342254638672,
      "client_training_time": 0.03594517707824707,
      "edge_encryption_wall_time": 0.08403325080871582,
      "total_pure_encryption_time": 0.07669878005981445,
      "avg_encryption_per_client": 0.0038349390029907226,
      "server_aggregation_time": 0.0152130126953125,
      "internal_aggregation_time": 0.01303863525390625,
      "evaluation_time": 0.012272357940673828,
      "clients_processed": 20
    },
    {
      "round": 43,
      "accuracy": 0.93375,
      "f1_score": 0.9267348631462538,
      "precision": 0.863472436888202,
      "recall": 1.0,
      "roc_auc": 0.9999486524344908,
      "pr_auc": 0.9999315122281045,
      "mae": 0.4999999999989718,
      "rmse": 0.4999999999989718,
      "ece": 0.4337499999989587,
      "mce": 0.49999999999897243,
      "round_time": 0.15131568908691406,
      "client_training_time": 0.036647796630859375,
      "edge_encryption_wall_time": 0.08288431167602539,
      "total_pure_encryption_time": 0.0781252384185791,
      "avg_encryption_per_client": 0.003906261920928955,
      "server_aggregation_time": 0.017208576202392578,
      "internal_aggregation_time": 0.015865802764892578,
      "evaluation_time": 0.014575004577636719,
      "clients_processed": 20
    },
    {
      "round": 44,
      "accuracy": 0.93375,
      "f1_score": 0.9267348631462538,
      "precision": 0.863472436888202,
      "recall": 1.0,
      "roc_auc": 0.9999544290356106,
      "pr_auc": 0.9999386850280675,
      "mae": 0.49999999999897193,
      "rmse": 0.4999999999989719,
      "ece": 0.43374999999895925,
      "mce": 0.4999999999989722,
      "round_time": 0.14895415306091309,
      "client_training_time": 0.03790116310119629,
      "edge_encryption_wall_time": 0.08372998237609863,
      "total_pure_encryption_time": 0.07417583465576172,
      "avg_encryption_per_client": 0.0037087917327880858,
      "server_aggregation_time": 0.014241456985473633,
      "internal_aggregation_time": 0.011665821075439453,
      "evaluation_time": 0.013081550598144531,
      "clients_processed": 20
    },
    {
      "round": 45,
      "accuracy": 0.93175,
      "f1_score": 0.9246896551724137,
      "precision": 0.8599281682914315,
      "recall": 1.0,
      "roc_auc": 0.9999589219475926,
      "pr_auc": 0.9999447479564378,
      "mae": 0.49999999999897304,
      "rmse": 0.4999999999989731,
      "ece": 0.43174999999896,
      "mce": 0.49999999999897043,
      "round_time": 0.14978313446044922,
      "client_training_time": 0.036477088928222656,
      "edge_encryption_wall_time": 0.08465790748596191,
      "total_pure_encryption_time": 0.07613015174865723,
      "avg_encryption_per_client": 0.0038065075874328612,
      "server_aggregation_time": 0.016536712646484375,
      "internal_aggregation_time": 0.013317108154296875,
      "evaluation_time": 0.012111425399780273,
      "clients_processed": 20
    },
    {
      "round": 46,
      "accuracy": 0.933,
      "f1_score": 0.9259668508287293,
      "precision": 0.8621399176954733,
      "recall": 1.0,
      "roc_auc": 0.9999555843558345,
      "pr_auc": 0.9999404927979239,
      "mae": 0.49999999999897,
      "rmse": 0.49999999999897,
      "ece": 0.4329999999989569,
      "mce": 0.4999999999989697,
      "round_time": 0.14971494674682617,
      "client_training_time": 0.03615403175354004,
      "edge_encryption_wall_time": 0.0844881534576416,
      "total_pure_encryption_time": 0.07715845108032227,
      "avg_encryption_per_client": 0.003857922554016113,
      "server_aggregation_time": 0.0161740779876709,
      "internal_aggregation_time": 0.014084100723266602,
      "evaluation_time": 0.012898683547973633,
      "clients_processed": 20
    },
    {
      "round": 47,
      "accuracy": 0.93275,
      "f1_score": 0.9257111295222314,
      "precision": 0.8616966580976864,
      "recall": 1.0,
      "roc_auc": 0.9999560978314896,
      "pr_auc": 0.9999412421634404,
      "mae": 0.4999999999989725,
      "rmse": 0.49999999999897243,
      "ece": 0.4327499999989593,
      "mce": 0.49999999999897143,
      "round_time": 0.15065956115722656,
      "client_training_time": 0.037427663803100586,
      "edge_encryption_wall_time": 0.08478116989135742,
      "total_pure_encryption_time": 0.0751955509185791,
      "avg_encryption_per_client": 0.003759777545928955,
      "server_aggregation_time": 0.015556573867797852,
      "internal_aggregation_time": 0.014460086822509766,
      "evaluation_time": 0.010808706283569336,
      "clients_processed": 20
    },
    {
      "round": 48,
      "accuracy": 0.9325,
      "f1_score": 0.9254555494202098,
      "precision": 0.8612538540596094,
      "recall": 1.0,
      "roc_auc": 0.9999517332884214,
      "pr_auc": 0.9999356062368265,
      "mae": 0.4999999999989693,
      "rmse": 0.4999999999989693,
      "ece": 0.43249999999895594,
      "mce": 0.4999999999989678,
      "round_time": 0.15054726600646973,
      "client_training_time": 0.03661680221557617,
      "edge_encryption_wall_time": 0.08458209037780762,
      "total_pure_encryption_time": 0.07479023933410645,
      "avg_encryption_per_client": 0.003739511966705322,
      "server_aggregation_time": 0.0171968936920166,
      "internal_aggregation_time": 0.015122413635253906,
      "evaluation_time": 0.012151479721069336,
      "clients_processed": 20
    },
    {
      "round": 49,
      "accuracy": 0.93325,
      "f1_score": 0.926222713456756,
      "precision": 0.8625836335563561,
      "recall": 1.0,
      "roc_auc": 0.9999550708801794,
      "pr_auc": 0.9999397809856684,
      "mae": 0.4999999999989699,
      "rmse": 0.4999999999989698,
      "ece": 0.43324999999895686,
      "mce": 0.4999999999989687,
      "round_time": 0.15101194381713867,
      "client_training_time": 0.03554081916809082,
      "edge_encryption_wall_time": 0.08487820625305176,
      "total_pure_encryption_time": 0.07951545715332031,
      "avg_encryption_per_client": 0.003975772857666015,
      "server_aggregation_time": 0.01682281494140625,
      "internal_aggregation_time": 0.014765739440917969,
      "evaluation_time": 0.012406349182128906,
      "clients_processed": 20
    },
    {
      "round": 50,
      "accuracy": 0.9325,
      "f1_score": 0.9254555494202098,
      "precision": 0.8612538540596094,
      "recall": 1.0,
      "roc_auc": 0.9999558410936621,
      "pr_auc": 0.9999406986158724,
      "mae": 0.49999999999897066,
      "rmse": 0.49999999999897066,
      "ece": 0.4324999999989574,
      "mce": 0.4999999999989696,
      "round_time": 0.15034937858581543,
      "client_training_time": 0.03589367866516113,
      "edge_encryption_wall_time": 0.0860450267791748,
      "total_pure_encryption_time": 0.07938385009765625,
      "avg_encryption_per_client": 0.0039691925048828125,
      "server_aggregation_time": 0.014053821563720703,
      "internal_aggregation_time": 0.011915206909179688,
      "evaluation_time": 0.011935234069824219,
      "clients_processed": 20
    },
    {
      "round": 51,
      "accuracy": 0.93375,
      "f1_score": 0.9267348631462538,
      "precision": 0.863472436888202,
      "recall": 1.0,
      "roc_auc": 0.9999512198127662,
      "pr_auc": 0.9999350176473635,
      "mae": 0.4999999999989725,
      "rmse": 0.4999999999989725,
      "ece": 0.4337499999989597,
      "mce": 0.4999999999989732,
      "round_time": 0.15591764450073242,
      "client_training_time": 0.03573346138000488,
      "edge_encryption_wall_time": 0.08613967895507812,
      "total_pure_encryption_time": 0.08058595657348633,
      "avg_encryption_per_client": 0.004029297828674316,
      "server_aggregation_time": 0.018742084503173828,
      "internal_aggregation_time": 0.014819622039794922,
      "evaluation_time": 0.014258623123168945,
      "clients_processed": 20
    },
    {
      "round": 52,
      "accuracy": 0.93375,
      "f1_score": 0.9267348631462538,
      "precision": 0.863472436888202,
      "recall": 1.0,
      "roc_auc": 0.9999543006666968,
      "pr_auc": 0.999938827161911,
      "mae": 0.49999999999896877,
      "rmse": 0.49999999999896877,
      "ece": 0.4337499999989558,
      "mce": 0.49999999999896905,
      "round_time": 0.15798234939575195,
      "client_training_time": 0.04134511947631836,
      "edge_encryption_wall_time": 0.0875542163848877,
      "total_pure_encryption_time": 0.07837986946105957,
      "avg_encryption_per_client": 0.003918993473052979,
      "server_aggregation_time": 0.01624774932861328,
      "internal_aggregation_time": 0.015222311019897461,
      "evaluation_time": 0.011825084686279297,
      "clients_processed": 20
    },
    {
      "round": 53,
      "accuracy": 0.9335,
      "f1_score": 0.9264787175234936,
      "precision": 0.86302780638517,
      "recall": 1.0,
      "roc_auc": 0.9999545574045243,
      "pr_auc": 0.9999391083391762,
      "mae": 0.4999999999989711,
      "rmse": 0.49999999999897105,
      "ece": 0.43349999999895816,
      "mce": 0.49999999999897077,
      "round_time": 0.16107869148254395,
      "client_training_time": 0.04667210578918457,
      "edge_encryption_wall_time": 0.08423852920532227,
      "total_pure_encryption_time": 0.07493805885314941,
      "avg_encryption_per_client": 0.0037469029426574706,
      "server_aggregation_time": 0.01618170738220215,
      "internal_aggregation_time": 0.014118432998657227,
      "evaluation_time": 0.012963533401489258,
      "clients_processed": 20
    },
    {
      "round": 54,
      "accuracy": 0.93325,
      "f1_score": 0.926222713456756,
      "precision": 0.8625836335563561,
      "recall": 1.0,
      "roc_auc": 0.99995815173411,
      "pr_auc": 0.9999438336595994,
      "mae": 0.4999999999989724,
      "rmse": 0.4999999999989724,
      "ece": 0.4332499999989595,
      "mce": 0.4999999999989722,
      "round_time": 0.15381383895874023,
      "client_training_time": 0.03832745552062988,
      "edge_encryption_wall_time": 0.08377623558044434,
      "total_pure_encryption_time": 0.07292985916137695,
      "avg_encryption_per_client": 0.0036464929580688477,
      "server_aggregation_time": 0.018535852432250977,
      "internal_aggregation_time": 0.016518115997314453,
      "evaluation_time": 0.013174295425415039,
      "clients_processed": 20
    },
    {
      "round": 55,
      "accuracy": 0.935,
      "f1_score": 0.9280177187153932,
      "precision": 0.8657024793388429,
      "recall": 1.0,
      "roc_auc": 0.9999519900262489,
      "pr_auc": 0.9999357939725455,
      "mae": 0.49999999999897193,
      "rmse": 0.49999999999897193,
      "ece": 0.434999999998959,
      "mce": 0.4999999999989747,
      "round_time": 0.1532299518585205,
      "client_training_time": 0.035855770111083984,
      "edge_encryption_wall_time": 0.08620524406433105,
      "total_pure_encryption_time": 0.07857346534729004,
      "avg_encryption_per_client": 0.003928673267364502,
      "server_aggregation_time": 0.016973495483398438,
      "internal_aggregation_time": 0.013396263122558594,
      "evaluation_time": 0.011765241622924805,
      "clients_processed": 20
    },
    {
      "round": 56,
      "accuracy": 0.93375,
      "f1_score": 0.9267348631462538,
      "precision": 0.863472436888202,
      "recall": 1.0,
      "roc_auc": 0.999955327618007,
      "pr_auc": 0.9999401546882019,
      "mae": 0.4999999999989685,
      "rmse": 0.49999999999896844,
      "ece": 0.43374999999895525,
      "mce": 0.4999999999989695,
      "round_time": 0.15283823013305664,
      "client_training_time": 0.03825569152832031,
      "edge_encryption_wall_time": 0.08695673942565918,
      "total_pure_encryption_time": 0.07812809944152832,
      "avg_encryption_per_client": 0.003906404972076416,
      "server_aggregation_time": 0.016851186752319336,
      "internal_aggregation_time": 0.014107942581176758,
      "evaluation_time": 0.009760618209838867,
      "clients_processed": 20
    },
    {
      "round": 57,
      "accuracy": 0.933,
      "f1_score": 0.9259668508287293,
      "precision": 0.8621399176954733,
      "recall": 1.0,
      "roc_auc": 0.9999581517341101,
      "pr_auc": 0.9999437719688536,
      "mae": 0.4999999999989741,
      "rmse": 0.49999999999897404,
      "ece": 0.4329999999989612,
      "mce": 0.4999999999989728,
      "round_time": 0.15387487411499023,
      "client_training_time": 0.039769649505615234,
      "edge_encryption_wall_time": 0.07964229583740234,
      "total_pure_encryption_time": 0.0733187198638916,
      "avg_encryption_per_client": 0.00366593599319458,
      "server_aggregation_time": 0.018233299255371094,
      "internal_aggregation_time": 0.015189409255981445,
      "evaluation_time": 0.01418447494506836,
      "clients_processed": 20
    },
    {
      "round": 58,
      "accuracy": 0.93225,
      "f1_score": 0.9252001104057411,
      "precision": 0.8608115048793015,
      "recall": 1.0,
      "roc_auc": 0.9999581517341101,
      "pr_auc": 0.9999437632049393,
      "mae": 0.4999999999989714,
      "rmse": 0.4999999999989713,
      "ece": 0.4324999999989583,
      "mce": 0.4999999999989704,
      "round_time": 0.15422320365905762,
      "client_training_time": 0.03805899620056152,
      "edge_encryption_wall_time": 0.08652281761169434,
      "total_pure_encryption_time": 0.08013200759887695,
      "avg_encryption_per_client": 0.004006600379943848,
      "server_aggregation_time": 0.016684770584106445,
      "internal_aggregation_time": 0.014501094818115234,
      "evaluation_time": 0.012040853500366211,
      "clients_processed": 20
    },
    {
      "round": 59,
      "accuracy": 0.9325,
      "f1_score": 0.9254555494202098,
      "precision": 0.8612538540596094,
      "recall": 1.0,
      "roc_auc": 0.9999549425112656,
      "pr_auc": 0.9999395151365098,
      "mae": 0.49999999999897365,
      "rmse": 0.49999999999897365,
      "ece": 0.43249999999896044,
      "mce": 0.4999999999989716,
      "round_time": 0.15752124786376953,
      "client_training_time": 0.036574602127075195,
      "edge_encryption_wall_time": 0.08521246910095215,
      "total_pure_encryption_time": 0.07969379425048828,
      "avg_encryption_per_client": 0.003984689712524414,
      "server_aggregation_time": 0.017676115036010742,
      "internal_aggregation_time": 0.015451908111572266,
      "evaluation_time": 0.0169680118560791,
      "clients_processed": 20
    },
    {
      "round": 60,
      "accuracy": 0.933,
      "f1_score": 0.9259668508287293,
      "precision": 0.8621399176954733,
      "recall": 1.0,
      "roc_auc": 0.9999566113071447,
      "pr_auc": 0.9999417634451861,
      "mae": 0.4999999999989742,
      "rmse": 0.49999999999897415,
      "ece": 0.4332499999989612,
      "mce": 0.4999999999989742,
      "round_time": 0.15320563316345215,
      "client_training_time": 0.04106307029724121,
      "edge_encryption_wall_time": 0.08607864379882812,
      "total_pure_encryption_time": 0.07289981842041016,
      "avg_encryption_per_client": 0.003644990921020508,
      "server_aggregation_time": 0.01520228385925293,
      "internal_aggregation_time": 0.013159036636352539,
      "evaluation_time": 0.010861635208129883,
      "clients_processed": 20
    }
  ],
  "final_statistics": {
    "final_accuracy": 0.933,
    "best_accuracy": 0.9355,
    "total_time": 11.746415615081787,
    "avg_round_time": 0.16833576758702595,
    "avg_client_training_time": 0.04284696976343791,
    "avg_edge_encryption_wall_time": 0.09281478722890218,
    "avg_pure_encryption_time": 0.08375998735427856,
    "avg_encryption_per_client": 0.004187999367713928,
    "avg_server_aggregation_time": 0.018206655979156494,
    "avg_internal_aggregation_time": 0.015334395567576091,
    "avg_evaluation_time": 0.013337103525797527
  },
  "timing_statistics": {
    "total_client_training_time": 2.5708181858062744,
    "total_edge_encryption_wall_time": 5.568887233734131,
    "total_pure_encryption_time": 5.025599241256714,
    "total_server_aggregation_time": 1.0923993587493896,
    "total_internal_aggregation_time": 0.9200637340545654,
    "total_evaluation_time": 0.8002262115478516,
    "total_time": 11.746415615081787,
    "avg_round_time": 0.16833576758702595,
    "avg_client_training_time": 0.04284696976343791,
    "avg_edge_encryption_wall_time": 0.09281478722890218,
    "avg_pure_encryption_time": 0.08375998735427856,
    "avg_encryption_per_client": 0.004187999367713928,
    "avg_server_aggregation_time": 0.018206655979156494,
    "avg_internal_aggregation_time": 0.015334395567576091,
    "avg_evaluation_time": 0.013337103525797527
  },
  "architecture": {
    "clients": 20,
    "edge_devices": 20,
    "cloud_servers": 1,
    "data_flow": "Client \u2192 Edge \u2192 Cloud \u2192 Edge \u2192 Client"
  }
}