{
  "pipeline_type": "edge_device_fl",
  "configuration": {
    "rounds": 50,
    "clients": 50,
    "patience": 999
  },
  "results": [
    {
      "round": 1,
      "accuracy": 0.9318,
      "f1_score": 0.9267768949967791,
      "precision": 0.8635454181672669,
      "recall": 1.0,
      "roc_auc": 0.9997510816828729,
      "pr_auc": 0.9996983324763068,
      "mae": 0.4999999999990086,
      "rmse": 0.49999999999900857,
      "ece": 0.4317999999989951,
      "mce": 0.4999999999989659,
      "round_time": 0.45815324783325195,
      "client_training_time": 0.13013219833374023,
      "edge_encryption_wall_time": 0.26944661140441895,
      "total_pure_encryption_time": 0.2412405014038086,
      "avg_encryption_per_client": 0.004824810028076172,
      "server_aggregation_time": 0.031534433364868164,
      "internal_aggregation_time": 0.030482769012451172,
      "evaluation_time": 0.02601909637451172,
      "clients_processed": 50
    },
    {
      "round": 2,
      "accuracy": 0.9316,
      "f1_score": 0.9265779304422499,
      "precision": 0.8632,
      "recall": 1.0,
      "roc_auc": 0.999751448548484,
      "pr_auc": 0.9996987793170329,
      "mae": 0.49999999999900985,
      "rmse": 0.4999999999990098,
      "ece": 0.43159999999899623,
      "mce": 0.4999999999989666,
      "round_time": 0.3459935188293457,
      "client_training_time": 0.08900928497314453,
      "edge_encryption_wall_time": 0.20964527130126953,
      "total_pure_encryption_time": 0.17402434349060059,
      "avg_encryption_per_client": 0.0034804868698120116,
      "server_aggregation_time": 0.03518557548522949,
      "internal_aggregation_time": 0.03308892250061035,
      "evaluation_time": 0.011850357055664062,
      "clients_processed": 50
    },
    {
      "round": 3,
      "accuracy": 0.9315,
      "f1_score": 0.9264784801974885,
      "precision": 0.8630273945210958,
      "recall": 1.0,
      "roc_auc": 0.9997558101729714,
      "pr_auc": 0.9997037736919487,
      "mae": 0.49999999999900874,
      "rmse": 0.4999999999990087,
      "ece": 0.43149999999899513,
      "mce": 0.4999999999989655,
      "round_time": 0.33875584602355957,
      "client_training_time": 0.08822464942932129,
      "edge_encryption_wall_time": 0.20053982734680176,
      "total_pure_encryption_time": 0.17521166801452637,
      "avg_encryption_per_client": 0.0035042333602905273,
      "server_aggregation_time": 0.03383374214172363,
      "internal_aggregation_time": 0.03282618522644043,
      "evaluation_time": 0.01514577865600586,
      "clients_processed": 50
    },
    {
      "round": 4,
      "accuracy": 0.9323,
      "f1_score": 0.927274680416801,
      "precision": 0.8644101742439415,
      "recall": 1.0,
      "roc_auc": 0.9997439889477251,
      "pr_auc": 0.9996906645611553,
      "mae": 0.49999999999900857,
      "rmse": 0.4999999999990085,
      "ece": 0.43229999999899504,
      "mce": 0.49999999999896555,
      "round_time": 0.3426029682159424,
      "client_training_time": 0.08500027656555176,
      "edge_encryption_wall_time": 0.2124032974243164,
      "total_pure_encryption_time": 0.19753551483154297,
      "avg_encryption_per_client": 0.003950710296630859,
      "server_aggregation_time": 0.03234148025512695,
      "internal_aggregation_time": 0.030313968658447266,
      "evaluation_time": 0.011875391006469727,
      "clients_processed": 50
    },
    {
      "round": 5,
      "accuracy": 0.9316,
      "f1_score": 0.9265779304422499,
      "precision": 0.8632,
      "recall": 1.0,
      "roc_auc": 0.999756747718422,
      "pr_auc": 0.9997047181444753,
      "mae": 0.499999999999008,
      "rmse": 0.499999999999008,
      "ece": 0.4315999999989946,
      "mce": 0.49999999999896516,
      "round_time": 0.5429110527038574,
      "client_training_time": 0.20290136337280273,
      "edge_encryption_wall_time": 0.28170251846313477,
      "total_pure_encryption_time": 0.2550795078277588,
      "avg_encryption_per_client": 0.0051015901565551755,
      "server_aggregation_time": 0.038515329360961914,
      "internal_aggregation_time": 0.03657412528991699,
      "evaluation_time": 0.01807689666748047,
      "clients_processed": 50
    },
    {
      "round": 6,
      "accuracy": 0.9318,
      "f1_score": 0.9267768949967791,
      "precision": 0.8635454181672669,
      "recall": 1.0,
      "roc_auc": 0.9997518765583636,
      "pr_auc": 0.9996992686582499,
      "mae": 0.4999999999990079,
      "rmse": 0.49999999999900785,
      "ece": 0.4317999999989942,
      "mce": 0.49999999999896577,
      "round_time": 0.38570237159729004,
      "client_training_time": 0.09942102432250977,
      "edge_encryption_wall_time": 0.22921037673950195,
      "total_pure_encryption_time": 0.19919967651367188,
      "avg_encryption_per_client": 0.003983993530273438,
      "server_aggregation_time": 0.0368962287902832,
      "internal_aggregation_time": 0.035798072814941406,
      "evaluation_time": 0.01915574073791504,
      "clients_processed": 50
    },
    {
      "round": 7,
      "accuracy": 0.9313,
      "f1_score": 0.9262796437385986,
      "precision": 0.8626823905656607,
      "recall": 1.0,
      "roc_auc": 0.9997601921788816,
      "pr_auc": 0.9997085509746497,
      "mae": 0.4999999999990091,
      "rmse": 0.49999999999900907,
      "ece": 0.4312999999989957,
      "mce": 0.499999999998966,
      "round_time": 0.3730759620666504,
      "client_training_time": 0.10016131401062012,
      "edge_encryption_wall_time": 0.21273303031921387,
      "total_pure_encryption_time": 0.19446396827697754,
      "avg_encryption_per_client": 0.0038892793655395507,
      "server_aggregation_time": 0.03558087348937988,
      "internal_aggregation_time": 0.03332948684692383,
      "evaluation_time": 0.022300004959106445,
      "clients_processed": 50
    },
    {
      "round": 8,
      "accuracy": 0.9322,
      "f1_score": 0.9271750805585393,
      "precision": 0.8642370845014017,
      "recall": 1.0,
      "roc_auc": 0.9997518765583637,
      "pr_auc": 0.9996993108042281,
      "mae": 0.49999999999900985,
      "rmse": 0.4999999999990098,
      "ece": 0.4321999999989966,
      "mce": 0.4999999999989675,
      "round_time": 0.404097318649292,
      "client_training_time": 0.08581948280334473,
      "edge_encryption_wall_time": 0.2620275020599365,
      "total_pure_encryption_time": 0.24097299575805664,
      "avg_encryption_per_client": 0.0048194599151611325,
      "server_aggregation_time": 0.03702354431152344,
      "internal_aggregation_time": 0.03335452079772949,
      "evaluation_time": 0.018215179443359375,
      "clients_processed": 50
    },
    {
      "round": 9,
      "accuracy": 0.9318,
      "f1_score": 0.9267768949967791,
      "precision": 0.8635454181672669,
      "recall": 1.0,
      "roc_auc": 0.9997485340050181,
      "pr_auc": 0.9996954087204708,
      "mae": 0.49999999999900757,
      "rmse": 0.49999999999900757,
      "ece": 0.431799999998994,
      "mce": 0.49999999999896466,
      "round_time": 0.3375577926635742,
      "client_training_time": 0.09063291549682617,
      "edge_encryption_wall_time": 0.19994258880615234,
      "total_pure_encryption_time": 0.18084430694580078,
      "avg_encryption_per_client": 0.0036168861389160156,
      "server_aggregation_time": 0.033025503158569336,
      "internal_aggregation_time": 0.030792951583862305,
      "evaluation_time": 0.013956785202026367,
      "clients_processed": 50
    },
    {
      "round": 10,
      "accuracy": 0.9321,
      "f1_score": 0.9270755020942971,
      "precision": 0.8640640640640641,
      "recall": 1.0,
      "roc_auc": 0.999750184900268,
      "pr_auc": 0.9996974432300841,
      "mae": 0.4999999999990092,
      "rmse": 0.4999999999990092,
      "ece": 0.43209999999899573,
      "mce": 0.49999999999896677,
      "round_time": 0.35672616958618164,
      "client_training_time": 0.09395503997802734,
      "edge_encryption_wall_time": 0.2055072784423828,
      "total_pure_encryption_time": 0.18882036209106445,
      "avg_encryption_per_client": 0.003776407241821289,
      "server_aggregation_time": 0.03588104248046875,
      "internal_aggregation_time": 0.03262734413146973,
      "evaluation_time": 0.01937556266784668,
      "clients_processed": 50
    },
    {
      "round": 11,
      "accuracy": 0.9318,
      "f1_score": 0.9267768949967791,
      "precision": 0.8635454181672669,
      "recall": 1.0,
      "roc_auc": 0.9997550968231721,
      "pr_auc": 0.9997027106848616,
      "mae": 0.49999999999900957,
      "rmse": 0.49999999999900957,
      "ece": 0.4317999999989961,
      "mce": 0.4999999999989663,
      "round_time": 0.3882749080657959,
      "client_training_time": 0.09513258934020996,
      "edge_encryption_wall_time": 0.22884583473205566,
      "total_pure_encryption_time": 0.21536874771118164,
      "avg_encryption_per_client": 0.0043073749542236325,
      "server_aggregation_time": 0.03944206237792969,
      "internal_aggregation_time": 0.0358734130859375,
      "evaluation_time": 0.022833585739135742,
      "clients_processed": 50
    },
    {
      "round": 12,
      "accuracy": 0.9309,
      "f1_score": 0.9258822267510458,
      "precision": 0.8619932095066907,
      "recall": 1.0,
      "roc_auc": 0.9997526918152772,
      "pr_auc": 0.999700135103382,
      "mae": 0.4999999999990086,
      "rmse": 0.49999999999900857,
      "ece": 0.4309999999989949,
      "mce": 0.4999999999989642,
      "round_time": 0.40326738357543945,
      "client_training_time": 0.10664653778076172,
      "edge_encryption_wall_time": 0.2433152198791504,
      "total_pure_encryption_time": 0.22410893440246582,
      "avg_encryption_per_client": 0.004482178688049316,
      "server_aggregation_time": 0.0378878116607666,
      "internal_aggregation_time": 0.03566384315490723,
      "evaluation_time": 0.014400482177734375,
      "clients_processed": 50
    },
    {
      "round": 13,
      "accuracy": 0.9318,
      "f1_score": 0.9267768949967791,
      "precision": 0.8635454181672669,
      "recall": 1.0,
      "roc_auc": 0.9997553821630918,
      "pr_auc": 0.999703178731354,
      "mae": 0.49999999999901,
      "rmse": 0.49999999999901,
      "ece": 0.43179999999899665,
      "mce": 0.4999999999989676,
      "round_time": 0.39092206954956055,
      "client_training_time": 0.10293459892272949,
      "edge_encryption_wall_time": 0.2289576530456543,
      "total_pure_encryption_time": 0.21763253211975098,
      "avg_encryption_per_client": 0.0043526506423950196,
      "server_aggregation_time": 0.038442373275756836,
      "internal_aggregation_time": 0.03632307052612305,
      "evaluation_time": 0.020587444305419922,
      "clients_processed": 50
    },
    {
      "round": 14,
      "accuracy": 0.9313,
      "f1_score": 0.9262796437385986,
      "precision": 0.8626823905656607,
      "recall": 1.0,
      "roc_auc": 0.9997494307876229,
      "pr_auc": 0.9996964942275305,
      "mae": 0.4999999999990089,
      "rmse": 0.4999999999990089,
      "ece": 0.43129999999899504,
      "mce": 0.4999999999989657,
      "round_time": 0.3914768695831299,
      "client_training_time": 0.09976005554199219,
      "edge_encryption_wall_time": 0.23485279083251953,
      "total_pure_encryption_time": 0.21372675895690918,
      "avg_encryption_per_client": 0.004274535179138184,
      "server_aggregation_time": 0.04193472862243652,
      "internal_aggregation_time": 0.039916038513183594,
      "evaluation_time": 0.01492929458618164,
      "clients_processed": 50
    },
    {
      "round": 15,
      "accuracy": 0.9319,
      "f1_score": 0.9268764093203049,
      "precision": 0.8637182309385631,
      "recall": 1.0,
      "roc_auc": 0.9997591934891628,
      "pr_auc": 0.9997074174714937,
      "mae": 0.4999999999990112,
      "rmse": 0.49999999999901107,
      "ece": 0.43209999999899784,
      "mce": 0.49999999999896955,
      "round_time": 0.4223361015319824,
      "client_training_time": 0.1105811595916748,
      "edge_encryption_wall_time": 0.24443674087524414,
      "total_pure_encryption_time": 0.23181772232055664,
      "avg_encryption_per_client": 0.0046363544464111325,
      "server_aggregation_time": 0.04644012451171875,
      "internal_aggregation_time": 0.0443880558013916,
      "evaluation_time": 0.020878076553344727,
      "clients_processed": 50
    },
    {
      "round": 16,
      "accuracy": 0.9318,
      "f1_score": 0.9267768949967791,
      "precision": 0.8635454181672669,
      "recall": 1.0,
      "roc_auc": 0.9997422565267837,
      "pr_auc": 0.9996885046406503,
      "mae": 0.4999999999990069,
      "rmse": 0.49999999999900685,
      "ece": 0.4317999999989931,
      "mce": 0.4999999999989638,
      "round_time": 0.4225163459777832,
      "client_training_time": 0.13781213760375977,
      "edge_encryption_wall_time": 0.22183489799499512,
      "total_pure_encryption_time": 0.20474743843078613,
      "avg_encryption_per_client": 0.0040949487686157224,
      "server_aggregation_time": 0.04119086265563965,
      "internal_aggregation_time": 0.03794217109680176,
      "evaluation_time": 0.021678447723388672,
      "clients_processed": 50
    },
    {
      "round": 17,
      "accuracy": 0.932,
      "f1_score": 0.9269759450171822,
      "precision": 0.8638911128903123,
      "recall": 1.0,
      "roc_auc": 0.9997506129101476,
      "pr_auc": 0.9996980316600753,
      "mae": 0.4999999999990089,
      "rmse": 0.4999999999990089,
      "ece": 0.4319999999989955,
      "mce": 0.4999999999989664,
      "round_time": 0.40493035316467285,
      "client_training_time": 0.11551976203918457,
      "edge_encryption_wall_time": 0.2248842716217041,
      "total_pure_encryption_time": 0.2060072422027588,
      "avg_encryption_per_client": 0.004120144844055176,
      "server_aggregation_time": 0.0420076847076416,
      "internal_aggregation_time": 0.03772258758544922,
      "evaluation_time": 0.022518634796142578,
      "clients_processed": 50
    },
    {
      "round": 18,
      "accuracy": 0.9312,
      "f1_score": 0.9261802575107296,
      "precision": 0.8625099920063949,
      "recall": 1.0,
      "roc_auc": 0.9997577056452953,
      "pr_auc": 0.9997057723598767,
      "mae": 0.4999999999990086,
      "rmse": 0.49999999999900857,
      "ece": 0.43119999999899505,
      "mce": 0.49999999999896505,
      "round_time": 0.41130495071411133,
      "client_training_time": 0.11400055885314941,
      "edge_encryption_wall_time": 0.24081063270568848,
      "total_pure_encryption_time": 0.2254486083984375,
      "avg_encryption_per_client": 0.00450897216796875,
      "server_aggregation_time": 0.03679609298706055,
      "internal_aggregation_time": 0.03376507759094238,
      "evaluation_time": 0.01871967315673828,
      "clients_processed": 50
    },
    {
      "round": 19,
      "accuracy": 0.9318,
      "f1_score": 0.9267768949967791,
      "precision": 0.8635454181672669,
      "recall": 1.0,
      "roc_auc": 0.9997522434239746,
      "pr_auc": 0.9996994559932004,
      "mae": 0.49999999999900974,
      "rmse": 0.49999999999900974,
      "ece": 0.4317999999989962,
      "mce": 0.49999999999896777,
      "round_time": 0.6194789409637451,
      "client_training_time": 0.10927343368530273,
      "edge_encryption_wall_time": 0.4399888515472412,
      "total_pure_encryption_time": 0.37552452087402344,
      "avg_encryption_per_client": 0.0075104904174804685,
      "server_aggregation_time": 0.052572011947631836,
      "internal_aggregation_time": 0.048716068267822266,
      "evaluation_time": 0.017644643783569336,
      "clients_processed": 50
    },
    {
      "round": 20,
      "accuracy": 0.9314,
      "f1_score": 0.9263790512985619,
      "precision": 0.8628548580567773,
      "recall": 1.0,
      "roc_auc": 0.9997556878844344,
      "pr_auc": 0.9997037143717841,
      "mae": 0.4999999999990101,
      "rmse": 0.49999999999901007,
      "ece": 0.4313999999989966,
      "mce": 0.49999999999896766,
      "round_time": 0.46010661125183105,
      "client_training_time": 0.13212990760803223,
      "edge_encryption_wall_time": 0.2666313648223877,
      "total_pure_encryption_time": 0.24191641807556152,
      "avg_encryption_per_client": 0.00483832836151123,
      "server_aggregation_time": 0.03674793243408203,
      "internal_aggregation_time": 0.03422284126281738,
      "evaluation_time": 0.023587703704833984,
      "clients_processed": 50
    },
    {
      "round": 21,
      "accuracy": 0.9319,
      "f1_score": 0.9268764093203049,
      "precision": 0.8637182309385631,
      "recall": 1.0,
      "roc_auc": 0.9997539147006476,
      "pr_auc": 0.9997015003177686,
      "mae": 0.4999999999990099,
      "rmse": 0.49999999999900996,
      "ece": 0.43189999999899653,
      "mce": 0.499999999998967,
      "round_time": 0.4050784111022949,
      "client_training_time": 0.10441255569458008,
      "edge_encryption_wall_time": 0.24163174629211426,
      "total_pure_encryption_time": 0.2191791534423828,
      "avg_encryption_per_client": 0.004383583068847657,
      "server_aggregation_time": 0.041480302810668945,
      "internal_aggregation_time": 0.038408517837524414,
      "evaluation_time": 0.015499353408813477,
      "clients_processed": 50
    },
    {
      "round": 22,
      "accuracy": 0.9322,
      "f1_score": 0.9271750805585393,
      "precision": 0.8642370845014017,
      "recall": 1.0,
      "roc_auc": 0.9997516115998666,
      "pr_auc": 0.9996989148434755,
      "mae": 0.499999999999008,
      "rmse": 0.499999999999008,
      "ece": 0.4321999999989945,
      "mce": 0.49999999999896605,
      "round_time": 0.41854310035705566,
      "client_training_time": 0.11247849464416504,
      "edge_encryption_wall_time": 0.24683570861816406,
      "total_pure_encryption_time": 0.22608137130737305,
      "avg_encryption_per_client": 0.004521627426147461,
      "server_aggregation_time": 0.03969907760620117,
      "internal_aggregation_time": 0.03703761100769043,
      "evaluation_time": 0.017470121383666992,
      "clients_processed": 50
    },
    {
      "round": 23,
      "accuracy": 0.9322,
      "f1_score": 0.9271750805585393,
      "precision": 0.8642370845014017,
      "recall": 1.0,
      "roc_auc": 0.999752080372592,
      "pr_auc": 0.9996994827251382,
      "mae": 0.499999999999009,
      "rmse": 0.4999999999990089,
      "ece": 0.4321999999989955,
      "mce": 0.49999999999896716,
      "round_time": 0.44327712059020996,
      "client_training_time": 0.14221477508544922,
      "edge_encryption_wall_time": 0.24425172805786133,
      "total_pure_encryption_time": 0.2140061855316162,
      "avg_encryption_per_client": 0.004280123710632324,
      "server_aggregation_time": 0.0379183292388916,
      "internal_aggregation_time": 0.033396244049072266,
      "evaluation_time": 0.017503976821899414,
      "clients_processed": 50
    },
    {
      "round": 24,
      "accuracy": 0.932,
      "f1_score": 0.9269759450171822,
      "precision": 0.8638911128903123,
      "recall": 1.0,
      "roc_auc": 0.9997483505722126,
      "pr_auc": 0.9996951857025028,
      "mae": 0.4999999999990092,
      "rmse": 0.4999999999990092,
      "ece": 0.4319999999989955,
      "mce": 0.4999999999989661,
      "round_time": 0.4217097759246826,
      "client_training_time": 0.10852551460266113,
      "edge_encryption_wall_time": 0.24732398986816406,
      "total_pure_encryption_time": 0.22353410720825195,
      "avg_encryption_per_client": 0.004470682144165039,
      "server_aggregation_time": 0.03765392303466797,
      "internal_aggregation_time": 0.036475419998168945,
      "evaluation_time": 0.026036977767944336,
      "clients_processed": 50
    },
    {
      "round": 25,
      "accuracy": 0.9316,
      "f1_score": 0.9265779304422499,
      "precision": 0.8632,
      "recall": 1.0,
      "roc_auc": 0.9997486155307094,
      "pr_auc": 0.9996957730461841,
      "mae": 0.4999999999990086,
      "rmse": 0.4999999999990087,
      "ece": 0.4316999999989951,
      "mce": 0.49999999999896555,
      "round_time": 0.4508650302886963,
      "client_training_time": 0.14923930168151855,
      "edge_encryption_wall_time": 0.2440042495727539,
      "total_pure_encryption_time": 0.22341322898864746,
      "avg_encryption_per_client": 0.004468264579772949,
      "server_aggregation_time": 0.03851437568664551,
      "internal_aggregation_time": 0.035463809967041016,
      "evaluation_time": 0.017992734909057617,
      "clients_processed": 50
    },
    {
      "round": 26,
      "accuracy": 0.9324,
      "f1_score": 0.9273743016759777,
      "precision": 0.8645833333333334,
      "recall": 1.0,
      "roc_auc": 0.9997515096927526,
      "pr_auc": 0.9996989300489173,
      "mae": 0.499999999999008,
      "rmse": 0.499999999999008,
      "ece": 0.4323999999989945,
      "mce": 0.49999999999896666,
      "round_time": 0.41226816177368164,
      "client_training_time": 0.12057781219482422,
      "edge_encryption_wall_time": 0.23205065727233887,
      "total_pure_encryption_time": 0.21334004402160645,
      "avg_encryption_per_client": 0.0042668008804321285,
      "server_aggregation_time": 0.03793025016784668,
      "internal_aggregation_time": 0.0356898307800293,
      "evaluation_time": 0.020691394805908203,
      "clients_processed": 50
    },
    {
      "round": 27,
      "accuracy": 0.9322,
      "f1_score": 0.9271750805585393,
      "precision": 0.8642370845014017,
      "recall": 1.0,
      "roc_auc": 0.9997498587975027,
      "pr_auc": 0.9996970492583171,
      "mae": 0.49999999999900946,
      "rmse": 0.49999999999900946,
      "ece": 0.43229999999899593,
      "mce": 0.4999999999989673,
      "round_time": 0.4022960662841797,
      "client_training_time": 0.10534501075744629,
      "edge_encryption_wall_time": 0.23520302772521973,
      "total_pure_encryption_time": 0.2181694507598877,
      "avg_encryption_per_client": 0.004363389015197754,
      "server_aggregation_time": 0.045241355895996094,
      "internal_aggregation_time": 0.04183816909790039,
      "evaluation_time": 0.016506671905517578,
      "clients_processed": 50
    },
    {
      "round": 28,
      "accuracy": 0.931,
      "f1_score": 0.9259815490238147,
      "precision": 0.8621654015181782,
      "recall": 1.0,
      "roc_auc": 0.999756625429885,
      "pr_auc": 0.9997045069288152,
      "mae": 0.49999999999900885,
      "rmse": 0.49999999999900885,
      "ece": 0.4309999999989953,
      "mce": 0.4999999999989652,
      "round_time": 0.4305243492126465,
      "client_training_time": 0.1449143886566162,
      "edge_encryption_wall_time": 0.22169160842895508,
      "total_pure_encryption_time": 0.20160222053527832,
      "avg_encryption_per_client": 0.004032044410705566,
      "server_aggregation_time": 0.043417930603027344,
      "internal_aggregation_time": 0.040114641189575195,
      "evaluation_time": 0.01999521255493164,
      "clients_processed": 50
    },
    {
      "round": 29,
      "accuracy": 0.9314,
      "f1_score": 0.9263790512985619,
      "precision": 0.8628548580567773,
      "recall": 1.0,
      "roc_auc": 0.9997487174378237,
      "pr_auc": 0.9996958809955442,
      "mae": 0.4999999999990083,
      "rmse": 0.4999999999990083,
      "ece": 0.4313999999989946,
      "mce": 0.49999999999896466,
      "round_time": 0.41523003578186035,
      "client_training_time": 0.11109185218811035,
      "edge_encryption_wall_time": 0.24132895469665527,
      "total_pure_encryption_time": 0.22109770774841309,
      "avg_encryption_per_client": 0.004421954154968262,
      "server_aggregation_time": 0.04115915298461914,
      "internal_aggregation_time": 0.03783440589904785,
      "evaluation_time": 0.019499778747558594,
      "clients_processed": 50
    },
    {
      "round": 30,
      "accuracy": 0.9315,
      "f1_score": 0.9264784801974885,
      "precision": 0.8630273945210958,
      "recall": 1.0,
      "roc_auc": 0.9997530994437339,
      "pr_auc": 0.9997005554933894,
      "mae": 0.4999999999990101,
      "rmse": 0.49999999999901007,
      "ece": 0.43159999999899656,
      "mce": 0.49999999999896716,
      "round_time": 0.5703763961791992,
      "client_training_time": 0.2666745185852051,
      "edge_encryption_wall_time": 0.25045299530029297,
      "total_pure_encryption_time": 0.2286372184753418,
      "avg_encryption_per_client": 0.004572744369506836,
      "server_aggregation_time": 0.035395145416259766,
      "internal_aggregation_time": 0.033194541931152344,
      "evaluation_time": 0.016844749450683594,
      "clients_processed": 50
    },
    {
      "round": 31,
      "accuracy": 0.9315,
      "f1_score": 0.9264784801974885,
      "precision": 0.8630273945210958,
      "recall": 1.0,
      "roc_auc": 0.9997588673863973,
      "pr_auc": 0.9997070436742896,
      "mae": 0.49999999999900946,
      "rmse": 0.49999999999900946,
      "ece": 0.43149999999899613,
      "mce": 0.49999999999896677,
      "round_time": 0.3966970443725586,
      "client_training_time": 0.09731435775756836,
      "edge_encryption_wall_time": 0.23856568336486816,
      "total_pure_encryption_time": 0.21762394905090332,
      "avg_encryption_per_client": 0.004352478981018066,
      "server_aggregation_time": 0.04212021827697754,
      "internal_aggregation_time": 0.03846621513366699,
      "evaluation_time": 0.01869678497314453,
      "clients_processed": 50
    },
    {
      "round": 32,
      "accuracy": 0.9315,
      "f1_score": 0.9264784801974885,
      "precision": 0.8630273945210958,
      "recall": 1.0,
      "roc_auc": 0.9997606405701841,
      "pr_auc": 0.9997088728531323,
      "mae": 0.49999999999901157,
      "rmse": 0.4999999999990115,
      "ece": 0.43149999999899846,
      "mce": 0.49999999999896805,
      "round_time": 0.6663918495178223,
      "client_training_time": 0.12862086296081543,
      "edge_encryption_wall_time": 0.4577596187591553,
      "total_pure_encryption_time": 0.4031028747558594,
      "avg_encryption_per_client": 0.008062057495117188,
      "server_aggregation_time": 0.055419921875,
      "internal_aggregation_time": 0.051360368728637695,
      "evaluation_time": 0.024591445922851562,
      "clients_processed": 50
    },
    {
      "round": 33,
      "accuracy": 0.9317,
      "f1_score": 0.9266774020397209,
      "precision": 0.863372674534907,
      "recall": 1.0,
      "roc_auc": 0.9997506129101477,
      "pr_auc": 0.9996975432250041,
      "mae": 0.4999999999990086,
      "rmse": 0.4999999999990087,
      "ece": 0.43169999999899505,
      "mce": 0.4999999999989655,
      "round_time": 0.521808385848999,
      "client_training_time": 0.12541937828063965,
      "edge_encryption_wall_time": 0.32483506202697754,
      "total_pure_encryption_time": 0.30089664459228516,
      "avg_encryption_per_client": 0.006017932891845703,
      "server_aggregation_time": 0.04876232147216797,
      "internal_aggregation_time": 0.045311927795410156,
      "evaluation_time": 0.022791624069213867,
      "clients_processed": 50
    },
    {
      "round": 34,
      "accuracy": 0.9315,
      "f1_score": 0.9264784801974885,
      "precision": 0.8630273945210958,
      "recall": 1.0,
      "roc_auc": 0.999757012676919,
      "pr_auc": 0.9997049185471801,
      "mae": 0.4999999999990099,
      "rmse": 0.49999999999900996,
      "ece": 0.43149999999899663,
      "mce": 0.4999999999989673,
      "round_time": 0.4605131149291992,
      "client_training_time": 0.13357090950012207,
      "edge_encryption_wall_time": 0.26471400260925293,
      "total_pure_encryption_time": 0.24141430854797363,
      "avg_encryption_per_client": 0.0048282861709594725,
      "server_aggregation_time": 0.0392613410949707,
      "internal_aggregation_time": 0.035868167877197266,
      "evaluation_time": 0.021763086318969727,
      "clients_processed": 50
    },
    {
      "round": 35,
      "accuracy": 0.9322,
      "f1_score": 0.9271750805585393,
      "precision": 0.8642370845014017,
      "recall": 1.0,
      "roc_auc": 0.9997578686966782,
      "pr_auc": 0.9997060659208635,
      "mae": 0.4999999999990091,
      "rmse": 0.4999999999990091,
      "ece": 0.43229999999899593,
      "mce": 0.4999999999989671,
      "round_time": 0.41333937644958496,
      "client_training_time": 0.1021573543548584,
      "edge_encryption_wall_time": 0.2448570728302002,
      "total_pure_encryption_time": 0.22122859954833984,
      "avg_encryption_per_client": 0.004424571990966797,
      "server_aggregation_time": 0.04424309730529785,
      "internal_aggregation_time": 0.040650129318237305,
      "evaluation_time": 0.019201993942260742,
      "clients_processed": 50
    },
    {
      "round": 36,
      "accuracy": 0.9321,
      "f1_score": 0.9270755020942971,
      "precision": 0.8640640640640641,
      "recall": 1.0,
      "roc_auc": 0.9997451710702497,
      "pr_auc": 0.9996919857390212,
      "mae": 0.4999999999990072,
      "rmse": 0.4999999999990072,
      "ece": 0.43209999999899357,
      "mce": 0.4999999999989642,
      "round_time": 0.4054222106933594,
      "client_training_time": 0.10466217994689941,
      "edge_encryption_wall_time": 0.23702049255371094,
      "total_pure_encryption_time": 0.2198011875152588,
      "avg_encryption_per_client": 0.004396023750305175,
      "server_aggregation_time": 0.042429447174072266,
      "internal_aggregation_time": 0.039647817611694336,
      "evaluation_time": 0.020304441452026367,
      "clients_processed": 50
    },
    {
      "round": 37,
      "accuracy": 0.9311,
      "f1_score": 0.9260808926080892,
      "precision": 0.8623376623376623,
      "recall": 1.0,
      "roc_auc": 0.9997647983804432,
      "pr_auc": 0.99971364569503,
      "mae": 0.4999999999990094,
      "rmse": 0.49999999999900935,
      "ece": 0.4311999999989961,
      "mce": 0.4999999999989661,
      "round_time": 0.5523462295532227,
      "client_training_time": 0.11348891258239746,
      "edge_encryption_wall_time": 0.31986522674560547,
      "total_pure_encryption_time": 0.2897920608520508,
      "avg_encryption_per_client": 0.005795841217041016,
      "server_aggregation_time": 0.08645987510681152,
      "internal_aggregation_time": 0.08319640159606934,
      "evaluation_time": 0.028535842895507812,
      "clients_processed": 50
    },
    {
      "round": 38,
      "accuracy": 0.9321,
      "f1_score": 0.9270755020942971,
      "precision": 0.8640640640640641,
      "recall": 1.0,
      "roc_auc": 0.9997520599911691,
      "pr_auc": 0.9996995812634906,
      "mae": 0.4999999999990109,
      "rmse": 0.4999999999990109,
      "ece": 0.43209999999899745,
      "mce": 0.49999999999896894,
      "round_time": 0.4872853755950928,
      "client_training_time": 0.15828156471252441,
      "edge_encryption_wall_time": 0.2697148323059082,
      "total_pure_encryption_time": 0.25123167037963867,
      "avg_encryption_per_client": 0.0050246334075927735,
      "server_aggregation_time": 0.04130744934082031,
      "internal_aggregation_time": 0.038730621337890625,
      "evaluation_time": 0.01591038703918457,
      "clients_processed": 50
    },
    {
      "round": 39,
      "accuracy": 0.9311,
      "f1_score": 0.9260808926080892,
      "precision": 0.8623376623376623,
      "recall": 1.0,
      "roc_auc": 0.9997474130267621,
      "pr_auc": 0.9996942962949366,
      "mae": 0.49999999999900857,
      "rmse": 0.49999999999900857,
      "ece": 0.43109999999899473,
      "mce": 0.4999999999989646,
      "round_time": 0.4211549758911133,
      "client_training_time": 0.11492395401000977,
      "edge_encryption_wall_time": 0.2401258945465088,
      "total_pure_encryption_time": 0.2186288833618164,
      "avg_encryption_per_client": 0.004372577667236328,
      "server_aggregation_time": 0.04173684120178223,
      "internal_aggregation_time": 0.03851199150085449,
      "evaluation_time": 0.023357629776000977,
      "clients_processed": 50
    },
    {
      "round": 40,
      "accuracy": 0.9312,
      "f1_score": 0.9261802575107296,
      "precision": 0.8625099920063949,
      "recall": 1.0,
      "roc_auc": 0.9997617819298631,
      "pr_auc": 0.9997102676723455,
      "mae": 0.4999999999990083,
      "rmse": 0.49999999999900824,
      "ece": 0.43119999999899494,
      "mce": 0.49999999999896505,
      "round_time": 0.38840174674987793,
      "client_training_time": 0.10535526275634766,
      "edge_encryption_wall_time": 0.2310328483581543,
      "total_pure_encryption_time": 0.21473240852355957,
      "avg_encryption_per_client": 0.004294648170471192,
      "server_aggregation_time": 0.037825822830200195,
      "internal_aggregation_time": 0.03559541702270508,
      "evaluation_time": 0.014187812805175781,
      "clients_processed": 50
    },
    {
      "round": 41,
      "accuracy": 0.9322,
      "f1_score": 0.9271750805585393,
      "precision": 0.8642370845014017,
      "recall": 1.0,
      "roc_auc": 0.9997457213686664,
      "pr_auc": 0.999692285586291,
      "mae": 0.4999999999990081,
      "rmse": 0.4999999999990081,
      "ece": 0.4321999999989945,
      "mce": 0.4999999999989659,
      "round_time": 0.38780808448791504,
      "client_training_time": 0.1007986068725586,
      "edge_encryption_wall_time": 0.23270893096923828,
      "total_pure_encryption_time": 0.21206307411193848,
      "avg_encryption_per_client": 0.004241261482238769,
      "server_aggregation_time": 0.03506875038146973,
      "internal_aggregation_time": 0.03278231620788574,
      "evaluation_time": 0.018215656280517578,
      "clients_processed": 50
    },
    {
      "round": 42,
      "accuracy": 0.9312,
      "f1_score": 0.9261802575107296,
      "precision": 0.8625099920063949,
      "recall": 1.0,
      "roc_auc": 0.9997445800089874,
      "pr_auc": 0.9996911955539475,
      "mae": 0.49999999999900946,
      "rmse": 0.49999999999900946,
      "ece": 0.4311999999989955,
      "mce": 0.4999999999989658,
      "round_time": 0.40599656105041504,
      "client_training_time": 0.09875202178955078,
      "edge_encryption_wall_time": 0.2441408634185791,
      "total_pure_encryption_time": 0.22590184211730957,
      "avg_encryption_per_client": 0.0045180368423461915,
      "server_aggregation_time": 0.039289236068725586,
      "internal_aggregation_time": 0.03783416748046875,
      "evaluation_time": 0.021782398223876953,
      "clients_processed": 50
    },
    {
      "round": 43,
      "accuracy": 0.9319,
      "f1_score": 0.9268764093203049,
      "precision": 0.8637182309385631,
      "recall": 1.0,
      "roc_auc": 0.9997560955128912,
      "pr_auc": 0.9997039626511578,
      "mae": 0.49999999999900857,
      "rmse": 0.49999999999900857,
      "ece": 0.4318999999989952,
      "mce": 0.4999999999989663,
      "round_time": 0.4202718734741211,
      "client_training_time": 0.11827874183654785,
      "edge_encryption_wall_time": 0.2470109462738037,
      "total_pure_encryption_time": 0.21897673606872559,
      "avg_encryption_per_client": 0.004379534721374511,
      "server_aggregation_time": 0.03853631019592285,
      "internal_aggregation_time": 0.03639483451843262,
      "evaluation_time": 0.015427350997924805,
      "clients_processed": 50
    },
    {
      "round": 44,
      "accuracy": 0.9321,
      "f1_score": 0.9270755020942971,
      "precision": 0.8640640640640641,
      "recall": 1.0,
      "roc_auc": 0.9997461086157002,
      "pr_auc": 0.9996927788279452,
      "mae": 0.49999999999900957,
      "rmse": 0.49999999999900957,
      "ece": 0.43209999999899584,
      "mce": 0.4999999999989675,
      "round_time": 0.3882715702056885,
      "client_training_time": 0.10386800765991211,
      "edge_encryption_wall_time": 0.22666287422180176,
      "total_pure_encryption_time": 0.21133756637573242,
      "avg_encryption_per_client": 0.004226751327514648,
      "server_aggregation_time": 0.03688454627990723,
      "internal_aggregation_time": 0.03472423553466797,
      "evaluation_time": 0.019472599029541016,
      "clients_processed": 50
    },
    {
      "round": 45,
      "accuracy": 0.932,
      "f1_score": 0.9269759450171822,
      "precision": 0.8638911128903123,
      "recall": 1.0,
      "roc_auc": 0.9997546688132924,
      "pr_auc": 0.9997022502421551,
      "mae": 0.49999999999901,
      "rmse": 0.49999999999901,
      "ece": 0.4319999999989966,
      "mce": 0.49999999999896744,
      "round_time": 0.45040345191955566,
      "client_training_time": 0.12919020652770996,
      "edge_encryption_wall_time": 0.25264644622802734,
      "total_pure_encryption_time": 0.23165106773376465,
      "avg_encryption_per_client": 0.004633021354675293,
      "server_aggregation_time": 0.04129219055175781,
      "internal_aggregation_time": 0.03743386268615723,
      "evaluation_time": 0.027274608612060547,
      "clients_processed": 50
    },
    {
      "round": 46,
      "accuracy": 0.9318,
      "f1_score": 0.9267768949967791,
      "precision": 0.8635454181672669,
      "recall": 1.0,
      "roc_auc": 0.9997564012342338,
      "pr_auc": 0.9997040955286366,
      "mae": 0.49999999999900685,
      "rmse": 0.4999999999990068,
      "ece": 0.4317999999989933,
      "mce": 0.49999999999896394,
      "round_time": 0.3747215270996094,
      "client_training_time": 0.08638405799865723,
      "edge_encryption_wall_time": 0.2295374870300293,
      "total_pure_encryption_time": 0.2140035629272461,
      "avg_encryption_per_client": 0.0042800712585449215,
      "server_aggregation_time": 0.037233829498291016,
      "internal_aggregation_time": 0.035163164138793945,
      "evaluation_time": 0.021566152572631836,
      "clients_processed": 50
    },
    {
      "round": 47,
      "accuracy": 0.9316,
      "f1_score": 0.9265779304422499,
      "precision": 0.8632,
      "recall": 1.0,
      "roc_auc": 0.9997582355622892,
      "pr_auc": 0.9997062335312461,
      "mae": 0.4999999999990102,
      "rmse": 0.4999999999990102,
      "ece": 0.43159999999899684,
      "mce": 0.4999999999989674,
      "round_time": 0.43814778327941895,
      "client_training_time": 0.12992310523986816,
      "edge_encryption_wall_time": 0.2515895366668701,
      "total_pure_encryption_time": 0.22637701034545898,
      "avg_encryption_per_client": 0.00452754020690918,
      "server_aggregation_time": 0.0377042293548584,
      "internal_aggregation_time": 0.03527498245239258,
      "evaluation_time": 0.016736268997192383,
      "clients_processed": 50
    },
    {
      "round": 48,
      "accuracy": 0.9316,
      "f1_score": 0.9265779304422499,
      "precision": 0.8632,
      "recall": 1.0,
      "roc_auc": 0.9997527937223913,
      "pr_auc": 0.9997000255408681,
      "mae": 0.4999999999990111,
      "rmse": 0.49999999999901107,
      "ece": 0.43159999999899756,
      "mce": 0.49999999999896827,
      "round_time": 0.38237690925598145,
      "client_training_time": 0.09020400047302246,
      "edge_encryption_wall_time": 0.22960925102233887,
      "total_pure_encryption_time": 0.2083415985107422,
      "avg_encryption_per_client": 0.0041668319702148435,
      "server_aggregation_time": 0.039685726165771484,
      "internal_aggregation_time": 0.03628182411193848,
      "evaluation_time": 0.02137017250061035,
      "clients_processed": 50
    },
    {
      "round": 49,
      "accuracy": 0.9321,
      "f1_score": 0.9270755020942971,
      "precision": 0.8640640640640641,
      "recall": 1.0,
      "roc_auc": 0.999747290738225,
      "pr_auc": 0.9996939638429343,
      "mae": 0.49999999999900985,
      "rmse": 0.4999999999990098,
      "ece": 0.43209999999899623,
      "mce": 0.4999999999989668,
      "round_time": 0.3798365592956543,
      "client_training_time": 0.09945392608642578,
      "edge_encryption_wall_time": 0.2289748191833496,
      "total_pure_encryption_time": 0.20534706115722656,
      "avg_encryption_per_client": 0.004106941223144531,
      "server_aggregation_time": 0.03613901138305664,
      "internal_aggregation_time": 0.03394269943237305,
      "evaluation_time": 0.014225006103515625,
      "clients_processed": 50
    },
    {
      "round": 50,
      "accuracy": 0.9324,
      "f1_score": 0.9273743016759777,
      "precision": 0.8645833333333334,
      "recall": 1.0,
      "roc_auc": 0.9997540166077615,
      "pr_auc": 0.9997015709882898,
      "mae": 0.49999999999900985,
      "rmse": 0.4999999999990098,
      "ece": 0.43249999999899646,
      "mce": 0.4999999999989685,
      "round_time": 0.43991661071777344,
      "client_training_time": 0.11865377426147461,
      "edge_encryption_wall_time": 0.25853610038757324,
      "total_pure_encryption_time": 0.2404637336730957,
      "avg_encryption_per_client": 0.004809274673461914,
      "server_aggregation_time": 0.04080796241760254,
      "internal_aggregation_time": 0.038277626037597656,
      "evaluation_time": 0.020895004272460938,
      "clients_processed": 50
    }
  ],
  "final_statistics": {
    "final_accuracy": 0.9324,
    "best_accuracy": 0.9324,
    "total_time": 23.67708921432495,
    "avg_round_time": 0.4270294094085693,
    "avg_client_training_time": 0.11627647399902344,
    "avg_edge_encryption_wall_time": 0.24984798431396485,
    "avg_pure_encryption_time": 0.2273133659362793,
    "avg_encryption_per_client": 0.004546267318725586,
    "avg_server_aggregation_time": 0.04047794818878174,
    "avg_internal_aggregation_time": 0.03777246952056885,
    "avg_evaluation_time": 0.019361920356750488
  },
  "timing_statistics": {
    "total_client_training_time": 5.813823699951172,
    "total_edge_encryption_wall_time": 12.492399215698242,
    "total_pure_encryption_time": 11.365668296813965,
    "total_server_aggregation_time": 2.023897409439087,
    "total_internal_aggregation_time": 1.8886234760284424,
    "total_evaluation_time": 0.9680960178375244,
    "total_time": 23.67708921432495,
    "avg_round_time": 0.4270294094085693,
    "avg_client_training_time": 0.11627647399902344,
    "avg_edge_encryption_wall_time": 0.24984798431396485,
    "avg_pure_encryption_time": 0.2273133659362793,
    "avg_encryption_per_client": 0.004546267318725586,
    "avg_server_aggregation_time": 0.04047794818878174,
    "avg_internal_aggregation_time": 0.03777246952056885,
    "avg_evaluation_time": 0.019361920356750488
  },
  "architecture": {
    "clients": 50,
    "edge_devices": 50,
    "cloud_servers": 1,
    "data_flow": "Client \u2192 Edge \u2192 Cloud \u2192 Edge \u2192 Client"
  }
}